{"type":"FeatureCollection","project":"External licence reference","scope":"external_reference","area":"Hetsuu hutul","sourceFile":"Hetsuu hutul.DWG","sourceUrl":"https://drive.google.com/drive/folders/1hopqTCeMJknMkkvMa_wCY6OQ_GHXt4ub","sourceCrs":"EPSG:32646","displayCrs":"EPSG:4326","crsVerified":true,"featureCount":628,"droppedUnlocatedCount":25,"layerCounts":{"0":387,"08.20 PK":1,"B41_BOUNDARY":2,"B43_HIL":1,"BICHEEG":77,"BLOCKS":59,"BOUNDARY":1,"HESEG":69,"HESEG_A1":1,"HESEG_A2":1,"HESEG_A3":1,"HESEG_B1":1,"HESEG_B2":1,"HESEG_B3":1,"HESEG_B4":1,"LABELS":22,"SITE_BOUNDARY":1,"TALBAI_HIL":1},"roleCounts":{"block":40,"boundary":5,"control_point":192,"elevation":192,"label":119,"polygon":4,"section":76},"features":[{"type":"Feature","id":"hetsuu-dwg:1","properties":{"project":"External licence reference","scope":"external_reference","area":"Hetsuu hutul","sensor":"Base / Control","dataType":"cad_reference_geometry","displayRole":"polygon","plannedActual":"reference","status":"confirmed_geometry","contextOnly":true,"sourceFile":"Hetsuu hutul.DWG","sourceUrl":"https://drive.google.com/drive/folders/1hopqTCeMJknMkkvMa_wCY6OQ_GHXt4ub","sourceCrs":"EPSG:32646","displayCrs":"EPSG:4326","crsVerified":true,"cadLayer":"0","entityClass":"AcDbEntity : AcDbLwPolyline","entityHandle":"133","area_m2":0.01},"geometry":{"type":"Polygon","coordinates":[[[92.11776667,45.83371389],[92.11776667,45.82998889],[92.11978889,45.82998889],[92.11978889,45.83371389],[92.15548333,45.83371389],[92.15548333,45.82179722],[92.15726667,45.82179722],[92.15726667,45.83371389],[92.24986111,45.83371111],[92.24986111,45.81467222],[92.24167778,45.81305],[92.23392778,45.79963055],[92.22476111,45.79963055],[92.22476111,45.794875],[92.21748333,45.794875],[92.21748333,45.78919722],[92.20031667,45.78345278],[92.19179722,45.78027222],[92.17708333,45.78307778],[92.15513056,45.78797778],[92.13838056,45.79208611],[92.132475,45.79354167],[92.12526389,45.79598055],[92.11049444,45.80156944],[92.09661944,45.805625],[92.09272222,45.80693611],[92.08621111,45.81095833],[92.08316111,45.81324167],[92.08006111,45.81437222],[92.08005,45.814375],[92.07844444,45.81495833],[92.07413611,45.81647222],[92.07161111,45.81881944],[92.06609167,45.82471389],[92.06405556,45.82498055],[92.06056389,45.82608333],[92.05620278,45.82934722],[92.05419722,45.83175],[92.05175556,45.832975],[92.04908056,45.83371667],[92.11776667,45.83371389]]]}},{"type":"Feature","id":"hetsuu-dwg:2","properties":{"project":"External licence reference","scope":"external_reference","area":"Hetsuu hutul","sensor":"Base / Control","dataType":"cad_reference_geometry","displayRole":"polygon","plannedActual":"reference","status":"confirmed_geometry","contextOnly":true,"sourceFile":"Hetsuu hutul.DWG","sourceUrl":"https://drive.google.com/drive/folders/1hopqTCeMJknMkkvMa_wCY6OQ_GHXt4ub","sourceCrs":"EPSG:32646","displayCrs":"EPSG:4326","crsVerified":true,"cadLayer":"0","entityClass":"AcDbEntity : AcDbLwPolyline","entityHandle":"134","area_m2":0.01},"geometry":{"type":"Polygon","coordinates":[[[92.45904747,46.13213955],[92.45904747,46.07629524],[92.50919167,46.07629524],[92.51042767,46.07629764],[92.51041949,46.03278405],[92.50344153,46.03278447],[92.50344064,46.01838399],[92.49801475,46.01838402],[92.49801503,46.01046374],[92.49258992,46.01046352],[92.49259126,46.00038431],[92.28879889,46.0003991],[92.28878052,46.00522839],[92.29807978,46.0052452],[92.29806406,46.00956533],[92.30813905,46.00958269],[92.30812162,46.01462285],[92.31432218,46.01463309],[92.31431013,46.0182332],[92.3205111,46.0182431],[92.32050178,46.02112319],[92.32670308,46.02113276],[92.32669408,46.02401285],[92.33212049,46.02402094],[92.33211178,46.02690103],[92.34141469,46.02691432],[92.34140028,46.03195446],[92.35690656,46.03197493],[92.35688612,46.03989516],[92.3685175,46.03990913],[92.36849359,46.04998941],[92.37702482,46.04999891],[92.37700564,46.05863913],[92.38398684,46.05864643],[92.38397327,46.0651266],[92.39483418,46.06513711],[92.3948147,46.07539498],[92.40816689,46.07539558],[92.4081706,46.13211001],[92.43117222,46.13212337],[92.43117222,46.12957222],[92.43573889,46.12957222],[92.43573889,46.13212602],[92.45904747,46.13213955]]]}},{"type":"Feature","id":"hetsuu-dwg:3","properties":{"project":"External licence reference","scope":"external_reference","area":"Hetsuu hutul","sensor":"Base / Control","dataType":"cad_reference_geometry","displayRole":"polygon","plannedActual":"reference","status":"confirmed_geometry","contextOnly":true,"sourceFile":"Hetsuu hutul.DWG","sourceUrl":"https://drive.google.com/drive/folders/1hopqTCeMJknMkkvMa_wCY6OQ_GHXt4ub","sourceCrs":"EPSG:32646","displayCrs":"EPSG:4326","crsVerified":true,"cadLayer":"0","entityClass":"AcDbEntity : AcDbLwPolyline","entityHandle":"135","area_m2":0.0},"geometry":{"type":"Polygon","coordinates":[[[92.51876111,46.18629524],[92.46840278,46.18629524],[92.46840278,46.13629524],[92.51876111,46.13629524],[92.51876111,46.18629524]]]}},{"type":"Feature","id":"hetsuu-dwg:4","properties":{"project":"External licence reference","scope":"external_reference","area":"Hetsuu hutul","sensor":"Base / Control","dataType":"cad_reference_geometry","displayRole":"boundary","plannedActual":"reference","status":"confirmed_geometry","contextOnly":true,"sourceFile":"Hetsuu hutul.DWG","sourceUrl":"https://drive.google.com/drive/folders/1hopqTCeMJknMkkvMa_wCY6OQ_GHXt4ub","sourceCrs":"EPSG:32646","displayCrs":"EPSG:4326","crsVerified":true,"cadLayer":"SITE_BOUNDARY","entityClass":"AcDbEntity : AcDbLwPolyline","entityHandle":"1BA","cadColor":1,"area_m2":0.0},"geometry":{"type":"Polygon","coordinates":[[[92.4081706,46.13211001],[92.43116969,46.13212337],[92.43117222,46.12957231],[92.43573878,46.12957222],[92.43573889,46.13212602],[92.45904747,46.13213924],[92.45904752,46.1191854],[92.43723685,46.11227334],[92.42841714,46.11266066],[92.42029385,46.10723335],[92.408169,46.10658015],[92.4081706,46.13211001]]]}},{"type":"Feature","id":"hetsuu-dwg:5","properties":{"project":"External licence reference","scope":"external_reference","area":"Hetsuu hutul","sensor":"Base / Control","dataType":"cad_reference_geometry","displayRole":"block","plannedActual":"reference","status":"confirmed_geometry","contextOnly":true,"sourceFile":"Hetsuu hutul.DWG","sourceUrl":"https://drive.google.com/drive/folders/1hopqTCeMJknMkkvMa_wCY6OQ_GHXt4ub","sourceCrs":"EPSG:32646","displayCrs":"EPSG:4326","crsVerified":true,"cadLayer":"BLOCKS","entityClass":"AcDbEntity : AcDbLwPolyline","entityHandle":"1BB","area_m2":0.0},"geometry":{"type":"Polygon","coordinates":[[[92.45918099,46.13231147],[92.45918586,46.12559513],[92.45024643,46.12559165],[92.45024048,46.13230798],[92.45918099,46.13231147]]]}},{"type":"Feature","id":"hetsuu-dwg:6","properties":{"project":"External licence reference","scope":"external_reference","area":"Hetsuu hutul","sensor":"Base / Control","dataType":"cad_reference_geometry","displayRole":"label","plannedActual":"reference","status":"confirmed_geometry","contextOnly":true,"sourceFile":"Hetsuu hutul.DWG","sourceUrl":"https://drive.google.com/drive/folders/1hopqTCeMJknMkkvMa_wCY6OQ_GHXt4ub","sourceCrs":"EPSG:32646","displayCrs":"EPSG:4326","crsVerified":true,"cadLayer":"BLOCKS","entityClass":"AcDbEntity : AcDbText","entityHandle":"1BC","text_value":"XT-B001"},"geometry":{"type":"Point","coordinates":[92.45362739,46.12882046]}},{"type":"Feature","id":"hetsuu-dwg:7","properties":{"project":"External licence reference","scope":"external_reference","area":"Hetsuu hutul","sensor":"Base / Control","dataType":"cad_reference_geometry","displayRole":"block","plannedActual":"reference","status":"confirmed_geometry","contextOnly":true,"sourceFile":"Hetsuu hutul.DWG","sourceUrl":"https://drive.google.com/drive/folders/1hopqTCeMJknMkkvMa_wCY6OQ_GHXt4ub","sourceCrs":"EPSG:32646","displayCrs":"EPSG:4326","crsVerified":true,"cadLayer":"BLOCKS","entityClass":"AcDbEntity : AcDbLwPolyline","entityHandle":"1BD","area_m2":0.0},"geometry":{"type":"Polygon","coordinates":[[[92.45049938,46.13230809],[92.4505053,46.12559176],[92.44185597,46.12558775],[92.441849,46.13230407],[92.45049938,46.13230809]]]}},{"type":"Feature","id":"hetsuu-dwg:8","properties":{"project":"External licence reference","scope":"external_reference","area":"Hetsuu hutul","sensor":"Base / Control","dataType":"cad_reference_geometry","displayRole":"label","plannedActual":"reference","status":"confirmed_geometry","contextOnly":true,"sourceFile":"Hetsuu hutul.DWG","sourceUrl":"https://drive.google.com/drive/folders/1hopqTCeMJknMkkvMa_wCY6OQ_GHXt4ub","sourceCrs":"EPSG:32646","displayCrs":"EPSG:4326","crsVerified":true,"cadLayer":"BLOCKS","entityClass":"AcDbEntity : AcDbText","entityHandle":"1BE","text_value":"XT-B002"},"geometry":{"type":"Point","coordinates":[92.44503098,46.12881644]}},{"type":"Feature","id":"hetsuu-dwg:9","properties":{"project":"External licence reference","scope":"external_reference","area":"Hetsuu hutul","sensor":"Base / Control","dataType":"cad_reference_geometry","displayRole":"block","plannedActual":"reference","status":"confirmed_geometry","contextOnly":true,"sourceFile":"Hetsuu hutul.DWG","sourceUrl":"https://drive.google.com/drive/folders/1hopqTCeMJknMkkvMa_wCY6OQ_GHXt4ub","sourceCrs":"EPSG:32646","displayCrs":"EPSG:4326","crsVerified":true,"cadLayer":"BLOCKS","entityClass":"AcDbEntity : AcDbLwPolyline","entityHandle":"1BF","area_m2":0.0},"geometry":{"type":"Polygon","coordinates":[[[92.4421079,46.1323042],[92.44211484,46.12558788],[92.43346552,46.12558323],[92.43345753,46.13229955],[92.4421079,46.1323042]]]}},{"type":"Feature","id":"hetsuu-dwg:10","properties":{"project":"External licence reference","scope":"external_reference","area":"Hetsuu hutul","sensor":"Base / Control","dataType":"cad_reference_geometry","displayRole":"label","plannedActual":"reference","status":"confirmed_geometry","contextOnly":true,"sourceFile":"Hetsuu hutul.DWG","sourceUrl":"https://drive.google.com/drive/folders/1hopqTCeMJknMkkvMa_wCY6OQ_GHXt4ub","sourceCrs":"EPSG:32646","displayCrs":"EPSG:4326","crsVerified":true,"cadLayer":"BLOCKS","entityClass":"AcDbEntity : AcDbText","entityHandle":"1C0","text_value":"XT-B003"},"geometry":{"type":"Point","coordinates":[92.43664003,46.12881215]}},{"type":"Feature","id":"hetsuu-dwg:11","properties":{"project":"External licence reference","scope":"external_reference","area":"Hetsuu hutul","sensor":"Base / Control","dataType":"cad_reference_geometry","displayRole":"block","plannedActual":"reference","status":"confirmed_geometry","contextOnly":true,"sourceFile":"Hetsuu hutul.DWG","sourceUrl":"https://drive.google.com/drive/folders/1hopqTCeMJknMkkvMa_wCY6OQ_GHXt4ub","sourceCrs":"EPSG:32646","displayCrs":"EPSG:4326","crsVerified":true,"cadLayer":"BLOCKS","entityClass":"AcDbEntity : AcDbLwPolyline","entityHandle":"1C1","area_m2":0.0},"geometry":{"type":"Polygon","coordinates":[[[92.43371643,46.1322997],[92.43372439,46.12558338],[92.42507508,46.12557809],[92.42506606,46.13229441],[92.43371643,46.1322997]]]}},{"type":"Feature","id":"hetsuu-dwg:12","properties":{"project":"External licence reference","scope":"external_reference","area":"Hetsuu hutul","sensor":"Base / Control","dataType":"cad_reference_geometry","displayRole":"label","plannedActual":"reference","status":"confirmed_geometry","contextOnly":true,"sourceFile":"Hetsuu hutul.DWG","sourceUrl":"https://drive.google.com/drive/folders/1hopqTCeMJknMkkvMa_wCY6OQ_GHXt4ub","sourceCrs":"EPSG:32646","displayCrs":"EPSG:4326","crsVerified":true,"cadLayer":"BLOCKS","entityClass":"AcDbEntity : AcDbText","entityHandle":"1C2","text_value":"XT-B004"},"geometry":{"type":"Point","coordinates":[92.4282491,46.12880725]}},{"type":"Feature","id":"hetsuu-dwg:13","properties":{"project":"External licence reference","scope":"external_reference","area":"Hetsuu hutul","sensor":"Base / Control","dataType":"cad_reference_geometry","displayRole":"block","plannedActual":"reference","status":"confirmed_geometry","contextOnly":true,"sourceFile":"Hetsuu hutul.DWG","sourceUrl":"https://drive.google.com/drive/folders/1hopqTCeMJknMkkvMa_wCY6OQ_GHXt4ub","sourceCrs":"EPSG:32646","displayCrs":"EPSG:4326","crsVerified":true,"cadLayer":"BLOCKS","entityClass":"AcDbEntity : AcDbLwPolyline","entityHandle":"1C3","area_m2":0.0},"geometry":{"type":"Polygon","coordinates":[[[92.42532496,46.13229458],[92.42533395,46.12557826],[92.41668464,46.12557234],[92.41667461,46.13228865],[92.42532496,46.13229458]]]}},{"type":"Feature","id":"hetsuu-dwg:14","properties":{"project":"External licence reference","scope":"external_reference","area":"Hetsuu hutul","sensor":"Base / Control","dataType":"cad_reference_geometry","displayRole":"label","plannedActual":"reference","status":"confirmed_geometry","contextOnly":true,"sourceFile":"Hetsuu hutul.DWG","sourceUrl":"https://drive.google.com/drive/folders/1hopqTCeMJknMkkvMa_wCY6OQ_GHXt4ub","sourceCrs":"EPSG:32646","displayCrs":"EPSG:4326","crsVerified":true,"cadLayer":"BLOCKS","entityClass":"AcDbEntity : AcDbText","entityHandle":"1C4","text_value":"XT-B005"},"geometry":{"type":"Point","coordinates":[92.41985817,46.12880173]}},{"type":"Feature","id":"hetsuu-dwg:15","properties":{"project":"External licence reference","scope":"external_reference","area":"Hetsuu hutul","sensor":"Base / Control","dataType":"cad_reference_geometry","displayRole":"block","plannedActual":"reference","status":"confirmed_geometry","contextOnly":true,"sourceFile":"Hetsuu hutul.DWG","sourceUrl":"https://drive.google.com/drive/folders/1hopqTCeMJknMkkvMa_wCY6OQ_GHXt4ub","sourceCrs":"EPSG:32646","displayCrs":"EPSG:4326","crsVerified":true,"cadLayer":"BLOCKS","entityClass":"AcDbEntity : AcDbLwPolyline","entityHandle":"1C5","area_m2":0.0},"geometry":{"type":"Polygon","coordinates":[[[92.40799304,46.13228205],[92.41693351,46.13228884],[92.41694351,46.12557253],[92.40800413,46.12556574],[92.40799304,46.13228205]]]}},{"type":"Feature","id":"hetsuu-dwg:16","properties":{"project":"External licence reference","scope":"external_reference","area":"Hetsuu hutul","sensor":"Base / Control","dataType":"cad_reference_geometry","displayRole":"label","plannedActual":"reference","status":"confirmed_geometry","contextOnly":true,"sourceFile":"Hetsuu hutul.DWG","sourceUrl":"https://drive.google.com/drive/folders/1hopqTCeMJknMkkvMa_wCY6OQ_GHXt4ub","sourceCrs":"EPSG:32646","displayCrs":"EPSG:4326","crsVerified":true,"cadLayer":"BLOCKS","entityClass":"AcDbEntity : AcDbText","entityHandle":"1C6","text_value":"XT-B006"},"geometry":{"type":"Point","coordinates":[92.4113222,46.12879548]}},{"type":"Feature","id":"hetsuu-dwg:17","properties":{"project":"External licence reference","scope":"external_reference","area":"Hetsuu hutul","sensor":"Base / Control","dataType":"cad_reference_geometry","displayRole":"block","plannedActual":"reference","status":"confirmed_geometry","contextOnly":true,"sourceFile":"Hetsuu hutul.DWG","sourceUrl":"https://drive.google.com/drive/folders/1hopqTCeMJknMkkvMa_wCY6OQ_GHXt4ub","sourceCrs":"EPSG:32646","displayCrs":"EPSG:4326","crsVerified":true,"cadLayer":"BLOCKS","entityClass":"AcDbEntity : AcDbLwPolyline","entityHandle":"1C7","area_m2":0.0},"geometry":{"type":"Polygon","coordinates":[[[92.45918572,46.12577513],[92.45024627,46.12577165],[92.45025464,46.11632043],[92.45919059,46.11905878],[92.45918572,46.12577513]]]}},{"type":"Feature","id":"hetsuu-dwg:18","properties":{"project":"External licence reference","scope":"external_reference","area":"Hetsuu hutul","sensor":"Base / Control","dataType":"cad_reference_geometry","displayRole":"label","plannedActual":"reference","status":"confirmed_geometry","contextOnly":true,"sourceFile":"Hetsuu hutul.DWG","sourceUrl":"https://drive.google.com/drive/folders/1hopqTCeMJknMkkvMa_wCY6OQ_GHXt4ub","sourceCrs":"EPSG:32646","displayCrs":"EPSG:4326","crsVerified":true,"cadLayer":"BLOCKS","entityClass":"AcDbEntity : AcDbText","entityHandle":"1C8","text_value":"XT-B007"},"geometry":{"type":"Point","coordinates":[92.4535724,46.12226425]}},{"type":"Feature","id":"hetsuu-dwg:19","properties":{"project":"External licence reference","scope":"external_reference","area":"Hetsuu hutul","sensor":"Base / Control","dataType":"cad_reference_geometry","displayRole":"block","plannedActual":"reference","status":"confirmed_geometry","contextOnly":true,"sourceFile":"Hetsuu hutul.DWG","sourceUrl":"https://drive.google.com/drive/folders/1hopqTCeMJknMkkvMa_wCY6OQ_GHXt4ub","sourceCrs":"EPSG:32646","displayCrs":"EPSG:4326","crsVerified":true,"cadLayer":"BLOCKS","entityClass":"AcDbEntity : AcDbLwPolyline","entityHandle":"1C9","area_m2":0.0},"geometry":{"type":"Polygon","coordinates":[[[92.44211466,46.12576787],[92.44212136,46.11927708],[92.43347303,46.11927244],[92.43346531,46.12576323],[92.44211466,46.12576787]]]}},{"type":"Feature","id":"hetsuu-dwg:20","properties":{"project":"External licence reference","scope":"external_reference","area":"Hetsuu hutul","sensor":"Base / Control","dataType":"cad_reference_geometry","displayRole":"label","plannedActual":"reference","status":"confirmed_geometry","contextOnly":true,"sourceFile":"Hetsuu hutul.DWG","sourceUrl":"https://drive.google.com/drive/folders/1hopqTCeMJknMkkvMa_wCY6OQ_GHXt4ub","sourceCrs":"EPSG:32646","displayCrs":"EPSG:4326","crsVerified":true,"cadLayer":"BLOCKS","entityClass":"AcDbEntity : AcDbText","entityHandle":"1CA","text_value":"XT-B009"},"geometry":{"type":"Point","coordinates":[92.43664731,46.12238859]}},{"type":"Feature","id":"hetsuu-dwg:21","properties":{"project":"External licence reference","scope":"external_reference","area":"Hetsuu hutul","sensor":"Base / Control","dataType":"cad_reference_geometry","displayRole":"block","plannedActual":"reference","status":"confirmed_geometry","contextOnly":true,"sourceFile":"Hetsuu hutul.DWG","sourceUrl":"https://drive.google.com/drive/folders/1hopqTCeMJknMkkvMa_wCY6OQ_GHXt4ub","sourceCrs":"EPSG:32646","displayCrs":"EPSG:4326","crsVerified":true,"cadLayer":"BLOCKS","entityClass":"AcDbEntity : AcDbLwPolyline","entityHandle":"1CB","area_m2":0.0},"geometry":{"type":"Polygon","coordinates":[[[92.43372418,46.12576337],[92.43373187,46.11927259],[92.42508354,46.11926731],[92.42507484,46.12575809],[92.43372418,46.12576337]]]}},{"type":"Feature","id":"hetsuu-dwg:22","properties":{"project":"External licence reference","scope":"external_reference","area":"Hetsuu hutul","sensor":"Base / Control","dataType":"cad_reference_geometry","displayRole":"label","plannedActual":"reference","status":"confirmed_geometry","contextOnly":true,"sourceFile":"Hetsuu hutul.DWG","sourceUrl":"https://drive.google.com/drive/folders/1hopqTCeMJknMkkvMa_wCY6OQ_GHXt4ub","sourceCrs":"EPSG:32646","displayCrs":"EPSG:4326","crsVerified":true,"cadLayer":"BLOCKS","entityClass":"AcDbEntity : AcDbText","entityHandle":"1CC","text_value":"XT-B010"},"geometry":{"type":"Point","coordinates":[92.42831774,46.12238399]}},{"type":"Feature","id":"hetsuu-dwg:23","properties":{"project":"External licence reference","scope":"external_reference","area":"Hetsuu hutul","sensor":"Base / Control","dataType":"cad_reference_geometry","displayRole":"block","plannedActual":"reference","status":"confirmed_geometry","contextOnly":true,"sourceFile":"Hetsuu hutul.DWG","sourceUrl":"https://drive.google.com/drive/folders/1hopqTCeMJknMkkvMa_wCY6OQ_GHXt4ub","sourceCrs":"EPSG:32646","displayCrs":"EPSG:4326","crsVerified":true,"cadLayer":"BLOCKS","entityClass":"AcDbEntity : AcDbLwPolyline","entityHandle":"1CD","area_m2":0.0},"geometry":{"type":"Polygon","coordinates":[[[92.42533371,46.12575826],[92.42534238,46.11926748],[92.41669406,46.11926156],[92.41668438,46.12575234],[92.42533371,46.12575826]]]}},{"type":"Feature","id":"hetsuu-dwg:24","properties":{"project":"External licence reference","scope":"external_reference","area":"Hetsuu hutul","sensor":"Base / Control","dataType":"cad_reference_geometry","displayRole":"label","plannedActual":"reference","status":"confirmed_geometry","contextOnly":true,"sourceFile":"Hetsuu hutul.DWG","sourceUrl":"https://drive.google.com/drive/folders/1hopqTCeMJknMkkvMa_wCY6OQ_GHXt4ub","sourceCrs":"EPSG:32646","displayCrs":"EPSG:4326","crsVerified":true,"cadLayer":"BLOCKS","entityClass":"AcDbEntity : AcDbText","entityHandle":"1CE","text_value":"XT-B011"},"geometry":{"type":"Point","coordinates":[92.41995799,46.12237864]}},{"type":"Feature","id":"hetsuu-dwg:25","properties":{"project":"External licence reference","scope":"external_reference","area":"Hetsuu hutul","sensor":"Base / Control","dataType":"cad_reference_geometry","displayRole":"block","plannedActual":"reference","status":"confirmed_geometry","contextOnly":true,"sourceFile":"Hetsuu hutul.DWG","sourceUrl":"https://drive.google.com/drive/folders/1hopqTCeMJknMkkvMa_wCY6OQ_GHXt4ub","sourceCrs":"EPSG:32646","displayCrs":"EPSG:4326","crsVerified":true,"cadLayer":"BLOCKS","entityClass":"AcDbEntity : AcDbLwPolyline","entityHandle":"1CF","area_m2":0.0},"geometry":{"type":"Polygon","coordinates":[[[92.40800383,46.12574574],[92.41694325,46.12575253],[92.4169529,46.11926175],[92.40801454,46.11925497],[92.40800383,46.12574574]]]}},{"type":"Feature","id":"hetsuu-dwg:26","properties":{"project":"External licence reference","scope":"external_reference","area":"Hetsuu hutul","sensor":"Base / Control","dataType":"cad_reference_geometry","displayRole":"label","plannedActual":"reference","status":"confirmed_geometry","contextOnly":true,"sourceFile":"Hetsuu hutul.DWG","sourceUrl":"https://drive.google.com/drive/folders/1hopqTCeMJknMkkvMa_wCY6OQ_GHXt4ub","sourceCrs":"EPSG:32646","displayCrs":"EPSG:4326","crsVerified":true,"cadLayer":"BLOCKS","entityClass":"AcDbEntity : AcDbText","entityHandle":"1D0","text_value":"XT-B012"},"geometry":{"type":"Point","coordinates":[92.41136261,46.12237209]}},{"type":"Feature","id":"hetsuu-dwg:27","properties":{"project":"External licence reference","scope":"external_reference","area":"Hetsuu hutul","sensor":"Base / Control","dataType":"cad_reference_geometry","displayRole":"block","plannedActual":"reference","status":"confirmed_geometry","contextOnly":true,"sourceFile":"Hetsuu hutul.DWG","sourceUrl":"https://drive.google.com/drive/folders/1hopqTCeMJknMkkvMa_wCY6OQ_GHXt4ub","sourceCrs":"EPSG:32646","displayCrs":"EPSG:4326","crsVerified":true,"cadLayer":"BLOCKS","entityClass":"AcDbEntity : AcDbLwPolyline","entityHandle":"1D1","area_m2":0.0},"geometry":{"type":"Polygon","coordinates":[[[92.44241123,46.11945722],[92.43347281,46.11945244],[92.43345788,46.11237635],[92.43725317,46.11222878],[92.43904752,46.11270744],[92.44241707,46.11376339],[92.44241123,46.11945722]]]}},{"type":"Feature","id":"hetsuu-dwg:28","properties":{"project":"External licence reference","scope":"external_reference","area":"Hetsuu hutul","sensor":"Base / Control","dataType":"cad_reference_geometry","displayRole":"label","plannedActual":"reference","status":"confirmed_geometry","contextOnly":true,"sourceFile":"Hetsuu hutul.DWG","sourceUrl":"https://drive.google.com/drive/folders/1hopqTCeMJknMkkvMa_wCY6OQ_GHXt4ub","sourceCrs":"EPSG:32646","displayCrs":"EPSG:4326","crsVerified":true,"cadLayer":"BLOCKS","entityClass":"AcDbEntity : AcDbText","entityHandle":"1D2","text_value":"XT-B013"},"geometry":{"type":"Point","coordinates":[92.43682923,46.11645692]}},{"type":"Feature","id":"hetsuu-dwg:29","properties":{"project":"External licence reference","scope":"external_reference","area":"Hetsuu hutul","sensor":"Base / Control","dataType":"cad_reference_geometry","displayRole":"block","plannedActual":"reference","status":"confirmed_geometry","contextOnly":true,"sourceFile":"Hetsuu hutul.DWG","sourceUrl":"https://drive.google.com/drive/folders/1hopqTCeMJknMkkvMa_wCY6OQ_GHXt4ub","sourceCrs":"EPSG:32646","displayCrs":"EPSG:4326","crsVerified":true,"cadLayer":"BLOCKS","entityClass":"AcDbEntity : AcDbLwPolyline","entityHandle":"1D3","area_m2":0.0},"geometry":{"type":"Polygon","coordinates":[[[92.42845092,46.11262025],[92.43375651,46.1123618],[92.43373166,46.11945259],[92.4250833,46.11944731],[92.42511636,46.11041702],[92.42845092,46.11262025]]]}},{"type":"Feature","id":"hetsuu-dwg:30","properties":{"project":"External licence reference","scope":"external_reference","area":"Hetsuu hutul","sensor":"Base / Control","dataType":"cad_reference_geometry","displayRole":"label","plannedActual":"reference","status":"confirmed_geometry","contextOnly":true,"sourceFile":"Hetsuu hutul.DWG","sourceUrl":"https://drive.google.com/drive/folders/1hopqTCeMJknMkkvMa_wCY6OQ_GHXt4ub","sourceCrs":"EPSG:32646","displayCrs":"EPSG:4326","crsVerified":true,"cadLayer":"BLOCKS","entityClass":"AcDbEntity : AcDbText","entityHandle":"1D4","text_value":"XT-B014"},"geometry":{"type":"Point","coordinates":[92.42829578,46.11596028]}},{"type":"Feature","id":"hetsuu-dwg:31","properties":{"project":"External licence reference","scope":"external_reference","area":"Hetsuu hutul","sensor":"Base / Control","dataType":"cad_reference_geometry","displayRole":"block","plannedActual":"reference","status":"confirmed_geometry","contextOnly":true,"sourceFile":"Hetsuu hutul.DWG","sourceUrl":"https://drive.google.com/drive/folders/1hopqTCeMJknMkkvMa_wCY6OQ_GHXt4ub","sourceCrs":"EPSG:32646","displayCrs":"EPSG:4326","crsVerified":true,"cadLayer":"BLOCKS","entityClass":"AcDbEntity : AcDbLwPolyline","entityHandle":"1D5","area_m2":0.0},"geometry":{"type":"Polygon","coordinates":[[[92.42534214,46.11944747],[92.42535081,46.11295668],[92.41670348,46.11295078],[92.4166938,46.11944156],[92.42534214,46.11944747]]]}},{"type":"Feature","id":"hetsuu-dwg:32","properties":{"project":"External licence reference","scope":"external_reference","area":"Hetsuu hutul","sensor":"Base / Control","dataType":"cad_reference_geometry","displayRole":"label","plannedActual":"reference","status":"confirmed_geometry","contextOnly":true,"sourceFile":"Hetsuu hutul.DWG","sourceUrl":"https://drive.google.com/drive/folders/1hopqTCeMJknMkkvMa_wCY6OQ_GHXt4ub","sourceCrs":"EPSG:32646","displayCrs":"EPSG:4326","crsVerified":true,"cadLayer":"BLOCKS","entityClass":"AcDbEntity : AcDbText","entityHandle":"1D6","text_value":"XT-B015"},"geometry":{"type":"Point","coordinates":[92.41990664,46.11606755]}},{"type":"Feature","id":"hetsuu-dwg:33","properties":{"project":"External licence reference","scope":"external_reference","area":"Hetsuu hutul","sensor":"Base / Control","dataType":"cad_reference_geometry","displayRole":"polygon","plannedActual":"reference","status":"confirmed_geometry","contextOnly":true,"sourceFile":"Hetsuu hutul.DWG","sourceUrl":"https://drive.google.com/drive/folders/1hopqTCeMJknMkkvMa_wCY6OQ_GHXt4ub","sourceCrs":"EPSG:32646","displayCrs":"EPSG:4326","crsVerified":true,"cadLayer":"08.20 PK","entityClass":"AcDbEntity : AcDbLwPolyline","entityHandle":"1D7","area_m2":0.0},"geometry":{"type":"Polygon","coordinates":[[[92.40801424,46.11943497],[92.41695264,46.11944175],[92.41696229,46.11295096],[92.40802494,46.11294419],[92.40801424,46.11943497]]]}},{"type":"Feature","id":"hetsuu-dwg:34","properties":{"project":"External licence reference","scope":"external_reference","area":"Hetsuu hutul","sensor":"Base / Control","dataType":"cad_reference_geometry","displayRole":"label","plannedActual":"reference","status":"confirmed_geometry","contextOnly":true,"sourceFile":"Hetsuu hutul.DWG","sourceUrl":"https://drive.google.com/drive/folders/1hopqTCeMJknMkkvMa_wCY6OQ_GHXt4ub","sourceCrs":"EPSG:32646","displayCrs":"EPSG:4326","crsVerified":true,"cadLayer":"BLOCKS","entityClass":"AcDbEntity : AcDbText","entityHandle":"1D8","text_value":"XT-B016"},"geometry":{"type":"Point","coordinates":[92.41137264,46.11606131]}},{"type":"Feature","id":"hetsuu-dwg:35","properties":{"project":"External licence reference","scope":"external_reference","area":"Hetsuu hutul","sensor":"Base / Control","dataType":"cad_reference_geometry","displayRole":"block","plannedActual":"reference","status":"confirmed_geometry","contextOnly":true,"sourceFile":"Hetsuu hutul.DWG","sourceUrl":"https://drive.google.com/drive/folders/1hopqTCeMJknMkkvMa_wCY6OQ_GHXt4ub","sourceCrs":"EPSG:32646","displayCrs":"EPSG:4326","crsVerified":true,"cadLayer":"BLOCKS","entityClass":"AcDbEntity : AcDbLwPolyline","entityHandle":"1D9","area_m2":0.0},"geometry":{"type":"Polygon","coordinates":[[[92.42564059,46.11313687],[92.41670321,46.11313078],[92.41671314,46.10646482],[92.42044309,46.10711557],[92.42564395,46.11060367],[92.42564059,46.11313687]]]}},{"type":"Feature","id":"hetsuu-dwg:36","properties":{"project":"External licence reference","scope":"external_reference","area":"Hetsuu hutul","sensor":"Base / Control","dataType":"cad_reference_geometry","displayRole":"label","plannedActual":"reference","status":"confirmed_geometry","contextOnly":true,"sourceFile":"Hetsuu hutul.DWG","sourceUrl":"https://drive.google.com/drive/folders/1hopqTCeMJknMkkvMa_wCY6OQ_GHXt4ub","sourceCrs":"EPSG:32646","displayCrs":"EPSG:4326","crsVerified":true,"cadLayer":"BLOCKS","entityClass":"AcDbEntity : AcDbText","entityHandle":"1DA","text_value":"XT-B017"},"geometry":{"type":"Point","coordinates":[92.41876076,46.10871195]}},{"type":"Feature","id":"hetsuu-dwg:37","properties":{"project":"External licence reference","scope":"external_reference","area":"Hetsuu hutul","sensor":"Base / Control","dataType":"cad_reference_geometry","displayRole":"block","plannedActual":"reference","status":"confirmed_geometry","contextOnly":true,"sourceFile":"Hetsuu hutul.DWG","sourceUrl":"https://drive.google.com/drive/folders/1hopqTCeMJknMkkvMa_wCY6OQ_GHXt4ub","sourceCrs":"EPSG:32646","displayCrs":"EPSG:4326","crsVerified":true,"cadLayer":"BLOCKS","entityClass":"AcDbEntity : AcDbLwPolyline","entityHandle":"1DB","area_m2":0.0},"geometry":{"type":"Polygon","coordinates":[[[92.41697199,46.10641463],[92.41696202,46.11313096],[92.40802465,46.11312419],[92.40803571,46.10640786],[92.41697199,46.10641463]]]}},{"type":"Feature","id":"hetsuu-dwg:38","properties":{"project":"External licence reference","scope":"external_reference","area":"Hetsuu hutul","sensor":"Base / Control","dataType":"cad_reference_geometry","displayRole":"label","plannedActual":"reference","status":"confirmed_geometry","contextOnly":true,"sourceFile":"Hetsuu hutul.DWG","sourceUrl":"https://drive.google.com/drive/folders/1hopqTCeMJknMkkvMa_wCY6OQ_GHXt4ub","sourceCrs":"EPSG:32646","displayCrs":"EPSG:4326","crsVerified":true,"cadLayer":"BLOCKS","entityClass":"AcDbEntity : AcDbText","entityHandle":"1DC","text_value":"XT-B018"},"geometry":{"type":"Point","coordinates":[92.41138283,46.10963776]}},{"type":"Feature","id":"hetsuu-dwg:39","properties":{"project":"External licence reference","scope":"external_reference","area":"Hetsuu hutul","sensor":"Base / Control","dataType":"cad_reference_geometry","displayRole":"block","plannedActual":"reference","status":"confirmed_geometry","contextOnly":true,"sourceFile":"Hetsuu hutul.DWG","sourceUrl":"https://drive.google.com/drive/folders/1hopqTCeMJknMkkvMa_wCY6OQ_GHXt4ub","sourceCrs":"EPSG:32646","displayCrs":"EPSG:4326","crsVerified":true,"cadLayer":"BLOCKS","entityClass":"AcDbEntity : AcDbLwPolyline","entityHandle":"1DD","area_m2":0.0},"geometry":{"type":"Polygon","coordinates":[[[92.44185579,46.12576775],[92.45050514,46.12577176],[92.45050997,46.12029173],[92.44186147,46.12028772],[92.44185579,46.12576775]]]}},{"type":"Feature","id":"hetsuu-dwg:40","properties":{"project":"External licence reference","scope":"external_reference","area":"Hetsuu hutul","sensor":"Base / Control","dataType":"cad_reference_geometry","displayRole":"block","plannedActual":"reference","status":"confirmed_geometry","contextOnly":true,"sourceFile":"Hetsuu hutul.DWG","sourceUrl":"https://drive.google.com/drive/folders/1hopqTCeMJknMkkvMa_wCY6OQ_GHXt4ub","sourceCrs":"EPSG:32646","displayCrs":"EPSG:4326","crsVerified":true,"cadLayer":"BLOCKS","entityClass":"AcDbEntity : AcDbLwPolyline","entityHandle":"1DE","area_m2":0.0},"geometry":{"type":"Polygon","coordinates":[[[92.44186129,46.12046771],[92.45050981,46.12047172],[92.4505134,46.1163943],[92.44186842,46.11358507],[92.44186129,46.12046771]]]}},{"type":"Feature","id":"hetsuu-dwg:41","properties":{"project":"External licence reference","scope":"external_reference","area":"Hetsuu hutul","sensor":"Base / Control","dataType":"cad_reference_geometry","displayRole":"label","plannedActual":"reference","status":"confirmed_geometry","contextOnly":true,"sourceFile":"Hetsuu hutul.DWG","sourceUrl":"https://drive.google.com/drive/folders/1hopqTCeMJknMkkvMa_wCY6OQ_GHXt4ub","sourceCrs":"EPSG:32646","displayCrs":"EPSG:4326","crsVerified":true,"cadLayer":"BLOCKS","entityClass":"AcDbEntity : AcDbText","entityHandle":"1DF","text_value":"XT-B008"},"geometry":{"type":"Point","coordinates":[92.44503678,46.12289826]}},{"type":"Feature","id":"hetsuu-dwg:42","properties":{"project":"External licence reference","scope":"external_reference","area":"Hetsuu hutul","sensor":"Base / Control","dataType":"cad_reference_geometry","displayRole":"label","plannedActual":"reference","status":"confirmed_geometry","contextOnly":true,"sourceFile":"Hetsuu hutul.DWG","sourceUrl":"https://drive.google.com/drive/folders/1hopqTCeMJknMkkvMa_wCY6OQ_GHXt4ub","sourceCrs":"EPSG:32646","displayCrs":"EPSG:4326","crsVerified":true,"cadLayer":"BLOCKS","entityClass":"AcDbEntity : AcDbText","entityHandle":"1E0","text_value":"XT-B019"},"geometry":{"type":"Point","coordinates":[92.4450715,46.11828073]}},{"type":"Feature","id":"hetsuu-dwg:43","properties":{"project":"External licence reference","scope":"external_reference","area":"Hetsuu hutul","sensor":"Base / Control","dataType":"cad_reference_geometry","displayRole":"boundary","plannedActual":"reference","status":"confirmed_geometry","contextOnly":true,"sourceFile":"Hetsuu hutul.DWG","sourceUrl":"https://drive.google.com/drive/folders/1hopqTCeMJknMkkvMa_wCY6OQ_GHXt4ub","sourceCrs":"EPSG:32646","displayCrs":"EPSG:4326","crsVerified":true,"cadLayer":"B41_BOUNDARY","entityClass":"AcDbEntity : AcDbLwPolyline","entityHandle":"236","area_m2":0.0},"geometry":{"type":"Polygon","coordinates":[[[92.43722871,46.1122726],[92.4383223,46.11120276],[92.44287078,46.1086578],[92.44785781,46.10921561],[92.45382339,46.10850821],[92.4590837,46.10710208],[92.4591192,46.11922186],[92.45370984,46.11756954],[92.43722871,46.1122726],[92.43722871,46.1122726]]]}},{"type":"Feature","id":"hetsuu-dwg:44","properties":{"project":"External licence reference","scope":"external_reference","area":"Hetsuu hutul","sensor":"Base / Control","dataType":"cad_reference_geometry","displayRole":"label","plannedActual":"reference","status":"confirmed_geometry","contextOnly":true,"sourceFile":"Hetsuu hutul.DWG","sourceUrl":"https://drive.google.com/drive/folders/1hopqTCeMJknMkkvMa_wCY6OQ_GHXt4ub","sourceCrs":"EPSG:32646","displayCrs":"EPSG:4326","crsVerified":true,"cadLayer":"B41_BOUNDARY","entityClass":"AcDbEntity : AcDbText","entityHandle":"237","text_value":"B42"},"geometry":{"type":"Point","coordinates":[92.44769371,46.11178066]}},{"type":"Feature","id":"hetsuu-dwg:45","properties":{"project":"External licence reference","scope":"external_reference","area":"Hetsuu hutul","sensor":"Base / Control","dataType":"cad_reference_geometry","displayRole":"block","plannedActual":"reference","status":"confirmed_geometry","contextOnly":true,"sourceFile":"Hetsuu hutul.DWG","sourceUrl":"https://drive.google.com/drive/folders/1hopqTCeMJknMkkvMa_wCY6OQ_GHXt4ub","sourceCrs":"EPSG:32646","displayCrs":"EPSG:4326","crsVerified":true,"cadLayer":"BLOCKS","entityClass":"AcDbEntity : AcDbLwPolyline","entityHandle":"26D","area_m2":0.0},"geometry":{"type":"Polygon","coordinates":[[[92.43295786,46.11247216],[92.42842147,46.11265217],[92.42018022,46.10739159],[92.42018022,46.10739159],[92.42018178,46.10724293],[92.42039462,46.10724463],[92.43301081,46.1073079],[92.43295786,46.11247216],[92.43295786,46.11247216]]]}},{"type":"Feature","id":"hetsuu-dwg:46","properties":{"project":"External licence reference","scope":"external_reference","area":"Hetsuu hutul","sensor":"Base / Control","dataType":"cad_reference_geometry","displayRole":"label","plannedActual":"reference","status":"confirmed_geometry","contextOnly":true,"sourceFile":"Hetsuu hutul.DWG","sourceUrl":"https://drive.google.com/drive/folders/1hopqTCeMJknMkkvMa_wCY6OQ_GHXt4ub","sourceCrs":"EPSG:32646","displayCrs":"EPSG:4326","crsVerified":true,"cadLayer":"LABELS","entityClass":"AcDbEntity : AcDbText","entityHandle":"26E","text_value":"XT-B020"},"geometry":{"type":"Point","coordinates":[92.42576183,46.10871574]}},{"type":"Feature","id":"hetsuu-dwg:47","properties":{"project":"External licence reference","scope":"external_reference","area":"Hetsuu hutul","sensor":"Base / Control","dataType":"cad_reference_geometry","displayRole":"block","plannedActual":"reference","status":"confirmed_geometry","contextOnly":true,"sourceFile":"Hetsuu hutul.DWG","sourceUrl":"https://drive.google.com/drive/folders/1hopqTCeMJknMkkvMa_wCY6OQ_GHXt4ub","sourceCrs":"EPSG:32646","displayCrs":"EPSG:4326","crsVerified":true,"cadLayer":"BLOCKS","entityClass":"AcDbEntity : AcDbLwPolyline","entityHandle":"26F","area_m2":0.0},"geometry":{"type":"Polygon","coordinates":[[[92.43831712,46.11126805],[92.43725304,46.11230156],[92.43269894,46.11248244],[92.43276343,46.106196],[92.43276495,46.10604782],[92.43297768,46.10604908],[92.44499591,46.10610807],[92.44496739,46.1089501],[92.44286782,46.10871456],[92.43831712,46.11126805],[92.43831712,46.11126805]]]}},{"type":"Feature","id":"hetsuu-dwg:48","properties":{"project":"External licence reference","scope":"external_reference","area":"Hetsuu hutul","sensor":"Base / Control","dataType":"cad_reference_geometry","displayRole":"label","plannedActual":"reference","status":"confirmed_geometry","contextOnly":true,"sourceFile":"Hetsuu hutul.DWG","sourceUrl":"https://drive.google.com/drive/folders/1hopqTCeMJknMkkvMa_wCY6OQ_GHXt4ub","sourceCrs":"EPSG:32646","displayCrs":"EPSG:4326","crsVerified":true,"cadLayer":"LABELS","entityClass":"AcDbEntity : AcDbText","entityHandle":"270","text_value":"XT-B021"},"geometry":{"type":"Point","coordinates":[92.43576158,46.10999025]}},{"type":"Feature","id":"hetsuu-dwg:49","properties":{"project":"External licence reference","scope":"external_reference","area":"Hetsuu hutul","sensor":"Base / Control","dataType":"cad_reference_geometry","displayRole":"block","plannedActual":"reference","status":"confirmed_geometry","contextOnly":true,"sourceFile":"Hetsuu hutul.DWG","sourceUrl":"https://drive.google.com/drive/folders/1hopqTCeMJknMkkvMa_wCY6OQ_GHXt4ub","sourceCrs":"EPSG:32646","displayCrs":"EPSG:4326","crsVerified":true,"cadLayer":"BLOCKS","entityClass":"AcDbEntity : AcDbLwPolyline","entityHandle":"271","area_m2":0.0},"geometry":{"type":"Polygon","coordinates":[[[92.45382335,46.10856524],[92.44783975,46.10927228],[92.44470888,46.10892111],[92.4447522,46.10460716],[92.44475367,46.10446068],[92.44496651,46.10446015],[92.45899861,46.10452743],[92.45899068,46.10717218],[92.45382335,46.10856524],[92.45382335,46.10856524]]]}},{"type":"Feature","id":"hetsuu-dwg:50","properties":{"project":"External licence reference","scope":"external_reference","area":"Hetsuu hutul","sensor":"Base / Control","dataType":"cad_reference_geometry","displayRole":"label","plannedActual":"reference","status":"confirmed_geometry","contextOnly":true,"sourceFile":"Hetsuu hutul.DWG","sourceUrl":"https://drive.google.com/drive/folders/1hopqTCeMJknMkkvMa_wCY6OQ_GHXt4ub","sourceCrs":"EPSG:32646","displayCrs":"EPSG:4326","crsVerified":true,"cadLayer":"LABELS","entityClass":"AcDbEntity : AcDbText","entityHandle":"272","text_value":"XT-B022"},"geometry":{"type":"Point","coordinates":[92.45102692,46.10579584]}},{"type":"Feature","id":"hetsuu-dwg:51","properties":{"project":"External licence reference","scope":"external_reference","area":"Hetsuu hutul","sensor":"Base / Control","dataType":"cad_reference_geometry","displayRole":"block","plannedActual":"reference","status":"confirmed_geometry","contextOnly":true,"sourceFile":"Hetsuu hutul.DWG","sourceUrl":"https://drive.google.com/drive/folders/1hopqTCeMJknMkkvMa_wCY6OQ_GHXt4ub","sourceCrs":"EPSG:32646","displayCrs":"EPSG:4326","crsVerified":true,"cadLayer":"BLOCKS","entityClass":"AcDbEntity : AcDbLwPolyline","entityHandle":"273","area_m2":0.0},"geometry":{"type":"Polygon","coordinates":[[[92.42047638,46.10382619],[92.42046755,46.10757503],[92.40820434,46.10656678],[92.40822629,46.10361638],[92.42026654,46.10367808],[92.42047794,46.10367696],[92.42047638,46.10382619],[92.42047638,46.10382619]]]}},{"type":"Feature","id":"hetsuu-dwg:52","properties":{"project":"External licence reference","scope":"external_reference","area":"Hetsuu hutul","sensor":"Base / Control","dataType":"cad_reference_geometry","displayRole":"label","plannedActual":"reference","status":"confirmed_geometry","contextOnly":true,"sourceFile":"Hetsuu hutul.DWG","sourceUrl":"https://drive.google.com/drive/folders/1hopqTCeMJknMkkvMa_wCY6OQ_GHXt4ub","sourceCrs":"EPSG:32646","displayCrs":"EPSG:4326","crsVerified":true,"cadLayer":"LABELS","entityClass":"AcDbEntity : AcDbText","entityHandle":"274","text_value":"XT-B023"},"geometry":{"type":"Point","coordinates":[92.41305891,46.10491458]}},{"type":"Feature","id":"hetsuu-dwg:53","properties":{"project":"External licence reference","scope":"external_reference","area":"Hetsuu hutul","sensor":"Base / Control","dataType":"cad_reference_geometry","displayRole":"block","plannedActual":"reference","status":"confirmed_geometry","contextOnly":true,"sourceFile":"Hetsuu hutul.DWG","sourceUrl":"https://drive.google.com/drive/folders/1hopqTCeMJknMkkvMa_wCY6OQ_GHXt4ub","sourceCrs":"EPSG:32646","displayCrs":"EPSG:4326","crsVerified":true,"cadLayer":"BLOCKS","entityClass":"AcDbEntity : AcDbLwPolyline","entityHandle":"275","area_m2":0.0},"geometry":{"type":"Polygon","coordinates":[[[92.42017989,46.10742354],[92.42022593,46.10303165],[92.42022748,46.10288407],[92.42044031,46.10288468],[92.43305551,46.10294795],[92.43300897,46.1074879],[92.42017989,46.10742354],[92.42017989,46.10742354]]]}},{"type":"Feature","id":"hetsuu-dwg:54","properties":{"project":"External licence reference","scope":"external_reference","area":"Hetsuu hutul","sensor":"Base / Control","dataType":"cad_reference_geometry","displayRole":"label","plannedActual":"reference","status":"confirmed_geometry","contextOnly":true,"sourceFile":"Hetsuu hutul.DWG","sourceUrl":"https://drive.google.com/drive/folders/1hopqTCeMJknMkkvMa_wCY6OQ_GHXt4ub","sourceCrs":"EPSG:32646","displayCrs":"EPSG:4326","crsVerified":true,"cadLayer":"LABELS","entityClass":"AcDbEntity : AcDbText","entityHandle":"276","text_value":"XT-B024"},"geometry":{"type":"Point","coordinates":[92.42577713,46.10516573]}},{"type":"Feature","id":"hetsuu-dwg:55","properties":{"project":"External licence reference","scope":"external_reference","area":"Hetsuu hutul","sensor":"Base / Control","dataType":"cad_reference_geometry","displayRole":"block","plannedActual":"reference","status":"confirmed_geometry","contextOnly":true,"sourceFile":"Hetsuu hutul.DWG","sourceUrl":"https://drive.google.com/drive/folders/1hopqTCeMJknMkkvMa_wCY6OQ_GHXt4ub","sourceCrs":"EPSG:32646","displayCrs":"EPSG:4326","crsVerified":true,"cadLayer":"BLOCKS","entityClass":"AcDbEntity : AcDbLwPolyline","entityHandle":"277","area_m2":0.0},"geometry":{"type":"Polygon","coordinates":[[[92.4327631,46.10622802],[92.43281042,46.10161414],[92.43281193,46.10146678],[92.43302465,46.10146723],[92.44504189,46.10152621],[92.44499411,46.10628806],[92.4327631,46.10622802],[92.4327631,46.10622802]]]}},{"type":"Feature","id":"hetsuu-dwg:56","properties":{"project":"External licence reference","scope":"external_reference","area":"Hetsuu hutul","sensor":"Base / Control","dataType":"cad_reference_geometry","displayRole":"label","plannedActual":"reference","status":"confirmed_geometry","contextOnly":true,"sourceFile":"Hetsuu hutul.DWG","sourceUrl":"https://drive.google.com/drive/folders/1hopqTCeMJknMkkvMa_wCY6OQ_GHXt4ub","sourceCrs":"EPSG:32646","displayCrs":"EPSG:4326","crsVerified":true,"cadLayer":"LABELS","entityClass":"AcDbEntity : AcDbText","entityHandle":"278","text_value":"XT-B025"},"geometry":{"type":"Point","coordinates":[92.43806194,46.10385714]}},{"type":"Feature","id":"hetsuu-dwg:57","properties":{"project":"External licence reference","scope":"external_reference","area":"Hetsuu hutul","sensor":"Base / Control","dataType":"cad_reference_geometry","displayRole":"block","plannedActual":"reference","status":"confirmed_geometry","contextOnly":true,"sourceFile":"Hetsuu hutul.DWG","sourceUrl":"https://drive.google.com/drive/folders/1hopqTCeMJknMkkvMa_wCY6OQ_GHXt4ub","sourceCrs":"EPSG:32646","displayCrs":"EPSG:4326","crsVerified":true,"cadLayer":"BLOCKS","entityClass":"AcDbEntity : AcDbLwPolyline","entityHandle":"279","area_m2":0.0},"geometry":{"type":"Polygon","coordinates":[[[92.44500576,46.100548],[92.45901034,46.10061514],[92.45899807,46.10470743],[92.44475187,46.10463912],[92.44479147,46.100695],[92.44479297,46.10054563],[92.44500576,46.100548],[92.44500576,46.100548]]]}},{"type":"Feature","id":"hetsuu-dwg:58","properties":{"project":"External licence reference","scope":"external_reference","area":"Hetsuu hutul","sensor":"Base / Control","dataType":"cad_reference_geometry","displayRole":"label","plannedActual":"reference","status":"confirmed_geometry","contextOnly":true,"sourceFile":"Hetsuu hutul.DWG","sourceUrl":"https://drive.google.com/drive/folders/1hopqTCeMJknMkkvMa_wCY6OQ_GHXt4ub","sourceCrs":"EPSG:32646","displayCrs":"EPSG:4326","crsVerified":true,"cadLayer":"LABELS","entityClass":"AcDbEntity : AcDbText","entityHandle":"27A","text_value":"XT-B026"},"geometry":{"type":"Point","coordinates":[92.45104775,46.10260737]}},{"type":"Feature","id":"hetsuu-dwg:59","properties":{"project":"External licence reference","scope":"external_reference","area":"Hetsuu hutul","sensor":"Base / Control","dataType":"cad_reference_geometry","displayRole":"block","plannedActual":"reference","status":"confirmed_geometry","contextOnly":true,"sourceFile":"Hetsuu hutul.DWG","sourceUrl":"https://drive.google.com/drive/folders/1hopqTCeMJknMkkvMa_wCY6OQ_GHXt4ub","sourceCrs":"EPSG:32646","displayCrs":"EPSG:4326","crsVerified":true,"cadLayer":"BLOCKS","entityClass":"AcDbEntity : AcDbLwPolyline","entityHandle":"27B","area_m2":0.0},"geometry":{"type":"Polygon","coordinates":[[[92.42047603,46.10385915],[92.40822495,46.10379638],[92.40826027,46.09904554],[92.42031445,46.09910731],[92.42052584,46.09910522],[92.42052426,46.09925541],[92.42047603,46.10385915],[92.42047603,46.10385915]]]}},{"type":"Feature","id":"hetsuu-dwg:60","properties":{"project":"External licence reference","scope":"external_reference","area":"Hetsuu hutul","sensor":"Base / Control","dataType":"cad_reference_geometry","displayRole":"label","plannedActual":"reference","status":"confirmed_geometry","contextOnly":true,"sourceFile":"Hetsuu hutul.DWG","sourceUrl":"https://drive.google.com/drive/folders/1hopqTCeMJknMkkvMa_wCY6OQ_GHXt4ub","sourceCrs":"EPSG:32646","displayCrs":"EPSG:4326","crsVerified":true,"cadLayer":"LABELS","entityClass":"AcDbEntity : AcDbText","entityHandle":"27C","text_value":"XT-B027"},"geometry":{"type":"Point","coordinates":[92.41353112,46.10143173]}},{"type":"Feature","id":"hetsuu-dwg:61","properties":{"project":"External licence reference","scope":"external_reference","area":"Hetsuu hutul","sensor":"Base / Control","dataType":"cad_reference_geometry","displayRole":"block","plannedActual":"reference","status":"confirmed_geometry","contextOnly":true,"sourceFile":"Hetsuu hutul.DWG","sourceUrl":"https://drive.google.com/drive/folders/1hopqTCeMJknMkkvMa_wCY6OQ_GHXt4ub","sourceCrs":"EPSG:32646","displayCrs":"EPSG:4326","crsVerified":true,"cadLayer":"BLOCKS","entityClass":"AcDbEntity : AcDbLwPolyline","entityHandle":"27D","area_m2":0.0},"geometry":{"type":"Polygon","coordinates":[[[92.42022559,46.1030636],[92.42027163,46.09867171],[92.42027317,46.09852416],[92.42048599,46.09852474],[92.4331002,46.098588],[92.43305367,46.10312795],[92.42022559,46.1030636],[92.42022559,46.1030636]]]}},{"type":"Feature","id":"hetsuu-dwg:62","properties":{"project":"External licence reference","scope":"external_reference","area":"Hetsuu hutul","sensor":"Base / Control","dataType":"cad_reference_geometry","displayRole":"label","plannedActual":"reference","status":"confirmed_geometry","contextOnly":true,"sourceFile":"Hetsuu hutul.DWG","sourceUrl":"https://drive.google.com/drive/folders/1hopqTCeMJknMkkvMa_wCY6OQ_GHXt4ub","sourceCrs":"EPSG:32646","displayCrs":"EPSG:4326","crsVerified":true,"cadLayer":"LABELS","entityClass":"AcDbEntity : AcDbText","entityHandle":"27E","text_value":"XT-B028"},"geometry":{"type":"Point","coordinates":[92.42582239,46.10080579]}},{"type":"Feature","id":"hetsuu-dwg:63","properties":{"project":"External licence reference","scope":"external_reference","area":"Hetsuu hutul","sensor":"Base / Control","dataType":"cad_reference_geometry","displayRole":"block","plannedActual":"reference","status":"confirmed_geometry","contextOnly":true,"sourceFile":"Hetsuu hutul.DWG","sourceUrl":"https://drive.google.com/drive/folders/1hopqTCeMJknMkkvMa_wCY6OQ_GHXt4ub","sourceCrs":"EPSG:32646","displayCrs":"EPSG:4326","crsVerified":true,"cadLayer":"BLOCKS","entityClass":"AcDbEntity : AcDbLwPolyline","entityHandle":"27F","area_m2":0.0},"geometry":{"type":"Polygon","coordinates":[[[92.43281009,46.10164617],[92.4328574,46.09703229],[92.43285892,46.09688381],[92.43307161,46.09688537],[92.44508786,46.09694434],[92.44504008,46.1017062],[92.43281009,46.10164617],[92.43281009,46.10164617]]]}},{"type":"Feature","id":"hetsuu-dwg:64","properties":{"project":"External licence reference","scope":"external_reference","area":"Hetsuu hutul","sensor":"Base / Control","dataType":"cad_reference_geometry","displayRole":"label","plannedActual":"reference","status":"confirmed_geometry","contextOnly":true,"sourceFile":"Hetsuu hutul.DWG","sourceUrl":"https://drive.google.com/drive/folders/1hopqTCeMJknMkkvMa_wCY6OQ_GHXt4ub","sourceCrs":"EPSG:32646","displayCrs":"EPSG:4326","crsVerified":true,"cadLayer":"LABELS","entityClass":"AcDbEntity : AcDbText","entityHandle":"280","text_value":"XT-B029"},"geometry":{"type":"Point","coordinates":[92.43810849,46.09927528]}},{"type":"Feature","id":"hetsuu-dwg:65","properties":{"project":"External licence reference","scope":"external_reference","area":"Hetsuu hutul","sensor":"Base / Control","dataType":"cad_reference_geometry","displayRole":"block","plannedActual":"reference","status":"confirmed_geometry","contextOnly":true,"sourceFile":"Hetsuu hutul.DWG","sourceUrl":"https://drive.google.com/drive/folders/1hopqTCeMJknMkkvMa_wCY6OQ_GHXt4ub","sourceCrs":"EPSG:32646","displayCrs":"EPSG:4326","crsVerified":true,"cadLayer":"BLOCKS","entityClass":"AcDbEntity : AcDbLwPolyline","entityHandle":"281","area_m2":0.0},"geometry":{"type":"Polygon","coordinates":[[[92.44504509,46.09662819],[92.45902209,46.09669519],[92.4590098,46.10079514],[92.44479115,46.10072696],[92.44483081,46.09677519],[92.44483229,46.09662808],[92.44504509,46.09662819],[92.44504509,46.09662819]]]}},{"type":"Feature","id":"hetsuu-dwg:66","properties":{"project":"External licence reference","scope":"external_reference","area":"Hetsuu hutul","sensor":"Base / Control","dataType":"cad_reference_geometry","displayRole":"label","plannedActual":"reference","status":"confirmed_geometry","contextOnly":true,"sourceFile":"Hetsuu hutul.DWG","sourceUrl":"https://drive.google.com/drive/folders/1hopqTCeMJknMkkvMa_wCY6OQ_GHXt4ub","sourceCrs":"EPSG:32646","displayCrs":"EPSG:4326","crsVerified":true,"cadLayer":"LABELS","entityClass":"AcDbEntity : AcDbText","entityHandle":"282","text_value":"XT-B030"},"geometry":{"type":"Point","coordinates":[92.4510949,46.09869142]}},{"type":"Feature","id":"hetsuu-dwg:67","properties":{"project":"External licence reference","scope":"external_reference","area":"Hetsuu hutul","sensor":"Base / Control","dataType":"cad_reference_geometry","displayRole":"block","plannedActual":"reference","status":"confirmed_geometry","contextOnly":true,"sourceFile":"Hetsuu hutul.DWG","sourceUrl":"https://drive.google.com/drive/folders/1hopqTCeMJknMkkvMa_wCY6OQ_GHXt4ub","sourceCrs":"EPSG:32646","displayCrs":"EPSG:4326","crsVerified":true,"cadLayer":"BLOCKS","entityClass":"AcDbEntity : AcDbLwPolyline","entityHandle":"283","area_m2":0.0},"geometry":{"type":"Polygon","coordinates":[[[92.42052392,46.09928838],[92.40825893,46.09922554],[92.40829421,46.09448047],[92.42036228,46.0945423],[92.42057365,46.09454046],[92.42057208,46.09469041],[92.42052392,46.09928838],[92.42052392,46.09928838]]]}},{"type":"Feature","id":"hetsuu-dwg:68","properties":{"project":"External licence reference","scope":"external_reference","area":"Hetsuu hutul","sensor":"Base / Control","dataType":"cad_reference_geometry","displayRole":"label","plannedActual":"reference","status":"confirmed_geometry","contextOnly":true,"sourceFile":"Hetsuu hutul.DWG","sourceUrl":"https://drive.google.com/drive/folders/1hopqTCeMJknMkkvMa_wCY6OQ_GHXt4ub","sourceCrs":"EPSG:32646","displayCrs":"EPSG:4326","crsVerified":true,"cadLayer":"LABELS","entityClass":"AcDbEntity : AcDbText","entityHandle":"284","text_value":"XT-B031"},"geometry":{"type":"Point","coordinates":[92.41361522,46.09686403]}},{"type":"Feature","id":"hetsuu-dwg:69","properties":{"project":"External licence reference","scope":"external_reference","area":"Hetsuu hutul","sensor":"Base / Control","dataType":"cad_reference_geometry","displayRole":"block","plannedActual":"reference","status":"confirmed_geometry","contextOnly":true,"sourceFile":"Hetsuu hutul.DWG","sourceUrl":"https://drive.google.com/drive/folders/1hopqTCeMJknMkkvMa_wCY6OQ_GHXt4ub","sourceCrs":"EPSG:32646","displayCrs":"EPSG:4326","crsVerified":true,"cadLayer":"BLOCKS","entityClass":"AcDbEntity : AcDbLwPolyline","entityHandle":"285","area_m2":0.0},"geometry":{"type":"Polygon","coordinates":[[[92.42027129,46.09870366],[92.42031732,46.09431176],[92.42031888,46.09416236],[92.42053166,46.09416479],[92.43314488,46.09422804],[92.43309835,46.09876799],[92.42027129,46.09870366],[92.42027129,46.09870366]]]}},{"type":"Feature","id":"hetsuu-dwg:70","properties":{"project":"External licence reference","scope":"external_reference","area":"Hetsuu hutul","sensor":"Base / Control","dataType":"cad_reference_geometry","displayRole":"label","plannedActual":"reference","status":"confirmed_geometry","contextOnly":true,"sourceFile":"Hetsuu hutul.DWG","sourceUrl":"https://drive.google.com/drive/folders/1hopqTCeMJknMkkvMa_wCY6OQ_GHXt4ub","sourceCrs":"EPSG:32646","displayCrs":"EPSG:4326","crsVerified":true,"cadLayer":"LABELS","entityClass":"AcDbEntity : AcDbText","entityHandle":"286","text_value":"XT-B032"},"geometry":{"type":"Point","coordinates":[92.42586765,46.09644584]}},{"type":"Feature","id":"hetsuu-dwg:71","properties":{"project":"External licence reference","scope":"external_reference","area":"Hetsuu hutul","sensor":"Base / Control","dataType":"cad_reference_geometry","displayRole":"block","plannedActual":"reference","status":"confirmed_geometry","contextOnly":true,"sourceFile":"Hetsuu hutul.DWG","sourceUrl":"https://drive.google.com/drive/folders/1hopqTCeMJknMkkvMa_wCY6OQ_GHXt4ub","sourceCrs":"EPSG:32646","displayCrs":"EPSG:4326","crsVerified":true,"cadLayer":"BLOCKS","entityClass":"AcDbEntity : AcDbLwPolyline","entityHandle":"287","area_m2":0.0},"geometry":{"type":"Polygon","coordinates":[[[92.44508449,46.09270068],[92.45903385,46.09276755],[92.45902155,46.09687519],[92.44483049,46.09680715],[92.44487022,46.09284768],[92.44487172,46.09269855],[92.44508449,46.09270068],[92.44508449,46.09270068]]]}},{"type":"Feature","id":"hetsuu-dwg:72","properties":{"project":"External licence reference","scope":"external_reference","area":"Hetsuu hutul","sensor":"Base / Control","dataType":"cad_reference_geometry","displayRole":"label","plannedActual":"reference","status":"confirmed_geometry","contextOnly":true,"sourceFile":"Hetsuu hutul.DWG","sourceUrl":"https://drive.google.com/drive/folders/1hopqTCeMJknMkkvMa_wCY6OQ_GHXt4ub","sourceCrs":"EPSG:32646","displayCrs":"EPSG:4326","crsVerified":true,"cadLayer":"LABELS","entityClass":"AcDbEntity : AcDbText","entityHandle":"288","text_value":"XT-B033"},"geometry":{"type":"Point","coordinates":[92.45109896,46.09476759]}},{"type":"Feature","id":"hetsuu-dwg:73","properties":{"project":"External licence reference","scope":"external_reference","area":"Hetsuu hutul","sensor":"Base / Control","dataType":"cad_reference_geometry","displayRole":"block","plannedActual":"reference","status":"confirmed_geometry","contextOnly":true,"sourceFile":"Hetsuu hutul.DWG","sourceUrl":"https://drive.google.com/drive/folders/1hopqTCeMJknMkkvMa_wCY6OQ_GHXt4ub","sourceCrs":"EPSG:32646","displayCrs":"EPSG:4326","crsVerified":true,"cadLayer":"BLOCKS","entityClass":"AcDbEntity : AcDbLwPolyline","entityHandle":"289","area_m2":0.0},"geometry":{"type":"Polygon","coordinates":[[[92.43285707,46.09706431],[92.43290437,46.09245043],[92.43290588,46.09230312],[92.43311856,46.09230351],[92.44513381,46.09236247],[92.44508605,46.09712434],[92.43285707,46.09706431],[92.43285707,46.09706431]]]}},{"type":"Feature","id":"hetsuu-dwg:74","properties":{"project":"External licence reference","scope":"external_reference","area":"Hetsuu hutul","sensor":"Base / Control","dataType":"cad_reference_geometry","displayRole":"label","plannedActual":"reference","status":"confirmed_geometry","contextOnly":true,"sourceFile":"Hetsuu hutul.DWG","sourceUrl":"https://drive.google.com/drive/folders/1hopqTCeMJknMkkvMa_wCY6OQ_GHXt4ub","sourceCrs":"EPSG:32646","displayCrs":"EPSG:4326","crsVerified":true,"cadLayer":"LABELS","entityClass":"AcDbEntity : AcDbText","entityHandle":"28A","text_value":"XT-B034"},"geometry":{"type":"Point","coordinates":[92.43815502,46.09469342]}},{"type":"Feature","id":"hetsuu-dwg:75","properties":{"project":"External licence reference","scope":"external_reference","area":"Hetsuu hutul","sensor":"Base / Control","dataType":"cad_reference_geometry","displayRole":"block","plannedActual":"reference","status":"confirmed_geometry","contextOnly":true,"sourceFile":"Hetsuu hutul.DWG","sourceUrl":"https://drive.google.com/drive/folders/1hopqTCeMJknMkkvMa_wCY6OQ_GHXt4ub","sourceCrs":"EPSG:32646","displayCrs":"EPSG:4326","crsVerified":true,"cadLayer":"BLOCKS","entityClass":"AcDbEntity : AcDbLwPolyline","entityHandle":"28B","area_m2":0.0},"geometry":{"type":"Polygon","coordinates":[[[92.40829287,46.09466046],[92.4083141,46.09180437],[92.42064109,46.08809996],[92.42057328,46.09457634],[92.42057176,46.09472115],[92.4203604,46.0947223],[92.40829287,46.09466046],[92.40829287,46.09466046]]]}},{"type":"Feature","id":"hetsuu-dwg:76","properties":{"project":"External licence reference","scope":"external_reference","area":"Hetsuu hutul","sensor":"Base / Control","dataType":"cad_reference_geometry","displayRole":"label","plannedActual":"reference","status":"confirmed_geometry","contextOnly":true,"sourceFile":"Hetsuu hutul.DWG","sourceUrl":"https://drive.google.com/drive/folders/1hopqTCeMJknMkkvMa_wCY6OQ_GHXt4ub","sourceCrs":"EPSG:32646","displayCrs":"EPSG:4326","crsVerified":true,"cadLayer":"LABELS","entityClass":"AcDbEntity : AcDbText","entityHandle":"28C","text_value":"XT-B035"},"geometry":{"type":"Point","coordinates":[92.41670977,46.08987374]}},{"type":"Feature","id":"hetsuu-dwg:77","properties":{"project":"External licence reference","scope":"external_reference","area":"Hetsuu hutul","sensor":"Base / Control","dataType":"cad_reference_geometry","displayRole":"block","plannedActual":"reference","status":"confirmed_geometry","contextOnly":true,"sourceFile":"Hetsuu hutul.DWG","sourceUrl":"https://drive.google.com/drive/folders/1hopqTCeMJknMkkvMa_wCY6OQ_GHXt4ub","sourceCrs":"EPSG:32646","displayCrs":"EPSG:4326","crsVerified":true,"cadLayer":"BLOCKS","entityClass":"AcDbEntity : AcDbLwPolyline","entityHandle":"28D","area_m2":0.0},"geometry":{"type":"Polygon","coordinates":[[[92.42031698,46.09434371],[92.42036299,46.08995181],[92.42036455,46.08980359],[92.42057732,46.08980484],[92.43318954,46.08986808],[92.43314303,46.09440804],[92.42031698,46.09434371],[92.42031698,46.09434371]]]}},{"type":"Feature","id":"hetsuu-dwg:78","properties":{"project":"External licence reference","scope":"external_reference","area":"Hetsuu hutul","sensor":"Base / Control","dataType":"cad_reference_geometry","displayRole":"label","plannedActual":"reference","status":"confirmed_geometry","contextOnly":true,"sourceFile":"Hetsuu hutul.DWG","sourceUrl":"https://drive.google.com/drive/folders/1hopqTCeMJknMkkvMa_wCY6OQ_GHXt4ub","sourceCrs":"EPSG:32646","displayCrs":"EPSG:4326","crsVerified":true,"cadLayer":"LABELS","entityClass":"AcDbEntity : AcDbText","entityHandle":"28E","text_value":"XT-B036"},"geometry":{"type":"Point","coordinates":[92.42591289,46.09208588]}},{"type":"Feature","id":"hetsuu-dwg:79","properties":{"project":"External licence reference","scope":"external_reference","area":"Hetsuu hutul","sensor":"Base / Control","dataType":"cad_reference_geometry","displayRole":"block","plannedActual":"reference","status":"confirmed_geometry","contextOnly":true,"sourceFile":"Hetsuu hutul.DWG","sourceUrl":"https://drive.google.com/drive/folders/1hopqTCeMJknMkkvMa_wCY6OQ_GHXt4ub","sourceCrs":"EPSG:32646","displayCrs":"EPSG:4326","crsVerified":true,"cadLayer":"BLOCKS","entityClass":"AcDbEntity : AcDbLwPolyline","entityHandle":"28F","area_m2":0.0},"geometry":{"type":"Polygon","coordinates":[[[92.44512395,46.08876542],[92.45904564,46.08883216],[92.45903331,46.09294755],[92.4448699,46.09287964],[92.4449097,46.08891243],[92.44491121,46.08876248],[92.44512395,46.08876542],[92.44512395,46.08876542]]]}},{"type":"Feature","id":"hetsuu-dwg:80","properties":{"project":"External licence reference","scope":"external_reference","area":"Hetsuu hutul","sensor":"Base / Control","dataType":"cad_reference_geometry","displayRole":"label","plannedActual":"reference","status":"confirmed_geometry","contextOnly":true,"sourceFile":"Hetsuu hutul.DWG","sourceUrl":"https://drive.google.com/drive/folders/1hopqTCeMJknMkkvMa_wCY6OQ_GHXt4ub","sourceCrs":"EPSG:32646","displayCrs":"EPSG:4326","crsVerified":true,"cadLayer":"LABELS","entityClass":"AcDbEntity : AcDbText","entityHandle":"290","text_value":"XT-B037"},"geometry":{"type":"Point","coordinates":[92.45112463,46.09083614]}},{"type":"Feature","id":"hetsuu-dwg:81","properties":{"project":"External licence reference","scope":"external_reference","area":"Hetsuu hutul","sensor":"Base / Control","dataType":"cad_reference_geometry","displayRole":"block","plannedActual":"reference","status":"confirmed_geometry","contextOnly":true,"sourceFile":"Hetsuu hutul.DWG","sourceUrl":"https://drive.google.com/drive/folders/1hopqTCeMJknMkkvMa_wCY6OQ_GHXt4ub","sourceCrs":"EPSG:32646","displayCrs":"EPSG:4326","crsVerified":true,"cadLayer":"BLOCKS","entityClass":"AcDbEntity : AcDbLwPolyline","entityHandle":"291","area_m2":0.0},"geometry":{"type":"Polygon","coordinates":[[[92.43290404,46.09248245],[92.43295132,46.08786857],[92.43295284,46.08772079],[92.4331655,46.08772165],[92.44517975,46.0877806],[92.44513201,46.09254247],[92.43290404,46.09248245],[92.43290404,46.09248245]]]}},{"type":"Feature","id":"hetsuu-dwg:82","properties":{"project":"External licence reference","scope":"external_reference","area":"Hetsuu hutul","sensor":"Base / Control","dataType":"cad_reference_geometry","displayRole":"label","plannedActual":"reference","status":"confirmed_geometry","contextOnly":true,"sourceFile":"Hetsuu hutul.DWG","sourceUrl":"https://drive.google.com/drive/folders/1hopqTCeMJknMkkvMa_wCY6OQ_GHXt4ub","sourceCrs":"EPSG:32646","displayCrs":"EPSG:4326","crsVerified":true,"cadLayer":"LABELS","entityClass":"AcDbEntity : AcDbText","entityHandle":"292","text_value":"XT-B038"},"geometry":{"type":"Point","coordinates":[92.43820155,46.09011155]}},{"type":"Feature","id":"hetsuu-dwg:83","properties":{"project":"External licence reference","scope":"external_reference","area":"Hetsuu hutul","sensor":"Base / Control","dataType":"cad_reference_geometry","displayRole":"block","plannedActual":"reference","status":"confirmed_geometry","contextOnly":true,"sourceFile":"Hetsuu hutul.DWG","sourceUrl":"https://drive.google.com/drive/folders/1hopqTCeMJknMkkvMa_wCY6OQ_GHXt4ub","sourceCrs":"EPSG:32646","displayCrs":"EPSG:4326","crsVerified":true,"cadLayer":"BLOCKS","entityClass":"AcDbEntity : AcDbLwPolyline","entityHandle":"293","area_m2":0.0},"geometry":{"type":"Polygon","coordinates":[[[92.42038157,46.08817797],[92.4244619,46.08695139],[92.4332695,46.08206052],[92.4331877,46.09004808],[92.42057544,46.08998484],[92.42036267,46.08998284],[92.42036421,46.08983571],[92.42038157,46.08817797],[92.42038157,46.08817797]]]}},{"type":"Feature","id":"hetsuu-dwg:84","properties":{"project":"External licence reference","scope":"external_reference","area":"Hetsuu hutul","sensor":"Base / Control","dataType":"cad_reference_geometry","displayRole":"label","plannedActual":"reference","status":"confirmed_geometry","contextOnly":true,"sourceFile":"Hetsuu hutul.DWG","sourceUrl":"https://drive.google.com/drive/folders/1hopqTCeMJknMkkvMa_wCY6OQ_GHXt4ub","sourceCrs":"EPSG:32646","displayCrs":"EPSG:4326","crsVerified":true,"cadLayer":"LABELS","entityClass":"AcDbEntity : AcDbText","entityHandle":"294","text_value":"XT-B039"},"geometry":{"type":"Point","coordinates":[92.43021531,46.08442277]}},{"type":"Feature","id":"hetsuu-dwg:85","properties":{"project":"External licence reference","scope":"external_reference","area":"Hetsuu hutul","sensor":"Base / Control","dataType":"cad_reference_geometry","displayRole":"block","plannedActual":"reference","status":"confirmed_geometry","contextOnly":true,"sourceFile":"Hetsuu hutul.DWG","sourceUrl":"https://drive.google.com/drive/folders/1hopqTCeMJknMkkvMa_wCY6OQ_GHXt4ub","sourceCrs":"EPSG:32646","displayCrs":"EPSG:4326","crsVerified":true,"cadLayer":"BLOCKS","entityClass":"AcDbEntity : AcDbLwPolyline","entityHandle":"295","area_m2":0.0},"geometry":{"type":"Polygon","coordinates":[[[92.45237524,46.0848655],[92.45905715,46.08498616],[92.4590451,46.08901216],[92.44512215,46.08894542],[92.44490938,46.08894437],[92.44491087,46.08879634],[92.44495177,46.08471805],[92.45237524,46.0848655],[92.45237524,46.0848655]]]}},{"type":"Feature","id":"hetsuu-dwg:86","properties":{"project":"External licence reference","scope":"external_reference","area":"Hetsuu hutul","sensor":"Base / Control","dataType":"cad_reference_geometry","displayRole":"label","plannedActual":"reference","status":"confirmed_geometry","contextOnly":true,"sourceFile":"Hetsuu hutul.DWG","sourceUrl":"https://drive.google.com/drive/folders/1hopqTCeMJknMkkvMa_wCY6OQ_GHXt4ub","sourceCrs":"EPSG:32646","displayCrs":"EPSG:4326","crsVerified":true,"cadLayer":"LABELS","entityClass":"AcDbEntity : AcDbText","entityHandle":"296","text_value":"XT-B040"},"geometry":{"type":"Point","coordinates":[92.45117255,46.08679758]}},{"type":"Feature","id":"hetsuu-dwg:87","properties":{"project":"External licence reference","scope":"external_reference","area":"Hetsuu hutul","sensor":"Base / Control","dataType":"cad_reference_geometry","displayRole":"block","plannedActual":"reference","status":"confirmed_geometry","contextOnly":true,"sourceFile":"Hetsuu hutul.DWG","sourceUrl":"https://drive.google.com/drive/folders/1hopqTCeMJknMkkvMa_wCY6OQ_GHXt4ub","sourceCrs":"EPSG:32646","displayCrs":"EPSG:4326","crsVerified":true,"cadLayer":"BLOCKS","entityClass":"AcDbEntity : AcDbLwPolyline","entityHandle":"297","area_m2":0.0},"geometry":{"type":"Polygon","coordinates":[[[92.43415072,46.08157109],[92.4440552,46.0847002],[92.44521041,46.08472319],[92.44517795,46.0879606],[92.43316366,46.08790165],[92.432951,46.08790047],[92.43295251,46.08775262],[92.43300935,46.08220501],[92.43415072,46.08157109],[92.43415072,46.08157109]]]}},{"type":"Feature","id":"hetsuu-dwg:88","properties":{"project":"External licence reference","scope":"external_reference","area":"Hetsuu hutul","sensor":"Base / Control","dataType":"cad_reference_geometry","displayRole":"label","plannedActual":"reference","status":"confirmed_geometry","contextOnly":true,"sourceFile":"Hetsuu hutul.DWG","sourceUrl":"https://drive.google.com/drive/folders/1hopqTCeMJknMkkvMa_wCY6OQ_GHXt4ub","sourceCrs":"EPSG:32646","displayCrs":"EPSG:4326","crsVerified":true,"cadLayer":"LABELS","entityClass":"AcDbEntity : AcDbText","entityHandle":"298","text_value":"XT-B041"},"geometry":{"type":"Point","coordinates":[92.43828494,46.08614416]}},{"type":"Feature","id":"hetsuu-dwg:89","properties":{"project":"External licence reference","scope":"external_reference","area":"Hetsuu hutul","sensor":"Base / Control","dataType":"cad_reference_geometry","displayRole":"boundary","plannedActual":"reference","status":"confirmed_geometry","contextOnly":true,"sourceFile":"Hetsuu hutul.DWG","sourceUrl":"https://drive.google.com/drive/folders/1hopqTCeMJknMkkvMa_wCY6OQ_GHXt4ub","sourceCrs":"EPSG:32646","displayCrs":"EPSG:4326","crsVerified":true,"cadLayer":"BOUNDARY","entityClass":"AcDbEntity : AcDbLwPolyline","entityHandle":"299","area_m2":0.0},"geometry":{"type":"Polygon","coordinates":[[[92.40820434,46.10656678],[92.4083141,46.09180437],[92.4244619,46.08695139],[92.43415072,46.08157109],[92.4440552,46.0847002],[92.45237524,46.0848655],[92.45905715,46.08498616],[92.45899068,46.10717218],[92.45382335,46.10856524],[92.44783975,46.10927228],[92.44286782,46.10871456],[92.43831712,46.11126805],[92.43725304,46.11230156],[92.42842147,46.11265217],[92.42046755,46.10757503],[92.40820434,46.10656678],[92.40820434,46.10656678]]]}},{"type":"Feature","id":"hetsuu-dwg:114","properties":{"project":"External licence reference","scope":"external_reference","area":"Hetsuu hutul","sensor":"Base / Control","dataType":"cad_reference_geometry","displayRole":"boundary","plannedActual":"reference","status":"confirmed_geometry","contextOnly":true,"sourceFile":"Hetsuu hutul.DWG","sourceUrl":"https://drive.google.com/drive/folders/1hopqTCeMJknMkkvMa_wCY6OQ_GHXt4ub","sourceCrs":"EPSG:32646","displayCrs":"EPSG:4326","crsVerified":true,"cadLayer":"TALBAI_HIL","entityClass":"AcDbEntity : AcDbLwPolyline","entityHandle":"1596","area_m2":0.0},"geometry":{"type":"Polygon","coordinates":[[[92.46076919,46.03148891],[92.4605701,46.03149138],[92.44678921,46.02751264],[92.43647297,46.02455252],[92.43631009,46.02446819],[92.42551793,46.02241109],[92.41787609,46.02127066],[92.41199178,46.0192477],[92.40416845,46.01669824],[92.38854056,46.01357022],[92.38805762,46.01353679],[92.37996836,46.00958734],[92.37080112,46.00641082],[92.37029981,46.00630073],[92.36831676,46.00037111],[92.49263248,46.00033004],[92.49270119,46.01040336],[92.49805441,46.01036319],[92.49812875,46.01822981],[92.49830085,46.01820765],[92.50352995,46.01818799],[92.50363924,46.03259339],[92.51055039,46.03274717],[92.51120214,46.04419069],[92.50760395,46.04398429],[92.50444477,46.04455476],[92.50106786,46.0458942],[92.49622971,46.04613687],[92.49011484,46.0451379],[92.48515844,46.04340979],[92.48496547,46.04336515],[92.48486106,46.04330736],[92.48001411,46.04114578],[92.48002417,46.04111977],[92.4831434,46.03893414],[92.487038,46.03689318],[92.46076919,46.03148891],[92.46076919,46.03148891]]]}},{"type":"Feature","id":"hetsuu-dwg:115","properties":{"project":"External licence reference","scope":"external_reference","area":"Hetsuu hutul","sensor":"Base / Control","dataType":"cad_reference_geometry","displayRole":"section","plannedActual":"reference","status":"confirmed_geometry","contextOnly":true,"sourceFile":"Hetsuu hutul.DWG","sourceUrl":"https://drive.google.com/drive/folders/1hopqTCeMJknMkkvMa_wCY6OQ_GHXt4ub","sourceCrs":"EPSG:32646","displayCrs":"EPSG:4326","crsVerified":true,"cadLayer":"HESEG","entityClass":"AcDbEntity : AcDbLwPolyline","entityHandle":"1597","area_m2":0.0},"geometry":{"type":"Polygon","coordinates":[[[92.48681251,46.03684682],[92.48845756,46.03685419],[92.48838667,46.04453539],[92.48515844,46.04340979],[92.48496547,46.04336515],[92.48486106,46.04330736],[92.48267183,46.04233108],[92.48001411,46.04114578],[92.48002417,46.04111977],[92.48270063,46.0392444],[92.4831434,46.03893414],[92.487038,46.03689318],[92.48681251,46.03684682],[92.48681251,46.03684682]]]}},{"type":"Feature","id":"hetsuu-dwg:116","properties":{"project":"External licence reference","scope":"external_reference","area":"Hetsuu hutul","sensor":"Base / Control","dataType":"cad_reference_geometry","displayRole":"label","plannedActual":"reference","status":"confirmed_geometry","contextOnly":true,"sourceFile":"Hetsuu hutul.DWG","sourceUrl":"https://drive.google.com/drive/folders/1hopqTCeMJknMkkvMa_wCY6OQ_GHXt4ub","sourceCrs":"EPSG:32646","displayCrs":"EPSG:4326","crsVerified":true,"cadLayer":"BICHEEG","entityClass":"AcDbEntity : AcDbText","entityHandle":"1598","cadColor":7,"text_value":"XT-B050"},"geometry":{"type":"Point","coordinates":[92.48325921,46.04001068]}},{"type":"Feature","id":"hetsuu-dwg:117","properties":{"project":"External licence reference","scope":"external_reference","area":"Hetsuu hutul","sensor":"Base / Control","dataType":"cad_reference_geometry","displayRole":"section","plannedActual":"reference","status":"confirmed_geometry","contextOnly":true,"sourceFile":"Hetsuu hutul.DWG","sourceUrl":"https://drive.google.com/drive/folders/1hopqTCeMJknMkkvMa_wCY6OQ_GHXt4ub","sourceCrs":"EPSG:32646","displayCrs":"EPSG:4326","crsVerified":true,"cadLayer":"HESEG","entityClass":"AcDbEntity : AcDbLwPolyline","entityHandle":"1599","area_m2":0.0},"geometry":{"type":"Polygon","coordinates":[[[92.49419195,46.03687971],[92.49411063,46.04579072],[92.49011484,46.0451379],[92.488129,46.04444555],[92.48819911,46.03685304],[92.49419195,46.03687971],[92.49419195,46.03687971]]]}},{"type":"Feature","id":"hetsuu-dwg:118","properties":{"project":"External licence reference","scope":"external_reference","area":"Hetsuu hutul","sensor":"Base / Control","dataType":"cad_reference_geometry","displayRole":"label","plannedActual":"reference","status":"confirmed_geometry","contextOnly":true,"sourceFile":"Hetsuu hutul.DWG","sourceUrl":"https://drive.google.com/drive/folders/1hopqTCeMJknMkkvMa_wCY6OQ_GHXt4ub","sourceCrs":"EPSG:32646","displayCrs":"EPSG:4326","crsVerified":true,"cadLayer":"BICHEEG","entityClass":"AcDbEntity : AcDbText","entityHandle":"159A","cadColor":7,"text_value":"XT-B051"},"geometry":{"type":"Point","coordinates":[92.48956845,46.04047557]}},{"type":"Feature","id":"hetsuu-dwg:119","properties":{"project":"External licence reference","scope":"external_reference","area":"Hetsuu hutul","sensor":"Base / Control","dataType":"cad_reference_geometry","displayRole":"section","plannedActual":"reference","status":"confirmed_geometry","contextOnly":true,"sourceFile":"Hetsuu hutul.DWG","sourceUrl":"https://drive.google.com/drive/folders/1hopqTCeMJknMkkvMa_wCY6OQ_GHXt4ub","sourceCrs":"EPSG:32646","displayCrs":"EPSG:4326","crsVerified":true,"cadLayer":"HESEG","entityClass":"AcDbEntity : AcDbLwPolyline","entityHandle":"159B","area_m2":0.0},"geometry":{"type":"Polygon","coordinates":[[[92.49992635,46.03690495],[92.49984469,46.04595557],[92.49622971,46.04613687],[92.49385251,46.04574856],[92.4939335,46.03687857],[92.49992635,46.03690495],[92.49992635,46.03690495]]]}},{"type":"Feature","id":"hetsuu-dwg:120","properties":{"project":"External licence reference","scope":"external_reference","area":"Hetsuu hutul","sensor":"Base / Control","dataType":"cad_reference_geometry","displayRole":"label","plannedActual":"reference","status":"confirmed_geometry","contextOnly":true,"sourceFile":"Hetsuu hutul.DWG","sourceUrl":"https://drive.google.com/drive/folders/1hopqTCeMJknMkkvMa_wCY6OQ_GHXt4ub","sourceCrs":"EPSG:32646","displayCrs":"EPSG:4326","crsVerified":true,"cadLayer":"BICHEEG","entityClass":"AcDbEntity : AcDbText","entityHandle":"159C","cadColor":7,"text_value":"XT-B052"},"geometry":{"type":"Point","coordinates":[92.49521124,46.04113939]}},{"type":"Feature","id":"hetsuu-dwg:121","properties":{"project":"External licence reference","scope":"external_reference","area":"Hetsuu hutul","sensor":"Base / Control","dataType":"cad_reference_geometry","displayRole":"section","plannedActual":"reference","status":"confirmed_geometry","contextOnly":true,"sourceFile":"Hetsuu hutul.DWG","sourceUrl":"https://drive.google.com/drive/folders/1hopqTCeMJknMkkvMa_wCY6OQ_GHXt4ub","sourceCrs":"EPSG:32646","displayCrs":"EPSG:4326","crsVerified":true,"cadLayer":"HESEG","entityClass":"AcDbEntity : AcDbLwPolyline","entityHandle":"159D","area_m2":0.0},"geometry":{"type":"Polygon","coordinates":[[[92.50566076,46.0369299],[92.50559461,46.04434714],[92.50444477,46.04455476],[92.50106786,46.0458942],[92.49958607,46.04596855],[92.4996679,46.03690382],[92.50566076,46.0369299],[92.50566076,46.0369299]]]}},{"type":"Feature","id":"hetsuu-dwg:122","properties":{"project":"External licence reference","scope":"external_reference","area":"Hetsuu hutul","sensor":"Base / Control","dataType":"cad_reference_geometry","displayRole":"label","plannedActual":"reference","status":"confirmed_geometry","contextOnly":true,"sourceFile":"Hetsuu hutul.DWG","sourceUrl":"https://drive.google.com/drive/folders/1hopqTCeMJknMkkvMa_wCY6OQ_GHXt4ub","sourceCrs":"EPSG:32646","displayCrs":"EPSG:4326","crsVerified":true,"cadLayer":"BICHEEG","entityClass":"AcDbEntity : AcDbText","entityHandle":"159E","cadColor":7,"text_value":"XT-B053"},"geometry":{"type":"Point","coordinates":[92.50095263,46.04043819]}},{"type":"Feature","id":"hetsuu-dwg:123","properties":{"project":"External licence reference","scope":"external_reference","area":"Hetsuu hutul","sensor":"Base / Control","dataType":"cad_reference_geometry","displayRole":"section","plannedActual":"reference","status":"confirmed_geometry","contextOnly":true,"sourceFile":"Hetsuu hutul.DWG","sourceUrl":"https://drive.google.com/drive/folders/1hopqTCeMJknMkkvMa_wCY6OQ_GHXt4ub","sourceCrs":"EPSG:32646","displayCrs":"EPSG:4326","crsVerified":true,"cadLayer":"HESEG","entityClass":"AcDbEntity : AcDbLwPolyline","entityHandle":"159F","area_m2":0.0},"geometry":{"type":"Polygon","coordinates":[[[92.50544063,46.03263351],[92.51055039,46.03274717],[92.51120214,46.04419069],[92.50760395,46.04398429],[92.50533569,46.04439389],[92.50544063,46.03263351],[92.50544063,46.03263351]]]}},{"type":"Feature","id":"hetsuu-dwg:124","properties":{"project":"External licence reference","scope":"external_reference","area":"Hetsuu hutul","sensor":"Base / Control","dataType":"cad_reference_geometry","displayRole":"label","plannedActual":"reference","status":"confirmed_geometry","contextOnly":true,"sourceFile":"Hetsuu hutul.DWG","sourceUrl":"https://drive.google.com/drive/folders/1hopqTCeMJknMkkvMa_wCY6OQ_GHXt4ub","sourceCrs":"EPSG:32646","displayCrs":"EPSG:4326","crsVerified":true,"cadLayer":"BICHEEG","entityClass":"AcDbEntity : AcDbText","entityHandle":"15A0","cadColor":7,"text_value":"XT-B054"},"geometry":{"type":"Point","coordinates":[92.50650226,46.04027653]}},{"type":"Feature","id":"hetsuu-dwg:125","properties":{"project":"External licence reference","scope":"external_reference","area":"Hetsuu hutul","sensor":"Base / Control","dataType":"cad_reference_geometry","displayRole":"section","plannedActual":"reference","status":"confirmed_geometry","contextOnly":true,"sourceFile":"Hetsuu hutul.DWG","sourceUrl":"https://drive.google.com/drive/folders/1hopqTCeMJknMkkvMa_wCY6OQ_GHXt4ub","sourceCrs":"EPSG:32646","displayCrs":"EPSG:4326","crsVerified":true,"cadLayer":"HESEG","entityClass":"AcDbEntity : AcDbLwPolyline","entityHandle":"15A1","area_m2":0.0},"geometry":{"type":"Polygon","coordinates":[[[92.46560835,46.02759147],[92.46556128,46.03247531],[92.46076919,46.03148891],[92.4605701,46.03149138],[92.45958103,46.03120589],[92.45961653,46.0275633],[92.46560835,46.02759147],[92.46560835,46.02759147]]]}},{"type":"Feature","id":"hetsuu-dwg:126","properties":{"project":"External licence reference","scope":"external_reference","area":"Hetsuu hutul","sensor":"Base / Control","dataType":"cad_reference_geometry","displayRole":"label","plannedActual":"reference","status":"confirmed_geometry","contextOnly":true,"sourceFile":"Hetsuu hutul.DWG","sourceUrl":"https://drive.google.com/drive/folders/1hopqTCeMJknMkkvMa_wCY6OQ_GHXt4ub","sourceCrs":"EPSG:32646","displayCrs":"EPSG:4326","crsVerified":true,"cadLayer":"BICHEEG","entityClass":"AcDbEntity : AcDbText","entityHandle":"15A2","cadColor":7,"text_value":"XT-B057"},"geometry":{"type":"Point","coordinates":[92.46091684,46.02921081]}},{"type":"Feature","id":"hetsuu-dwg:127","properties":{"project":"External licence reference","scope":"external_reference","area":"Hetsuu hutul","sensor":"Base / Control","dataType":"cad_reference_geometry","displayRole":"section","plannedActual":"reference","status":"confirmed_geometry","contextOnly":true,"sourceFile":"Hetsuu hutul.DWG","sourceUrl":"https://drive.google.com/drive/folders/1hopqTCeMJknMkkvMa_wCY6OQ_GHXt4ub","sourceCrs":"EPSG:32646","displayCrs":"EPSG:4326","crsVerified":true,"cadLayer":"HESEG","entityClass":"AcDbEntity : AcDbLwPolyline","entityHandle":"15A3","area_m2":0.0},"geometry":{"type":"Polygon","coordinates":[[[92.47134176,46.02761813],[92.47128422,46.03365301],[92.46530335,46.03242222],[92.46534994,46.02759026],[92.47134176,46.02761813],[92.47134176,46.02761813]]]}},{"type":"Feature","id":"hetsuu-dwg:128","properties":{"project":"External licence reference","scope":"external_reference","area":"Hetsuu hutul","sensor":"Base / Control","dataType":"cad_reference_geometry","displayRole":"label","plannedActual":"reference","status":"confirmed_geometry","contextOnly":true,"sourceFile":"Hetsuu hutul.DWG","sourceUrl":"https://drive.google.com/drive/folders/1hopqTCeMJknMkkvMa_wCY6OQ_GHXt4ub","sourceCrs":"EPSG:32646","displayCrs":"EPSG:4326","crsVerified":true,"cadLayer":"BICHEEG","entityClass":"AcDbEntity : AcDbText","entityHandle":"15A4","cadColor":7,"text_value":"XT-B058"},"geometry":{"type":"Point","coordinates":[92.46664469,46.0298324]}},{"type":"Feature","id":"hetsuu-dwg:129","properties":{"project":"External licence reference","scope":"external_reference","area":"Hetsuu hutul","sensor":"Base / Control","dataType":"cad_reference_geometry","displayRole":"section","plannedActual":"reference","status":"confirmed_geometry","contextOnly":true,"sourceFile":"Hetsuu hutul.DWG","sourceUrl":"https://drive.google.com/drive/folders/1hopqTCeMJknMkkvMa_wCY6OQ_GHXt4ub","sourceCrs":"EPSG:32646","displayCrs":"EPSG:4326","crsVerified":true,"cadLayer":"HESEG","entityClass":"AcDbEntity : AcDbLwPolyline","entityHandle":"15A5","area_m2":0.0},"geometry":{"type":"Polygon","coordinates":[[[92.47707518,46.02764451],[92.47700741,46.03483043],[92.47102628,46.03359994],[92.47108335,46.02761694],[92.47707518,46.02764451],[92.47707518,46.02764451]]]}},{"type":"Feature","id":"hetsuu-dwg:130","properties":{"project":"External licence reference","scope":"external_reference","area":"Hetsuu hutul","sensor":"Base / Control","dataType":"cad_reference_geometry","displayRole":"label","plannedActual":"reference","status":"confirmed_geometry","contextOnly":true,"sourceFile":"Hetsuu hutul.DWG","sourceUrl":"https://drive.google.com/drive/folders/1hopqTCeMJknMkkvMa_wCY6OQ_GHXt4ub","sourceCrs":"EPSG:32646","displayCrs":"EPSG:4326","crsVerified":true,"cadLayer":"BICHEEG","entityClass":"AcDbEntity : AcDbText","entityHandle":"15A6","cadColor":7,"text_value":"XT-B059"},"geometry":{"type":"Point","coordinates":[92.47237286,46.03043453]}},{"type":"Feature","id":"hetsuu-dwg:131","properties":{"project":"External licence reference","scope":"external_reference","area":"Hetsuu hutul","sensor":"Base / Control","dataType":"cad_reference_geometry","displayRole":"section","plannedActual":"reference","status":"confirmed_geometry","contextOnly":true,"sourceFile":"Hetsuu hutul.DWG","sourceUrl":"https://drive.google.com/drive/folders/1hopqTCeMJknMkkvMa_wCY6OQ_GHXt4ub","sourceCrs":"EPSG:32646","displayCrs":"EPSG:4326","crsVerified":true,"cadLayer":"HESEG","entityClass":"AcDbEntity : AcDbLwPolyline","entityHandle":"15A7","area_m2":0.0},"geometry":{"type":"Polygon","coordinates":[[[92.48280861,46.0276706],[92.48273084,46.03600755],[92.47674945,46.03477737],[92.47681677,46.02764333],[92.48280861,46.0276706],[92.48280861,46.0276706]]]}},{"type":"Feature","id":"hetsuu-dwg:132","properties":{"project":"External licence reference","scope":"external_reference","area":"Hetsuu hutul","sensor":"Base / Control","dataType":"cad_reference_geometry","displayRole":"label","plannedActual":"reference","status":"confirmed_geometry","contextOnly":true,"sourceFile":"Hetsuu hutul.DWG","sourceUrl":"https://drive.google.com/drive/folders/1hopqTCeMJknMkkvMa_wCY6OQ_GHXt4ub","sourceCrs":"EPSG:32646","displayCrs":"EPSG:4326","crsVerified":true,"cadLayer":"BICHEEG","entityClass":"AcDbEntity : AcDbText","entityHandle":"15A8","cadColor":7,"text_value":"XT-B060"},"geometry":{"type":"Point","coordinates":[92.47814423,46.03103656]}},{"type":"Feature","id":"hetsuu-dwg:133","properties":{"project":"External licence reference","scope":"external_reference","area":"Hetsuu hutul","sensor":"Base / Control","dataType":"cad_reference_geometry","displayRole":"section","plannedActual":"reference","status":"confirmed_geometry","contextOnly":true,"sourceFile":"Hetsuu hutul.DWG","sourceUrl":"https://drive.google.com/drive/folders/1hopqTCeMJknMkkvMa_wCY6OQ_GHXt4ub","sourceCrs":"EPSG:32646","displayCrs":"EPSG:4326","crsVerified":true,"cadLayer":"HESEG","entityClass":"AcDbEntity : AcDbLwPolyline","entityHandle":"15A9","area_m2":0.0},"geometry":{"type":"Polygon","coordinates":[[[92.4884559,46.03703419],[92.48678324,46.03702669],[92.487038,46.03689318],[92.48247288,46.03595451],[92.4825502,46.02766943],[92.48854205,46.0276964],[92.4884559,46.03703419],[92.4884559,46.03703419]]]}},{"type":"Feature","id":"hetsuu-dwg:134","properties":{"project":"External licence reference","scope":"external_reference","area":"Hetsuu hutul","sensor":"Base / Control","dataType":"cad_reference_geometry","displayRole":"label","plannedActual":"reference","status":"confirmed_geometry","contextOnly":true,"sourceFile":"Hetsuu hutul.DWG","sourceUrl":"https://drive.google.com/drive/folders/1hopqTCeMJknMkkvMa_wCY6OQ_GHXt4ub","sourceCrs":"EPSG:32646","displayCrs":"EPSG:4326","crsVerified":true,"cadLayer":"BICHEEG","entityClass":"AcDbEntity : AcDbText","entityHandle":"15AA","cadColor":7,"text_value":"XT-B061"},"geometry":{"type":"Point","coordinates":[92.48391572,46.03163831]}},{"type":"Feature","id":"hetsuu-dwg:135","properties":{"project":"External licence reference","scope":"external_reference","area":"Hetsuu hutul","sensor":"Base / Control","dataType":"cad_reference_geometry","displayRole":"section","plannedActual":"reference","status":"confirmed_geometry","contextOnly":true,"sourceFile":"Hetsuu hutul.DWG","sourceUrl":"https://drive.google.com/drive/folders/1hopqTCeMJknMkkvMa_wCY6OQ_GHXt4ub","sourceCrs":"EPSG:32646","displayCrs":"EPSG:4326","crsVerified":true,"cadLayer":"HESEG","entityClass":"AcDbEntity : AcDbLwPolyline","entityHandle":"15AB","area_m2":0.0},"geometry":{"type":"Polygon","coordinates":[[[92.48828364,46.02769524],[92.49427549,46.02772191],[92.49419031,46.03705971],[92.48819745,46.03703303],[92.48828364,46.02769524],[92.48828364,46.02769524]]]}},{"type":"Feature","id":"hetsuu-dwg:136","properties":{"project":"External licence reference","scope":"external_reference","area":"Hetsuu hutul","sensor":"Base / Control","dataType":"cad_reference_geometry","displayRole":"label","plannedActual":"reference","status":"confirmed_geometry","contextOnly":true,"sourceFile":"Hetsuu hutul.DWG","sourceUrl":"https://drive.google.com/drive/folders/1hopqTCeMJknMkkvMa_wCY6OQ_GHXt4ub","sourceCrs":"EPSG:32646","displayCrs":"EPSG:4326","crsVerified":true,"cadLayer":"BICHEEG","entityClass":"AcDbEntity : AcDbText","entityHandle":"15AC","cadColor":7,"text_value":"XT-B062"},"geometry":{"type":"Point","coordinates":[92.48955858,46.03219003]}},{"type":"Feature","id":"hetsuu-dwg:137","properties":{"project":"External licence reference","scope":"external_reference","area":"Hetsuu hutul","sensor":"Base / Control","dataType":"cad_reference_geometry","displayRole":"section","plannedActual":"reference","status":"confirmed_geometry","contextOnly":true,"sourceFile":"Hetsuu hutul.DWG","sourceUrl":"https://drive.google.com/drive/folders/1hopqTCeMJknMkkvMa_wCY6OQ_GHXt4ub","sourceCrs":"EPSG:32646","displayCrs":"EPSG:4326","crsVerified":true,"cadLayer":"HESEG","entityClass":"AcDbEntity : AcDbLwPolyline","entityHandle":"15AD","area_m2":0.0},"geometry":{"type":"Polygon","coordinates":[[[92.49401708,46.02772077],[92.50000894,46.02774714],[92.49992473,46.03708495],[92.49393186,46.03705857],[92.49401708,46.02772077],[92.49401708,46.02772077]]]}},{"type":"Feature","id":"hetsuu-dwg:138","properties":{"project":"External licence reference","scope":"external_reference","area":"Hetsuu hutul","sensor":"Base / Control","dataType":"cad_reference_geometry","displayRole":"label","plannedActual":"reference","status":"confirmed_geometry","contextOnly":true,"sourceFile":"Hetsuu hutul.DWG","sourceUrl":"https://drive.google.com/drive/folders/1hopqTCeMJknMkkvMa_wCY6OQ_GHXt4ub","sourceCrs":"EPSG:32646","displayCrs":"EPSG:4326","crsVerified":true,"cadLayer":"BICHEEG","entityClass":"AcDbEntity : AcDbText","entityHandle":"15AE","cadColor":7,"text_value":"XT-B063"},"geometry":{"type":"Point","coordinates":[92.4952925,46.03221549]}},{"type":"Feature","id":"hetsuu-dwg:139","properties":{"project":"External licence reference","scope":"external_reference","area":"Hetsuu hutul","sensor":"Base / Control","dataType":"cad_reference_geometry","displayRole":"section","plannedActual":"reference","status":"confirmed_geometry","contextOnly":true,"sourceFile":"Hetsuu hutul.DWG","sourceUrl":"https://drive.google.com/drive/folders/1hopqTCeMJknMkkvMa_wCY6OQ_GHXt4ub","sourceCrs":"EPSG:32646","displayCrs":"EPSG:4326","crsVerified":true,"cadLayer":"HESEG","entityClass":"AcDbEntity : AcDbLwPolyline","entityHandle":"15AF","area_m2":0.0},"geometry":{"type":"Polygon","coordinates":[[[92.49975053,46.02774601],[92.50360259,46.02776281],[92.50363924,46.03259339],[92.50569902,46.03263927],[92.50565916,46.03710989],[92.49966628,46.03708382],[92.49975053,46.02774601],[92.49975053,46.02774601]]]}},{"type":"Feature","id":"hetsuu-dwg:140","properties":{"project":"External licence reference","scope":"external_reference","area":"Hetsuu hutul","sensor":"Base / Control","dataType":"cad_reference_geometry","displayRole":"label","plannedActual":"reference","status":"confirmed_geometry","contextOnly":true,"sourceFile":"Hetsuu hutul.DWG","sourceUrl":"https://drive.google.com/drive/folders/1hopqTCeMJknMkkvMa_wCY6OQ_GHXt4ub","sourceCrs":"EPSG:32646","displayCrs":"EPSG:4326","crsVerified":true,"cadLayer":"BICHEEG","entityClass":"AcDbEntity : AcDbText","entityHandle":"15B0","cadColor":7,"text_value":"XT-B064"},"geometry":{"type":"Point","coordinates":[92.50096135,46.03335002]}},{"type":"Feature","id":"hetsuu-dwg:141","properties":{"project":"External licence reference","scope":"external_reference","area":"Hetsuu hutul","sensor":"Base / Control","dataType":"cad_reference_geometry","displayRole":"label","plannedActual":"reference","status":"confirmed_geometry","contextOnly":true,"sourceFile":"Hetsuu hutul.DWG","sourceUrl":"https://drive.google.com/drive/folders/1hopqTCeMJknMkkvMa_wCY6OQ_GHXt4ub","sourceCrs":"EPSG:32646","displayCrs":"EPSG:4326","crsVerified":true,"cadLayer":"BICHEEG","entityClass":"AcDbEntity : AcDbText","entityHandle":"15B1","cadColor":7,"text_value":"XT-B065"},"geometry":{"type":"Point","coordinates":[92.50636947,46.03474107]}},{"type":"Feature","id":"hetsuu-dwg:142","properties":{"project":"External licence reference","scope":"external_reference","area":"Hetsuu hutul","sensor":"Base / Control","dataType":"cad_reference_geometry","displayRole":"section","plannedActual":"reference","status":"confirmed_geometry","contextOnly":true,"sourceFile":"Hetsuu hutul.DWG","sourceUrl":"https://drive.google.com/drive/folders/1hopqTCeMJknMkkvMa_wCY6OQ_GHXt4ub","sourceCrs":"EPSG:32646","displayCrs":"EPSG:4326","crsVerified":true,"cadLayer":"HESEG","entityClass":"AcDbEntity : AcDbLwPolyline","entityHandle":"15B2","area_m2":0.0},"geometry":{"type":"Polygon","coordinates":[[[92.42556954,46.01823906],[92.42552631,46.02241268],[92.42551793,46.02241109],[92.41954413,46.02151964],[92.41957878,46.01820879],[92.42556954,46.01823906],[92.42556954,46.01823906]]]}},{"type":"Feature","id":"hetsuu-dwg:143","properties":{"project":"External licence reference","scope":"external_reference","area":"Hetsuu hutul","sensor":"Base / Control","dataType":"cad_reference_geometry","displayRole":"label","plannedActual":"reference","status":"confirmed_geometry","contextOnly":true,"sourceFile":"Hetsuu hutul.DWG","sourceUrl":"https://drive.google.com/drive/folders/1hopqTCeMJknMkkvMa_wCY6OQ_GHXt4ub","sourceCrs":"EPSG:32646","displayCrs":"EPSG:4326","crsVerified":true,"cadLayer":"BICHEEG","entityClass":"AcDbEntity : AcDbText","entityHandle":"15B3","cadColor":7,"text_value":"XT-B067"},"geometry":{"type":"Point","coordinates":[92.4208794,46.01969089]}},{"type":"Feature","id":"hetsuu-dwg:144","properties":{"project":"External licence reference","scope":"external_reference","area":"Hetsuu hutul","sensor":"Base / Control","dataType":"cad_reference_geometry","displayRole":"section","plannedActual":"reference","status":"confirmed_geometry","contextOnly":true,"sourceFile":"Hetsuu hutul.DWG","sourceUrl":"https://drive.google.com/drive/folders/1hopqTCeMJknMkkvMa_wCY6OQ_GHXt4ub","sourceCrs":"EPSG:32646","displayCrs":"EPSG:4326","crsVerified":true,"cadLayer":"HESEG","entityClass":"AcDbEntity : AcDbLwPolyline","entityHandle":"15B4","area_m2":0.0},"geometry":{"type":"Polygon","coordinates":[[[92.43130195,46.01826773],[92.43124826,46.02350349],[92.42551793,46.02241109],[92.42526832,46.02237384],[92.42531118,46.01823776],[92.43130195,46.01826773],[92.43130195,46.01826773]]]}},{"type":"Feature","id":"hetsuu-dwg:145","properties":{"project":"External licence reference","scope":"external_reference","area":"Hetsuu hutul","sensor":"Base / Control","dataType":"cad_reference_geometry","displayRole":"label","plannedActual":"reference","status":"confirmed_geometry","contextOnly":true,"sourceFile":"Hetsuu hutul.DWG","sourceUrl":"https://drive.google.com/drive/folders/1hopqTCeMJknMkkvMa_wCY6OQ_GHXt4ub","sourceCrs":"EPSG:32646","displayCrs":"EPSG:4326","crsVerified":true,"cadLayer":"BICHEEG","entityClass":"AcDbEntity : AcDbText","entityHandle":"15B5","cadColor":7,"text_value":"XT-B068"},"geometry":{"type":"Point","coordinates":[92.42660769,46.02013242]}},{"type":"Feature","id":"hetsuu-dwg:146","properties":{"project":"External licence reference","scope":"external_reference","area":"Hetsuu hutul","sensor":"Base / Control","dataType":"cad_reference_geometry","displayRole":"section","plannedActual":"reference","status":"confirmed_geometry","contextOnly":true,"sourceFile":"Hetsuu hutul.DWG","sourceUrl":"https://drive.google.com/drive/folders/1hopqTCeMJknMkkvMa_wCY6OQ_GHXt4ub","sourceCrs":"EPSG:32646","displayCrs":"EPSG:4326","crsVerified":true,"cadLayer":"HESEG","entityClass":"AcDbEntity : AcDbLwPolyline","entityHandle":"15B6","area_m2":0.0},"geometry":{"type":"Polygon","coordinates":[[[92.43703436,46.01829611],[92.43696941,46.024695],[92.43647297,46.02455252],[92.43631009,46.02446819],[92.43099037,46.02345434],[92.43104358,46.01826644],[92.43703436,46.01829611],[92.43703436,46.01829611]]]}},{"type":"Feature","id":"hetsuu-dwg:147","properties":{"project":"External licence reference","scope":"external_reference","area":"Hetsuu hutul","sensor":"Base / Control","dataType":"cad_reference_geometry","displayRole":"label","plannedActual":"reference","status":"confirmed_geometry","contextOnly":true,"sourceFile":"Hetsuu hutul.DWG","sourceUrl":"https://drive.google.com/drive/folders/1hopqTCeMJknMkkvMa_wCY6OQ_GHXt4ub","sourceCrs":"EPSG:32646","displayCrs":"EPSG:4326","crsVerified":true,"cadLayer":"BICHEEG","entityClass":"AcDbEntity : AcDbText","entityHandle":"15B7","cadColor":7,"text_value":"XT-B069"},"geometry":{"type":"Point","coordinates":[92.43233491,46.02068694]}},{"type":"Feature","id":"hetsuu-dwg:148","properties":{"project":"External licence reference","scope":"external_reference","area":"Hetsuu hutul","sensor":"Base / Control","dataType":"cad_reference_geometry","displayRole":"section","plannedActual":"reference","status":"confirmed_geometry","contextOnly":true,"sourceFile":"Hetsuu hutul.DWG","sourceUrl":"https://drive.google.com/drive/folders/1hopqTCeMJknMkkvMa_wCY6OQ_GHXt4ub","sourceCrs":"EPSG:32646","displayCrs":"EPSG:4326","crsVerified":true,"cadLayer":"HESEG","entityClass":"AcDbEntity : AcDbLwPolyline","entityHandle":"15B8","area_m2":0.0},"geometry":{"type":"Polygon","coordinates":[[[92.44276679,46.0183242],[92.4426863,46.0263355],[92.43671176,46.02462105],[92.436776,46.01829483],[92.44276679,46.0183242],[92.44276679,46.0183242]]]}},{"type":"Feature","id":"hetsuu-dwg:149","properties":{"project":"External licence reference","scope":"external_reference","area":"Hetsuu hutul","sensor":"Base / Control","dataType":"cad_reference_geometry","displayRole":"label","plannedActual":"reference","status":"confirmed_geometry","contextOnly":true,"sourceFile":"Hetsuu hutul.DWG","sourceUrl":"https://drive.google.com/drive/folders/1hopqTCeMJknMkkvMa_wCY6OQ_GHXt4ub","sourceCrs":"EPSG:32646","displayCrs":"EPSG:4326","crsVerified":true,"cadLayer":"BICHEEG","entityClass":"AcDbEntity : AcDbText","entityHandle":"15B9","cadColor":7,"text_value":"XT-B070"},"geometry":{"type":"Point","coordinates":[92.43810488,46.02128464]}},{"type":"Feature","id":"hetsuu-dwg:150","properties":{"project":"External licence reference","scope":"external_reference","area":"Hetsuu hutul","sensor":"Base / Control","dataType":"cad_reference_geometry","displayRole":"section","plannedActual":"reference","status":"confirmed_geometry","contextOnly":true,"sourceFile":"Hetsuu hutul.DWG","sourceUrl":"https://drive.google.com/drive/folders/1hopqTCeMJknMkkvMa_wCY6OQ_GHXt4ub","sourceCrs":"EPSG:32646","displayCrs":"EPSG:4326","crsVerified":true,"cadLayer":"HESEG","entityClass":"AcDbEntity : AcDbLwPolyline","entityHandle":"15BA","area_m2":0.0},"geometry":{"type":"Polygon","coordinates":[[[92.44840815,46.02750975],[92.44840636,46.02768975],[92.44840349,46.02797882],[92.44678921,46.02751264],[92.44675124,46.02750174],[92.44242863,46.02626157],[92.44250843,46.01832294],[92.44849922,46.01835201],[92.44840815,46.02750975],[92.44840815,46.02750975]]]}},{"type":"Feature","id":"hetsuu-dwg:151","properties":{"project":"External licence reference","scope":"external_reference","area":"Hetsuu hutul","sensor":"Base / Control","dataType":"cad_reference_geometry","displayRole":"label","plannedActual":"reference","status":"confirmed_geometry","contextOnly":true,"sourceFile":"Hetsuu hutul.DWG","sourceUrl":"https://drive.google.com/drive/folders/1hopqTCeMJknMkkvMa_wCY6OQ_GHXt4ub","sourceCrs":"EPSG:32646","displayCrs":"EPSG:4326","crsVerified":true,"cadLayer":"BICHEEG","entityClass":"AcDbEntity : AcDbText","entityHandle":"15BB","cadColor":7,"text_value":"XT-B071"},"geometry":{"type":"Point","coordinates":[92.44387259,46.02211909]}},{"type":"Feature","id":"hetsuu-dwg:152","properties":{"project":"External licence reference","scope":"external_reference","area":"Hetsuu hutul","sensor":"Base / Control","dataType":"cad_reference_geometry","displayRole":"section","plannedActual":"reference","status":"confirmed_geometry","contextOnly":true,"sourceFile":"Hetsuu hutul.DWG","sourceUrl":"https://drive.google.com/drive/folders/1hopqTCeMJknMkkvMa_wCY6OQ_GHXt4ub","sourceCrs":"EPSG:32646","displayCrs":"EPSG:4326","crsVerified":true,"cadLayer":"HESEG","entityClass":"AcDbEntity : AcDbLwPolyline","entityHandle":"15BC","area_m2":0.0},"geometry":{"type":"Polygon","coordinates":[[[92.44824086,46.01835076],[92.45423166,46.01837952],[92.45412095,46.02962969],[92.44814581,46.0279044],[92.44824086,46.01835076],[92.44824086,46.01835076]]]}},{"type":"Feature","id":"hetsuu-dwg:153","properties":{"project":"External licence reference","scope":"external_reference","area":"Hetsuu hutul","sensor":"Base / Control","dataType":"cad_reference_geometry","displayRole":"label","plannedActual":"reference","status":"confirmed_geometry","contextOnly":true,"sourceFile":"Hetsuu hutul.DWG","sourceUrl":"https://drive.google.com/drive/folders/1hopqTCeMJknMkkvMa_wCY6OQ_GHXt4ub","sourceCrs":"EPSG:32646","displayCrs":"EPSG:4326","crsVerified":true,"cadLayer":"BICHEEG","entityClass":"AcDbEntity : AcDbText","entityHandle":"15BD","cadColor":7,"text_value":"XT-B072"},"geometry":{"type":"Point","coordinates":[92.44951235,46.02284598]}},{"type":"Feature","id":"hetsuu-dwg:154","properties":{"project":"External licence reference","scope":"external_reference","area":"Hetsuu hutul","sensor":"Base / Control","dataType":"cad_reference_geometry","displayRole":"section","plannedActual":"reference","status":"confirmed_geometry","contextOnly":true,"sourceFile":"Hetsuu hutul.DWG","sourceUrl":"https://drive.google.com/drive/folders/1hopqTCeMJknMkkvMa_wCY6OQ_GHXt4ub","sourceCrs":"EPSG:32646","displayCrs":"EPSG:4326","crsVerified":true,"cadLayer":"HESEG","entityClass":"AcDbEntity : AcDbLwPolyline","entityHandle":"15BE","area_m2":0.0},"geometry":{"type":"Polygon","coordinates":[[[92.4539733,46.01837829],[92.45996411,46.01840675],[92.45983875,46.03128028],[92.45386325,46.02955529],[92.4539733,46.01837829],[92.4539733,46.01837829]]]}},{"type":"Feature","id":"hetsuu-dwg:155","properties":{"project":"External licence reference","scope":"external_reference","area":"Hetsuu hutul","sensor":"Base / Control","dataType":"cad_reference_geometry","displayRole":"label","plannedActual":"reference","status":"confirmed_geometry","contextOnly":true,"sourceFile":"Hetsuu hutul.DWG","sourceUrl":"https://drive.google.com/drive/folders/1hopqTCeMJknMkkvMa_wCY6OQ_GHXt4ub","sourceCrs":"EPSG:32646","displayCrs":"EPSG:4326","crsVerified":true,"cadLayer":"BICHEEG","entityClass":"AcDbEntity : AcDbText","entityHandle":"15BF","cadColor":7,"text_value":"XT-B073"},"geometry":{"type":"Point","coordinates":[92.45524526,46.02287345]}},{"type":"Feature","id":"hetsuu-dwg:156","properties":{"project":"External licence reference","scope":"external_reference","area":"Hetsuu hutul","sensor":"Base / Control","dataType":"cad_reference_geometry","displayRole":"section","plannedActual":"reference","status":"confirmed_geometry","contextOnly":true,"sourceFile":"Hetsuu hutul.DWG","sourceUrl":"https://drive.google.com/drive/folders/1hopqTCeMJknMkkvMa_wCY6OQ_GHXt4ub","sourceCrs":"EPSG:32646","displayCrs":"EPSG:4326","crsVerified":true,"cadLayer":"HESEG","entityClass":"AcDbEntity : AcDbLwPolyline","entityHandle":"15C0","area_m2":0.0},"geometry":{"type":"Polygon","coordinates":[[[92.45970575,46.01840553],[92.46569657,46.0184337],[92.46560661,46.02777147],[92.45961478,46.0277433],[92.45970575,46.01840553],[92.45970575,46.01840553]]]}},{"type":"Feature","id":"hetsuu-dwg:157","properties":{"project":"External licence reference","scope":"external_reference","area":"Hetsuu hutul","sensor":"Base / Control","dataType":"cad_reference_geometry","displayRole":"label","plannedActual":"reference","status":"confirmed_geometry","contextOnly":true,"sourceFile":"Hetsuu hutul.DWG","sourceUrl":"https://drive.google.com/drive/folders/1hopqTCeMJknMkkvMa_wCY6OQ_GHXt4ub","sourceCrs":"EPSG:32646","displayCrs":"EPSG:4326","crsVerified":true,"cadLayer":"BICHEEG","entityClass":"AcDbEntity : AcDbText","entityHandle":"15C1","cadColor":7,"text_value":"XT-B074"},"geometry":{"type":"Point","coordinates":[92.46097817,46.02290063]}},{"type":"Feature","id":"hetsuu-dwg:158","properties":{"project":"External licence reference","scope":"external_reference","area":"Hetsuu hutul","sensor":"Base / Control","dataType":"cad_reference_geometry","displayRole":"section","plannedActual":"reference","status":"confirmed_geometry","contextOnly":true,"sourceFile":"Hetsuu hutul.DWG","sourceUrl":"https://drive.google.com/drive/folders/1hopqTCeMJknMkkvMa_wCY6OQ_GHXt4ub","sourceCrs":"EPSG:32646","displayCrs":"EPSG:4326","crsVerified":true,"cadLayer":"HESEG","entityClass":"AcDbEntity : AcDbLwPolyline","entityHandle":"15C2","area_m2":0.0},"geometry":{"type":"Polygon","coordinates":[[[92.46543821,46.01843249],[92.47142904,46.01846035],[92.47134004,46.02779813],[92.4653482,46.02777026],[92.46543821,46.01843249],[92.46543821,46.01843249]]]}},{"type":"Feature","id":"hetsuu-dwg:159","properties":{"project":"External licence reference","scope":"external_reference","area":"Hetsuu hutul","sensor":"Base / Control","dataType":"cad_reference_geometry","displayRole":"label","plannedActual":"reference","status":"confirmed_geometry","contextOnly":true,"sourceFile":"Hetsuu hutul.DWG","sourceUrl":"https://drive.google.com/drive/folders/1hopqTCeMJknMkkvMa_wCY6OQ_GHXt4ub","sourceCrs":"EPSG:32646","displayCrs":"EPSG:4326","crsVerified":true,"cadLayer":"BICHEEG","entityClass":"AcDbEntity : AcDbText","entityHandle":"15C3","cadColor":7,"text_value":"XT-B075"},"geometry":{"type":"Point","coordinates":[92.4667111,46.02292753]}},{"type":"Feature","id":"hetsuu-dwg:160","properties":{"project":"External licence reference","scope":"external_reference","area":"Hetsuu hutul","sensor":"Base / Control","dataType":"cad_reference_geometry","displayRole":"section","plannedActual":"reference","status":"confirmed_geometry","contextOnly":true,"sourceFile":"Hetsuu hutul.DWG","sourceUrl":"https://drive.google.com/drive/folders/1hopqTCeMJknMkkvMa_wCY6OQ_GHXt4ub","sourceCrs":"EPSG:32646","displayCrs":"EPSG:4326","crsVerified":true,"cadLayer":"HESEG","entityClass":"AcDbEntity : AcDbLwPolyline","entityHandle":"15C4","area_m2":0.0},"geometry":{"type":"Polygon","coordinates":[[[92.47117068,46.01845916],[92.47716151,46.01848672],[92.47707348,46.02782451],[92.47108163,46.02779694],[92.47117068,46.01845916],[92.47117068,46.01845916]]]}},{"type":"Feature","id":"hetsuu-dwg:161","properties":{"project":"External licence reference","scope":"external_reference","area":"Hetsuu hutul","sensor":"Base / Control","dataType":"cad_reference_geometry","displayRole":"label","plannedActual":"reference","status":"confirmed_geometry","contextOnly":true,"sourceFile":"Hetsuu hutul.DWG","sourceUrl":"https://drive.google.com/drive/folders/1hopqTCeMJknMkkvMa_wCY6OQ_GHXt4ub","sourceCrs":"EPSG:32646","displayCrs":"EPSG:4326","crsVerified":true,"cadLayer":"BICHEEG","entityClass":"AcDbEntity : AcDbText","entityHandle":"15C5","cadColor":7,"text_value":"XT-B076"},"geometry":{"type":"Point","coordinates":[92.47244403,46.02295413]}},{"type":"Feature","id":"hetsuu-dwg:162","properties":{"project":"External licence reference","scope":"external_reference","area":"Hetsuu hutul","sensor":"Base / Control","dataType":"cad_reference_geometry","displayRole":"section","plannedActual":"reference","status":"confirmed_geometry","contextOnly":true,"sourceFile":"Hetsuu hutul.DWG","sourceUrl":"https://drive.google.com/drive/folders/1hopqTCeMJknMkkvMa_wCY6OQ_GHXt4ub","sourceCrs":"EPSG:32646","displayCrs":"EPSG:4326","crsVerified":true,"cadLayer":"HESEG","entityClass":"AcDbEntity : AcDbLwPolyline","entityHandle":"15C6","area_m2":0.0},"geometry":{"type":"Polygon","coordinates":[[[92.47690315,46.01848554],[92.482894,46.0185128],[92.48280693,46.0278506],[92.47681507,46.02782333],[92.47690315,46.01848554],[92.47690315,46.01848554]]]}},{"type":"Feature","id":"hetsuu-dwg:163","properties":{"project":"External licence reference","scope":"external_reference","area":"Hetsuu hutul","sensor":"Base / Control","dataType":"cad_reference_geometry","displayRole":"label","plannedActual":"reference","status":"confirmed_geometry","contextOnly":true,"sourceFile":"Hetsuu hutul.DWG","sourceUrl":"https://drive.google.com/drive/folders/1hopqTCeMJknMkkvMa_wCY6OQ_GHXt4ub","sourceCrs":"EPSG:32646","displayCrs":"EPSG:4326","crsVerified":true,"cadLayer":"BICHEEG","entityClass":"AcDbEntity : AcDbText","entityHandle":"15C7","cadColor":7,"text_value":"XT-B077"},"geometry":{"type":"Point","coordinates":[92.47817697,46.02298045]}},{"type":"Feature","id":"hetsuu-dwg:164","properties":{"project":"External licence reference","scope":"external_reference","area":"Hetsuu hutul","sensor":"Base / Control","dataType":"cad_reference_geometry","displayRole":"section","plannedActual":"reference","status":"confirmed_geometry","contextOnly":true,"sourceFile":"Hetsuu hutul.DWG","sourceUrl":"https://drive.google.com/drive/folders/1hopqTCeMJknMkkvMa_wCY6OQ_GHXt4ub","sourceCrs":"EPSG:32646","displayCrs":"EPSG:4326","crsVerified":true,"cadLayer":"HESEG","entityClass":"AcDbEntity : AcDbLwPolyline","entityHandle":"15C8","area_m2":0.0},"geometry":{"type":"Polygon","coordinates":[[[92.48263563,46.01851163],[92.48862649,46.01853859],[92.48854039,46.0278764],[92.48254852,46.02784943],[92.48263563,46.01851163],[92.48263563,46.01851163]]]}},{"type":"Feature","id":"hetsuu-dwg:165","properties":{"project":"External licence reference","scope":"external_reference","area":"Hetsuu hutul","sensor":"Base / Control","dataType":"cad_reference_geometry","displayRole":"label","plannedActual":"reference","status":"confirmed_geometry","contextOnly":true,"sourceFile":"Hetsuu hutul.DWG","sourceUrl":"https://drive.google.com/drive/folders/1hopqTCeMJknMkkvMa_wCY6OQ_GHXt4ub","sourceCrs":"EPSG:32646","displayCrs":"EPSG:4326","crsVerified":true,"cadLayer":"BICHEEG","entityClass":"AcDbEntity : AcDbText","entityHandle":"15C9","cadColor":7,"text_value":"XT-B078"},"geometry":{"type":"Point","coordinates":[92.48390992,46.02300648]}},{"type":"Feature","id":"hetsuu-dwg:166","properties":{"project":"External licence reference","scope":"external_reference","area":"Hetsuu hutul","sensor":"Base / Control","dataType":"cad_reference_geometry","displayRole":"section","plannedActual":"reference","status":"confirmed_geometry","contextOnly":true,"sourceFile":"Hetsuu hutul.DWG","sourceUrl":"https://drive.google.com/drive/folders/1hopqTCeMJknMkkvMa_wCY6OQ_GHXt4ub","sourceCrs":"EPSG:32646","displayCrs":"EPSG:4326","crsVerified":true,"cadLayer":"HESEG","entityClass":"AcDbEntity : AcDbLwPolyline","entityHandle":"15CA","area_m2":0.0},"geometry":{"type":"Polygon","coordinates":[[[92.48836812,46.01853744],[92.49435899,46.0185641],[92.49427385,46.02790191],[92.48828198,46.02787524],[92.48836812,46.01853744],[92.48836812,46.01853744]]]}},{"type":"Feature","id":"hetsuu-dwg:167","properties":{"project":"External licence reference","scope":"external_reference","area":"Hetsuu hutul","sensor":"Base / Control","dataType":"cad_reference_geometry","displayRole":"label","plannedActual":"reference","status":"confirmed_geometry","contextOnly":true,"sourceFile":"Hetsuu hutul.DWG","sourceUrl":"https://drive.google.com/drive/folders/1hopqTCeMJknMkkvMa_wCY6OQ_GHXt4ub","sourceCrs":"EPSG:32646","displayCrs":"EPSG:4326","crsVerified":true,"cadLayer":"BICHEEG","entityClass":"AcDbEntity : AcDbText","entityHandle":"15CB","cadColor":7,"text_value":"XT-B079"},"geometry":{"type":"Point","coordinates":[92.48964287,46.02303223]}},{"type":"Feature","id":"hetsuu-dwg:168","properties":{"project":"External licence reference","scope":"external_reference","area":"Hetsuu hutul","sensor":"Base / Control","dataType":"cad_reference_geometry","displayRole":"section","plannedActual":"reference","status":"confirmed_geometry","contextOnly":true,"sourceFile":"Hetsuu hutul.DWG","sourceUrl":"https://drive.google.com/drive/folders/1hopqTCeMJknMkkvMa_wCY6OQ_GHXt4ub","sourceCrs":"EPSG:32646","displayCrs":"EPSG:4326","crsVerified":true,"cadLayer":"HESEG","entityClass":"AcDbEntity : AcDbLwPolyline","entityHandle":"15CC","area_m2":0.0},"geometry":{"type":"Polygon","coordinates":[[[92.49410548,46.01803019],[92.50007204,46.01801555],[92.50000732,46.02792714],[92.49401544,46.02790077],[92.49410548,46.01803019],[92.49410548,46.01803019]]]}},{"type":"Feature","id":"hetsuu-dwg:169","properties":{"project":"External licence reference","scope":"external_reference","area":"Hetsuu hutul","sensor":"Base / Control","dataType":"cad_reference_geometry","displayRole":"label","plannedActual":"reference","status":"confirmed_geometry","contextOnly":true,"sourceFile":"Hetsuu hutul.DWG","sourceUrl":"https://drive.google.com/drive/folders/1hopqTCeMJknMkkvMa_wCY6OQ_GHXt4ub","sourceCrs":"EPSG:32646","displayCrs":"EPSG:4326","crsVerified":true,"cadLayer":"BICHEEG","entityClass":"AcDbEntity : AcDbText","entityHandle":"15CD","cadColor":7,"text_value":"XT-B080"},"geometry":{"type":"Point","coordinates":[92.4954189,46.02305788]}},{"type":"Feature","id":"hetsuu-dwg:170","properties":{"project":"External licence reference","scope":"external_reference","area":"Hetsuu hutul","sensor":"Base / Control","dataType":"cad_reference_geometry","displayRole":"section","plannedActual":"reference","status":"confirmed_geometry","contextOnly":true,"sourceFile":"Hetsuu hutul.DWG","sourceUrl":"https://drive.google.com/drive/folders/1hopqTCeMJknMkkvMa_wCY6OQ_GHXt4ub","sourceCrs":"EPSG:32646","displayCrs":"EPSG:4326","crsVerified":true,"cadLayer":"HESEG","entityClass":"AcDbEntity : AcDbLwPolyline","entityHandle":"15CE","area_m2":0.0},"geometry":{"type":"Polygon","coordinates":[[[92.50352995,46.01818799],[92.50353311,46.01860432],[92.50360395,46.02794282],[92.49974891,46.02792601],[92.4998315,46.01876819],[92.49983313,46.01858819],[92.49983661,46.0182019],[92.50352995,46.01818799],[92.50352995,46.01818799]]]}},{"type":"Feature","id":"hetsuu-dwg:171","properties":{"project":"External licence reference","scope":"external_reference","area":"Hetsuu hutul","sensor":"Base / Control","dataType":"cad_reference_geometry","displayRole":"label","plannedActual":"reference","status":"confirmed_geometry","contextOnly":true,"sourceFile":"Hetsuu hutul.DWG","sourceUrl":"https://drive.google.com/drive/folders/1hopqTCeMJknMkkvMa_wCY6OQ_GHXt4ub","sourceCrs":"EPSG:32646","displayCrs":"EPSG:4326","crsVerified":true,"cadLayer":"BICHEEG","entityClass":"AcDbEntity : AcDbText","entityHandle":"15CF","cadColor":7,"text_value":"XT-B081"},"geometry":{"type":"Point","coordinates":[92.50008793,46.0231684]}},{"type":"Feature","id":"hetsuu-dwg:172","properties":{"project":"External licence reference","scope":"external_reference","area":"Hetsuu hutul","sensor":"Base / Control","dataType":"cad_reference_geometry","displayRole":"section","plannedActual":"reference","status":"confirmed_geometry","contextOnly":true,"sourceFile":"Hetsuu hutul.DWG","sourceUrl":"https://drive.google.com/drive/folders/1hopqTCeMJknMkkvMa_wCY6OQ_GHXt4ub","sourceCrs":"EPSG:32646","displayCrs":"EPSG:4326","crsVerified":true,"cadLayer":"HESEG","entityClass":"AcDbEntity : AcDbLwPolyline","entityHandle":"15D0","area_m2":0.0},"geometry":{"type":"Polygon","coordinates":[[[92.39700717,46.00893373],[92.3969385,46.01525143],[92.39096089,46.01405483],[92.39101744,46.00890197],[92.39700717,46.00893373],[92.39700717,46.00893373]]]}},{"type":"Feature","id":"hetsuu-dwg:173","properties":{"project":"External licence reference","scope":"external_reference","area":"Hetsuu hutul","sensor":"Base / Control","dataType":"cad_reference_geometry","displayRole":"label","plannedActual":"reference","status":"confirmed_geometry","contextOnly":true,"sourceFile":"Hetsuu hutul.DWG","sourceUrl":"https://drive.google.com/drive/folders/1hopqTCeMJknMkkvMa_wCY6OQ_GHXt4ub","sourceCrs":"EPSG:32646","displayCrs":"EPSG:4326","crsVerified":true,"cadLayer":"BICHEEG","entityClass":"AcDbEntity : AcDbText","entityHandle":"15D1","cadColor":7,"text_value":"XT-B084"},"geometry":{"type":"Point","coordinates":[92.392307,46.0113054]}},{"type":"Feature","id":"hetsuu-dwg:174","properties":{"project":"External licence reference","scope":"external_reference","area":"Hetsuu hutul","sensor":"Base / Control","dataType":"cad_reference_geometry","displayRole":"section","plannedActual":"reference","status":"confirmed_geometry","contextOnly":true,"sourceFile":"Hetsuu hutul.DWG","sourceUrl":"https://drive.google.com/drive/folders/1hopqTCeMJknMkkvMa_wCY6OQ_GHXt4ub","sourceCrs":"EPSG:32646","displayCrs":"EPSG:4326","crsVerified":true,"cadLayer":"HESEG","entityClass":"AcDbEntity : AcDbLwPolyline","entityHandle":"15D2","area_m2":0.0},"geometry":{"type":"Polygon","coordinates":[[[92.40273859,46.00896382],[92.40265857,46.01639614],[92.3966807,46.01519983],[92.39674885,46.00893236],[92.40273859,46.00896382],[92.40273859,46.00896382]]]}},{"type":"Feature","id":"hetsuu-dwg:175","properties":{"project":"External licence reference","scope":"external_reference","area":"Hetsuu hutul","sensor":"Base / Control","dataType":"cad_reference_geometry","displayRole":"label","plannedActual":"reference","status":"confirmed_geometry","contextOnly":true,"sourceFile":"Hetsuu hutul.DWG","sourceUrl":"https://drive.google.com/drive/folders/1hopqTCeMJknMkkvMa_wCY6OQ_GHXt4ub","sourceCrs":"EPSG:32646","displayCrs":"EPSG:4326","crsVerified":true,"cadLayer":"BICHEEG","entityClass":"AcDbEntity : AcDbText","entityHandle":"15D3","cadColor":7,"text_value":"XT-B085"},"geometry":{"type":"Point","coordinates":[92.39803261,46.01189304]}},{"type":"Feature","id":"hetsuu-dwg:176","properties":{"project":"External licence reference","scope":"external_reference","area":"Hetsuu hutul","sensor":"Base / Control","dataType":"cad_reference_geometry","displayRole":"section","plannedActual":"reference","status":"confirmed_geometry","contextOnly":true,"sourceFile":"Hetsuu hutul.DWG","sourceUrl":"https://drive.google.com/drive/folders/1hopqTCeMJknMkkvMa_wCY6OQ_GHXt4ub","sourceCrs":"EPSG:32646","displayCrs":"EPSG:4326","crsVerified":true,"cadLayer":"HESEG","entityClass":"AcDbEntity : AcDbLwPolyline","entityHandle":"15D4","area_m2":0.0},"geometry":{"type":"Polygon","coordinates":[[[92.40847001,46.00899363],[92.40837325,46.01806859],[92.40416845,46.01669824],[92.40240076,46.01634455],[92.40248027,46.00896247],[92.40847001,46.00899363],[92.40847001,46.00899363]]]}},{"type":"Feature","id":"hetsuu-dwg:177","properties":{"project":"External licence reference","scope":"external_reference","area":"Hetsuu hutul","sensor":"Base / Control","dataType":"cad_reference_geometry","displayRole":"label","plannedActual":"reference","status":"confirmed_geometry","contextOnly":true,"sourceFile":"Hetsuu hutul.DWG","sourceUrl":"https://drive.google.com/drive/folders/1hopqTCeMJknMkkvMa_wCY6OQ_GHXt4ub","sourceCrs":"EPSG:32646","displayCrs":"EPSG:4326","crsVerified":true,"cadLayer":"BICHEEG","entityClass":"AcDbEntity : AcDbText","entityHandle":"15D5","cadColor":7,"text_value":"XT-B086"},"geometry":{"type":"Point","coordinates":[92.40375835,46.01248039]}},{"type":"Feature","id":"hetsuu-dwg:178","properties":{"project":"External licence reference","scope":"external_reference","area":"Hetsuu hutul","sensor":"Base / Control","dataType":"cad_reference_geometry","displayRole":"section","plannedActual":"reference","status":"confirmed_geometry","contextOnly":true,"sourceFile":"Hetsuu hutul.DWG","sourceUrl":"https://drive.google.com/drive/folders/1hopqTCeMJknMkkvMa_wCY6OQ_GHXt4ub","sourceCrs":"EPSG:32646","displayCrs":"EPSG:4326","crsVerified":true,"cadLayer":"HESEG","entityClass":"AcDbEntity : AcDbLwPolyline","entityHandle":"15D6","area_m2":0.0},"geometry":{"type":"Polygon","coordinates":[[[92.41414901,46.01998938],[92.40919255,46.01833558],[92.40811577,46.01798469],[92.40821169,46.00899229],[92.41420145,46.00902315],[92.41414901,46.01998938],[92.41414901,46.01998938]]]}},{"type":"Feature","id":"hetsuu-dwg:179","properties":{"project":"External licence reference","scope":"external_reference","area":"Hetsuu hutul","sensor":"Base / Control","dataType":"cad_reference_geometry","displayRole":"label","plannedActual":"reference","status":"confirmed_geometry","contextOnly":true,"sourceFile":"Hetsuu hutul.DWG","sourceUrl":"https://drive.google.com/drive/folders/1hopqTCeMJknMkkvMa_wCY6OQ_GHXt4ub","sourceCrs":"EPSG:32646","displayCrs":"EPSG:4326","crsVerified":true,"cadLayer":"BICHEEG","entityClass":"AcDbEntity : AcDbText","entityHandle":"15D7","cadColor":7,"text_value":"XT-B087"},"geometry":{"type":"Point","coordinates":[92.40948157,46.0133153]}},{"type":"Feature","id":"hetsuu-dwg:180","properties":{"project":"External licence reference","scope":"external_reference","area":"Hetsuu hutul","sensor":"Base / Control","dataType":"cad_reference_geometry","displayRole":"section","plannedActual":"reference","status":"confirmed_geometry","contextOnly":true,"sourceFile":"Hetsuu hutul.DWG","sourceUrl":"https://drive.google.com/drive/folders/1hopqTCeMJknMkkvMa_wCY6OQ_GHXt4ub","sourceCrs":"EPSG:32646","displayCrs":"EPSG:4326","crsVerified":true,"cadLayer":"HESEG","entityClass":"AcDbEntity : AcDbLwPolyline","entityHandle":"15D8","area_m2":0.0},"geometry":{"type":"Polygon","coordinates":[[[92.41394313,46.00902183],[92.41993289,46.00905239],[92.41980212,46.02155814],[92.41787609,46.02127066],[92.41408588,46.01996768],[92.41394313,46.00902183],[92.41394313,46.00902183]]]}},{"type":"Feature","id":"hetsuu-dwg:181","properties":{"project":"External licence reference","scope":"external_reference","area":"Hetsuu hutul","sensor":"Base / Control","dataType":"cad_reference_geometry","displayRole":"label","plannedActual":"reference","status":"confirmed_geometry","contextOnly":true,"sourceFile":"Hetsuu hutul.DWG","sourceUrl":"https://drive.google.com/drive/folders/1hopqTCeMJknMkkvMa_wCY6OQ_GHXt4ub","sourceCrs":"EPSG:32646","displayCrs":"EPSG:4326","crsVerified":true,"cadLayer":"BICHEEG","entityClass":"AcDbEntity : AcDbText","entityHandle":"15D9","cadColor":7,"text_value":"XT-B088"},"geometry":{"type":"Point","coordinates":[92.41521163,46.01351743]}},{"type":"Feature","id":"hetsuu-dwg:182","properties":{"project":"External licence reference","scope":"external_reference","area":"Hetsuu hutul","sensor":"Base / Control","dataType":"cad_reference_geometry","displayRole":"section","plannedActual":"reference","status":"confirmed_geometry","contextOnly":true,"sourceFile":"Hetsuu hutul.DWG","sourceUrl":"https://drive.google.com/drive/folders/1hopqTCeMJknMkkvMa_wCY6OQ_GHXt4ub","sourceCrs":"EPSG:32646","displayCrs":"EPSG:4326","crsVerified":true,"cadLayer":"HESEG","entityClass":"AcDbEntity : AcDbLwPolyline","entityHandle":"15DA","area_m2":0.0},"geometry":{"type":"Polygon","coordinates":[[[92.41967457,46.00905107],[92.42566435,46.00908133],[92.42556767,46.01841906],[92.41957689,46.01838879],[92.41967457,46.00905107],[92.41967457,46.00905107]]]}},{"type":"Feature","id":"hetsuu-dwg:183","properties":{"project":"External licence reference","scope":"external_reference","area":"Hetsuu hutul","sensor":"Base / Control","dataType":"cad_reference_geometry","displayRole":"label","plannedActual":"reference","status":"confirmed_geometry","contextOnly":true,"sourceFile":"Hetsuu hutul.DWG","sourceUrl":"https://drive.google.com/drive/folders/1hopqTCeMJknMkkvMa_wCY6OQ_GHXt4ub","sourceCrs":"EPSG:32646","displayCrs":"EPSG:4326","crsVerified":true,"cadLayer":"BICHEEG","entityClass":"AcDbEntity : AcDbText","entityHandle":"15DB","cadColor":7,"text_value":"XT-B089"},"geometry":{"type":"Point","coordinates":[92.42094354,46.01354661]}},{"type":"Feature","id":"hetsuu-dwg:184","properties":{"project":"External licence reference","scope":"external_reference","area":"Hetsuu hutul","sensor":"Base / Control","dataType":"cad_reference_geometry","displayRole":"section","plannedActual":"reference","status":"confirmed_geometry","contextOnly":true,"sourceFile":"Hetsuu hutul.DWG","sourceUrl":"https://drive.google.com/drive/folders/1hopqTCeMJknMkkvMa_wCY6OQ_GHXt4ub","sourceCrs":"EPSG:32646","displayCrs":"EPSG:4326","crsVerified":true,"cadLayer":"HESEG","entityClass":"AcDbEntity : AcDbLwPolyline","entityHandle":"15DC","area_m2":0.0},"geometry":{"type":"Polygon","coordinates":[[[92.42540603,46.00908003],[92.43139581,46.00910999],[92.4313001,46.01844772],[92.42530931,46.01841776],[92.42540603,46.00908003],[92.42540603,46.00908003]]]}},{"type":"Feature","id":"hetsuu-dwg:185","properties":{"project":"External licence reference","scope":"external_reference","area":"Hetsuu hutul","sensor":"Base / Control","dataType":"cad_reference_geometry","displayRole":"label","plannedActual":"reference","status":"confirmed_geometry","contextOnly":true,"sourceFile":"Hetsuu hutul.DWG","sourceUrl":"https://drive.google.com/drive/folders/1hopqTCeMJknMkkvMa_wCY6OQ_GHXt4ub","sourceCrs":"EPSG:32646","displayCrs":"EPSG:4326","crsVerified":true,"cadLayer":"BICHEEG","entityClass":"AcDbEntity : AcDbText","entityHandle":"15DD","cadColor":7,"text_value":"XT-B090"},"geometry":{"type":"Point","coordinates":[92.42671852,46.01357572]}},{"type":"Feature","id":"hetsuu-dwg:186","properties":{"project":"External licence reference","scope":"external_reference","area":"Hetsuu hutul","sensor":"Base / Control","dataType":"cad_reference_geometry","displayRole":"section","plannedActual":"reference","status":"confirmed_geometry","contextOnly":true,"sourceFile":"Hetsuu hutul.DWG","sourceUrl":"https://drive.google.com/drive/folders/1hopqTCeMJknMkkvMa_wCY6OQ_GHXt4ub","sourceCrs":"EPSG:32646","displayCrs":"EPSG:4326","crsVerified":true,"cadLayer":"HESEG","entityClass":"AcDbEntity : AcDbLwPolyline","entityHandle":"15DE","area_m2":0.0},"geometry":{"type":"Polygon","coordinates":[[[92.43113749,46.00910871],[92.43712728,46.00913836],[92.43703254,46.0184761],[92.43104174,46.01844644],[92.43113749,46.00910871],[92.43113749,46.00910871]]]}},{"type":"Feature","id":"hetsuu-dwg:187","properties":{"project":"External licence reference","scope":"external_reference","area":"Hetsuu hutul","sensor":"Base / Control","dataType":"cad_reference_geometry","displayRole":"label","plannedActual":"reference","status":"confirmed_geometry","contextOnly":true,"sourceFile":"Hetsuu hutul.DWG","sourceUrl":"https://drive.google.com/drive/folders/1hopqTCeMJknMkkvMa_wCY6OQ_GHXt4ub","sourceCrs":"EPSG:32646","displayCrs":"EPSG:4326","crsVerified":true,"cadLayer":"BICHEEG","entityClass":"AcDbEntity : AcDbText","entityHandle":"15DF","cadColor":7,"text_value":"XT-B091"},"geometry":{"type":"Point","coordinates":[92.4324935,46.01360455]}},{"type":"Feature","id":"hetsuu-dwg:188","properties":{"project":"External licence reference","scope":"external_reference","area":"Hetsuu hutul","sensor":"Base / Control","dataType":"cad_reference_geometry","displayRole":"section","plannedActual":"reference","status":"confirmed_geometry","contextOnly":true,"sourceFile":"Hetsuu hutul.DWG","sourceUrl":"https://drive.google.com/drive/folders/1hopqTCeMJknMkkvMa_wCY6OQ_GHXt4ub","sourceCrs":"EPSG:32646","displayCrs":"EPSG:4326","crsVerified":true,"cadLayer":"HESEG","entityClass":"AcDbEntity : AcDbLwPolyline","entityHandle":"15E0","area_m2":0.0},"geometry":{"type":"Polygon","coordinates":[[[92.43686896,46.00913709],[92.44285876,46.00916645],[92.44276498,46.0185042],[92.43677417,46.01847483],[92.43686896,46.00913709],[92.43686896,46.00913709]]]}},{"type":"Feature","id":"hetsuu-dwg:189","properties":{"project":"External licence reference","scope":"external_reference","area":"Hetsuu hutul","sensor":"Base / Control","dataType":"cad_reference_geometry","displayRole":"label","plannedActual":"reference","status":"confirmed_geometry","contextOnly":true,"sourceFile":"Hetsuu hutul.DWG","sourceUrl":"https://drive.google.com/drive/folders/1hopqTCeMJknMkkvMa_wCY6OQ_GHXt4ub","sourceCrs":"EPSG:32646","displayCrs":"EPSG:4326","crsVerified":true,"cadLayer":"BICHEEG","entityClass":"AcDbEntity : AcDbText","entityHandle":"15E1","cadColor":7,"text_value":"XT-B092"},"geometry":{"type":"Point","coordinates":[92.43813932,46.01363244]}},{"type":"Feature","id":"hetsuu-dwg:190","properties":{"project":"External licence reference","scope":"external_reference","area":"Hetsuu hutul","sensor":"Base / Control","dataType":"cad_reference_geometry","displayRole":"section","plannedActual":"reference","status":"confirmed_geometry","contextOnly":true,"sourceFile":"Hetsuu hutul.DWG","sourceUrl":"https://drive.google.com/drive/folders/1hopqTCeMJknMkkvMa_wCY6OQ_GHXt4ub","sourceCrs":"EPSG:32646","displayCrs":"EPSG:4326","crsVerified":true,"cadLayer":"HESEG","entityClass":"AcDbEntity : AcDbLwPolyline","entityHandle":"15E2","area_m2":0.0},"geometry":{"type":"Polygon","coordinates":[[[92.44260044,46.00916519],[92.44859025,46.00919424],[92.44849743,46.018532],[92.44250662,46.01850294],[92.44260044,46.00916519],[92.44260044,46.00916519]]]}},{"type":"Feature","id":"hetsuu-dwg:191","properties":{"project":"External licence reference","scope":"external_reference","area":"Hetsuu hutul","sensor":"Base / Control","dataType":"cad_reference_geometry","displayRole":"label","plannedActual":"reference","status":"confirmed_geometry","contextOnly":true,"sourceFile":"Hetsuu hutul.DWG","sourceUrl":"https://drive.google.com/drive/folders/1hopqTCeMJknMkkvMa_wCY6OQ_GHXt4ub","sourceCrs":"EPSG:32646","displayCrs":"EPSG:4326","crsVerified":true,"cadLayer":"BICHEEG","entityClass":"AcDbEntity : AcDbText","entityHandle":"15E3","cadColor":7,"text_value":"XT-B093"},"geometry":{"type":"Point","coordinates":[92.44387127,46.01366048]}},{"type":"Feature","id":"hetsuu-dwg:192","properties":{"project":"External licence reference","scope":"external_reference","area":"Hetsuu hutul","sensor":"Base / Control","dataType":"cad_reference_geometry","displayRole":"section","plannedActual":"reference","status":"confirmed_geometry","contextOnly":true,"sourceFile":"Hetsuu hutul.DWG","sourceUrl":"https://drive.google.com/drive/folders/1hopqTCeMJknMkkvMa_wCY6OQ_GHXt4ub","sourceCrs":"EPSG:32646","displayCrs":"EPSG:4326","crsVerified":true,"cadLayer":"HESEG","entityClass":"AcDbEntity : AcDbLwPolyline","entityHandle":"15E4","area_m2":0.0},"geometry":{"type":"Polygon","coordinates":[[[92.44833192,46.009193],[92.45432174,46.00922175],[92.45422989,46.01855952],[92.44823907,46.01853076],[92.44833192,46.009193],[92.44833192,46.009193]]]}},{"type":"Feature","id":"hetsuu-dwg:193","properties":{"project":"External licence reference","scope":"external_reference","area":"Hetsuu hutul","sensor":"Base / Control","dataType":"cad_reference_geometry","displayRole":"label","plannedActual":"reference","status":"confirmed_geometry","contextOnly":true,"sourceFile":"Hetsuu hutul.DWG","sourceUrl":"https://drive.google.com/drive/folders/1hopqTCeMJknMkkvMa_wCY6OQ_GHXt4ub","sourceCrs":"EPSG:32646","displayCrs":"EPSG:4326","crsVerified":true,"cadLayer":"BICHEEG","entityClass":"AcDbEntity : AcDbText","entityHandle":"15E5","cadColor":7,"text_value":"XT-B094"},"geometry":{"type":"Point","coordinates":[92.44960322,46.01368823]}},{"type":"Feature","id":"hetsuu-dwg:194","properties":{"project":"External licence reference","scope":"external_reference","area":"Hetsuu hutul","sensor":"Base / Control","dataType":"cad_reference_geometry","displayRole":"section","plannedActual":"reference","status":"confirmed_geometry","contextOnly":true,"sourceFile":"Hetsuu hutul.DWG","sourceUrl":"https://drive.google.com/drive/folders/1hopqTCeMJknMkkvMa_wCY6OQ_GHXt4ub","sourceCrs":"EPSG:32646","displayCrs":"EPSG:4326","crsVerified":true,"cadLayer":"HESEG","entityClass":"AcDbEntity : AcDbLwPolyline","entityHandle":"15E6","area_m2":0.0},"geometry":{"type":"Polygon","coordinates":[[[92.45406342,46.00922052],[92.46005325,46.00924897],[92.45996236,46.01858675],[92.45397153,46.01855829],[92.45406342,46.00922052],[92.45406342,46.00922052]]]}},{"type":"Feature","id":"hetsuu-dwg:195","properties":{"project":"External licence reference","scope":"external_reference","area":"Hetsuu hutul","sensor":"Base / Control","dataType":"cad_reference_geometry","displayRole":"label","plannedActual":"reference","status":"confirmed_geometry","contextOnly":true,"sourceFile":"Hetsuu hutul.DWG","sourceUrl":"https://drive.google.com/drive/folders/1hopqTCeMJknMkkvMa_wCY6OQ_GHXt4ub","sourceCrs":"EPSG:32646","displayCrs":"EPSG:4326","crsVerified":true,"cadLayer":"BICHEEG","entityClass":"AcDbEntity : AcDbText","entityHandle":"15E7","cadColor":7,"text_value":"XT-B095"},"geometry":{"type":"Point","coordinates":[92.45533518,46.01371569]}},{"type":"Feature","id":"hetsuu-dwg:196","properties":{"project":"External licence reference","scope":"external_reference","area":"Hetsuu hutul","sensor":"Base / Control","dataType":"cad_reference_geometry","displayRole":"section","plannedActual":"reference","status":"confirmed_geometry","contextOnly":true,"sourceFile":"Hetsuu hutul.DWG","sourceUrl":"https://drive.google.com/drive/folders/1hopqTCeMJknMkkvMa_wCY6OQ_GHXt4ub","sourceCrs":"EPSG:32646","displayCrs":"EPSG:4326","crsVerified":true,"cadLayer":"HESEG","entityClass":"AcDbEntity : AcDbLwPolyline","entityHandle":"15E8","area_m2":0.0},"geometry":{"type":"Polygon","coordinates":[[[92.45979492,46.00924775],[92.46578476,46.00927591],[92.46569484,46.0186137],[92.459704,46.01858553],[92.45979492,46.00924775],[92.45979492,46.00924775]]]}},{"type":"Feature","id":"hetsuu-dwg:197","properties":{"project":"External licence reference","scope":"external_reference","area":"Hetsuu hutul","sensor":"Base / Control","dataType":"cad_reference_geometry","displayRole":"label","plannedActual":"reference","status":"confirmed_geometry","contextOnly":true,"sourceFile":"Hetsuu hutul.DWG","sourceUrl":"https://drive.google.com/drive/folders/1hopqTCeMJknMkkvMa_wCY6OQ_GHXt4ub","sourceCrs":"EPSG:32646","displayCrs":"EPSG:4326","crsVerified":true,"cadLayer":"BICHEEG","entityClass":"AcDbEntity : AcDbText","entityHandle":"15E9","cadColor":7,"text_value":"XT-B096"},"geometry":{"type":"Point","coordinates":[92.46106715,46.01374286]}},{"type":"Feature","id":"hetsuu-dwg:198","properties":{"project":"External licence reference","scope":"external_reference","area":"Hetsuu hutul","sensor":"Base / Control","dataType":"cad_reference_geometry","displayRole":"section","plannedActual":"reference","status":"confirmed_geometry","contextOnly":true,"sourceFile":"Hetsuu hutul.DWG","sourceUrl":"https://drive.google.com/drive/folders/1hopqTCeMJknMkkvMa_wCY6OQ_GHXt4ub","sourceCrs":"EPSG:32646","displayCrs":"EPSG:4326","crsVerified":true,"cadLayer":"HESEG","entityClass":"AcDbEntity : AcDbLwPolyline","entityHandle":"15EA","area_m2":0.0},"geometry":{"type":"Polygon","coordinates":[[[92.46552644,46.0092747],[92.47151628,46.00930256],[92.47142732,46.01864035],[92.46543647,46.01861249],[92.46552644,46.0092747],[92.46552644,46.0092747]]]}},{"type":"Feature","id":"hetsuu-dwg:199","properties":{"project":"External licence reference","scope":"external_reference","area":"Hetsuu hutul","sensor":"Base / Control","dataType":"cad_reference_geometry","displayRole":"label","plannedActual":"reference","status":"confirmed_geometry","contextOnly":true,"sourceFile":"Hetsuu hutul.DWG","sourceUrl":"https://drive.google.com/drive/folders/1hopqTCeMJknMkkvMa_wCY6OQ_GHXt4ub","sourceCrs":"EPSG:32646","displayCrs":"EPSG:4326","crsVerified":true,"cadLayer":"BICHEEG","entityClass":"AcDbEntity : AcDbText","entityHandle":"15EB","cadColor":7,"text_value":"XT-B097"},"geometry":{"type":"Point","coordinates":[92.46679913,46.01376974]}},{"type":"Feature","id":"hetsuu-dwg:200","properties":{"project":"External licence reference","scope":"external_reference","area":"Hetsuu hutul","sensor":"Base / Control","dataType":"cad_reference_geometry","displayRole":"section","plannedActual":"reference","status":"confirmed_geometry","contextOnly":true,"sourceFile":"Hetsuu hutul.DWG","sourceUrl":"https://drive.google.com/drive/folders/1hopqTCeMJknMkkvMa_wCY6OQ_GHXt4ub","sourceCrs":"EPSG:32646","displayCrs":"EPSG:4326","crsVerified":true,"cadLayer":"HESEG","entityClass":"AcDbEntity : AcDbLwPolyline","entityHandle":"15EC","area_m2":0.0},"geometry":{"type":"Polygon","coordinates":[[[92.47125796,46.00930136],[92.47724781,46.00932892],[92.47715982,46.01866672],[92.47116896,46.01863916],[92.47125796,46.00930136],[92.47125796,46.00930136]]]}},{"type":"Feature","id":"hetsuu-dwg:201","properties":{"project":"External licence reference","scope":"external_reference","area":"Hetsuu hutul","sensor":"Base / Control","dataType":"cad_reference_geometry","displayRole":"label","plannedActual":"reference","status":"confirmed_geometry","contextOnly":true,"sourceFile":"Hetsuu hutul.DWG","sourceUrl":"https://drive.google.com/drive/folders/1hopqTCeMJknMkkvMa_wCY6OQ_GHXt4ub","sourceCrs":"EPSG:32646","displayCrs":"EPSG:4326","crsVerified":true,"cadLayer":"BICHEEG","entityClass":"AcDbEntity : AcDbText","entityHandle":"15ED","cadColor":7,"text_value":"XT-B098"},"geometry":{"type":"Point","coordinates":[92.47253111,46.01379634]}},{"type":"Feature","id":"hetsuu-dwg:202","properties":{"project":"External licence reference","scope":"external_reference","area":"Hetsuu hutul","sensor":"Base / Control","dataType":"cad_reference_geometry","displayRole":"section","plannedActual":"reference","status":"confirmed_geometry","contextOnly":true,"sourceFile":"Hetsuu hutul.DWG","sourceUrl":"https://drive.google.com/drive/folders/1hopqTCeMJknMkkvMa_wCY6OQ_GHXt4ub","sourceCrs":"EPSG:32646","displayCrs":"EPSG:4326","crsVerified":true,"cadLayer":"HESEG","entityClass":"AcDbEntity : AcDbLwPolyline","entityHandle":"15EE","area_m2":0.0},"geometry":{"type":"Polygon","coordinates":[[[92.47698949,46.00932773],[92.48297934,46.00935499],[92.48289232,46.0186928],[92.47690145,46.01866554],[92.47698949,46.00932773],[92.47698949,46.00932773]]]}},{"type":"Feature","id":"hetsuu-dwg:203","properties":{"project":"External licence reference","scope":"external_reference","area":"Hetsuu hutul","sensor":"Base / Control","dataType":"cad_reference_geometry","displayRole":"label","plannedActual":"reference","status":"confirmed_geometry","contextOnly":true,"sourceFile":"Hetsuu hutul.DWG","sourceUrl":"https://drive.google.com/drive/folders/1hopqTCeMJknMkkvMa_wCY6OQ_GHXt4ub","sourceCrs":"EPSG:32646","displayCrs":"EPSG:4326","crsVerified":true,"cadLayer":"BICHEEG","entityClass":"AcDbEntity : AcDbText","entityHandle":"15EF","cadColor":7,"text_value":"XT-B099"},"geometry":{"type":"Point","coordinates":[92.47826311,46.01382265]}},{"type":"Feature","id":"hetsuu-dwg:204","properties":{"project":"External licence reference","scope":"external_reference","area":"Hetsuu hutul","sensor":"Base / Control","dataType":"cad_reference_geometry","displayRole":"section","plannedActual":"reference","status":"confirmed_geometry","contextOnly":true,"sourceFile":"Hetsuu hutul.DWG","sourceUrl":"https://drive.google.com/drive/folders/1hopqTCeMJknMkkvMa_wCY6OQ_GHXt4ub","sourceCrs":"EPSG:32646","displayCrs":"EPSG:4326","crsVerified":true,"cadLayer":"HESEG","entityClass":"AcDbEntity : AcDbLwPolyline","entityHandle":"15F0","area_m2":0.0},"geometry":{"type":"Polygon","coordinates":[[[92.48272102,46.00935382],[92.48871089,46.00938077],[92.48862483,46.01871859],[92.48263395,46.01869163],[92.48272102,46.00935382],[92.48272102,46.00935382]]]}},{"type":"Feature","id":"hetsuu-dwg:205","properties":{"project":"External licence reference","scope":"external_reference","area":"Hetsuu hutul","sensor":"Base / Control","dataType":"cad_reference_geometry","displayRole":"label","plannedActual":"reference","status":"confirmed_geometry","contextOnly":true,"sourceFile":"Hetsuu hutul.DWG","sourceUrl":"https://drive.google.com/drive/folders/1hopqTCeMJknMkkvMa_wCY6OQ_GHXt4ub","sourceCrs":"EPSG:32646","displayCrs":"EPSG:4326","crsVerified":true,"cadLayer":"BICHEEG","entityClass":"AcDbEntity : AcDbText","entityHandle":"15F1","cadColor":7,"text_value":"XT-B100"},"geometry":{"type":"Point","coordinates":[92.48412428,46.01384926]}},{"type":"Feature","id":"hetsuu-dwg:206","properties":{"project":"External licence reference","scope":"external_reference","area":"Hetsuu hutul","sensor":"Base / Control","dataType":"cad_reference_geometry","displayRole":"section","plannedActual":"reference","status":"confirmed_geometry","contextOnly":true,"sourceFile":"Hetsuu hutul.DWG","sourceUrl":"https://drive.google.com/drive/folders/1hopqTCeMJknMkkvMa_wCY6OQ_GHXt4ub","sourceCrs":"EPSG:32646","displayCrs":"EPSG:4326","crsVerified":true,"cadLayer":"HESEG","entityClass":"AcDbEntity : AcDbLwPolyline","entityHandle":"15F2","area_m2":0.0},"geometry":{"type":"Polygon","coordinates":[[[92.48845257,46.00937962],[92.49269434,46.00939852],[92.49270119,46.01040336],[92.49443348,46.01039039],[92.49435735,46.0187441],[92.48836646,46.01871744],[92.48845257,46.00937962],[92.48845257,46.00937962]]]}},{"type":"Feature","id":"hetsuu-dwg:207","properties":{"project":"External licence reference","scope":"external_reference","area":"Hetsuu hutul","sensor":"Base / Control","dataType":"cad_reference_geometry","displayRole":"label","plannedActual":"reference","status":"confirmed_geometry","contextOnly":true,"sourceFile":"Hetsuu hutul.DWG","sourceUrl":"https://drive.google.com/drive/folders/1hopqTCeMJknMkkvMa_wCY6OQ_GHXt4ub","sourceCrs":"EPSG:32646","displayCrs":"EPSG:4326","crsVerified":true,"cadLayer":"BICHEEG","entityClass":"AcDbEntity : AcDbText","entityHandle":"15F3","cadColor":7,"text_value":"XT-B101"},"geometry":{"type":"Point","coordinates":[92.48989473,46.01437757]}},{"type":"Feature","id":"hetsuu-dwg:208","properties":{"project":"External licence reference","scope":"external_reference","area":"Hetsuu hutul","sensor":"Base / Control","dataType":"cad_reference_geometry","displayRole":"section","plannedActual":"reference","status":"confirmed_geometry","contextOnly":true,"sourceFile":"Hetsuu hutul.DWG","sourceUrl":"https://drive.google.com/drive/folders/1hopqTCeMJknMkkvMa_wCY6OQ_GHXt4ub","sourceCrs":"EPSG:32646","displayCrs":"EPSG:4326","crsVerified":true,"cadLayer":"HESEG","entityClass":"AcDbEntity : AcDbLwPolyline","entityHandle":"15F4","area_m2":0.0},"geometry":{"type":"Polygon","coordinates":[[[92.49410372,46.01822251],[92.49417512,46.01039233],[92.49805441,46.01036319],[92.49812875,46.01822981],[92.49410372,46.01822251],[92.49410372,46.01822251]]]}},{"type":"Feature","id":"hetsuu-dwg:209","properties":{"project":"External licence reference","scope":"external_reference","area":"Hetsuu hutul","sensor":"Base / Control","dataType":"cad_reference_geometry","displayRole":"label","plannedActual":"reference","status":"confirmed_geometry","contextOnly":true,"sourceFile":"Hetsuu hutul.DWG","sourceUrl":"https://drive.google.com/drive/folders/1hopqTCeMJknMkkvMa_wCY6OQ_GHXt4ub","sourceCrs":"EPSG:32646","displayCrs":"EPSG:4326","crsVerified":true,"cadLayer":"BICHEEG","entityClass":"AcDbEntity : AcDbText","entityHandle":"15F5","cadColor":7,"text_value":"XT-B102"},"geometry":{"type":"Point","coordinates":[92.49452414,46.01410515]}},{"type":"Feature","id":"hetsuu-dwg:210","properties":{"project":"External licence reference","scope":"external_reference","area":"Hetsuu hutul","sensor":"Base / Control","dataType":"cad_reference_geometry","displayRole":"section","plannedActual":"reference","status":"confirmed_geometry","contextOnly":true,"sourceFile":"Hetsuu hutul.DWG","sourceUrl":"https://drive.google.com/drive/folders/1hopqTCeMJknMkkvMa_wCY6OQ_GHXt4ub","sourceCrs":"EPSG:32646","displayCrs":"EPSG:4326","crsVerified":true,"cadLayer":"HESEG","entityClass":"AcDbEntity : AcDbLwPolyline","entityHandle":"15F6","area_m2":0.0},"geometry":{"type":"Polygon","coordinates":[[[92.37417675,46.00037221],[92.37409578,46.00755257],[92.37080112,46.00641082],[92.37029981,46.00630073],[92.36831676,46.00037111],[92.37417675,46.00037221],[92.37417675,46.00037221]]]}},{"type":"Feature","id":"hetsuu-dwg:211","properties":{"project":"External licence reference","scope":"external_reference","area":"Hetsuu hutul","sensor":"Base / Control","dataType":"cad_reference_geometry","displayRole":"label","plannedActual":"reference","status":"confirmed_geometry","contextOnly":true,"sourceFile":"Hetsuu hutul.DWG","sourceUrl":"https://drive.google.com/drive/folders/1hopqTCeMJknMkkvMa_wCY6OQ_GHXt4ub","sourceCrs":"EPSG:32646","displayCrs":"EPSG:4326","crsVerified":true,"cadLayer":"BICHEEG","entityClass":"AcDbEntity : AcDbText","entityHandle":"15F7","cadColor":7,"text_value":"XT-B103"},"geometry":{"type":"Point","coordinates":[92.37013489,46.00316048]}},{"type":"Feature","id":"hetsuu-dwg:212","properties":{"project":"External licence reference","scope":"external_reference","area":"Hetsuu hutul","sensor":"Base / Control","dataType":"cad_reference_geometry","displayRole":"section","plannedActual":"reference","status":"confirmed_geometry","contextOnly":true,"sourceFile":"Hetsuu hutul.DWG","sourceUrl":"https://drive.google.com/drive/folders/1hopqTCeMJknMkkvMa_wCY6OQ_GHXt4ub","sourceCrs":"EPSG:32646","displayCrs":"EPSG:4326","crsVerified":true,"cadLayer":"HESEG","entityClass":"AcDbEntity : AcDbLwPolyline","entityHandle":"15F8","area_m2":0.0},"geometry":{"type":"Polygon","coordinates":[[[92.37981297,46.00884171],[92.37981096,46.00902171],[92.37980527,46.00953084],[92.37831225,46.00901357],[92.37818505,46.0089695],[92.37778441,46.00883069],[92.37383846,46.00746341],[92.37391846,46.00037217],[92.3799076,46.00037299],[92.37981297,46.00884171],[92.37981297,46.00884171]]]}},{"type":"Feature","id":"hetsuu-dwg:213","properties":{"project":"External licence reference","scope":"external_reference","area":"Hetsuu hutul","sensor":"Base / Control","dataType":"cad_reference_geometry","displayRole":"label","plannedActual":"reference","status":"confirmed_geometry","contextOnly":true,"sourceFile":"Hetsuu hutul.DWG","sourceUrl":"https://drive.google.com/drive/folders/1hopqTCeMJknMkkvMa_wCY6OQ_GHXt4ub","sourceCrs":"EPSG:32646","displayCrs":"EPSG:4326","crsVerified":true,"cadLayer":"BICHEEG","entityClass":"AcDbEntity : AcDbText","entityHandle":"15F9","cadColor":7,"text_value":"XT-B104"},"geometry":{"type":"Point","coordinates":[92.37528226,46.00374546]}},{"type":"Feature","id":"hetsuu-dwg:214","properties":{"project":"External licence reference","scope":"external_reference","area":"Hetsuu hutul","sensor":"Base / Control","dataType":"cad_reference_geometry","displayRole":"section","plannedActual":"reference","status":"confirmed_geometry","contextOnly":true,"sourceFile":"Hetsuu hutul.DWG","sourceUrl":"https://drive.google.com/drive/folders/1hopqTCeMJknMkkvMa_wCY6OQ_GHXt4ub","sourceCrs":"EPSG:32646","displayCrs":"EPSG:4326","crsVerified":true,"cadLayer":"HESEG","entityClass":"AcDbEntity : AcDbLwPolyline","entityHandle":"15FA","area_m2":0.0},"geometry":{"type":"Polygon","coordinates":[[[92.37954793,46.00944168],[92.37964931,46.00037297],[92.38563845,46.00037349],[92.3855065,46.01229137],[92.37996836,46.00958734],[92.37954793,46.00944168],[92.37954793,46.00944168]]]}},{"type":"Feature","id":"hetsuu-dwg:215","properties":{"project":"External licence reference","scope":"external_reference","area":"Hetsuu hutul","sensor":"Base / Control","dataType":"cad_reference_geometry","displayRole":"label","plannedActual":"reference","status":"confirmed_geometry","contextOnly":true,"sourceFile":"Hetsuu hutul.DWG","sourceUrl":"https://drive.google.com/drive/folders/1hopqTCeMJknMkkvMa_wCY6OQ_GHXt4ub","sourceCrs":"EPSG:32646","displayCrs":"EPSG:4326","crsVerified":true,"cadLayer":"BICHEEG","entityClass":"AcDbEntity : AcDbText","entityHandle":"15FB","cadColor":7,"text_value":"XT-B105"},"geometry":{"type":"Point","coordinates":[92.38100479,46.00452424]}},{"type":"Feature","id":"hetsuu-dwg:216","properties":{"project":"External licence reference","scope":"external_reference","area":"Hetsuu hutul","sensor":"Base / Control","dataType":"cad_reference_geometry","displayRole":"section","plannedActual":"reference","status":"confirmed_geometry","contextOnly":true,"sourceFile":"Hetsuu hutul.DWG","sourceUrl":"https://drive.google.com/drive/folders/1hopqTCeMJknMkkvMa_wCY6OQ_GHXt4ub","sourceCrs":"EPSG:32646","displayCrs":"EPSG:4326","crsVerified":true,"cadLayer":"HESEG","entityClass":"AcDbEntity : AcDbLwPolyline","entityHandle":"15FC","area_m2":0.0},"geometry":{"type":"Polygon","coordinates":[[[92.38524954,46.01216592],[92.38538016,46.00037348],[92.39136931,46.0003737],[92.39121867,46.01410644],[92.38805762,46.01353679],[92.38524954,46.01216592],[92.38524954,46.01216592]]]}},{"type":"Feature","id":"hetsuu-dwg:217","properties":{"project":"External licence reference","scope":"external_reference","area":"Hetsuu hutul","sensor":"Base / Control","dataType":"cad_reference_geometry","displayRole":"label","plannedActual":"reference","status":"confirmed_geometry","contextOnly":true,"sourceFile":"Hetsuu hutul.DWG","sourceUrl":"https://drive.google.com/drive/folders/1hopqTCeMJknMkkvMa_wCY6OQ_GHXt4ub","sourceCrs":"EPSG:32646","displayCrs":"EPSG:4326","crsVerified":true,"cadLayer":"BICHEEG","entityClass":"AcDbEntity : AcDbText","entityHandle":"15FD","cadColor":7,"text_value":"XT-B106"},"geometry":{"type":"Point","coordinates":[92.3867359,46.00453991]}},{"type":"Feature","id":"hetsuu-dwg:218","properties":{"project":"External licence reference","scope":"external_reference","area":"Hetsuu hutul","sensor":"Base / Control","dataType":"cad_reference_geometry","displayRole":"section","plannedActual":"reference","status":"confirmed_geometry","contextOnly":true,"sourceFile":"Hetsuu hutul.DWG","sourceUrl":"https://drive.google.com/drive/folders/1hopqTCeMJknMkkvMa_wCY6OQ_GHXt4ub","sourceCrs":"EPSG:32646","displayCrs":"EPSG:4326","crsVerified":true,"cadLayer":"HESEG","entityClass":"AcDbEntity : AcDbLwPolyline","entityHandle":"15FE","area_m2":0.0},"geometry":{"type":"Polygon","coordinates":[[[92.39101547,46.00908196],[92.39111102,46.0003737],[92.39710017,46.00037363],[92.39700521,46.00911372],[92.39101547,46.00908196],[92.39101547,46.00908196]]]}},{"type":"Feature","id":"hetsuu-dwg:219","properties":{"project":"External licence reference","scope":"external_reference","area":"Hetsuu hutul","sensor":"Base / Control","dataType":"cad_reference_geometry","displayRole":"label","plannedActual":"reference","status":"confirmed_geometry","contextOnly":true,"sourceFile":"Hetsuu hutul.DWG","sourceUrl":"https://drive.google.com/drive/folders/1hopqTCeMJknMkkvMa_wCY6OQ_GHXt4ub","sourceCrs":"EPSG:32646","displayCrs":"EPSG:4326","crsVerified":true,"cadLayer":"BICHEEG","entityClass":"AcDbEntity : AcDbText","entityHandle":"15FF","cadColor":7,"text_value":"XT-B107"},"geometry":{"type":"Point","coordinates":[92.39246702,46.0045553]}},{"type":"Feature","id":"hetsuu-dwg:220","properties":{"project":"External licence reference","scope":"external_reference","area":"Hetsuu hutul","sensor":"Base / Control","dataType":"cad_reference_geometry","displayRole":"section","plannedActual":"reference","status":"confirmed_geometry","contextOnly":true,"sourceFile":"Hetsuu hutul.DWG","sourceUrl":"https://drive.google.com/drive/folders/1hopqTCeMJknMkkvMa_wCY6OQ_GHXt4ub","sourceCrs":"EPSG:32646","displayCrs":"EPSG:4326","crsVerified":true,"cadLayer":"HESEG","entityClass":"AcDbEntity : AcDbLwPolyline","entityHandle":"1600","area_m2":0.0},"geometry":{"type":"Polygon","coordinates":[[[92.39674689,46.00911236],[92.39684187,46.00037364],[92.40283103,46.00037327],[92.40273665,46.00914382],[92.39674689,46.00911236],[92.39674689,46.00911236]]]}},{"type":"Feature","id":"hetsuu-dwg:221","properties":{"project":"External licence reference","scope":"external_reference","area":"Hetsuu hutul","sensor":"Base / Control","dataType":"cad_reference_geometry","displayRole":"label","plannedActual":"reference","status":"confirmed_geometry","contextOnly":true,"sourceFile":"Hetsuu hutul.DWG","sourceUrl":"https://drive.google.com/drive/folders/1hopqTCeMJknMkkvMa_wCY6OQ_GHXt4ub","sourceCrs":"EPSG:32646","displayCrs":"EPSG:4326","crsVerified":true,"cadLayer":"BICHEEG","entityClass":"AcDbEntity : AcDbText","entityHandle":"1601","cadColor":7,"text_value":"XT-B108"},"geometry":{"type":"Point","coordinates":[92.39819814,46.00457039]}},{"type":"Feature","id":"hetsuu-dwg:222","properties":{"project":"External licence reference","scope":"external_reference","area":"Hetsuu hutul","sensor":"Base / Control","dataType":"cad_reference_geometry","displayRole":"section","plannedActual":"reference","status":"confirmed_geometry","contextOnly":true,"sourceFile":"Hetsuu hutul.DWG","sourceUrl":"https://drive.google.com/drive/folders/1hopqTCeMJknMkkvMa_wCY6OQ_GHXt4ub","sourceCrs":"EPSG:32646","displayCrs":"EPSG:4326","crsVerified":true,"cadLayer":"HESEG","entityClass":"AcDbEntity : AcDbLwPolyline","entityHandle":"1602","area_m2":0.0},"geometry":{"type":"Polygon","coordinates":[[[92.40247833,46.00914247],[92.40257274,46.00037329],[92.40856189,46.00037262],[92.40846809,46.00917363],[92.40247833,46.00914247],[92.40247833,46.00914247]]]}},{"type":"Feature","id":"hetsuu-dwg:223","properties":{"project":"External licence reference","scope":"external_reference","area":"Hetsuu hutul","sensor":"Base / Control","dataType":"cad_reference_geometry","displayRole":"label","plannedActual":"reference","status":"confirmed_geometry","contextOnly":true,"sourceFile":"Hetsuu hutul.DWG","sourceUrl":"https://drive.google.com/drive/folders/1hopqTCeMJknMkkvMa_wCY6OQ_GHXt4ub","sourceCrs":"EPSG:32646","displayCrs":"EPSG:4326","crsVerified":true,"cadLayer":"BICHEEG","entityClass":"AcDbEntity : AcDbText","entityHandle":"1603","cadColor":7,"text_value":"XT-B109"},"geometry":{"type":"Point","coordinates":[92.40392928,46.0045852]}},{"type":"Feature","id":"hetsuu-dwg:224","properties":{"project":"External licence reference","scope":"external_reference","area":"Hetsuu hutul","sensor":"Base / Control","dataType":"cad_reference_geometry","displayRole":"section","plannedActual":"reference","status":"confirmed_geometry","contextOnly":true,"sourceFile":"Hetsuu hutul.DWG","sourceUrl":"https://drive.google.com/drive/folders/1hopqTCeMJknMkkvMa_wCY6OQ_GHXt4ub","sourceCrs":"EPSG:32646","displayCrs":"EPSG:4326","crsVerified":true,"cadLayer":"HESEG","entityClass":"AcDbEntity : AcDbLwPolyline","entityHandle":"1604","area_m2":0.0},"geometry":{"type":"Polygon","coordinates":[[[92.40820977,46.00917229],[92.4083036,46.00037265],[92.41429276,46.00037168],[92.41419955,46.00920315],[92.40820977,46.00917229],[92.40820977,46.00917229]]]}},{"type":"Feature","id":"hetsuu-dwg:225","properties":{"project":"External licence reference","scope":"external_reference","area":"Hetsuu hutul","sensor":"Base / Control","dataType":"cad_reference_geometry","displayRole":"label","plannedActual":"reference","status":"confirmed_geometry","contextOnly":true,"sourceFile":"Hetsuu hutul.DWG","sourceUrl":"https://drive.google.com/drive/folders/1hopqTCeMJknMkkvMa_wCY6OQ_GHXt4ub","sourceCrs":"EPSG:32646","displayCrs":"EPSG:4326","crsVerified":true,"cadLayer":"BICHEEG","entityClass":"AcDbEntity : AcDbText","entityHandle":"1605","cadColor":7,"text_value":"XT-B110"},"geometry":{"type":"Point","coordinates":[92.40974651,46.00460017]}},{"type":"Feature","id":"hetsuu-dwg:226","properties":{"project":"External licence reference","scope":"external_reference","area":"Hetsuu hutul","sensor":"Base / Control","dataType":"cad_reference_geometry","displayRole":"section","plannedActual":"reference","status":"confirmed_geometry","contextOnly":true,"sourceFile":"Hetsuu hutul.DWG","sourceUrl":"https://drive.google.com/drive/folders/1hopqTCeMJknMkkvMa_wCY6OQ_GHXt4ub","sourceCrs":"EPSG:32646","displayCrs":"EPSG:4326","crsVerified":true,"cadLayer":"HESEG","entityClass":"AcDbEntity : AcDbLwPolyline","entityHandle":"1606","area_m2":0.0},"geometry":{"type":"Polygon","coordinates":[[[92.41394123,46.00920182],[92.41403447,46.00037173],[92.42002363,46.00037045],[92.41993101,46.00923238],[92.41394123,46.00920182],[92.41394123,46.00920182]]]}},{"type":"Feature","id":"hetsuu-dwg:227","properties":{"project":"External licence reference","scope":"external_reference","area":"Hetsuu hutul","sensor":"Base / Control","dataType":"cad_reference_geometry","displayRole":"label","plannedActual":"reference","status":"confirmed_geometry","contextOnly":true,"sourceFile":"Hetsuu hutul.DWG","sourceUrl":"https://drive.google.com/drive/folders/1hopqTCeMJknMkkvMa_wCY6OQ_GHXt4ub","sourceCrs":"EPSG:32646","displayCrs":"EPSG:4326","crsVerified":true,"cadLayer":"BICHEEG","entityClass":"AcDbEntity : AcDbText","entityHandle":"1607","cadColor":7,"text_value":"XT-B111"},"geometry":{"type":"Point","coordinates":[92.41552071,46.00461462]}},{"type":"Feature","id":"hetsuu-dwg:228","properties":{"project":"External licence reference","scope":"external_reference","area":"Hetsuu hutul","sensor":"Base / Control","dataType":"cad_reference_geometry","displayRole":"section","plannedActual":"reference","status":"confirmed_geometry","contextOnly":true,"sourceFile":"Hetsuu hutul.DWG","sourceUrl":"https://drive.google.com/drive/folders/1hopqTCeMJknMkkvMa_wCY6OQ_GHXt4ub","sourceCrs":"EPSG:32646","displayCrs":"EPSG:4326","crsVerified":true,"cadLayer":"HESEG","entityClass":"AcDbEntity : AcDbLwPolyline","entityHandle":"1608","area_m2":0.0},"geometry":{"type":"Polygon","coordinates":[[[92.41967269,46.00923107],[92.41976534,46.00037051],[92.4257545,46.00036894],[92.42566248,46.00926133],[92.41967269,46.00923107],[92.41967269,46.00923107]]]}},{"type":"Feature","id":"hetsuu-dwg:229","properties":{"project":"External licence reference","scope":"external_reference","area":"Hetsuu hutul","sensor":"Base / Control","dataType":"cad_reference_geometry","displayRole":"label","plannedActual":"reference","status":"confirmed_geometry","contextOnly":true,"sourceFile":"Hetsuu hutul.DWG","sourceUrl":"https://drive.google.com/drive/folders/1hopqTCeMJknMkkvMa_wCY6OQ_GHXt4ub","sourceCrs":"EPSG:32646","displayCrs":"EPSG:4326","crsVerified":true,"cadLayer":"BICHEEG","entityClass":"AcDbEntity : AcDbText","entityHandle":"1609","cadColor":7,"text_value":"XT-B112"},"geometry":{"type":"Point","coordinates":[92.42116576,46.00462812]}},{"type":"Feature","id":"hetsuu-dwg:230","properties":{"project":"External licence reference","scope":"external_reference","area":"Hetsuu hutul","sensor":"Base / Control","dataType":"cad_reference_geometry","displayRole":"section","plannedActual":"reference","status":"confirmed_geometry","contextOnly":true,"sourceFile":"Hetsuu hutul.DWG","sourceUrl":"https://drive.google.com/drive/folders/1hopqTCeMJknMkkvMa_wCY6OQ_GHXt4ub","sourceCrs":"EPSG:32646","displayCrs":"EPSG:4326","crsVerified":true,"cadLayer":"HESEG","entityClass":"AcDbEntity : AcDbLwPolyline","entityHandle":"160A","area_m2":0.0},"geometry":{"type":"Polygon","coordinates":[[[92.42540416,46.00926003],[92.42549621,46.00036901],[92.43148537,46.00036714],[92.43139396,46.00928999],[92.42540416,46.00926003],[92.42540416,46.00926003]]]}},{"type":"Feature","id":"hetsuu-dwg:231","properties":{"project":"External licence reference","scope":"external_reference","area":"Hetsuu hutul","sensor":"Base / Control","dataType":"cad_reference_geometry","displayRole":"label","plannedActual":"reference","status":"confirmed_geometry","contextOnly":true,"sourceFile":"Hetsuu hutul.DWG","sourceUrl":"https://drive.google.com/drive/folders/1hopqTCeMJknMkkvMa_wCY6OQ_GHXt4ub","sourceCrs":"EPSG:32646","displayCrs":"EPSG:4326","crsVerified":true,"cadLayer":"BICHEEG","entityClass":"AcDbEntity : AcDbText","entityHandle":"160B","cadColor":7,"text_value":"XT-B113"},"geometry":{"type":"Point","coordinates":[92.42689691,46.00464178]}},{"type":"Feature","id":"hetsuu-dwg:232","properties":{"project":"External licence reference","scope":"external_reference","area":"Hetsuu hutul","sensor":"Base / Control","dataType":"cad_reference_geometry","displayRole":"section","plannedActual":"reference","status":"confirmed_geometry","contextOnly":true,"sourceFile":"Hetsuu hutul.DWG","sourceUrl":"https://drive.google.com/drive/folders/1hopqTCeMJknMkkvMa_wCY6OQ_GHXt4ub","sourceCrs":"EPSG:32646","displayCrs":"EPSG:4326","crsVerified":true,"cadLayer":"HESEG","entityClass":"AcDbEntity : AcDbLwPolyline","entityHandle":"160C","area_m2":0.0},"geometry":{"type":"Polygon","coordinates":[[[92.43113564,46.0092887],[92.43122708,46.00036723],[92.43721625,46.00036505],[92.43712545,46.00931836],[92.43113564,46.0092887],[92.43113564,46.0092887]]]}},{"type":"Feature","id":"hetsuu-dwg:233","properties":{"project":"External licence reference","scope":"external_reference","area":"Hetsuu hutul","sensor":"Base / Control","dataType":"cad_reference_geometry","displayRole":"label","plannedActual":"reference","status":"confirmed_geometry","contextOnly":true,"sourceFile":"Hetsuu hutul.DWG","sourceUrl":"https://drive.google.com/drive/folders/1hopqTCeMJknMkkvMa_wCY6OQ_GHXt4ub","sourceCrs":"EPSG:32646","displayCrs":"EPSG:4326","crsVerified":true,"cadLayer":"BICHEEG","entityClass":"AcDbEntity : AcDbText","entityHandle":"160D","cadColor":7,"text_value":"XT-B114"},"geometry":{"type":"Point","coordinates":[92.43262807,46.00465515]}},{"type":"Feature","id":"hetsuu-dwg:234","properties":{"project":"External licence reference","scope":"external_reference","area":"Hetsuu hutul","sensor":"Base / Control","dataType":"cad_reference_geometry","displayRole":"section","plannedActual":"reference","status":"confirmed_geometry","contextOnly":true,"sourceFile":"Hetsuu hutul.DWG","sourceUrl":"https://drive.google.com/drive/folders/1hopqTCeMJknMkkvMa_wCY6OQ_GHXt4ub","sourceCrs":"EPSG:32646","displayCrs":"EPSG:4326","crsVerified":true,"cadLayer":"HESEG","entityClass":"AcDbEntity : AcDbLwPolyline","entityHandle":"160E","area_m2":0.0},"geometry":{"type":"Polygon","coordinates":[[[92.43686713,46.00931709],[92.43695796,46.00036515],[92.44294713,46.00036268],[92.44285695,46.00934644],[92.43686713,46.00931709],[92.43686713,46.00931709]]]}},{"type":"Feature","id":"hetsuu-dwg:235","properties":{"project":"External licence reference","scope":"external_reference","area":"Hetsuu hutul","sensor":"Base / Control","dataType":"cad_reference_geometry","displayRole":"label","plannedActual":"reference","status":"confirmed_geometry","contextOnly":true,"sourceFile":"Hetsuu hutul.DWG","sourceUrl":"https://drive.google.com/drive/folders/1hopqTCeMJknMkkvMa_wCY6OQ_GHXt4ub","sourceCrs":"EPSG:32646","displayCrs":"EPSG:4326","crsVerified":true,"cadLayer":"BICHEEG","entityClass":"AcDbEntity : AcDbText","entityHandle":"160F","cadColor":7,"text_value":"XT-B115"},"geometry":{"type":"Point","coordinates":[92.43835924,46.00466823]}},{"type":"Feature","id":"hetsuu-dwg:236","properties":{"project":"External licence reference","scope":"external_reference","area":"Hetsuu hutul","sensor":"Base / Control","dataType":"cad_reference_geometry","displayRole":"section","plannedActual":"reference","status":"confirmed_geometry","contextOnly":true,"sourceFile":"Hetsuu hutul.DWG","sourceUrl":"https://drive.google.com/drive/folders/1hopqTCeMJknMkkvMa_wCY6OQ_GHXt4ub","sourceCrs":"EPSG:32646","displayCrs":"EPSG:4326","crsVerified":true,"cadLayer":"HESEG","entityClass":"AcDbEntity : AcDbLwPolyline","entityHandle":"1610","area_m2":0.0},"geometry":{"type":"Polygon","coordinates":[[[92.44259863,46.00934518],[92.44268884,46.00036279],[92.44867801,46.00036001],[92.44858846,46.00937424],[92.44259863,46.00934518],[92.44259863,46.00934518]]]}},{"type":"Feature","id":"hetsuu-dwg:237","properties":{"project":"External licence reference","scope":"external_reference","area":"Hetsuu hutul","sensor":"Base / Control","dataType":"cad_reference_geometry","displayRole":"label","plannedActual":"reference","status":"confirmed_geometry","contextOnly":true,"sourceFile":"Hetsuu hutul.DWG","sourceUrl":"https://drive.google.com/drive/folders/1hopqTCeMJknMkkvMa_wCY6OQ_GHXt4ub","sourceCrs":"EPSG:32646","displayCrs":"EPSG:4326","crsVerified":true,"cadLayer":"BICHEEG","entityClass":"AcDbEntity : AcDbText","entityHandle":"1611","cadColor":7,"text_value":"XT-B116"},"geometry":{"type":"Point","coordinates":[92.44409041,46.00468103]}},{"type":"Feature","id":"hetsuu-dwg:238","properties":{"project":"External licence reference","scope":"external_reference","area":"Hetsuu hutul","sensor":"Base / Control","dataType":"cad_reference_geometry","displayRole":"section","plannedActual":"reference","status":"confirmed_geometry","contextOnly":true,"sourceFile":"Hetsuu hutul.DWG","sourceUrl":"https://drive.google.com/drive/folders/1hopqTCeMJknMkkvMa_wCY6OQ_GHXt4ub","sourceCrs":"EPSG:32646","displayCrs":"EPSG:4326","crsVerified":true,"cadLayer":"HESEG","entityClass":"AcDbEntity : AcDbLwPolyline","entityHandle":"1612","area_m2":0.0},"geometry":{"type":"Polygon","coordinates":[[[92.44833014,46.00937299],[92.44841972,46.00036014],[92.45440889,46.00035706],[92.45431997,46.00940175],[92.44833014,46.00937299],[92.44833014,46.00937299]]]}},{"type":"Feature","id":"hetsuu-dwg:239","properties":{"project":"External licence reference","scope":"external_reference","area":"Hetsuu hutul","sensor":"Base / Control","dataType":"cad_reference_geometry","displayRole":"label","plannedActual":"reference","status":"confirmed_geometry","contextOnly":true,"sourceFile":"Hetsuu hutul.DWG","sourceUrl":"https://drive.google.com/drive/folders/1hopqTCeMJknMkkvMa_wCY6OQ_GHXt4ub","sourceCrs":"EPSG:32646","displayCrs":"EPSG:4326","crsVerified":true,"cadLayer":"BICHEEG","entityClass":"AcDbEntity : AcDbText","entityHandle":"1613","cadColor":7,"text_value":"XT-B117"},"geometry":{"type":"Point","coordinates":[92.44982158,46.00469354]}},{"type":"Feature","id":"hetsuu-dwg:240","properties":{"project":"External licence reference","scope":"external_reference","area":"Hetsuu hutul","sensor":"Base / Control","dataType":"cad_reference_geometry","displayRole":"section","plannedActual":"reference","status":"confirmed_geometry","contextOnly":true,"sourceFile":"Hetsuu hutul.DWG","sourceUrl":"https://drive.google.com/drive/folders/1hopqTCeMJknMkkvMa_wCY6OQ_GHXt4ub","sourceCrs":"EPSG:32646","displayCrs":"EPSG:4326","crsVerified":true,"cadLayer":"HESEG","entityClass":"AcDbEntity : AcDbLwPolyline","entityHandle":"1614","area_m2":0.0},"geometry":{"type":"Polygon","coordinates":[[[92.45406165,46.00940052],[92.4541506,46.0003572],[92.46013978,46.00035383],[92.46005149,46.00942897],[92.45406165,46.00940052],[92.45406165,46.00940052]]]}},{"type":"Feature","id":"hetsuu-dwg:241","properties":{"project":"External licence reference","scope":"external_reference","area":"Hetsuu hutul","sensor":"Base / Control","dataType":"cad_reference_geometry","displayRole":"label","plannedActual":"reference","status":"confirmed_geometry","contextOnly":true,"sourceFile":"Hetsuu hutul.DWG","sourceUrl":"https://drive.google.com/drive/folders/1hopqTCeMJknMkkvMa_wCY6OQ_GHXt4ub","sourceCrs":"EPSG:32646","displayCrs":"EPSG:4326","crsVerified":true,"cadLayer":"BICHEEG","entityClass":"AcDbEntity : AcDbText","entityHandle":"1615","cadColor":7,"text_value":"XT-B118"},"geometry":{"type":"Point","coordinates":[92.45555277,46.00470576]}},{"type":"Feature","id":"hetsuu-dwg:242","properties":{"project":"External licence reference","scope":"external_reference","area":"Hetsuu hutul","sensor":"Base / Control","dataType":"cad_reference_geometry","displayRole":"section","plannedActual":"reference","status":"confirmed_geometry","contextOnly":true,"sourceFile":"Hetsuu hutul.DWG","sourceUrl":"https://drive.google.com/drive/folders/1hopqTCeMJknMkkvMa_wCY6OQ_GHXt4ub","sourceCrs":"EPSG:32646","displayCrs":"EPSG:4326","crsVerified":true,"cadLayer":"HESEG","entityClass":"AcDbEntity : AcDbLwPolyline","entityHandle":"1616","area_m2":0.0},"geometry":{"type":"Polygon","coordinates":[[[92.45979317,46.00942775],[92.45988149,46.00035398],[92.46587067,46.0003503],[92.46578303,46.00945591],[92.45979317,46.00942775],[92.45979317,46.00942775]]]}},{"type":"Feature","id":"hetsuu-dwg:243","properties":{"project":"External licence reference","scope":"external_reference","area":"Hetsuu hutul","sensor":"Base / Control","dataType":"cad_reference_geometry","displayRole":"label","plannedActual":"reference","status":"confirmed_geometry","contextOnly":true,"sourceFile":"Hetsuu hutul.DWG","sourceUrl":"https://drive.google.com/drive/folders/1hopqTCeMJknMkkvMa_wCY6OQ_GHXt4ub","sourceCrs":"EPSG:32646","displayCrs":"EPSG:4326","crsVerified":true,"cadLayer":"BICHEEG","entityClass":"AcDbEntity : AcDbText","entityHandle":"1617","cadColor":7,"text_value":"XT-B119"},"geometry":{"type":"Point","coordinates":[92.46128395,46.00471769]}},{"type":"Feature","id":"hetsuu-dwg:244","properties":{"project":"External licence reference","scope":"external_reference","area":"Hetsuu hutul","sensor":"Base / Control","dataType":"cad_reference_geometry","displayRole":"section","plannedActual":"reference","status":"confirmed_geometry","contextOnly":true,"sourceFile":"Hetsuu hutul.DWG","sourceUrl":"https://drive.google.com/drive/folders/1hopqTCeMJknMkkvMa_wCY6OQ_GHXt4ub","sourceCrs":"EPSG:32646","displayCrs":"EPSG:4326","crsVerified":true,"cadLayer":"HESEG","entityClass":"AcDbEntity : AcDbLwPolyline","entityHandle":"1618","area_m2":0.0},"geometry":{"type":"Polygon","coordinates":[[[92.4655247,46.0094547],[92.46561237,46.00035047],[92.47160156,46.00034649],[92.47151457,46.00948256],[92.4655247,46.0094547],[92.4655247,46.0094547]]]}},{"type":"Feature","id":"hetsuu-dwg:245","properties":{"project":"External licence reference","scope":"external_reference","area":"Hetsuu hutul","sensor":"Base / Control","dataType":"cad_reference_geometry","displayRole":"label","plannedActual":"reference","status":"confirmed_geometry","contextOnly":true,"sourceFile":"Hetsuu hutul.DWG","sourceUrl":"https://drive.google.com/drive/folders/1hopqTCeMJknMkkvMa_wCY6OQ_GHXt4ub","sourceCrs":"EPSG:32646","displayCrs":"EPSG:4326","crsVerified":true,"cadLayer":"BICHEEG","entityClass":"AcDbEntity : AcDbText","entityHandle":"1619","cadColor":7,"text_value":"XT-B120"},"geometry":{"type":"Point","coordinates":[92.4669721,46.00472913]}},{"type":"Feature","id":"hetsuu-dwg:246","properties":{"project":"External licence reference","scope":"external_reference","area":"Hetsuu hutul","sensor":"Base / Control","dataType":"cad_reference_geometry","displayRole":"section","plannedActual":"reference","status":"confirmed_geometry","contextOnly":true,"sourceFile":"Hetsuu hutul.DWG","sourceUrl":"https://drive.google.com/drive/folders/1hopqTCeMJknMkkvMa_wCY6OQ_GHXt4ub","sourceCrs":"EPSG:32646","displayCrs":"EPSG:4326","crsVerified":true,"cadLayer":"HESEG","entityClass":"AcDbEntity : AcDbLwPolyline","entityHandle":"161A","area_m2":0.0},"geometry":{"type":"Polygon","coordinates":[[[92.47125624,46.00948136],[92.47134326,46.00034667],[92.47733245,46.00034239],[92.47724611,46.00950891],[92.47125624,46.00948136],[92.47125624,46.00948136]]]}},{"type":"Feature","id":"hetsuu-dwg:247","properties":{"project":"External licence reference","scope":"external_reference","area":"Hetsuu hutul","sensor":"Base / Control","dataType":"cad_reference_geometry","displayRole":"label","plannedActual":"reference","status":"confirmed_geometry","contextOnly":true,"sourceFile":"Hetsuu hutul.DWG","sourceUrl":"https://drive.google.com/drive/folders/1hopqTCeMJknMkkvMa_wCY6OQ_GHXt4ub","sourceCrs":"EPSG:32646","displayCrs":"EPSG:4326","crsVerified":true,"cadLayer":"BICHEEG","entityClass":"AcDbEntity : AcDbText","entityHandle":"161B","cadColor":7,"text_value":"XT-B121"},"geometry":{"type":"Point","coordinates":[92.47274634,46.00474069]}},{"type":"Feature","id":"hetsuu-dwg:248","properties":{"project":"External licence reference","scope":"external_reference","area":"Hetsuu hutul","sensor":"Base / Control","dataType":"cad_reference_geometry","displayRole":"section","plannedActual":"reference","status":"confirmed_geometry","contextOnly":true,"sourceFile":"Hetsuu hutul.DWG","sourceUrl":"https://drive.google.com/drive/folders/1hopqTCeMJknMkkvMa_wCY6OQ_GHXt4ub","sourceCrs":"EPSG:32646","displayCrs":"EPSG:4326","crsVerified":true,"cadLayer":"HESEG","entityClass":"AcDbEntity : AcDbLwPolyline","entityHandle":"161C","area_m2":0.0},"geometry":{"type":"Polygon","coordinates":[[[92.47698779,46.00950773],[92.47707415,46.00034258],[92.48306334,46.000338],[92.48297767,46.00953499],[92.47698779,46.00950773],[92.47698779,46.00950773]]]}},{"type":"Feature","id":"hetsuu-dwg:249","properties":{"project":"External licence reference","scope":"external_reference","area":"Hetsuu hutul","sensor":"Base / Control","dataType":"cad_reference_geometry","displayRole":"label","plannedActual":"reference","status":"confirmed_geometry","contextOnly":true,"sourceFile":"Hetsuu hutul.DWG","sourceUrl":"https://drive.google.com/drive/folders/1hopqTCeMJknMkkvMa_wCY6OQ_GHXt4ub","sourceCrs":"EPSG:32646","displayCrs":"EPSG:4326","crsVerified":true,"cadLayer":"BICHEEG","entityClass":"AcDbEntity : AcDbText","entityHandle":"161D","cadColor":7,"text_value":"XT-B122"},"geometry":{"type":"Point","coordinates":[92.47839144,46.00475137]}},{"type":"Feature","id":"hetsuu-dwg:250","properties":{"project":"External licence reference","scope":"external_reference","area":"Hetsuu hutul","sensor":"Base / Control","dataType":"cad_reference_geometry","displayRole":"section","plannedActual":"reference","status":"confirmed_geometry","contextOnly":true,"sourceFile":"Hetsuu hutul.DWG","sourceUrl":"https://drive.google.com/drive/folders/1hopqTCeMJknMkkvMa_wCY6OQ_GHXt4ub","sourceCrs":"EPSG:32646","displayCrs":"EPSG:4326","crsVerified":true,"cadLayer":"HESEG","entityClass":"AcDbEntity : AcDbLwPolyline","entityHandle":"161E","area_m2":0.0},"geometry":{"type":"Polygon","coordinates":[[[92.48271934,46.00953382],[92.48280505,46.00033821],[92.48879423,46.00033333],[92.48870923,46.00956077],[92.48271934,46.00953382],[92.48271934,46.00953382]]]}},{"type":"Feature","id":"hetsuu-dwg:251","properties":{"project":"External licence reference","scope":"external_reference","area":"Hetsuu hutul","sensor":"Base / Control","dataType":"cad_reference_geometry","displayRole":"label","plannedActual":"reference","status":"confirmed_geometry","contextOnly":true,"sourceFile":"Hetsuu hutul.DWG","sourceUrl":"https://drive.google.com/drive/folders/1hopqTCeMJknMkkvMa_wCY6OQ_GHXt4ub","sourceCrs":"EPSG:32646","displayCrs":"EPSG:4326","crsVerified":true,"cadLayer":"BICHEEG","entityClass":"AcDbEntity : AcDbText","entityHandle":"161F","cadColor":7,"text_value":"XT-B123"},"geometry":{"type":"Point","coordinates":[92.48412265,46.00476216]}},{"type":"Feature","id":"hetsuu-dwg:252","properties":{"project":"External licence reference","scope":"external_reference","area":"Hetsuu hutul","sensor":"Base / Control","dataType":"cad_reference_geometry","displayRole":"section","plannedActual":"reference","status":"confirmed_geometry","contextOnly":true,"sourceFile":"Hetsuu hutul.DWG","sourceUrl":"https://drive.google.com/drive/folders/1hopqTCeMJknMkkvMa_wCY6OQ_GHXt4ub","sourceCrs":"EPSG:32646","displayCrs":"EPSG:4326","crsVerified":true,"cadLayer":"HESEG","entityClass":"AcDbEntity : AcDbLwPolyline","entityHandle":"1620","area_m2":0.0},"geometry":{"type":"Polygon","coordinates":[[[92.48845091,46.00955962],[92.48853594,46.00033355],[92.49263248,46.00033004],[92.49269557,46.00957854],[92.48845091,46.00955962],[92.48845091,46.00955962]]]}},{"type":"Feature","id":"hetsuu-dwg:253","properties":{"project":"External licence reference","scope":"external_reference","area":"Hetsuu hutul","sensor":"Base / Control","dataType":"cad_reference_geometry","displayRole":"label","plannedActual":"reference","status":"confirmed_geometry","contextOnly":true,"sourceFile":"Hetsuu hutul.DWG","sourceUrl":"https://drive.google.com/drive/folders/1hopqTCeMJknMkkvMa_wCY6OQ_GHXt4ub","sourceCrs":"EPSG:32646","displayCrs":"EPSG:4326","crsVerified":true,"cadLayer":"BICHEEG","entityClass":"AcDbEntity : AcDbText","entityHandle":"1621","cadColor":7,"text_value":"XT-B124"},"geometry":{"type":"Point","coordinates":[92.4889445,46.00476859]}},{"type":"Feature","id":"hetsuu-dwg:254","properties":{"project":"External licence reference","scope":"external_reference","area":"Hetsuu hutul","sensor":"Base / Control","dataType":"cad_reference_geometry","displayRole":"boundary","plannedActual":"reference","status":"confirmed_geometry","contextOnly":true,"sourceFile":"Hetsuu hutul.DWG","sourceUrl":"https://drive.google.com/drive/folders/1hopqTCeMJknMkkvMa_wCY6OQ_GHXt4ub","sourceCrs":"EPSG:32646","displayCrs":"EPSG:4326","crsVerified":true,"cadLayer":"B43_HIL","entityClass":"AcDbEntity : AcDbLwPolyline","entityHandle":"1647","area_m2":0.0},"geometry":{"type":"Polygon","coordinates":[[[92.44399281,46.08481766],[92.45915655,46.08504729],[92.4591682,46.07638753],[92.4665361,46.07640168],[92.46563657,46.07534864],[92.46463165,46.07285584],[92.46277817,46.07026052],[92.45962876,46.06863513],[92.45547797,46.06763209],[92.45019586,46.06702301],[92.44793851,46.06725195],[92.44790179,46.0672661],[92.44557514,46.06801129],[92.44256133,46.06944956],[92.44029412,46.07132567],[92.43798884,46.07416425],[92.43604579,46.07632383],[92.43406126,46.07721989],[92.43251057,46.07843912],[92.43249586,46.07844739],[92.43245076,46.07849128],[92.4324306,46.07853608],[92.43209813,46.07958622],[92.43387665,46.0815199],[92.44399281,46.08481766]]]}},{"type":"Feature","id":"hetsuu-dwg:255","properties":{"project":"External licence reference","scope":"external_reference","area":"Hetsuu hutul","sensor":"Base / Control","dataType":"cad_reference_geometry","displayRole":"section","plannedActual":"reference","status":"confirmed_geometry","contextOnly":true,"sourceFile":"Hetsuu hutul.DWG","sourceUrl":"https://drive.google.com/drive/folders/1hopqTCeMJknMkkvMa_wCY6OQ_GHXt4ub","sourceCrs":"EPSG:32646","displayCrs":"EPSG:4326","crsVerified":true,"cadLayer":"HESEG_A1","entityClass":"AcDbEntity : AcDbLwPolyline","entityHandle":"1648","area_m2":0.0},"geometry":{"type":"Polygon","coordinates":[[[92.44362568,46.07740718],[92.44355263,46.08467419],[92.43387665,46.0815199],[92.43209813,46.07958622],[92.4324306,46.07853608],[92.43245076,46.07849128],[92.43249586,46.07844739],[92.43251057,46.07843912],[92.43388389,46.07735935],[92.44362568,46.07740718],[92.44362568,46.07740718]]]}},{"type":"Feature","id":"hetsuu-dwg:256","properties":{"project":"External licence reference","scope":"external_reference","area":"Hetsuu hutul","sensor":"Base / Control","dataType":"cad_reference_geometry","displayRole":"section","plannedActual":"reference","status":"confirmed_geometry","contextOnly":true,"sourceFile":"Hetsuu hutul.DWG","sourceUrl":"https://drive.google.com/drive/folders/1hopqTCeMJknMkkvMa_wCY6OQ_GHXt4ub","sourceCrs":"EPSG:32646","displayCrs":"EPSG:4326","crsVerified":true,"cadLayer":"HESEG_A2","entityClass":"AcDbEntity : AcDbLwPolyline","entityHandle":"1649","area_m2":0.0},"geometry":{"type":"Polygon","coordinates":[[[92.45125448,46.07744622],[92.45118027,46.08493169],[92.44399281,46.08481766],[92.44329479,46.08459015],[92.44336704,46.07740592],[92.45125448,46.07744622],[92.45125448,46.07744622]]]}},{"type":"Feature","id":"hetsuu-dwg:257","properties":{"project":"External licence reference","scope":"external_reference","area":"Hetsuu hutul","sensor":"Base / Control","dataType":"cad_reference_geometry","displayRole":"section","plannedActual":"reference","status":"confirmed_geometry","contextOnly":true,"sourceFile":"Hetsuu hutul.DWG","sourceUrl":"https://drive.google.com/drive/folders/1hopqTCeMJknMkkvMa_wCY6OQ_GHXt4ub","sourceCrs":"EPSG:32646","displayCrs":"EPSG:4326","crsVerified":true,"cadLayer":"HESEG_A3","entityClass":"AcDbEntity : AcDbLwPolyline","entityHandle":"164A","area_m2":0.0},"geometry":{"type":"Polygon","coordinates":[[[92.45126488,46.07744411],[92.45916673,46.07748178],[92.45915655,46.08504729],[92.45091109,46.08492556],[92.45098531,46.07744277],[92.45126488,46.07744411]]]}},{"type":"Feature","id":"hetsuu-dwg:258","properties":{"project":"External licence reference","scope":"external_reference","area":"Hetsuu hutul","sensor":"Base / Control","dataType":"cad_reference_geometry","displayRole":"label","plannedActual":"reference","status":"confirmed_geometry","contextOnly":true,"sourceFile":"Hetsuu hutul.DWG","sourceUrl":"https://drive.google.com/drive/folders/1hopqTCeMJknMkkvMa_wCY6OQ_GHXt4ub","sourceCrs":"EPSG:32646","displayCrs":"EPSG:4326","crsVerified":true,"cadLayer":"BICHEEG","entityClass":"AcDbEntity : AcDbText","entityHandle":"164B","text_value":"XT-B043"},"geometry":{"type":"Point","coordinates":[92.45556308,46.07993563]}},{"type":"Feature","id":"hetsuu-dwg:259","properties":{"project":"External licence reference","scope":"external_reference","area":"Hetsuu hutul","sensor":"Base / Control","dataType":"cad_reference_geometry","displayRole":"section","plannedActual":"reference","status":"confirmed_geometry","contextOnly":true,"sourceFile":"Hetsuu hutul.DWG","sourceUrl":"https://drive.google.com/drive/folders/1hopqTCeMJknMkkvMa_wCY6OQ_GHXt4ub","sourceCrs":"EPSG:32646","displayCrs":"EPSG:4326","crsVerified":true,"cadLayer":"HESEG_B1","entityClass":"AcDbEntity : AcDbLwPolyline","entityHandle":"164C","area_m2":0.0},"geometry":{"type":"Polygon","coordinates":[[[92.44553922,46.07759649],[92.43365639,46.07753822],[92.43406126,46.07721989],[92.43604579,46.07632383],[92.43798884,46.07416425],[92.44029412,46.07132567],[92.44256133,46.06944956],[92.44557514,46.06801129],[92.44563539,46.06799199],[92.44553922,46.07759649],[92.44553922,46.07759649]]]}},{"type":"Feature","id":"hetsuu-dwg:260","properties":{"project":"External licence reference","scope":"external_reference","area":"Hetsuu hutul","sensor":"Base / Control","dataType":"cad_reference_geometry","displayRole":"section","plannedActual":"reference","status":"confirmed_geometry","contextOnly":true,"sourceFile":"Hetsuu hutul.DWG","sourceUrl":"https://drive.google.com/drive/folders/1hopqTCeMJknMkkvMa_wCY6OQ_GHXt4ub","sourceCrs":"EPSG:32646","displayCrs":"EPSG:4326","crsVerified":true,"cadLayer":"HESEG_B2","entityClass":"AcDbEntity : AcDbLwPolyline","entityHandle":"164D","area_m2":0.0},"geometry":{"type":"Polygon","coordinates":[[[92.44528058,46.07759523],[92.44537564,46.0681065],[92.44557514,46.06801129],[92.44790179,46.0672661],[92.44793851,46.06725195],[92.45019586,46.06702301],[92.45134473,46.06715551],[92.45124099,46.077624],[92.44528058,46.07759523],[92.44528058,46.07759523]]]}},{"type":"Feature","id":"hetsuu-dwg:261","properties":{"project":"External licence reference","scope":"external_reference","area":"Hetsuu hutul","sensor":"Base / Control","dataType":"cad_reference_geometry","displayRole":"section","plannedActual":"reference","status":"confirmed_geometry","contextOnly":true,"sourceFile":"Hetsuu hutul.DWG","sourceUrl":"https://drive.google.com/drive/folders/1hopqTCeMJknMkkvMa_wCY6OQ_GHXt4ub","sourceCrs":"EPSG:32646","displayCrs":"EPSG:4326","crsVerified":true,"cadLayer":"HESEG_B3","entityClass":"AcDbEntity : AcDbLwPolyline","entityHandle":"164E","area_m2":0.0},"geometry":{"type":"Polygon","coordinates":[[[92.45098235,46.07762276],[92.45108643,46.06712572],[92.45547797,46.06763209],[92.45710936,46.06802634],[92.45701498,46.07765158],[92.45098235,46.07762276],[92.45098235,46.07762276]]]}},{"type":"Feature","id":"hetsuu-dwg:262","properties":{"project":"External licence reference","scope":"external_reference","area":"Hetsuu hutul","sensor":"Base / Control","dataType":"cad_reference_geometry","displayRole":"section","plannedActual":"reference","status":"confirmed_geometry","contextOnly":true,"sourceFile":"Hetsuu hutul.DWG","sourceUrl":"https://drive.google.com/drive/folders/1hopqTCeMJknMkkvMa_wCY6OQ_GHXt4ub","sourceCrs":"EPSG:32646","displayCrs":"EPSG:4326","crsVerified":true,"cadLayer":"HESEG_B4","entityClass":"AcDbEntity : AcDbLwPolyline","entityHandle":"164F","area_m2":0.0},"geometry":{"type":"Polygon","coordinates":[[[92.45675633,46.07765035],[92.45685137,46.067964],[92.45962876,46.06863513],[92.46277817,46.07026052],[92.46463165,46.07285584],[92.46563657,46.07534864],[92.4665361,46.07640168],[92.4591682,46.07638753],[92.45916649,46.07766178],[92.45675633,46.07765035],[92.45675633,46.07765035]]]}},{"type":"Feature","id":"hetsuu-dwg:263","properties":{"project":"External licence reference","scope":"external_reference","area":"Hetsuu hutul","sensor":"Base / Control","dataType":"cad_reference_geometry","displayRole":"label","plannedActual":"reference","status":"confirmed_geometry","contextOnly":true,"sourceFile":"Hetsuu hutul.DWG","sourceUrl":"https://drive.google.com/drive/folders/1hopqTCeMJknMkkvMa_wCY6OQ_GHXt4ub","sourceCrs":"EPSG:32646","displayCrs":"EPSG:4326","crsVerified":true,"cadLayer":"BICHEEG","entityClass":"AcDbEntity : AcDbText","entityHandle":"1650","text_value":"XT-B044"},"geometry":{"type":"Point","coordinates":[92.44770316,46.0797279]}},{"type":"Feature","id":"hetsuu-dwg:264","properties":{"project":"External licence reference","scope":"external_reference","area":"Hetsuu hutul","sensor":"Base / Control","dataType":"cad_reference_geometry","displayRole":"label","plannedActual":"reference","status":"confirmed_geometry","contextOnly":true,"sourceFile":"Hetsuu hutul.DWG","sourceUrl":"https://drive.google.com/drive/folders/1hopqTCeMJknMkkvMa_wCY6OQ_GHXt4ub","sourceCrs":"EPSG:32646","displayCrs":"EPSG:4326","crsVerified":true,"cadLayer":"BICHEEG","entityClass":"AcDbEntity : AcDbText","entityHandle":"1651","text_value":"XT-B045"},"geometry":{"type":"Point","coordinates":[92.43900389,46.07882521]}},{"type":"Feature","id":"hetsuu-dwg:265","properties":{"project":"External licence reference","scope":"external_reference","area":"Hetsuu hutul","sensor":"Base / Control","dataType":"cad_reference_geometry","displayRole":"label","plannedActual":"reference","status":"confirmed_geometry","contextOnly":true,"sourceFile":"Hetsuu hutul.DWG","sourceUrl":"https://drive.google.com/drive/folders/1hopqTCeMJknMkkvMa_wCY6OQ_GHXt4ub","sourceCrs":"EPSG:32646","displayCrs":"EPSG:4326","crsVerified":true,"cadLayer":"BICHEEG","entityClass":"AcDbEntity : AcDbText","entityHandle":"1652","text_value":"XT-B046"},"geometry":{"type":"Point","coordinates":[92.44246908,46.07224106]}},{"type":"Feature","id":"hetsuu-dwg:266","properties":{"project":"External licence reference","scope":"external_reference","area":"Hetsuu hutul","sensor":"Base / Control","dataType":"cad_reference_geometry","displayRole":"label","plannedActual":"reference","status":"confirmed_geometry","contextOnly":true,"sourceFile":"Hetsuu hutul.DWG","sourceUrl":"https://drive.google.com/drive/folders/1hopqTCeMJknMkkvMa_wCY6OQ_GHXt4ub","sourceCrs":"EPSG:32646","displayCrs":"EPSG:4326","crsVerified":true,"cadLayer":"BICHEEG","entityClass":"AcDbEntity : AcDbText","entityHandle":"1653","text_value":"XT-B047"},"geometry":{"type":"Point","coordinates":[92.44860393,46.07144004]}},{"type":"Feature","id":"hetsuu-dwg:267","properties":{"project":"External licence reference","scope":"external_reference","area":"Hetsuu hutul","sensor":"Base / Control","dataType":"cad_reference_geometry","displayRole":"label","plannedActual":"reference","status":"confirmed_geometry","contextOnly":true,"sourceFile":"Hetsuu hutul.DWG","sourceUrl":"https://drive.google.com/drive/folders/1hopqTCeMJknMkkvMa_wCY6OQ_GHXt4ub","sourceCrs":"EPSG:32646","displayCrs":"EPSG:4326","crsVerified":true,"cadLayer":"BICHEEG","entityClass":"AcDbEntity : AcDbText","entityHandle":"1654","text_value":"XT-B048"},"geometry":{"type":"Point","coordinates":[92.45455459,46.07117668]}},{"type":"Feature","id":"hetsuu-dwg:268","properties":{"project":"External licence reference","scope":"external_reference","area":"Hetsuu hutul","sensor":"Base / Control","dataType":"cad_reference_geometry","displayRole":"label","plannedActual":"reference","status":"confirmed_geometry","contextOnly":true,"sourceFile":"Hetsuu hutul.DWG","sourceUrl":"https://drive.google.com/drive/folders/1hopqTCeMJknMkkvMa_wCY6OQ_GHXt4ub","sourceCrs":"EPSG:32646","displayCrs":"EPSG:4326","crsVerified":true,"cadLayer":"BICHEEG","entityClass":"AcDbEntity : AcDbText","entityHandle":"1655","text_value":"XT-B049"},"geometry":{"type":"Point","coordinates":[92.46032181,46.07160913]}},{"type":"Feature","id":"hetsuu-dwg:269","properties":{"project":"External licence reference","scope":"external_reference","area":"Hetsuu hutul","sensor":"Base / Control","dataType":"cad_reference_geometry","displayRole":"control_point","plannedActual":"reference","status":"confirmed_geometry","contextOnly":true,"sourceFile":"Hetsuu hutul.DWG","sourceUrl":"https://drive.google.com/drive/folders/1hopqTCeMJknMkkvMa_wCY6OQ_GHXt4ub","sourceCrs":"EPSG:32646","displayCrs":"EPSG:4326","crsVerified":true,"cadLayer":"0","entityClass":"AcDbEntity : AcDbPoint","entityHandle":"1988","cadColor":5},"geometry":{"type":"Point","coordinates":[92.42529782,46.12558515]}},{"type":"Feature","id":"hetsuu-dwg:270","properties":{"project":"External licence reference","scope":"external_reference","area":"Hetsuu hutul","sensor":"Base / Control","dataType":"cad_reference_geometry","displayRole":"control_point","plannedActual":"reference","status":"confirmed_geometry","contextOnly":true,"sourceFile":"Hetsuu hutul.DWG","sourceUrl":"https://drive.google.com/drive/folders/1hopqTCeMJknMkkvMa_wCY6OQ_GHXt4ub","sourceCrs":"EPSG:32646","displayCrs":"EPSG:4326","crsVerified":true,"cadLayer":"0","entityClass":"AcDbEntity : AcDbPoint","entityHandle":"1989","cadColor":5},"geometry":{"type":"Point","coordinates":[92.41189367,46.11468715]}},{"type":"Feature","id":"hetsuu-dwg:271","properties":{"project":"External licence reference","scope":"external_reference","area":"Hetsuu hutul","sensor":"Base / Control","dataType":"cad_reference_geometry","displayRole":"control_point","plannedActual":"reference","status":"confirmed_geometry","contextOnly":true,"sourceFile":"Hetsuu hutul.DWG","sourceUrl":"https://drive.google.com/drive/folders/1hopqTCeMJknMkkvMa_wCY6OQ_GHXt4ub","sourceCrs":"EPSG:32646","displayCrs":"EPSG:4326","crsVerified":true,"cadLayer":"0","entityClass":"AcDbEntity : AcDbPoint","entityHandle":"198A","cadColor":5},"geometry":{"type":"Point","coordinates":[92.40983226,46.11293898]}},{"type":"Feature","id":"hetsuu-dwg:272","properties":{"project":"External licence reference","scope":"external_reference","area":"Hetsuu hutul","sensor":"Base / Control","dataType":"cad_reference_geometry","displayRole":"control_point","plannedActual":"reference","status":"confirmed_geometry","contextOnly":true,"sourceFile":"Hetsuu hutul.DWG","sourceUrl":"https://drive.google.com/drive/folders/1hopqTCeMJknMkkvMa_wCY6OQ_GHXt4ub","sourceCrs":"EPSG:32646","displayCrs":"EPSG:4326","crsVerified":true,"cadLayer":"0","entityClass":"AcDbEntity : AcDbPoint","entityHandle":"198B","cadColor":5},"geometry":{"type":"Point","coordinates":[92.41156614,46.1096628]}},{"type":"Feature","id":"hetsuu-dwg:273","properties":{"project":"External licence reference","scope":"external_reference","area":"Hetsuu hutul","sensor":"Base / Control","dataType":"cad_reference_geometry","displayRole":"control_point","plannedActual":"reference","status":"confirmed_geometry","contextOnly":true,"sourceFile":"Hetsuu hutul.DWG","sourceUrl":"https://drive.google.com/drive/folders/1hopqTCeMJknMkkvMa_wCY6OQ_GHXt4ub","sourceCrs":"EPSG:32646","displayCrs":"EPSG:4326","crsVerified":true,"cadLayer":"0","entityClass":"AcDbEntity : AcDbPoint","entityHandle":"198C","cadColor":5},"geometry":{"type":"Point","coordinates":[92.41671329,46.11295833]}},{"type":"Feature","id":"hetsuu-dwg:274","properties":{"project":"External licence reference","scope":"external_reference","area":"Hetsuu hutul","sensor":"Base / Control","dataType":"cad_reference_geometry","displayRole":"control_point","plannedActual":"reference","status":"confirmed_geometry","contextOnly":true,"sourceFile":"Hetsuu hutul.DWG","sourceUrl":"https://drive.google.com/drive/folders/1hopqTCeMJknMkkvMa_wCY6OQ_GHXt4ub","sourceCrs":"EPSG:32646","displayCrs":"EPSG:4326","crsVerified":true,"cadLayer":"0","entityClass":"AcDbEntity : AcDbPoint","entityHandle":"198D","cadColor":5},"geometry":{"type":"Point","coordinates":[92.4215593,46.11065727]}},{"type":"Feature","id":"hetsuu-dwg:275","properties":{"project":"External licence reference","scope":"external_reference","area":"Hetsuu hutul","sensor":"Base / Control","dataType":"cad_reference_geometry","displayRole":"control_point","plannedActual":"reference","status":"confirmed_geometry","contextOnly":true,"sourceFile":"Hetsuu hutul.DWG","sourceUrl":"https://drive.google.com/drive/folders/1hopqTCeMJknMkkvMa_wCY6OQ_GHXt4ub","sourceCrs":"EPSG:32646","displayCrs":"EPSG:4326","crsVerified":true,"cadLayer":"0","entityClass":"AcDbEntity : AcDbPoint","entityHandle":"198E","cadColor":5},"geometry":{"type":"Point","coordinates":[92.42521539,46.11297228]}},{"type":"Feature","id":"hetsuu-dwg:276","properties":{"project":"External licence reference","scope":"external_reference","area":"Hetsuu hutul","sensor":"Base / Control","dataType":"cad_reference_geometry","displayRole":"control_point","plannedActual":"reference","status":"confirmed_geometry","contextOnly":true,"sourceFile":"Hetsuu hutul.DWG","sourceUrl":"https://drive.google.com/drive/folders/1hopqTCeMJknMkkvMa_wCY6OQ_GHXt4ub","sourceCrs":"EPSG:32646","displayCrs":"EPSG:4326","crsVerified":true,"cadLayer":"0","entityClass":"AcDbEntity : AcDbPoint","entityHandle":"198F","cadColor":5},"geometry":{"type":"Point","coordinates":[92.42886149,46.11519543]}},{"type":"Feature","id":"hetsuu-dwg:277","properties":{"project":"External licence reference","scope":"external_reference","area":"Hetsuu hutul","sensor":"Base / Control","dataType":"cad_reference_geometry","displayRole":"control_point","plannedActual":"reference","status":"confirmed_geometry","contextOnly":true,"sourceFile":"Hetsuu hutul.DWG","sourceUrl":"https://drive.google.com/drive/folders/1hopqTCeMJknMkkvMa_wCY6OQ_GHXt4ub","sourceCrs":"EPSG:32646","displayCrs":"EPSG:4326","crsVerified":true,"cadLayer":"0","entityClass":"AcDbEntity : AcDbPoint","entityHandle":"1990","cadColor":5},"geometry":{"type":"Point","coordinates":[92.43351789,46.11817118]}},{"type":"Feature","id":"hetsuu-dwg:278","properties":{"project":"External licence reference","scope":"external_reference","area":"Hetsuu hutul","sensor":"Base / Control","dataType":"cad_reference_geometry","displayRole":"control_point","plannedActual":"reference","status":"confirmed_geometry","contextOnly":true,"sourceFile":"Hetsuu hutul.DWG","sourceUrl":"https://drive.google.com/drive/folders/1hopqTCeMJknMkkvMa_wCY6OQ_GHXt4ub","sourceCrs":"EPSG:32646","displayCrs":"EPSG:4326","crsVerified":true,"cadLayer":"0","entityClass":"AcDbEntity : AcDbPoint","entityHandle":"1991","cadColor":5},"geometry":{"type":"Point","coordinates":[92.43748606,46.11721813]}},{"type":"Feature","id":"hetsuu-dwg:279","properties":{"project":"External licence reference","scope":"external_reference","area":"Hetsuu hutul","sensor":"Base / Control","dataType":"cad_reference_geometry","displayRole":"control_point","plannedActual":"reference","status":"confirmed_geometry","contextOnly":true,"sourceFile":"Hetsuu hutul.DWG","sourceUrl":"https://drive.google.com/drive/folders/1hopqTCeMJknMkkvMa_wCY6OQ_GHXt4ub","sourceCrs":"EPSG:32646","displayCrs":"EPSG:4326","crsVerified":true,"cadLayer":"0","entityClass":"AcDbEntity : AcDbPoint","entityHandle":"1992","cadColor":5},"geometry":{"type":"Point","coordinates":[92.44236704,46.11708941]}},{"type":"Feature","id":"hetsuu-dwg:280","properties":{"project":"External licence reference","scope":"external_reference","area":"Hetsuu hutul","sensor":"Base / Control","dataType":"cad_reference_geometry","displayRole":"control_point","plannedActual":"reference","status":"confirmed_geometry","contextOnly":true,"sourceFile":"Hetsuu hutul.DWG","sourceUrl":"https://drive.google.com/drive/folders/1hopqTCeMJknMkkvMa_wCY6OQ_GHXt4ub","sourceCrs":"EPSG:32646","displayCrs":"EPSG:4326","crsVerified":true,"cadLayer":"0","entityClass":"AcDbEntity : AcDbPoint","entityHandle":"1993","cadColor":5},"geometry":{"type":"Point","coordinates":[92.44193353,46.11940583]}},{"type":"Feature","id":"hetsuu-dwg:281","properties":{"project":"External licence reference","scope":"external_reference","area":"Hetsuu hutul","sensor":"Base / Control","dataType":"cad_reference_geometry","displayRole":"control_point","plannedActual":"reference","status":"confirmed_geometry","contextOnly":true,"sourceFile":"Hetsuu hutul.DWG","sourceUrl":"https://drive.google.com/drive/folders/1hopqTCeMJknMkkvMa_wCY6OQ_GHXt4ub","sourceCrs":"EPSG:32646","displayCrs":"EPSG:4326","crsVerified":true,"cadLayer":"0","entityClass":"AcDbEntity : AcDbPoint","entityHandle":"1994","cadColor":5},"geometry":{"type":"Point","coordinates":[92.44194202,46.12037919]}},{"type":"Feature","id":"hetsuu-dwg:282","properties":{"project":"External licence reference","scope":"external_reference","area":"Hetsuu hutul","sensor":"Base / Control","dataType":"cad_reference_geometry","displayRole":"control_point","plannedActual":"reference","status":"confirmed_geometry","contextOnly":true,"sourceFile":"Hetsuu hutul.DWG","sourceUrl":"https://drive.google.com/drive/folders/1hopqTCeMJknMkkvMa_wCY6OQ_GHXt4ub","sourceCrs":"EPSG:32646","displayCrs":"EPSG:4326","crsVerified":true,"cadLayer":"0","entityClass":"AcDbEntity : AcDbPoint","entityHandle":"1995","cadColor":5},"geometry":{"type":"Point","coordinates":[92.45035061,46.12042701]}},{"type":"Feature","id":"hetsuu-dwg:283","properties":{"project":"External licence reference","scope":"external_reference","area":"Hetsuu hutul","sensor":"Base / Control","dataType":"cad_reference_geometry","displayRole":"control_point","plannedActual":"reference","status":"confirmed_geometry","contextOnly":true,"sourceFile":"Hetsuu hutul.DWG","sourceUrl":"https://drive.google.com/drive/folders/1hopqTCeMJknMkkvMa_wCY6OQ_GHXt4ub","sourceCrs":"EPSG:32646","displayCrs":"EPSG:4326","crsVerified":true,"cadLayer":"0","entityClass":"AcDbEntity : AcDbPoint","entityHandle":"1996","cadColor":5},"geometry":{"type":"Point","coordinates":[92.45038293,46.12568353]}},{"type":"Feature","id":"hetsuu-dwg:284","properties":{"project":"External licence reference","scope":"external_reference","area":"Hetsuu hutul","sensor":"Base / Control","dataType":"cad_reference_geometry","displayRole":"control_point","plannedActual":"reference","status":"confirmed_geometry","contextOnly":true,"sourceFile":"Hetsuu hutul.DWG","sourceUrl":"https://drive.google.com/drive/folders/1hopqTCeMJknMkkvMa_wCY6OQ_GHXt4ub","sourceCrs":"EPSG:32646","displayCrs":"EPSG:4326","crsVerified":true,"cadLayer":"0","entityClass":"AcDbEntity : AcDbPoint","entityHandle":"1997","cadColor":5},"geometry":{"type":"Point","coordinates":[92.45591717,46.12566292]}},{"type":"Feature","id":"hetsuu-dwg:285","properties":{"project":"External licence reference","scope":"external_reference","area":"Hetsuu hutul","sensor":"Base / Control","dataType":"cad_reference_geometry","displayRole":"control_point","plannedActual":"reference","status":"confirmed_geometry","contextOnly":true,"sourceFile":"Hetsuu hutul.DWG","sourceUrl":"https://drive.google.com/drive/folders/1hopqTCeMJknMkkvMa_wCY6OQ_GHXt4ub","sourceCrs":"EPSG:32646","displayCrs":"EPSG:4326","crsVerified":true,"cadLayer":"0","entityClass":"AcDbEntity : AcDbPoint","entityHandle":"1998","cadColor":5},"geometry":{"type":"Point","coordinates":[92.45030954,46.13078683]}},{"type":"Feature","id":"hetsuu-dwg:286","properties":{"project":"External licence reference","scope":"external_reference","area":"Hetsuu hutul","sensor":"Base / Control","dataType":"cad_reference_geometry","displayRole":"control_point","plannedActual":"reference","status":"confirmed_geometry","contextOnly":true,"sourceFile":"Hetsuu hutul.DWG","sourceUrl":"https://drive.google.com/drive/folders/1hopqTCeMJknMkkvMa_wCY6OQ_GHXt4ub","sourceCrs":"EPSG:32646","displayCrs":"EPSG:4326","crsVerified":true,"cadLayer":"0","entityClass":"AcDbEntity : AcDbPoint","entityHandle":"1999","cadColor":5},"geometry":{"type":"Point","coordinates":[92.41031652,46.11015474]}},{"type":"Feature","id":"hetsuu-dwg:287","properties":{"project":"External licence reference","scope":"external_reference","area":"Hetsuu hutul","sensor":"Base / Control","dataType":"cad_reference_geometry","displayRole":"control_point","plannedActual":"reference","status":"confirmed_geometry","contextOnly":true,"sourceFile":"Hetsuu hutul.DWG","sourceUrl":"https://drive.google.com/drive/folders/1hopqTCeMJknMkkvMa_wCY6OQ_GHXt4ub","sourceCrs":"EPSG:32646","displayCrs":"EPSG:4326","crsVerified":true,"cadLayer":"0","entityClass":"AcDbEntity : AcDbPoint","entityHandle":"199A","cadColor":5},"geometry":{"type":"Point","coordinates":[92.4104411,46.11009696]}},{"type":"Feature","id":"hetsuu-dwg:288","properties":{"project":"External licence reference","scope":"external_reference","area":"Hetsuu hutul","sensor":"Base / Control","dataType":"cad_reference_geometry","displayRole":"control_point","plannedActual":"reference","status":"confirmed_geometry","contextOnly":true,"sourceFile":"Hetsuu hutul.DWG","sourceUrl":"https://drive.google.com/drive/folders/1hopqTCeMJknMkkvMa_wCY6OQ_GHXt4ub","sourceCrs":"EPSG:32646","displayCrs":"EPSG:4326","crsVerified":true,"cadLayer":"0","entityClass":"AcDbEntity : AcDbPoint","entityHandle":"199B","cadColor":5},"geometry":{"type":"Point","coordinates":[92.41068724,46.11004536]}},{"type":"Feature","id":"hetsuu-dwg:289","properties":{"project":"External licence reference","scope":"external_reference","area":"Hetsuu hutul","sensor":"Base / Control","dataType":"cad_reference_geometry","displayRole":"control_point","plannedActual":"reference","status":"confirmed_geometry","contextOnly":true,"sourceFile":"Hetsuu hutul.DWG","sourceUrl":"https://drive.google.com/drive/folders/1hopqTCeMJknMkkvMa_wCY6OQ_GHXt4ub","sourceCrs":"EPSG:32646","displayCrs":"EPSG:4326","crsVerified":true,"cadLayer":"0","entityClass":"AcDbEntity : AcDbPoint","entityHandle":"199C","cadColor":5},"geometry":{"type":"Point","coordinates":[92.4108799,46.1100525]}},{"type":"Feature","id":"hetsuu-dwg:290","properties":{"project":"External licence reference","scope":"external_reference","area":"Hetsuu hutul","sensor":"Base / Control","dataType":"cad_reference_geometry","displayRole":"control_point","plannedActual":"reference","status":"confirmed_geometry","contextOnly":true,"sourceFile":"Hetsuu hutul.DWG","sourceUrl":"https://drive.google.com/drive/folders/1hopqTCeMJknMkkvMa_wCY6OQ_GHXt4ub","sourceCrs":"EPSG:32646","displayCrs":"EPSG:4326","crsVerified":true,"cadLayer":"0","entityClass":"AcDbEntity : AcDbPoint","entityHandle":"199D","cadColor":5},"geometry":{"type":"Point","coordinates":[92.41116412,46.11000146]}},{"type":"Feature","id":"hetsuu-dwg:291","properties":{"project":"External licence reference","scope":"external_reference","area":"Hetsuu hutul","sensor":"Base / Control","dataType":"cad_reference_geometry","displayRole":"control_point","plannedActual":"reference","status":"confirmed_geometry","contextOnly":true,"sourceFile":"Hetsuu hutul.DWG","sourceUrl":"https://drive.google.com/drive/folders/1hopqTCeMJknMkkvMa_wCY6OQ_GHXt4ub","sourceCrs":"EPSG:32646","displayCrs":"EPSG:4326","crsVerified":true,"cadLayer":"0","entityClass":"AcDbEntity : AcDbPoint","entityHandle":"199E","cadColor":5},"geometry":{"type":"Point","coordinates":[92.41142125,46.10980817]}},{"type":"Feature","id":"hetsuu-dwg:292","properties":{"project":"External licence reference","scope":"external_reference","area":"Hetsuu hutul","sensor":"Base / Control","dataType":"cad_reference_geometry","displayRole":"control_point","plannedActual":"reference","status":"confirmed_geometry","contextOnly":true,"sourceFile":"Hetsuu hutul.DWG","sourceUrl":"https://drive.google.com/drive/folders/1hopqTCeMJknMkkvMa_wCY6OQ_GHXt4ub","sourceCrs":"EPSG:32646","displayCrs":"EPSG:4326","crsVerified":true,"cadLayer":"0","entityClass":"AcDbEntity : AcDbPoint","entityHandle":"199F","cadColor":5},"geometry":{"type":"Point","coordinates":[92.4245671,46.11122329]}},{"type":"Feature","id":"hetsuu-dwg:293","properties":{"project":"External licence reference","scope":"external_reference","area":"Hetsuu hutul","sensor":"Base / Control","dataType":"cad_reference_geometry","displayRole":"control_point","plannedActual":"reference","status":"confirmed_geometry","contextOnly":true,"sourceFile":"Hetsuu hutul.DWG","sourceUrl":"https://drive.google.com/drive/folders/1hopqTCeMJknMkkvMa_wCY6OQ_GHXt4ub","sourceCrs":"EPSG:32646","displayCrs":"EPSG:4326","crsVerified":true,"cadLayer":"0","entityClass":"AcDbEntity : AcDbPoint","entityHandle":"19A0","cadColor":5},"geometry":{"type":"Point","coordinates":[92.42478881,46.11133982]}},{"type":"Feature","id":"hetsuu-dwg:294","properties":{"project":"External licence reference","scope":"external_reference","area":"Hetsuu hutul","sensor":"Base / Control","dataType":"cad_reference_geometry","displayRole":"control_point","plannedActual":"reference","status":"confirmed_geometry","contextOnly":true,"sourceFile":"Hetsuu hutul.DWG","sourceUrl":"https://drive.google.com/drive/folders/1hopqTCeMJknMkkvMa_wCY6OQ_GHXt4ub","sourceCrs":"EPSG:32646","displayCrs":"EPSG:4326","crsVerified":true,"cadLayer":"0","entityClass":"AcDbEntity : AcDbPoint","entityHandle":"19A1","cadColor":5},"geometry":{"type":"Point","coordinates":[92.42506113,46.11145353]}},{"type":"Feature","id":"hetsuu-dwg:295","properties":{"project":"External licence reference","scope":"external_reference","area":"Hetsuu hutul","sensor":"Base / Control","dataType":"cad_reference_geometry","displayRole":"control_point","plannedActual":"reference","status":"confirmed_geometry","contextOnly":true,"sourceFile":"Hetsuu hutul.DWG","sourceUrl":"https://drive.google.com/drive/folders/1hopqTCeMJknMkkvMa_wCY6OQ_GHXt4ub","sourceCrs":"EPSG:32646","displayCrs":"EPSG:4326","crsVerified":true,"cadLayer":"0","entityClass":"AcDbEntity : AcDbPoint","entityHandle":"19A2","cadColor":5},"geometry":{"type":"Point","coordinates":[92.4253164,46.11165657]}},{"type":"Feature","id":"hetsuu-dwg:296","properties":{"project":"External licence reference","scope":"external_reference","area":"Hetsuu hutul","sensor":"Base / Control","dataType":"cad_reference_geometry","displayRole":"control_point","plannedActual":"reference","status":"confirmed_geometry","contextOnly":true,"sourceFile":"Hetsuu hutul.DWG","sourceUrl":"https://drive.google.com/drive/folders/1hopqTCeMJknMkkvMa_wCY6OQ_GHXt4ub","sourceCrs":"EPSG:32646","displayCrs":"EPSG:4326","crsVerified":true,"cadLayer":"0","entityClass":"AcDbEntity : AcDbPoint","entityHandle":"19A3","cadColor":5},"geometry":{"type":"Point","coordinates":[92.42554026,46.11180607]}},{"type":"Feature","id":"hetsuu-dwg:297","properties":{"project":"External licence reference","scope":"external_reference","area":"Hetsuu hutul","sensor":"Base / Control","dataType":"cad_reference_geometry","displayRole":"control_point","plannedActual":"reference","status":"confirmed_geometry","contextOnly":true,"sourceFile":"Hetsuu hutul.DWG","sourceUrl":"https://drive.google.com/drive/folders/1hopqTCeMJknMkkvMa_wCY6OQ_GHXt4ub","sourceCrs":"EPSG:32646","displayCrs":"EPSG:4326","crsVerified":true,"cadLayer":"0","entityClass":"AcDbEntity : AcDbPoint","entityHandle":"19A4","cadColor":5},"geometry":{"type":"Point","coordinates":[92.42574414,46.11219344]}},{"type":"Feature","id":"hetsuu-dwg:298","properties":{"project":"External licence reference","scope":"external_reference","area":"Hetsuu hutul","sensor":"Base / Control","dataType":"cad_reference_geometry","displayRole":"control_point","plannedActual":"reference","status":"confirmed_geometry","contextOnly":true,"sourceFile":"Hetsuu hutul.DWG","sourceUrl":"https://drive.google.com/drive/folders/1hopqTCeMJknMkkvMa_wCY6OQ_GHXt4ub","sourceCrs":"EPSG:32646","displayCrs":"EPSG:4326","crsVerified":true,"cadLayer":"0","entityClass":"AcDbEntity : AcDbPoint","entityHandle":"19A5","cadColor":5},"geometry":{"type":"Point","coordinates":[92.42893767,46.11522212]}},{"type":"Feature","id":"hetsuu-dwg:299","properties":{"project":"External licence reference","scope":"external_reference","area":"Hetsuu hutul","sensor":"Base / Control","dataType":"cad_reference_geometry","displayRole":"control_point","plannedActual":"reference","status":"confirmed_geometry","contextOnly":true,"sourceFile":"Hetsuu hutul.DWG","sourceUrl":"https://drive.google.com/drive/folders/1hopqTCeMJknMkkvMa_wCY6OQ_GHXt4ub","sourceCrs":"EPSG:32646","displayCrs":"EPSG:4326","crsVerified":true,"cadLayer":"0","entityClass":"AcDbEntity : AcDbPoint","entityHandle":"19A6","cadColor":5},"geometry":{"type":"Point","coordinates":[92.42919753,46.1153811]}},{"type":"Feature","id":"hetsuu-dwg:300","properties":{"project":"External licence reference","scope":"external_reference","area":"Hetsuu hutul","sensor":"Base / Control","dataType":"cad_reference_geometry","displayRole":"control_point","plannedActual":"reference","status":"confirmed_geometry","contextOnly":true,"sourceFile":"Hetsuu hutul.DWG","sourceUrl":"https://drive.google.com/drive/folders/1hopqTCeMJknMkkvMa_wCY6OQ_GHXt4ub","sourceCrs":"EPSG:32646","displayCrs":"EPSG:4326","crsVerified":true,"cadLayer":"0","entityClass":"AcDbEntity : AcDbPoint","entityHandle":"19A7","cadColor":5},"geometry":{"type":"Point","coordinates":[92.42055503,46.11755916]}},{"type":"Feature","id":"hetsuu-dwg:301","properties":{"project":"External licence reference","scope":"external_reference","area":"Hetsuu hutul","sensor":"Base / Control","dataType":"cad_reference_geometry","displayRole":"control_point","plannedActual":"reference","status":"confirmed_geometry","contextOnly":true,"sourceFile":"Hetsuu hutul.DWG","sourceUrl":"https://drive.google.com/drive/folders/1hopqTCeMJknMkkvMa_wCY6OQ_GHXt4ub","sourceCrs":"EPSG:32646","displayCrs":"EPSG:4326","crsVerified":true,"cadLayer":"0","entityClass":"AcDbEntity : AcDbPoint","entityHandle":"19A8","cadColor":5},"geometry":{"type":"Point","coordinates":[92.42522771,46.12244676]}},{"type":"Feature","id":"hetsuu-dwg:302","properties":{"project":"External licence reference","scope":"external_reference","area":"Hetsuu hutul","sensor":"Base / Control","dataType":"cad_reference_geometry","displayRole":"control_point","plannedActual":"reference","status":"confirmed_geometry","contextOnly":true,"sourceFile":"Hetsuu hutul.DWG","sourceUrl":"https://drive.google.com/drive/folders/1hopqTCeMJknMkkvMa_wCY6OQ_GHXt4ub","sourceCrs":"EPSG:32646","displayCrs":"EPSG:4326","crsVerified":true,"cadLayer":"0","entityClass":"AcDbEntity : AcDbPoint","entityHandle":"19A9","cadColor":5},"geometry":{"type":"Point","coordinates":[92.41683085,46.12895236]}},{"type":"Feature","id":"hetsuu-dwg:303","properties":{"project":"External licence reference","scope":"external_reference","area":"Hetsuu hutul","sensor":"Base / Control","dataType":"cad_reference_geometry","displayRole":"control_point","plannedActual":"reference","status":"confirmed_geometry","contextOnly":true,"sourceFile":"Hetsuu hutul.DWG","sourceUrl":"https://drive.google.com/drive/folders/1hopqTCeMJknMkkvMa_wCY6OQ_GHXt4ub","sourceCrs":"EPSG:32646","displayCrs":"EPSG:4326","crsVerified":true,"cadLayer":"0","entityClass":"AcDbEntity : AcDbPoint","entityHandle":"19AA","cadColor":5},"geometry":{"type":"Point","coordinates":[92.41241595,46.12567816]}},{"type":"Feature","id":"hetsuu-dwg:304","properties":{"project":"External licence reference","scope":"external_reference","area":"Hetsuu hutul","sensor":"Base / Control","dataType":"cad_reference_geometry","displayRole":"control_point","plannedActual":"reference","status":"confirmed_geometry","contextOnly":true,"sourceFile":"Hetsuu hutul.DWG","sourceUrl":"https://drive.google.com/drive/folders/1hopqTCeMJknMkkvMa_wCY6OQ_GHXt4ub","sourceCrs":"EPSG:32646","displayCrs":"EPSG:4326","crsVerified":true,"cadLayer":"0","entityClass":"AcDbEntity : AcDbPoint","entityHandle":"19AB","cadColor":5},"geometry":{"type":"Point","coordinates":[92.41678138,46.12563442]}},{"type":"Feature","id":"hetsuu-dwg:305","properties":{"project":"External licence reference","scope":"external_reference","area":"Hetsuu hutul","sensor":"Base / Control","dataType":"cad_reference_geometry","displayRole":"control_point","plannedActual":"reference","status":"confirmed_geometry","contextOnly":true,"sourceFile":"Hetsuu hutul.DWG","sourceUrl":"https://drive.google.com/drive/folders/1hopqTCeMJknMkkvMa_wCY6OQ_GHXt4ub","sourceCrs":"EPSG:32646","displayCrs":"EPSG:4326","crsVerified":true,"cadLayer":"0","entityClass":"AcDbEntity : AcDbPoint","entityHandle":"19AC","cadColor":5},"geometry":{"type":"Point","coordinates":[92.43366624,46.12920851]}},{"type":"Feature","id":"hetsuu-dwg:306","properties":{"project":"External licence reference","scope":"external_reference","area":"Hetsuu hutul","sensor":"Base / Control","dataType":"cad_reference_geometry","displayRole":"control_point","plannedActual":"reference","status":"confirmed_geometry","contextOnly":true,"sourceFile":"Hetsuu hutul.DWG","sourceUrl":"https://drive.google.com/drive/folders/1hopqTCeMJknMkkvMa_wCY6OQ_GHXt4ub","sourceCrs":"EPSG:32646","displayCrs":"EPSG:4326","crsVerified":true,"cadLayer":"0","entityClass":"AcDbEntity : AcDbPoint","entityHandle":"19AD","cadColor":5},"geometry":{"type":"Point","coordinates":[92.43359488,46.12570194]}},{"type":"Feature","id":"hetsuu-dwg:307","properties":{"project":"External licence reference","scope":"external_reference","area":"Hetsuu hutul","sensor":"Base / Control","dataType":"cad_reference_geometry","displayRole":"control_point","plannedActual":"reference","status":"confirmed_geometry","contextOnly":true,"sourceFile":"Hetsuu hutul.DWG","sourceUrl":"https://drive.google.com/drive/folders/1hopqTCeMJknMkkvMa_wCY6OQ_GHXt4ub","sourceCrs":"EPSG:32646","displayCrs":"EPSG:4326","crsVerified":true,"cadLayer":"0","entityClass":"AcDbEntity : AcDbPoint","entityHandle":"19AE","cadColor":5},"geometry":{"type":"Point","coordinates":[92.43175629,46.12356169]}},{"type":"Feature","id":"hetsuu-dwg:308","properties":{"project":"External licence reference","scope":"external_reference","area":"Hetsuu hutul","sensor":"Base / Control","dataType":"cad_reference_geometry","displayRole":"control_point","plannedActual":"reference","status":"confirmed_geometry","contextOnly":true,"sourceFile":"Hetsuu hutul.DWG","sourceUrl":"https://drive.google.com/drive/folders/1hopqTCeMJknMkkvMa_wCY6OQ_GHXt4ub","sourceCrs":"EPSG:32646","displayCrs":"EPSG:4326","crsVerified":true,"cadLayer":"0","entityClass":"AcDbEntity : AcDbPoint","entityHandle":"19AF","cadColor":5},"geometry":{"type":"Point","coordinates":[92.43460435,46.12299993]}},{"type":"Feature","id":"hetsuu-dwg:309","properties":{"project":"External licence reference","scope":"external_reference","area":"Hetsuu hutul","sensor":"Base / Control","dataType":"cad_reference_geometry","displayRole":"control_point","plannedActual":"reference","status":"confirmed_geometry","contextOnly":true,"sourceFile":"Hetsuu hutul.DWG","sourceUrl":"https://drive.google.com/drive/folders/1hopqTCeMJknMkkvMa_wCY6OQ_GHXt4ub","sourceCrs":"EPSG:32646","displayCrs":"EPSG:4326","crsVerified":true,"cadLayer":"0","entityClass":"AcDbEntity : AcDbPoint","entityHandle":"19B0","cadColor":5},"geometry":{"type":"Point","coordinates":[92.44192505,46.12562902]}},{"type":"Feature","id":"hetsuu-dwg:310","properties":{"project":"External licence reference","scope":"external_reference","area":"Hetsuu hutul","sensor":"Base / Control","dataType":"cad_reference_geometry","displayRole":"control_point","plannedActual":"reference","status":"confirmed_geometry","contextOnly":true,"sourceFile":"Hetsuu hutul.DWG","sourceUrl":"https://drive.google.com/drive/folders/1hopqTCeMJknMkkvMa_wCY6OQ_GHXt4ub","sourceCrs":"EPSG:32646","displayCrs":"EPSG:4326","crsVerified":true,"cadLayer":"0","entityClass":"AcDbEntity : AcDbPoint","entityHandle":"19B1","cadColor":5},"geometry":{"type":"Point","coordinates":[92.42049747,46.11760048]}},{"type":"Feature","id":"hetsuu-dwg:311","properties":{"project":"External licence reference","scope":"external_reference","area":"Hetsuu hutul","sensor":"Base / Control","dataType":"cad_reference_geometry","displayRole":"control_point","plannedActual":"reference","status":"confirmed_geometry","contextOnly":true,"sourceFile":"Hetsuu hutul.DWG","sourceUrl":"https://drive.google.com/drive/folders/1hopqTCeMJknMkkvMa_wCY6OQ_GHXt4ub","sourceCrs":"EPSG:32646","displayCrs":"EPSG:4326","crsVerified":true,"cadLayer":"0","entityClass":"AcDbEntity : AcDbPoint","entityHandle":"19B2","cadColor":5},"geometry":{"type":"Point","coordinates":[92.4203906,46.117684]}},{"type":"Feature","id":"hetsuu-dwg:312","properties":{"project":"External licence reference","scope":"external_reference","area":"Hetsuu hutul","sensor":"Base / Control","dataType":"cad_reference_geometry","displayRole":"control_point","plannedActual":"reference","status":"confirmed_geometry","contextOnly":true,"sourceFile":"Hetsuu hutul.DWG","sourceUrl":"https://drive.google.com/drive/folders/1hopqTCeMJknMkkvMa_wCY6OQ_GHXt4ub","sourceCrs":"EPSG:32646","displayCrs":"EPSG:4326","crsVerified":true,"cadLayer":"0","entityClass":"AcDbEntity : AcDbPoint","entityHandle":"19B3","cadColor":5},"geometry":{"type":"Point","coordinates":[92.4202907,46.11779726]}},{"type":"Feature","id":"hetsuu-dwg:313","properties":{"project":"External licence reference","scope":"external_reference","area":"Hetsuu hutul","sensor":"Base / Control","dataType":"cad_reference_geometry","displayRole":"control_point","plannedActual":"reference","status":"confirmed_geometry","contextOnly":true,"sourceFile":"Hetsuu hutul.DWG","sourceUrl":"https://drive.google.com/drive/folders/1hopqTCeMJknMkkvMa_wCY6OQ_GHXt4ub","sourceCrs":"EPSG:32646","displayCrs":"EPSG:4326","crsVerified":true,"cadLayer":"0","entityClass":"AcDbEntity : AcDbPoint","entityHandle":"19B4","cadColor":5},"geometry":{"type":"Point","coordinates":[92.42019406,46.11789369]}},{"type":"Feature","id":"hetsuu-dwg:314","properties":{"project":"External licence reference","scope":"external_reference","area":"Hetsuu hutul","sensor":"Base / Control","dataType":"cad_reference_geometry","displayRole":"control_point","plannedActual":"reference","status":"confirmed_geometry","contextOnly":true,"sourceFile":"Hetsuu hutul.DWG","sourceUrl":"https://drive.google.com/drive/folders/1hopqTCeMJknMkkvMa_wCY6OQ_GHXt4ub","sourceCrs":"EPSG:32646","displayCrs":"EPSG:4326","crsVerified":true,"cadLayer":"0","entityClass":"AcDbEntity : AcDbPoint","entityHandle":"19B5","cadColor":5},"geometry":{"type":"Point","coordinates":[92.42004534,46.11797836]}},{"type":"Feature","id":"hetsuu-dwg:315","properties":{"project":"External licence reference","scope":"external_reference","area":"Hetsuu hutul","sensor":"Base / Control","dataType":"cad_reference_geometry","displayRole":"control_point","plannedActual":"reference","status":"confirmed_geometry","contextOnly":true,"sourceFile":"Hetsuu hutul.DWG","sourceUrl":"https://drive.google.com/drive/folders/1hopqTCeMJknMkkvMa_wCY6OQ_GHXt4ub","sourceCrs":"EPSG:32646","displayCrs":"EPSG:4326","crsVerified":true,"cadLayer":"0","entityClass":"AcDbEntity : AcDbPoint","entityHandle":"19B6","cadColor":5},"geometry":{"type":"Point","coordinates":[92.4250358,46.1224598]}},{"type":"Feature","id":"hetsuu-dwg:316","properties":{"project":"External licence reference","scope":"external_reference","area":"Hetsuu hutul","sensor":"Base / Control","dataType":"cad_reference_geometry","displayRole":"control_point","plannedActual":"reference","status":"confirmed_geometry","contextOnly":true,"sourceFile":"Hetsuu hutul.DWG","sourceUrl":"https://drive.google.com/drive/folders/1hopqTCeMJknMkkvMa_wCY6OQ_GHXt4ub","sourceCrs":"EPSG:32646","displayCrs":"EPSG:4326","crsVerified":true,"cadLayer":"0","entityClass":"AcDbEntity : AcDbPoint","entityHandle":"19B7","cadColor":5},"geometry":{"type":"Point","coordinates":[92.42491689,46.12258518]}},{"type":"Feature","id":"hetsuu-dwg:317","properties":{"project":"External licence reference","scope":"external_reference","area":"Hetsuu hutul","sensor":"Base / Control","dataType":"cad_reference_geometry","displayRole":"control_point","plannedActual":"reference","status":"confirmed_geometry","contextOnly":true,"sourceFile":"Hetsuu hutul.DWG","sourceUrl":"https://drive.google.com/drive/folders/1hopqTCeMJknMkkvMa_wCY6OQ_GHXt4ub","sourceCrs":"EPSG:32646","displayCrs":"EPSG:4326","crsVerified":true,"cadLayer":"0","entityClass":"AcDbEntity : AcDbPoint","entityHandle":"19B8","cadColor":5},"geometry":{"type":"Point","coordinates":[92.42480294,46.12279954]}},{"type":"Feature","id":"hetsuu-dwg:318","properties":{"project":"External licence reference","scope":"external_reference","area":"Hetsuu hutul","sensor":"Base / Control","dataType":"cad_reference_geometry","displayRole":"control_point","plannedActual":"reference","status":"confirmed_geometry","contextOnly":true,"sourceFile":"Hetsuu hutul.DWG","sourceUrl":"https://drive.google.com/drive/folders/1hopqTCeMJknMkkvMa_wCY6OQ_GHXt4ub","sourceCrs":"EPSG:32646","displayCrs":"EPSG:4326","crsVerified":true,"cadLayer":"0","entityClass":"AcDbEntity : AcDbPoint","entityHandle":"19B9","cadColor":5},"geometry":{"type":"Point","coordinates":[92.42473102,46.12293328]}},{"type":"Feature","id":"hetsuu-dwg:319","properties":{"project":"External licence reference","scope":"external_reference","area":"Hetsuu hutul","sensor":"Base / Control","dataType":"cad_reference_geometry","displayRole":"control_point","plannedActual":"reference","status":"confirmed_geometry","contextOnly":true,"sourceFile":"Hetsuu hutul.DWG","sourceUrl":"https://drive.google.com/drive/folders/1hopqTCeMJknMkkvMa_wCY6OQ_GHXt4ub","sourceCrs":"EPSG:32646","displayCrs":"EPSG:4326","crsVerified":true,"cadLayer":"0","entityClass":"AcDbEntity : AcDbPoint","entityHandle":"19BA","cadColor":5},"geometry":{"type":"Point","coordinates":[92.42465186,46.12310447]}},{"type":"Feature","id":"hetsuu-dwg:320","properties":{"project":"External licence reference","scope":"external_reference","area":"Hetsuu hutul","sensor":"Base / Control","dataType":"cad_reference_geometry","displayRole":"control_point","plannedActual":"reference","status":"confirmed_geometry","contextOnly":true,"sourceFile":"Hetsuu hutul.DWG","sourceUrl":"https://drive.google.com/drive/folders/1hopqTCeMJknMkkvMa_wCY6OQ_GHXt4ub","sourceCrs":"EPSG:32646","displayCrs":"EPSG:4326","crsVerified":true,"cadLayer":"0","entityClass":"AcDbEntity : AcDbPoint","entityHandle":"19BB","cadColor":5},"geometry":{"type":"Point","coordinates":[92.42465169,46.12310454]}},{"type":"Feature","id":"hetsuu-dwg:321","properties":{"project":"External licence reference","scope":"external_reference","area":"Hetsuu hutul","sensor":"Base / Control","dataType":"cad_reference_geometry","displayRole":"control_point","plannedActual":"reference","status":"confirmed_geometry","contextOnly":true,"sourceFile":"Hetsuu hutul.DWG","sourceUrl":"https://drive.google.com/drive/folders/1hopqTCeMJknMkkvMa_wCY6OQ_GHXt4ub","sourceCrs":"EPSG:32646","displayCrs":"EPSG:4326","crsVerified":true,"cadLayer":"0","entityClass":"AcDbEntity : AcDbPoint","entityHandle":"19BC","cadColor":5},"geometry":{"type":"Point","coordinates":[92.42461263,46.12335093]}},{"type":"Feature","id":"hetsuu-dwg:322","properties":{"project":"External licence reference","scope":"external_reference","area":"Hetsuu hutul","sensor":"Base / Control","dataType":"cad_reference_geometry","displayRole":"control_point","plannedActual":"reference","status":"confirmed_geometry","contextOnly":true,"sourceFile":"Hetsuu hutul.DWG","sourceUrl":"https://drive.google.com/drive/folders/1hopqTCeMJknMkkvMa_wCY6OQ_GHXt4ub","sourceCrs":"EPSG:32646","displayCrs":"EPSG:4326","crsVerified":true,"cadLayer":"0","entityClass":"AcDbEntity : AcDbPoint","entityHandle":"19BD","cadColor":5},"geometry":{"type":"Point","coordinates":[92.41620798,46.12533639]}},{"type":"Feature","id":"hetsuu-dwg:323","properties":{"project":"External licence reference","scope":"external_reference","area":"Hetsuu hutul","sensor":"Base / Control","dataType":"cad_reference_geometry","displayRole":"control_point","plannedActual":"reference","status":"confirmed_geometry","contextOnly":true,"sourceFile":"Hetsuu hutul.DWG","sourceUrl":"https://drive.google.com/drive/folders/1hopqTCeMJknMkkvMa_wCY6OQ_GHXt4ub","sourceCrs":"EPSG:32646","displayCrs":"EPSG:4326","crsVerified":true,"cadLayer":"0","entityClass":"AcDbEntity : AcDbPoint","entityHandle":"19BE","cadColor":5},"geometry":{"type":"Point","coordinates":[92.41601668,46.12528206]}},{"type":"Feature","id":"hetsuu-dwg:324","properties":{"project":"External licence reference","scope":"external_reference","area":"Hetsuu hutul","sensor":"Base / Control","dataType":"cad_reference_geometry","displayRole":"control_point","plannedActual":"reference","status":"confirmed_geometry","contextOnly":true,"sourceFile":"Hetsuu hutul.DWG","sourceUrl":"https://drive.google.com/drive/folders/1hopqTCeMJknMkkvMa_wCY6OQ_GHXt4ub","sourceCrs":"EPSG:32646","displayCrs":"EPSG:4326","crsVerified":true,"cadLayer":"0","entityClass":"AcDbEntity : AcDbPoint","entityHandle":"19BF","cadColor":5},"geometry":{"type":"Point","coordinates":[92.41583586,46.12522701]}},{"type":"Feature","id":"hetsuu-dwg:325","properties":{"project":"External licence reference","scope":"external_reference","area":"Hetsuu hutul","sensor":"Base / Control","dataType":"cad_reference_geometry","displayRole":"control_point","plannedActual":"reference","status":"confirmed_geometry","contextOnly":true,"sourceFile":"Hetsuu hutul.DWG","sourceUrl":"https://drive.google.com/drive/folders/1hopqTCeMJknMkkvMa_wCY6OQ_GHXt4ub","sourceCrs":"EPSG:32646","displayCrs":"EPSG:4326","crsVerified":true,"cadLayer":"0","entityClass":"AcDbEntity : AcDbPoint","entityHandle":"19C0","cadColor":5},"geometry":{"type":"Point","coordinates":[92.41553915,46.12517373]}},{"type":"Feature","id":"hetsuu-dwg:326","properties":{"project":"External licence reference","scope":"external_reference","area":"Hetsuu hutul","sensor":"Base / Control","dataType":"cad_reference_geometry","displayRole":"control_point","plannedActual":"reference","status":"confirmed_geometry","contextOnly":true,"sourceFile":"Hetsuu hutul.DWG","sourceUrl":"https://drive.google.com/drive/folders/1hopqTCeMJknMkkvMa_wCY6OQ_GHXt4ub","sourceCrs":"EPSG:32646","displayCrs":"EPSG:4326","crsVerified":true,"cadLayer":"0","entityClass":"AcDbEntity : AcDbPoint","entityHandle":"19C1","cadColor":5},"geometry":{"type":"Point","coordinates":[92.4152149,46.12510452]}},{"type":"Feature","id":"hetsuu-dwg:327","properties":{"project":"External licence reference","scope":"external_reference","area":"Hetsuu hutul","sensor":"Base / Control","dataType":"cad_reference_geometry","displayRole":"control_point","plannedActual":"reference","status":"confirmed_geometry","contextOnly":true,"sourceFile":"Hetsuu hutul.DWG","sourceUrl":"https://drive.google.com/drive/folders/1hopqTCeMJknMkkvMa_wCY6OQ_GHXt4ub","sourceCrs":"EPSG:32646","displayCrs":"EPSG:4326","crsVerified":true,"cadLayer":"0","entityClass":"AcDbEntity : AcDbPoint","entityHandle":"19C2","cadColor":5},"geometry":{"type":"Point","coordinates":[92.41490174,46.12512066]}},{"type":"Feature","id":"hetsuu-dwg:328","properties":{"project":"External licence reference","scope":"external_reference","area":"Hetsuu hutul","sensor":"Base / Control","dataType":"cad_reference_geometry","displayRole":"control_point","plannedActual":"reference","status":"confirmed_geometry","contextOnly":true,"sourceFile":"Hetsuu hutul.DWG","sourceUrl":"https://drive.google.com/drive/folders/1hopqTCeMJknMkkvMa_wCY6OQ_GHXt4ub","sourceCrs":"EPSG:32646","displayCrs":"EPSG:4326","crsVerified":true,"cadLayer":"0","entityClass":"AcDbEntity : AcDbPoint","entityHandle":"19C3","cadColor":5},"geometry":{"type":"Point","coordinates":[92.41461276,46.12514206]}},{"type":"Feature","id":"hetsuu-dwg:329","properties":{"project":"External licence reference","scope":"external_reference","area":"Hetsuu hutul","sensor":"Base / Control","dataType":"cad_reference_geometry","displayRole":"control_point","plannedActual":"reference","status":"confirmed_geometry","contextOnly":true,"sourceFile":"Hetsuu hutul.DWG","sourceUrl":"https://drive.google.com/drive/folders/1hopqTCeMJknMkkvMa_wCY6OQ_GHXt4ub","sourceCrs":"EPSG:32646","displayCrs":"EPSG:4326","crsVerified":true,"cadLayer":"0","entityClass":"AcDbEntity : AcDbPoint","entityHandle":"19C4","cadColor":5},"geometry":{"type":"Point","coordinates":[92.43502914,46.12312893]}},{"type":"Feature","id":"hetsuu-dwg:330","properties":{"project":"External licence reference","scope":"external_reference","area":"Hetsuu hutul","sensor":"Base / Control","dataType":"cad_reference_geometry","displayRole":"control_point","plannedActual":"reference","status":"confirmed_geometry","contextOnly":true,"sourceFile":"Hetsuu hutul.DWG","sourceUrl":"https://drive.google.com/drive/folders/1hopqTCeMJknMkkvMa_wCY6OQ_GHXt4ub","sourceCrs":"EPSG:32646","displayCrs":"EPSG:4326","crsVerified":true,"cadLayer":"0","entityClass":"AcDbEntity : AcDbPoint","entityHandle":"19C5","cadColor":5},"geometry":{"type":"Point","coordinates":[92.43514163,46.12311399]}},{"type":"Feature","id":"hetsuu-dwg:331","properties":{"project":"External licence reference","scope":"external_reference","area":"Hetsuu hutul","sensor":"Base / Control","dataType":"cad_reference_geometry","displayRole":"control_point","plannedActual":"reference","status":"confirmed_geometry","contextOnly":true,"sourceFile":"Hetsuu hutul.DWG","sourceUrl":"https://drive.google.com/drive/folders/1hopqTCeMJknMkkvMa_wCY6OQ_GHXt4ub","sourceCrs":"EPSG:32646","displayCrs":"EPSG:4326","crsVerified":true,"cadLayer":"0","entityClass":"AcDbEntity : AcDbPoint","entityHandle":"19C6","cadColor":5},"geometry":{"type":"Point","coordinates":[92.4353505,46.12308556]}},{"type":"Feature","id":"hetsuu-dwg:332","properties":{"project":"External licence reference","scope":"external_reference","area":"Hetsuu hutul","sensor":"Base / Control","dataType":"cad_reference_geometry","displayRole":"control_point","plannedActual":"reference","status":"confirmed_geometry","contextOnly":true,"sourceFile":"Hetsuu hutul.DWG","sourceUrl":"https://drive.google.com/drive/folders/1hopqTCeMJknMkkvMa_wCY6OQ_GHXt4ub","sourceCrs":"EPSG:32646","displayCrs":"EPSG:4326","crsVerified":true,"cadLayer":"0","entityClass":"AcDbEntity : AcDbPoint","entityHandle":"19C7","cadColor":5},"geometry":{"type":"Point","coordinates":[92.43559707,46.12312915]}},{"type":"Feature","id":"hetsuu-dwg:333","properties":{"project":"External licence reference","scope":"external_reference","area":"Hetsuu hutul","sensor":"Base / Control","dataType":"cad_reference_geometry","displayRole":"control_point","plannedActual":"reference","status":"confirmed_geometry","contextOnly":true,"sourceFile":"Hetsuu hutul.DWG","sourceUrl":"https://drive.google.com/drive/folders/1hopqTCeMJknMkkvMa_wCY6OQ_GHXt4ub","sourceCrs":"EPSG:32646","displayCrs":"EPSG:4326","crsVerified":true,"cadLayer":"0","entityClass":"AcDbEntity : AcDbPoint","entityHandle":"19C8","cadColor":5},"geometry":{"type":"Point","coordinates":[92.43601901,46.12303475]}},{"type":"Feature","id":"hetsuu-dwg:334","properties":{"project":"External licence reference","scope":"external_reference","area":"Hetsuu hutul","sensor":"Base / Control","dataType":"cad_reference_geometry","displayRole":"control_point","plannedActual":"reference","status":"confirmed_geometry","contextOnly":true,"sourceFile":"Hetsuu hutul.DWG","sourceUrl":"https://drive.google.com/drive/folders/1hopqTCeMJknMkkvMa_wCY6OQ_GHXt4ub","sourceCrs":"EPSG:32646","displayCrs":"EPSG:4326","crsVerified":true,"cadLayer":"0","entityClass":"AcDbEntity : AcDbPoint","entityHandle":"19C9","cadColor":5},"geometry":{"type":"Point","coordinates":[92.43755759,46.12338401]}},{"type":"Feature","id":"hetsuu-dwg:335","properties":{"project":"External licence reference","scope":"external_reference","area":"Hetsuu hutul","sensor":"Base / Control","dataType":"cad_reference_geometry","displayRole":"control_point","plannedActual":"reference","status":"confirmed_geometry","contextOnly":true,"sourceFile":"Hetsuu hutul.DWG","sourceUrl":"https://drive.google.com/drive/folders/1hopqTCeMJknMkkvMa_wCY6OQ_GHXt4ub","sourceCrs":"EPSG:32646","displayCrs":"EPSG:4326","crsVerified":true,"cadLayer":"0","entityClass":"AcDbEntity : AcDbPoint","entityHandle":"19CA","cadColor":5},"geometry":{"type":"Point","coordinates":[92.43767518,46.12352311]}},{"type":"Feature","id":"hetsuu-dwg:336","properties":{"project":"External licence reference","scope":"external_reference","area":"Hetsuu hutul","sensor":"Base / Control","dataType":"cad_reference_geometry","displayRole":"control_point","plannedActual":"reference","status":"confirmed_geometry","contextOnly":true,"sourceFile":"Hetsuu hutul.DWG","sourceUrl":"https://drive.google.com/drive/folders/1hopqTCeMJknMkkvMa_wCY6OQ_GHXt4ub","sourceCrs":"EPSG:32646","displayCrs":"EPSG:4326","crsVerified":true,"cadLayer":"0","entityClass":"AcDbEntity : AcDbPoint","entityHandle":"19CB","cadColor":5},"geometry":{"type":"Point","coordinates":[92.43767663,46.12377376]}},{"type":"Feature","id":"hetsuu-dwg:337","properties":{"project":"External licence reference","scope":"external_reference","area":"Hetsuu hutul","sensor":"Base / Control","dataType":"cad_reference_geometry","displayRole":"control_point","plannedActual":"reference","status":"confirmed_geometry","contextOnly":true,"sourceFile":"Hetsuu hutul.DWG","sourceUrl":"https://drive.google.com/drive/folders/1hopqTCeMJknMkkvMa_wCY6OQ_GHXt4ub","sourceCrs":"EPSG:32646","displayCrs":"EPSG:4326","crsVerified":true,"cadLayer":"0","entityClass":"AcDbEntity : AcDbPoint","entityHandle":"19CC","cadColor":5},"geometry":{"type":"Point","coordinates":[92.40817933,46.10639531]}},{"type":"Feature","id":"hetsuu-dwg:338","properties":{"project":"External licence reference","scope":"external_reference","area":"Hetsuu hutul","sensor":"Base / Control","dataType":"cad_reference_geometry","displayRole":"control_point","plannedActual":"reference","status":"confirmed_geometry","contextOnly":true,"sourceFile":"Hetsuu hutul.DWG","sourceUrl":"https://drive.google.com/drive/folders/1hopqTCeMJknMkkvMa_wCY6OQ_GHXt4ub","sourceCrs":"EPSG:32646","displayCrs":"EPSG:4326","crsVerified":true,"cadLayer":"0","entityClass":"AcDbEntity : AcDbPoint","entityHandle":"19CD","cadColor":5},"geometry":{"type":"Point","coordinates":[92.40978383,46.10542308]}},{"type":"Feature","id":"hetsuu-dwg:339","properties":{"project":"External licence reference","scope":"external_reference","area":"Hetsuu hutul","sensor":"Base / Control","dataType":"cad_reference_geometry","displayRole":"control_point","plannedActual":"reference","status":"confirmed_geometry","contextOnly":true,"sourceFile":"Hetsuu hutul.DWG","sourceUrl":"https://drive.google.com/drive/folders/1hopqTCeMJknMkkvMa_wCY6OQ_GHXt4ub","sourceCrs":"EPSG:32646","displayCrs":"EPSG:4326","crsVerified":true,"cadLayer":"0","entityClass":"AcDbEntity : AcDbPoint","entityHandle":"19CE","cadColor":5},"geometry":{"type":"Point","coordinates":[92.40831369,46.10375378]}},{"type":"Feature","id":"hetsuu-dwg:340","properties":{"project":"External licence reference","scope":"external_reference","area":"Hetsuu hutul","sensor":"Base / Control","dataType":"cad_reference_geometry","displayRole":"control_point","plannedActual":"reference","status":"confirmed_geometry","contextOnly":true,"sourceFile":"Hetsuu hutul.DWG","sourceUrl":"https://drive.google.com/drive/folders/1hopqTCeMJknMkkvMa_wCY6OQ_GHXt4ub","sourceCrs":"EPSG:32646","displayCrs":"EPSG:4326","crsVerified":true,"cadLayer":"0","entityClass":"AcDbEntity : AcDbPoint","entityHandle":"19CF","cadColor":5},"geometry":{"type":"Point","coordinates":[92.45363333,46.08893475]}},{"type":"Feature","id":"hetsuu-dwg:341","properties":{"project":"External licence reference","scope":"external_reference","area":"Hetsuu hutul","sensor":"Base / Control","dataType":"cad_reference_geometry","displayRole":"control_point","plannedActual":"reference","status":"confirmed_geometry","contextOnly":true,"sourceFile":"Hetsuu hutul.DWG","sourceUrl":"https://drive.google.com/drive/folders/1hopqTCeMJknMkkvMa_wCY6OQ_GHXt4ub","sourceCrs":"EPSG:32646","displayCrs":"EPSG:4326","crsVerified":true,"cadLayer":"0","entityClass":"AcDbEntity : AcDbPoint","entityHandle":"19D0","cadColor":5},"geometry":{"type":"Point","coordinates":[92.44501818,46.08675667]}},{"type":"Feature","id":"hetsuu-dwg:342","properties":{"project":"External licence reference","scope":"external_reference","area":"Hetsuu hutul","sensor":"Base / Control","dataType":"cad_reference_geometry","displayRole":"control_point","plannedActual":"reference","status":"confirmed_geometry","contextOnly":true,"sourceFile":"Hetsuu hutul.DWG","sourceUrl":"https://drive.google.com/drive/folders/1hopqTCeMJknMkkvMa_wCY6OQ_GHXt4ub","sourceCrs":"EPSG:32646","displayCrs":"EPSG:4326","crsVerified":true,"cadLayer":"0","entityClass":"AcDbEntity : AcDbPoint","entityHandle":"19D1","cadColor":5},"geometry":{"type":"Point","coordinates":[92.44498848,46.08886948]}},{"type":"Feature","id":"hetsuu-dwg:343","properties":{"project":"External licence reference","scope":"external_reference","area":"Hetsuu hutul","sensor":"Base / Control","dataType":"cad_reference_geometry","displayRole":"control_point","plannedActual":"reference","status":"confirmed_geometry","contextOnly":true,"sourceFile":"Hetsuu hutul.DWG","sourceUrl":"https://drive.google.com/drive/folders/1hopqTCeMJknMkkvMa_wCY6OQ_GHXt4ub","sourceCrs":"EPSG:32646","displayCrs":"EPSG:4326","crsVerified":true,"cadLayer":"0","entityClass":"AcDbEntity : AcDbPoint","entityHandle":"19D2","cadColor":5},"geometry":{"type":"Point","coordinates":[92.44498252,46.09246849]}},{"type":"Feature","id":"hetsuu-dwg:344","properties":{"project":"External licence reference","scope":"external_reference","area":"Hetsuu hutul","sensor":"Base / Control","dataType":"cad_reference_geometry","displayRole":"control_point","plannedActual":"reference","status":"confirmed_geometry","contextOnly":true,"sourceFile":"Hetsuu hutul.DWG","sourceUrl":"https://drive.google.com/drive/folders/1hopqTCeMJknMkkvMa_wCY6OQ_GHXt4ub","sourceCrs":"EPSG:32646","displayCrs":"EPSG:4326","crsVerified":true,"cadLayer":"0","entityClass":"AcDbEntity : AcDbPoint","entityHandle":"19D3","cadColor":5},"geometry":{"type":"Point","coordinates":[92.4449647,46.09279427]}},{"type":"Feature","id":"hetsuu-dwg:345","properties":{"project":"External licence reference","scope":"external_reference","area":"Hetsuu hutul","sensor":"Base / Control","dataType":"cad_reference_geometry","displayRole":"control_point","plannedActual":"reference","status":"confirmed_geometry","contextOnly":true,"sourceFile":"Hetsuu hutul.DWG","sourceUrl":"https://drive.google.com/drive/folders/1hopqTCeMJknMkkvMa_wCY6OQ_GHXt4ub","sourceCrs":"EPSG:32646","displayCrs":"EPSG:4326","crsVerified":true,"cadLayer":"0","entityClass":"AcDbEntity : AcDbPoint","entityHandle":"19D4","cadColor":5},"geometry":{"type":"Point","coordinates":[92.44493342,46.0967106]}},{"type":"Feature","id":"hetsuu-dwg:346","properties":{"project":"External licence reference","scope":"external_reference","area":"Hetsuu hutul","sensor":"Base / Control","dataType":"cad_reference_geometry","displayRole":"control_point","plannedActual":"reference","status":"confirmed_geometry","contextOnly":true,"sourceFile":"Hetsuu hutul.DWG","sourceUrl":"https://drive.google.com/drive/folders/1hopqTCeMJknMkkvMa_wCY6OQ_GHXt4ub","sourceCrs":"EPSG:32646","displayCrs":"EPSG:4326","crsVerified":true,"cadLayer":"0","entityClass":"AcDbEntity : AcDbPoint","entityHandle":"19D5","cadColor":5},"geometry":{"type":"Point","coordinates":[92.44487463,46.09730414]}},{"type":"Feature","id":"hetsuu-dwg:347","properties":{"project":"External licence reference","scope":"external_reference","area":"Hetsuu hutul","sensor":"Base / Control","dataType":"cad_reference_geometry","displayRole":"control_point","plannedActual":"reference","status":"confirmed_geometry","contextOnly":true,"sourceFile":"Hetsuu hutul.DWG","sourceUrl":"https://drive.google.com/drive/folders/1hopqTCeMJknMkkvMa_wCY6OQ_GHXt4ub","sourceCrs":"EPSG:32646","displayCrs":"EPSG:4326","crsVerified":true,"cadLayer":"0","entityClass":"AcDbEntity : AcDbPoint","entityHandle":"19D6","cadColor":5},"geometry":{"type":"Point","coordinates":[92.44487458,46.10450433]}},{"type":"Feature","id":"hetsuu-dwg:348","properties":{"project":"External licence reference","scope":"external_reference","area":"Hetsuu hutul","sensor":"Base / Control","dataType":"cad_reference_geometry","displayRole":"control_point","plannedActual":"reference","status":"confirmed_geometry","contextOnly":true,"sourceFile":"Hetsuu hutul.DWG","sourceUrl":"https://drive.google.com/drive/folders/1hopqTCeMJknMkkvMa_wCY6OQ_GHXt4ub","sourceCrs":"EPSG:32646","displayCrs":"EPSG:4326","crsVerified":true,"cadLayer":"0","entityClass":"AcDbEntity : AcDbPoint","entityHandle":"19D7","cadColor":5},"geometry":{"type":"Point","coordinates":[92.4448961,46.10613343]}},{"type":"Feature","id":"hetsuu-dwg:349","properties":{"project":"External licence reference","scope":"external_reference","area":"Hetsuu hutul","sensor":"Base / Control","dataType":"cad_reference_geometry","displayRole":"control_point","plannedActual":"reference","status":"confirmed_geometry","contextOnly":true,"sourceFile":"Hetsuu hutul.DWG","sourceUrl":"https://drive.google.com/drive/folders/1hopqTCeMJknMkkvMa_wCY6OQ_GHXt4ub","sourceCrs":"EPSG:32646","displayCrs":"EPSG:4326","crsVerified":true,"cadLayer":"0","entityClass":"AcDbEntity : AcDbPoint","entityHandle":"19D8","cadColor":5},"geometry":{"type":"Point","coordinates":[92.45605036,46.09671672]}},{"type":"Feature","id":"hetsuu-dwg:350","properties":{"project":"External licence reference","scope":"external_reference","area":"Hetsuu hutul","sensor":"Base / Control","dataType":"cad_reference_geometry","displayRole":"control_point","plannedActual":"reference","status":"confirmed_geometry","contextOnly":true,"sourceFile":"Hetsuu hutul.DWG","sourceUrl":"https://drive.google.com/drive/folders/1hopqTCeMJknMkkvMa_wCY6OQ_GHXt4ub","sourceCrs":"EPSG:32646","displayCrs":"EPSG:4326","crsVerified":true,"cadLayer":"0","entityClass":"AcDbEntity : AcDbPoint","entityHandle":"19D9","cadColor":5},"geometry":{"type":"Point","coordinates":[92.43617424,46.08668755]}},{"type":"Feature","id":"hetsuu-dwg:351","properties":{"project":"External licence reference","scope":"external_reference","area":"Hetsuu hutul","sensor":"Base / Control","dataType":"cad_reference_geometry","displayRole":"control_point","plannedActual":"reference","status":"confirmed_geometry","contextOnly":true,"sourceFile":"Hetsuu hutul.DWG","sourceUrl":"https://drive.google.com/drive/folders/1hopqTCeMJknMkkvMa_wCY6OQ_GHXt4ub","sourceCrs":"EPSG:32646","displayCrs":"EPSG:4326","crsVerified":true,"cadLayer":"0","entityClass":"AcDbEntity : AcDbPoint","entityHandle":"19DA","cadColor":5},"geometry":{"type":"Point","coordinates":[92.43305226,46.08779919]}},{"type":"Feature","id":"hetsuu-dwg:352","properties":{"project":"External licence reference","scope":"external_reference","area":"Hetsuu hutul","sensor":"Base / Control","dataType":"cad_reference_geometry","displayRole":"control_point","plannedActual":"reference","status":"confirmed_geometry","contextOnly":true,"sourceFile":"Hetsuu hutul.DWG","sourceUrl":"https://drive.google.com/drive/folders/1hopqTCeMJknMkkvMa_wCY6OQ_GHXt4ub","sourceCrs":"EPSG:32646","displayCrs":"EPSG:4326","crsVerified":true,"cadLayer":"0","entityClass":"AcDbEntity : AcDbPoint","entityHandle":"19DB","cadColor":5},"geometry":{"type":"Point","coordinates":[92.43301309,46.08999033]}},{"type":"Feature","id":"hetsuu-dwg:353","properties":{"project":"External licence reference","scope":"external_reference","area":"Hetsuu hutul","sensor":"Base / Control","dataType":"cad_reference_geometry","displayRole":"control_point","plannedActual":"reference","status":"confirmed_geometry","contextOnly":true,"sourceFile":"Hetsuu hutul.DWG","sourceUrl":"https://drive.google.com/drive/folders/1hopqTCeMJknMkkvMa_wCY6OQ_GHXt4ub","sourceCrs":"EPSG:32646","displayCrs":"EPSG:4326","crsVerified":true,"cadLayer":"0","entityClass":"AcDbEntity : AcDbPoint","entityHandle":"19DC","cadColor":5},"geometry":{"type":"Point","coordinates":[92.42889794,46.08990618]}},{"type":"Feature","id":"hetsuu-dwg:354","properties":{"project":"External licence reference","scope":"external_reference","area":"Hetsuu hutul","sensor":"Base / Control","dataType":"cad_reference_geometry","displayRole":"control_point","plannedActual":"reference","status":"confirmed_geometry","contextOnly":true,"sourceFile":"Hetsuu hutul.DWG","sourceUrl":"https://drive.google.com/drive/folders/1hopqTCeMJknMkkvMa_wCY6OQ_GHXt4ub","sourceCrs":"EPSG:32646","displayCrs":"EPSG:4326","crsVerified":true,"cadLayer":"0","entityClass":"AcDbEntity : AcDbPoint","entityHandle":"19DD","cadColor":5},"geometry":{"type":"Point","coordinates":[92.4329609,46.09430724]}},{"type":"Feature","id":"hetsuu-dwg:355","properties":{"project":"External licence reference","scope":"external_reference","area":"Hetsuu hutul","sensor":"Base / Control","dataType":"cad_reference_geometry","displayRole":"control_point","plannedActual":"reference","status":"confirmed_geometry","contextOnly":true,"sourceFile":"Hetsuu hutul.DWG","sourceUrl":"https://drive.google.com/drive/folders/1hopqTCeMJknMkkvMa_wCY6OQ_GHXt4ub","sourceCrs":"EPSG:32646","displayCrs":"EPSG:4326","crsVerified":true,"cadLayer":"0","entityClass":"AcDbEntity : AcDbPoint","entityHandle":"19DE","cadColor":5},"geometry":{"type":"Point","coordinates":[92.43298459,46.09869343]}},{"type":"Feature","id":"hetsuu-dwg:356","properties":{"project":"External licence reference","scope":"external_reference","area":"Hetsuu hutul","sensor":"Base / Control","dataType":"cad_reference_geometry","displayRole":"control_point","plannedActual":"reference","status":"confirmed_geometry","contextOnly":true,"sourceFile":"Hetsuu hutul.DWG","sourceUrl":"https://drive.google.com/drive/folders/1hopqTCeMJknMkkvMa_wCY6OQ_GHXt4ub","sourceCrs":"EPSG:32646","displayCrs":"EPSG:4326","crsVerified":true,"cadLayer":"0","entityClass":"AcDbEntity : AcDbPoint","entityHandle":"19DF","cadColor":5},"geometry":{"type":"Point","coordinates":[92.44485539,46.10160129]}},{"type":"Feature","id":"hetsuu-dwg:357","properties":{"project":"External licence reference","scope":"external_reference","area":"Hetsuu hutul","sensor":"Base / Control","dataType":"cad_reference_geometry","displayRole":"control_point","plannedActual":"reference","status":"confirmed_geometry","contextOnly":true,"sourceFile":"Hetsuu hutul.DWG","sourceUrl":"https://drive.google.com/drive/folders/1hopqTCeMJknMkkvMa_wCY6OQ_GHXt4ub","sourceCrs":"EPSG:32646","displayCrs":"EPSG:4326","crsVerified":true,"cadLayer":"0","entityClass":"AcDbEntity : AcDbPoint","entityHandle":"19E0","cadColor":5},"geometry":{"type":"Point","coordinates":[92.45213404,46.10070739]}},{"type":"Feature","id":"hetsuu-dwg:358","properties":{"project":"External licence reference","scope":"external_reference","area":"Hetsuu hutul","sensor":"Base / Control","dataType":"cad_reference_geometry","displayRole":"control_point","plannedActual":"reference","status":"confirmed_geometry","contextOnly":true,"sourceFile":"Hetsuu hutul.DWG","sourceUrl":"https://drive.google.com/drive/folders/1hopqTCeMJknMkkvMa_wCY6OQ_GHXt4ub","sourceCrs":"EPSG:32646","displayCrs":"EPSG:4326","crsVerified":true,"cadLayer":"0","entityClass":"AcDbEntity : AcDbPoint","entityHandle":"19E1","cadColor":5},"geometry":{"type":"Point","coordinates":[92.42040077,46.09465418]}},{"type":"Feature","id":"hetsuu-dwg:359","properties":{"project":"External licence reference","scope":"external_reference","area":"Hetsuu hutul","sensor":"Base / Control","dataType":"cad_reference_geometry","displayRole":"control_point","plannedActual":"reference","status":"confirmed_geometry","contextOnly":true,"sourceFile":"Hetsuu hutul.DWG","sourceUrl":"https://drive.google.com/drive/folders/1hopqTCeMJknMkkvMa_wCY6OQ_GHXt4ub","sourceCrs":"EPSG:32646","displayCrs":"EPSG:4326","crsVerified":true,"cadLayer":"0","entityClass":"AcDbEntity : AcDbPoint","entityHandle":"19E2","cadColor":5},"geometry":{"type":"Point","coordinates":[92.41708259,46.09134518]}},{"type":"Feature","id":"hetsuu-dwg:360","properties":{"project":"External licence reference","scope":"external_reference","area":"Hetsuu hutul","sensor":"Base / Control","dataType":"cad_reference_geometry","displayRole":"control_point","plannedActual":"reference","status":"confirmed_geometry","contextOnly":true,"sourceFile":"Hetsuu hutul.DWG","sourceUrl":"https://drive.google.com/drive/folders/1hopqTCeMJknMkkvMa_wCY6OQ_GHXt4ub","sourceCrs":"EPSG:32646","displayCrs":"EPSG:4326","crsVerified":true,"cadLayer":"0","entityClass":"AcDbEntity : AcDbPoint","entityHandle":"19E3","cadColor":5},"geometry":{"type":"Point","coordinates":[92.41399939,46.09453579]}},{"type":"Feature","id":"hetsuu-dwg:361","properties":{"project":"External licence reference","scope":"external_reference","area":"Hetsuu hutul","sensor":"Base / Control","dataType":"cad_reference_geometry","displayRole":"control_point","plannedActual":"reference","status":"confirmed_geometry","contextOnly":true,"sourceFile":"Hetsuu hutul.DWG","sourceUrl":"https://drive.google.com/drive/folders/1hopqTCeMJknMkkvMa_wCY6OQ_GHXt4ub","sourceCrs":"EPSG:32646","displayCrs":"EPSG:4326","crsVerified":true,"cadLayer":"0","entityClass":"AcDbEntity : AcDbPoint","entityHandle":"19E4","cadColor":5},"geometry":{"type":"Point","coordinates":[92.42042747,46.0991568]}},{"type":"Feature","id":"hetsuu-dwg:362","properties":{"project":"External licence reference","scope":"external_reference","area":"Hetsuu hutul","sensor":"Base / Control","dataType":"cad_reference_geometry","displayRole":"control_point","plannedActual":"reference","status":"confirmed_geometry","contextOnly":true,"sourceFile":"Hetsuu hutul.DWG","sourceUrl":"https://drive.google.com/drive/folders/1hopqTCeMJknMkkvMa_wCY6OQ_GHXt4ub","sourceCrs":"EPSG:32646","displayCrs":"EPSG:4326","crsVerified":true,"cadLayer":"0","entityClass":"AcDbEntity : AcDbPoint","entityHandle":"19E5","cadColor":5},"geometry":{"type":"Point","coordinates":[92.42038943,46.10267504]}},{"type":"Feature","id":"hetsuu-dwg:363","properties":{"project":"External licence reference","scope":"external_reference","area":"Hetsuu hutul","sensor":"Base / Control","dataType":"cad_reference_geometry","displayRole":"control_point","plannedActual":"reference","status":"confirmed_geometry","contextOnly":true,"sourceFile":"Hetsuu hutul.DWG","sourceUrl":"https://drive.google.com/drive/folders/1hopqTCeMJknMkkvMa_wCY6OQ_GHXt4ub","sourceCrs":"EPSG:32646","displayCrs":"EPSG:4326","crsVerified":true,"cadLayer":"0","entityClass":"AcDbEntity : AcDbPoint","entityHandle":"19E6","cadColor":5},"geometry":{"type":"Point","coordinates":[92.4264103,46.10306275]}},{"type":"Feature","id":"hetsuu-dwg:364","properties":{"project":"External licence reference","scope":"external_reference","area":"Hetsuu hutul","sensor":"Base / Control","dataType":"cad_reference_geometry","displayRole":"control_point","plannedActual":"reference","status":"confirmed_geometry","contextOnly":true,"sourceFile":"Hetsuu hutul.DWG","sourceUrl":"https://drive.google.com/drive/folders/1hopqTCeMJknMkkvMa_wCY6OQ_GHXt4ub","sourceCrs":"EPSG:32646","displayCrs":"EPSG:4326","crsVerified":true,"cadLayer":"0","entityClass":"AcDbEntity : AcDbPoint","entityHandle":"19E7","cadColor":5},"geometry":{"type":"Point","coordinates":[92.43273903,46.1026961]}},{"type":"Feature","id":"hetsuu-dwg:365","properties":{"project":"External licence reference","scope":"external_reference","area":"Hetsuu hutul","sensor":"Base / Control","dataType":"cad_reference_geometry","displayRole":"control_point","plannedActual":"reference","status":"confirmed_geometry","contextOnly":true,"sourceFile":"Hetsuu hutul.DWG","sourceUrl":"https://drive.google.com/drive/folders/1hopqTCeMJknMkkvMa_wCY6OQ_GHXt4ub","sourceCrs":"EPSG:32646","displayCrs":"EPSG:4326","crsVerified":true,"cadLayer":"0","entityClass":"AcDbEntity : AcDbPoint","entityHandle":"19E8","cadColor":5},"geometry":{"type":"Point","coordinates":[92.4588273,46.11119962]}},{"type":"Feature","id":"hetsuu-dwg:366","properties":{"project":"External licence reference","scope":"external_reference","area":"Hetsuu hutul","sensor":"Base / Control","dataType":"cad_reference_geometry","displayRole":"control_point","plannedActual":"reference","status":"confirmed_geometry","contextOnly":true,"sourceFile":"Hetsuu hutul.DWG","sourceUrl":"https://drive.google.com/drive/folders/1hopqTCeMJknMkkvMa_wCY6OQ_GHXt4ub","sourceCrs":"EPSG:32646","displayCrs":"EPSG:4326","crsVerified":true,"cadLayer":"0","entityClass":"AcDbEntity : AcDbPoint","entityHandle":"19E9","cadColor":5},"geometry":{"type":"Point","coordinates":[92.4565665,46.11270682]}},{"type":"Feature","id":"hetsuu-dwg:367","properties":{"project":"External licence reference","scope":"external_reference","area":"Hetsuu hutul","sensor":"Base / Control","dataType":"cad_reference_geometry","displayRole":"control_point","plannedActual":"reference","status":"confirmed_geometry","contextOnly":true,"sourceFile":"Hetsuu hutul.DWG","sourceUrl":"https://drive.google.com/drive/folders/1hopqTCeMJknMkkvMa_wCY6OQ_GHXt4ub","sourceCrs":"EPSG:32646","displayCrs":"EPSG:4326","crsVerified":true,"cadLayer":"0","entityClass":"AcDbEntity : AcDbPoint","entityHandle":"19EA","cadColor":5},"geometry":{"type":"Point","coordinates":[92.45570213,46.11444977]}},{"type":"Feature","id":"hetsuu-dwg:368","properties":{"project":"External licence reference","scope":"external_reference","area":"Hetsuu hutul","sensor":"Base / Control","dataType":"cad_reference_geometry","displayRole":"control_point","plannedActual":"reference","status":"confirmed_geometry","contextOnly":true,"sourceFile":"Hetsuu hutul.DWG","sourceUrl":"https://drive.google.com/drive/folders/1hopqTCeMJknMkkvMa_wCY6OQ_GHXt4ub","sourceCrs":"EPSG:32646","displayCrs":"EPSG:4326","crsVerified":true,"cadLayer":"0","entityClass":"AcDbEntity : AcDbPoint","entityHandle":"19EB","cadColor":5},"geometry":{"type":"Point","coordinates":[92.45300865,46.11243659]}},{"type":"Feature","id":"hetsuu-dwg:369","properties":{"project":"External licence reference","scope":"external_reference","area":"Hetsuu hutul","sensor":"Base / Control","dataType":"cad_reference_geometry","displayRole":"control_point","plannedActual":"reference","status":"confirmed_geometry","contextOnly":true,"sourceFile":"Hetsuu hutul.DWG","sourceUrl":"https://drive.google.com/drive/folders/1hopqTCeMJknMkkvMa_wCY6OQ_GHXt4ub","sourceCrs":"EPSG:32646","displayCrs":"EPSG:4326","crsVerified":true,"cadLayer":"0","entityClass":"AcDbEntity : AcDbPoint","entityHandle":"19EC","cadColor":5},"geometry":{"type":"Point","coordinates":[92.44944126,46.11347966]}},{"type":"Feature","id":"hetsuu-dwg:370","properties":{"project":"External licence reference","scope":"external_reference","area":"Hetsuu hutul","sensor":"Base / Control","dataType":"cad_reference_geometry","displayRole":"control_point","plannedActual":"reference","status":"confirmed_geometry","contextOnly":true,"sourceFile":"Hetsuu hutul.DWG","sourceUrl":"https://drive.google.com/drive/folders/1hopqTCeMJknMkkvMa_wCY6OQ_GHXt4ub","sourceCrs":"EPSG:32646","displayCrs":"EPSG:4326","crsVerified":true,"cadLayer":"0","entityClass":"AcDbEntity : AcDbPoint","entityHandle":"19ED","cadColor":5},"geometry":{"type":"Point","coordinates":[92.44737276,46.1123168]}},{"type":"Feature","id":"hetsuu-dwg:371","properties":{"project":"External licence reference","scope":"external_reference","area":"Hetsuu hutul","sensor":"Base / Control","dataType":"cad_reference_geometry","displayRole":"control_point","plannedActual":"reference","status":"confirmed_geometry","contextOnly":true,"sourceFile":"Hetsuu hutul.DWG","sourceUrl":"https://drive.google.com/drive/folders/1hopqTCeMJknMkkvMa_wCY6OQ_GHXt4ub","sourceCrs":"EPSG:32646","displayCrs":"EPSG:4326","crsVerified":true,"cadLayer":"0","entityClass":"AcDbEntity : AcDbPoint","entityHandle":"19EE","cadColor":5},"geometry":{"type":"Point","coordinates":[92.4503474,46.11269802]}},{"type":"Feature","id":"hetsuu-dwg:372","properties":{"project":"External licence reference","scope":"external_reference","area":"Hetsuu hutul","sensor":"Base / Control","dataType":"cad_reference_geometry","displayRole":"control_point","plannedActual":"reference","status":"confirmed_geometry","contextOnly":true,"sourceFile":"Hetsuu hutul.DWG","sourceUrl":"https://drive.google.com/drive/folders/1hopqTCeMJknMkkvMa_wCY6OQ_GHXt4ub","sourceCrs":"EPSG:32646","displayCrs":"EPSG:4326","crsVerified":true,"cadLayer":"0","entityClass":"AcDbEntity : AcDbPoint","entityHandle":"19EF","cadColor":5},"geometry":{"type":"Point","coordinates":[92.45096,46.11258924]}},{"type":"Feature","id":"hetsuu-dwg:373","properties":{"project":"External licence reference","scope":"external_reference","area":"Hetsuu hutul","sensor":"Base / Control","dataType":"cad_reference_geometry","displayRole":"control_point","plannedActual":"reference","status":"confirmed_geometry","contextOnly":true,"sourceFile":"Hetsuu hutul.DWG","sourceUrl":"https://drive.google.com/drive/folders/1hopqTCeMJknMkkvMa_wCY6OQ_GHXt4ub","sourceCrs":"EPSG:32646","displayCrs":"EPSG:4326","crsVerified":true,"cadLayer":"0","entityClass":"AcDbEntity : AcDbPoint","entityHandle":"19F0","cadColor":5},"geometry":{"type":"Point","coordinates":[92.45150546,46.11248686]}},{"type":"Feature","id":"hetsuu-dwg:374","properties":{"project":"External licence reference","scope":"external_reference","area":"Hetsuu hutul","sensor":"Base / Control","dataType":"cad_reference_geometry","displayRole":"control_point","plannedActual":"reference","status":"confirmed_geometry","contextOnly":true,"sourceFile":"Hetsuu hutul.DWG","sourceUrl":"https://drive.google.com/drive/folders/1hopqTCeMJknMkkvMa_wCY6OQ_GHXt4ub","sourceCrs":"EPSG:32646","displayCrs":"EPSG:4326","crsVerified":true,"cadLayer":"0","entityClass":"AcDbEntity : AcDbPoint","entityHandle":"19F1","cadColor":5},"geometry":{"type":"Point","coordinates":[92.4520522,46.11241127]}},{"type":"Feature","id":"hetsuu-dwg:375","properties":{"project":"External licence reference","scope":"external_reference","area":"Hetsuu hutul","sensor":"Base / Control","dataType":"cad_reference_geometry","displayRole":"control_point","plannedActual":"reference","status":"confirmed_geometry","contextOnly":true,"sourceFile":"Hetsuu hutul.DWG","sourceUrl":"https://drive.google.com/drive/folders/1hopqTCeMJknMkkvMa_wCY6OQ_GHXt4ub","sourceCrs":"EPSG:32646","displayCrs":"EPSG:4326","crsVerified":true,"cadLayer":"0","entityClass":"AcDbEntity : AcDbPoint","entityHandle":"19F2","cadColor":5},"geometry":{"type":"Point","coordinates":[92.45283312,46.11233916]}},{"type":"Feature","id":"hetsuu-dwg:376","properties":{"project":"External licence reference","scope":"external_reference","area":"Hetsuu hutul","sensor":"Base / Control","dataType":"cad_reference_geometry","displayRole":"control_point","plannedActual":"reference","status":"confirmed_geometry","contextOnly":true,"sourceFile":"Hetsuu hutul.DWG","sourceUrl":"https://drive.google.com/drive/folders/1hopqTCeMJknMkkvMa_wCY6OQ_GHXt4ub","sourceCrs":"EPSG:32646","displayCrs":"EPSG:4326","crsVerified":true,"cadLayer":"0","entityClass":"AcDbEntity : AcDbPoint","entityHandle":"19F3","cadColor":5},"geometry":{"type":"Point","coordinates":[92.45338267,46.11227511]}},{"type":"Feature","id":"hetsuu-dwg:377","properties":{"project":"External licence reference","scope":"external_reference","area":"Hetsuu hutul","sensor":"Base / Control","dataType":"cad_reference_geometry","displayRole":"control_point","plannedActual":"reference","status":"confirmed_geometry","contextOnly":true,"sourceFile":"Hetsuu hutul.DWG","sourceUrl":"https://drive.google.com/drive/folders/1hopqTCeMJknMkkvMa_wCY6OQ_GHXt4ub","sourceCrs":"EPSG:32646","displayCrs":"EPSG:4326","crsVerified":true,"cadLayer":"0","entityClass":"AcDbEntity : AcDbPoint","entityHandle":"19F4","cadColor":5},"geometry":{"type":"Point","coordinates":[92.45775946,46.08465624]}},{"type":"Feature","id":"hetsuu-dwg:378","properties":{"project":"External licence reference","scope":"external_reference","area":"Hetsuu hutul","sensor":"Base / Control","dataType":"cad_reference_geometry","displayRole":"control_point","plannedActual":"reference","status":"confirmed_geometry","contextOnly":true,"sourceFile":"Hetsuu hutul.DWG","sourceUrl":"https://drive.google.com/drive/folders/1hopqTCeMJknMkkvMa_wCY6OQ_GHXt4ub","sourceCrs":"EPSG:32646","displayCrs":"EPSG:4326","crsVerified":true,"cadLayer":"0","entityClass":"AcDbEntity : AcDbPoint","entityHandle":"19F5","cadColor":5},"geometry":{"type":"Point","coordinates":[92.45687555,46.07754476]}},{"type":"Feature","id":"hetsuu-dwg:379","properties":{"project":"External licence reference","scope":"external_reference","area":"Hetsuu hutul","sensor":"Base / Control","dataType":"cad_reference_geometry","displayRole":"control_point","plannedActual":"reference","status":"confirmed_geometry","contextOnly":true,"sourceFile":"Hetsuu hutul.DWG","sourceUrl":"https://drive.google.com/drive/folders/1hopqTCeMJknMkkvMa_wCY6OQ_GHXt4ub","sourceCrs":"EPSG:32646","displayCrs":"EPSG:4326","crsVerified":true,"cadLayer":"0","entityClass":"AcDbEntity : AcDbPoint","entityHandle":"19F6","cadColor":5},"geometry":{"type":"Point","coordinates":[92.45696989,46.07370484]}},{"type":"Feature","id":"hetsuu-dwg:380","properties":{"project":"External licence reference","scope":"external_reference","area":"Hetsuu hutul","sensor":"Base / Control","dataType":"cad_reference_geometry","displayRole":"control_point","plannedActual":"reference","status":"confirmed_geometry","contextOnly":true,"sourceFile":"Hetsuu hutul.DWG","sourceUrl":"https://drive.google.com/drive/folders/1hopqTCeMJknMkkvMa_wCY6OQ_GHXt4ub","sourceCrs":"EPSG:32646","displayCrs":"EPSG:4326","crsVerified":true,"cadLayer":"0","entityClass":"AcDbEntity : AcDbPoint","entityHandle":"19F7","cadColor":5},"geometry":{"type":"Point","coordinates":[92.45115298,46.07135022]}},{"type":"Feature","id":"hetsuu-dwg:381","properties":{"project":"External licence reference","scope":"external_reference","area":"Hetsuu hutul","sensor":"Base / Control","dataType":"cad_reference_geometry","displayRole":"control_point","plannedActual":"reference","status":"confirmed_geometry","contextOnly":true,"sourceFile":"Hetsuu hutul.DWG","sourceUrl":"https://drive.google.com/drive/folders/1hopqTCeMJknMkkvMa_wCY6OQ_GHXt4ub","sourceCrs":"EPSG:32646","displayCrs":"EPSG:4326","crsVerified":true,"cadLayer":"0","entityClass":"AcDbEntity : AcDbPoint","entityHandle":"19F8","cadColor":5},"geometry":{"type":"Point","coordinates":[92.44542075,46.07215117]}},{"type":"Feature","id":"hetsuu-dwg:382","properties":{"project":"External licence reference","scope":"external_reference","area":"Hetsuu hutul","sensor":"Base / Control","dataType":"cad_reference_geometry","displayRole":"control_point","plannedActual":"reference","status":"confirmed_geometry","contextOnly":true,"sourceFile":"Hetsuu hutul.DWG","sourceUrl":"https://drive.google.com/drive/folders/1hopqTCeMJknMkkvMa_wCY6OQ_GHXt4ub","sourceCrs":"EPSG:32646","displayCrs":"EPSG:4326","crsVerified":true,"cadLayer":"0","entityClass":"AcDbEntity : AcDbPoint","entityHandle":"19F9","cadColor":5},"geometry":{"type":"Point","coordinates":[92.44544538,46.07753146]}},{"type":"Feature","id":"hetsuu-dwg:383","properties":{"project":"External licence reference","scope":"external_reference","area":"Hetsuu hutul","sensor":"Base / Control","dataType":"cad_reference_geometry","displayRole":"control_point","plannedActual":"reference","status":"confirmed_geometry","contextOnly":true,"sourceFile":"Hetsuu hutul.DWG","sourceUrl":"https://drive.google.com/drive/folders/1hopqTCeMJknMkkvMa_wCY6OQ_GHXt4ub","sourceCrs":"EPSG:32646","displayCrs":"EPSG:4326","crsVerified":true,"cadLayer":"0","entityClass":"AcDbEntity : AcDbPoint","entityHandle":"19FA","cadColor":5},"geometry":{"type":"Point","coordinates":[92.45111015,46.07754875]}},{"type":"Feature","id":"hetsuu-dwg:384","properties":{"project":"External licence reference","scope":"external_reference","area":"Hetsuu hutul","sensor":"Base / Control","dataType":"cad_reference_geometry","displayRole":"control_point","plannedActual":"reference","status":"confirmed_geometry","contextOnly":true,"sourceFile":"Hetsuu hutul.DWG","sourceUrl":"https://drive.google.com/drive/folders/1hopqTCeMJknMkkvMa_wCY6OQ_GHXt4ub","sourceCrs":"EPSG:32646","displayCrs":"EPSG:4326","crsVerified":true,"cadLayer":"0","entityClass":"AcDbEntity : AcDbPoint","entityHandle":"19FB","cadColor":5},"geometry":{"type":"Point","coordinates":[92.44338436,46.08224313]}},{"type":"Feature","id":"hetsuu-dwg:385","properties":{"project":"External licence reference","scope":"external_reference","area":"Hetsuu hutul","sensor":"Base / Control","dataType":"cad_reference_geometry","displayRole":"control_point","plannedActual":"reference","status":"confirmed_geometry","contextOnly":true,"sourceFile":"Hetsuu hutul.DWG","sourceUrl":"https://drive.google.com/drive/folders/1hopqTCeMJknMkkvMa_wCY6OQ_GHXt4ub","sourceCrs":"EPSG:32646","displayCrs":"EPSG:4326","crsVerified":true,"cadLayer":"0","entityClass":"AcDbEntity : AcDbPoint","entityHandle":"19FC","cadColor":5},"geometry":{"type":"Point","coordinates":[92.43941843,46.07745316]}},{"type":"Feature","id":"hetsuu-dwg:386","properties":{"project":"External licence reference","scope":"external_reference","area":"Hetsuu hutul","sensor":"Base / Control","dataType":"cad_reference_geometry","displayRole":"control_point","plannedActual":"reference","status":"confirmed_geometry","contextOnly":true,"sourceFile":"Hetsuu hutul.DWG","sourceUrl":"https://drive.google.com/drive/folders/1hopqTCeMJknMkkvMa_wCY6OQ_GHXt4ub","sourceCrs":"EPSG:32646","displayCrs":"EPSG:4326","crsVerified":true,"cadLayer":"0","entityClass":"AcDbEntity : AcDbPoint","entityHandle":"19FD","cadColor":5},"geometry":{"type":"Point","coordinates":[92.44350345,46.07751574]}},{"type":"Feature","id":"hetsuu-dwg:387","properties":{"project":"External licence reference","scope":"external_reference","area":"Hetsuu hutul","sensor":"Base / Control","dataType":"cad_reference_geometry","displayRole":"control_point","plannedActual":"reference","status":"confirmed_geometry","contextOnly":true,"sourceFile":"Hetsuu hutul.DWG","sourceUrl":"https://drive.google.com/drive/folders/1hopqTCeMJknMkkvMa_wCY6OQ_GHXt4ub","sourceCrs":"EPSG:32646","displayCrs":"EPSG:4326","crsVerified":true,"cadLayer":"0","entityClass":"AcDbEntity : AcDbPoint","entityHandle":"19FE","cadColor":5},"geometry":{"type":"Point","coordinates":[92.49754668,46.01051368]}},{"type":"Feature","id":"hetsuu-dwg:388","properties":{"project":"External licence reference","scope":"external_reference","area":"Hetsuu hutul","sensor":"Base / Control","dataType":"cad_reference_geometry","displayRole":"control_point","plannedActual":"reference","status":"confirmed_geometry","contextOnly":true,"sourceFile":"Hetsuu hutul.DWG","sourceUrl":"https://drive.google.com/drive/folders/1hopqTCeMJknMkkvMa_wCY6OQ_GHXt4ub","sourceCrs":"EPSG:32646","displayCrs":"EPSG:4326","crsVerified":true,"cadLayer":"0","entityClass":"AcDbEntity : AcDbPoint","entityHandle":"19FF","cadColor":5},"geometry":{"type":"Point","coordinates":[92.49424097,46.01048067]}},{"type":"Feature","id":"hetsuu-dwg:389","properties":{"project":"External licence reference","scope":"external_reference","area":"Hetsuu hutul","sensor":"Base / Control","dataType":"cad_reference_geometry","displayRole":"control_point","plannedActual":"reference","status":"confirmed_geometry","contextOnly":true,"sourceFile":"Hetsuu hutul.DWG","sourceUrl":"https://drive.google.com/drive/folders/1hopqTCeMJknMkkvMa_wCY6OQ_GHXt4ub","sourceCrs":"EPSG:32646","displayCrs":"EPSG:4326","crsVerified":true,"cadLayer":"0","entityClass":"AcDbEntity : AcDbPoint","entityHandle":"1A00","cadColor":5},"geometry":{"type":"Point","coordinates":[92.49254456,46.00943022]}},{"type":"Feature","id":"hetsuu-dwg:390","properties":{"project":"External licence reference","scope":"external_reference","area":"Hetsuu hutul","sensor":"Base / Control","dataType":"cad_reference_geometry","displayRole":"control_point","plannedActual":"reference","status":"confirmed_geometry","contextOnly":true,"sourceFile":"Hetsuu hutul.DWG","sourceUrl":"https://drive.google.com/drive/folders/1hopqTCeMJknMkkvMa_wCY6OQ_GHXt4ub","sourceCrs":"EPSG:32646","displayCrs":"EPSG:4326","crsVerified":true,"cadLayer":"0","entityClass":"AcDbEntity : AcDbPoint","entityHandle":"1A01","cadColor":5},"geometry":{"type":"Point","coordinates":[92.48854507,46.0094575]}},{"type":"Feature","id":"hetsuu-dwg:391","properties":{"project":"External licence reference","scope":"external_reference","area":"Hetsuu hutul","sensor":"Base / Control","dataType":"cad_reference_geometry","displayRole":"control_point","plannedActual":"reference","status":"confirmed_geometry","contextOnly":true,"sourceFile":"Hetsuu hutul.DWG","sourceUrl":"https://drive.google.com/drive/folders/1hopqTCeMJknMkkvMa_wCY6OQ_GHXt4ub","sourceCrs":"EPSG:32646","displayCrs":"EPSG:4326","crsVerified":true,"cadLayer":"0","entityClass":"AcDbEntity : AcDbPoint","entityHandle":"1A02","cadColor":5},"geometry":{"type":"Point","coordinates":[92.48855386,46.00667435]}},{"type":"Feature","id":"hetsuu-dwg:392","properties":{"project":"External licence reference","scope":"external_reference","area":"Hetsuu hutul","sensor":"Base / Control","dataType":"cad_reference_geometry","displayRole":"control_point","plannedActual":"reference","status":"confirmed_geometry","contextOnly":true,"sourceFile":"Hetsuu hutul.DWG","sourceUrl":"https://drive.google.com/drive/folders/1hopqTCeMJknMkkvMa_wCY6OQ_GHXt4ub","sourceCrs":"EPSG:32646","displayCrs":"EPSG:4326","crsVerified":true,"cadLayer":"0","entityClass":"AcDbEntity : AcDbPoint","entityHandle":"1A03","cadColor":5},"geometry":{"type":"Point","coordinates":[92.4828837,46.00515466]}},{"type":"Feature","id":"hetsuu-dwg:393","properties":{"project":"External licence reference","scope":"external_reference","area":"Hetsuu hutul","sensor":"Base / Control","dataType":"cad_reference_geometry","displayRole":"control_point","plannedActual":"reference","status":"confirmed_geometry","contextOnly":true,"sourceFile":"Hetsuu hutul.DWG","sourceUrl":"https://drive.google.com/drive/folders/1hopqTCeMJknMkkvMa_wCY6OQ_GHXt4ub","sourceCrs":"EPSG:32646","displayCrs":"EPSG:4326","crsVerified":true,"cadLayer":"0","entityClass":"AcDbEntity : AcDbPoint","entityHandle":"1A04","cadColor":5},"geometry":{"type":"Point","coordinates":[92.47142133,46.00399581]}},{"type":"Feature","id":"hetsuu-dwg:394","properties":{"project":"External licence reference","scope":"external_reference","area":"Hetsuu hutul","sensor":"Base / Control","dataType":"cad_reference_geometry","displayRole":"control_point","plannedActual":"reference","status":"confirmed_geometry","contextOnly":true,"sourceFile":"Hetsuu hutul.DWG","sourceUrl":"https://drive.google.com/drive/folders/1hopqTCeMJknMkkvMa_wCY6OQ_GHXt4ub","sourceCrs":"EPSG:32646","displayCrs":"EPSG:4326","crsVerified":true,"cadLayer":"0","entityClass":"AcDbEntity : AcDbPoint","entityHandle":"1A05","cadColor":5},"geometry":{"type":"Point","coordinates":[92.45991551,46.00062513]}},{"type":"Feature","id":"hetsuu-dwg:395","properties":{"project":"External licence reference","scope":"external_reference","area":"Hetsuu hutul","sensor":"Base / Control","dataType":"cad_reference_geometry","displayRole":"control_point","plannedActual":"reference","status":"confirmed_geometry","contextOnly":true,"sourceFile":"Hetsuu hutul.DWG","sourceUrl":"https://drive.google.com/drive/folders/1hopqTCeMJknMkkvMa_wCY6OQ_GHXt4ub","sourceCrs":"EPSG:32646","displayCrs":"EPSG:4326","crsVerified":true,"cadLayer":"0","entityClass":"AcDbEntity : AcDbPoint","entityHandle":"1A06","cadColor":5},"geometry":{"type":"Point","coordinates":[92.3912195,46.00052542]}},{"type":"Feature","id":"hetsuu-dwg:396","properties":{"project":"External licence reference","scope":"external_reference","area":"Hetsuu hutul","sensor":"Base / Control","dataType":"cad_reference_geometry","displayRole":"control_point","plannedActual":"reference","status":"confirmed_geometry","contextOnly":true,"sourceFile":"Hetsuu hutul.DWG","sourceUrl":"https://drive.google.com/drive/folders/1hopqTCeMJknMkkvMa_wCY6OQ_GHXt4ub","sourceCrs":"EPSG:32646","displayCrs":"EPSG:4326","crsVerified":true,"cadLayer":"0","entityClass":"AcDbEntity : AcDbPoint","entityHandle":"1A07","cadColor":5},"geometry":{"type":"Point","coordinates":[92.40272469,46.00049455]}},{"type":"Feature","id":"hetsuu-dwg:397","properties":{"project":"External licence reference","scope":"external_reference","area":"Hetsuu hutul","sensor":"Base / Control","dataType":"cad_reference_geometry","displayRole":"control_point","plannedActual":"reference","status":"confirmed_geometry","contextOnly":true,"sourceFile":"Hetsuu hutul.DWG","sourceUrl":"https://drive.google.com/drive/folders/1hopqTCeMJknMkkvMa_wCY6OQ_GHXt4ub","sourceCrs":"EPSG:32646","displayCrs":"EPSG:4326","crsVerified":true,"cadLayer":"0","entityClass":"AcDbEntity : AcDbPoint","entityHandle":"1A08","cadColor":5},"geometry":{"type":"Point","coordinates":[92.41418053,46.00284808]}},{"type":"Feature","id":"hetsuu-dwg:398","properties":{"project":"External licence reference","scope":"external_reference","area":"Hetsuu hutul","sensor":"Base / Control","dataType":"cad_reference_geometry","displayRole":"control_point","plannedActual":"reference","status":"confirmed_geometry","contextOnly":true,"sourceFile":"Hetsuu hutul.DWG","sourceUrl":"https://drive.google.com/drive/folders/1hopqTCeMJknMkkvMa_wCY6OQ_GHXt4ub","sourceCrs":"EPSG:32646","displayCrs":"EPSG:4326","crsVerified":true,"cadLayer":"0","entityClass":"AcDbEntity : AcDbPoint","entityHandle":"1A09","cadColor":5},"geometry":{"type":"Point","coordinates":[92.42563153,46.00506279]}},{"type":"Feature","id":"hetsuu-dwg:399","properties":{"project":"External licence reference","scope":"external_reference","area":"Hetsuu hutul","sensor":"Base / Control","dataType":"cad_reference_geometry","displayRole":"control_point","plannedActual":"reference","status":"confirmed_geometry","contextOnly":true,"sourceFile":"Hetsuu hutul.DWG","sourceUrl":"https://drive.google.com/drive/folders/1hopqTCeMJknMkkvMa_wCY6OQ_GHXt4ub","sourceCrs":"EPSG:32646","displayCrs":"EPSG:4326","crsVerified":true,"cadLayer":"0","entityClass":"AcDbEntity : AcDbPoint","entityHandle":"1A0A","cadColor":5},"geometry":{"type":"Point","coordinates":[92.43703267,46.00381673]}},{"type":"Feature","id":"hetsuu-dwg:400","properties":{"project":"External licence reference","scope":"external_reference","area":"Hetsuu hutul","sensor":"Base / Control","dataType":"cad_reference_geometry","displayRole":"control_point","plannedActual":"reference","status":"confirmed_geometry","contextOnly":true,"sourceFile":"Hetsuu hutul.DWG","sourceUrl":"https://drive.google.com/drive/folders/1hopqTCeMJknMkkvMa_wCY6OQ_GHXt4ub","sourceCrs":"EPSG:32646","displayCrs":"EPSG:4326","crsVerified":true,"cadLayer":"0","entityClass":"AcDbEntity : AcDbPoint","entityHandle":"1A0B","cadColor":5},"geometry":{"type":"Point","coordinates":[92.44853935,46.00434185]}},{"type":"Feature","id":"hetsuu-dwg:401","properties":{"project":"External licence reference","scope":"external_reference","area":"Hetsuu hutul","sensor":"Base / Control","dataType":"cad_reference_geometry","displayRole":"control_point","plannedActual":"reference","status":"confirmed_geometry","contextOnly":true,"sourceFile":"Hetsuu hutul.DWG","sourceUrl":"https://drive.google.com/drive/folders/1hopqTCeMJknMkkvMa_wCY6OQ_GHXt4ub","sourceCrs":"EPSG:32646","displayCrs":"EPSG:4326","crsVerified":true,"cadLayer":"0","entityClass":"AcDbEntity : AcDbPoint","entityHandle":"1A0C","cadColor":5},"geometry":{"type":"Point","coordinates":[92.42548611,46.00914743]}},{"type":"Feature","id":"hetsuu-dwg:402","properties":{"project":"External licence reference","scope":"external_reference","area":"Hetsuu hutul","sensor":"Base / Control","dataType":"cad_reference_geometry","displayRole":"control_point","plannedActual":"reference","status":"confirmed_geometry","contextOnly":true,"sourceFile":"Hetsuu hutul.DWG","sourceUrl":"https://drive.google.com/drive/folders/1hopqTCeMJknMkkvMa_wCY6OQ_GHXt4ub","sourceCrs":"EPSG:32646","displayCrs":"EPSG:4326","crsVerified":true,"cadLayer":"0","entityClass":"AcDbEntity : AcDbPoint","entityHandle":"1A0D","cadColor":5},"geometry":{"type":"Point","coordinates":[92.41977312,46.00914817]}},{"type":"Feature","id":"hetsuu-dwg:403","properties":{"project":"External licence reference","scope":"external_reference","area":"Hetsuu hutul","sensor":"Base / Control","dataType":"cad_reference_geometry","displayRole":"control_point","plannedActual":"reference","status":"confirmed_geometry","contextOnly":true,"sourceFile":"Hetsuu hutul.DWG","sourceUrl":"https://drive.google.com/drive/folders/1hopqTCeMJknMkkvMa_wCY6OQ_GHXt4ub","sourceCrs":"EPSG:32646","displayCrs":"EPSG:4326","crsVerified":true,"cadLayer":"0","entityClass":"AcDbEntity : AcDbPoint","entityHandle":"1A0E","cadColor":5},"geometry":{"type":"Point","coordinates":[92.43125111,46.00922015]}},{"type":"Feature","id":"hetsuu-dwg:404","properties":{"project":"External licence reference","scope":"external_reference","area":"Hetsuu hutul","sensor":"Base / Control","dataType":"cad_reference_geometry","displayRole":"control_point","plannedActual":"reference","status":"confirmed_geometry","contextOnly":true,"sourceFile":"Hetsuu hutul.DWG","sourceUrl":"https://drive.google.com/drive/folders/1hopqTCeMJknMkkvMa_wCY6OQ_GHXt4ub","sourceCrs":"EPSG:32646","displayCrs":"EPSG:4326","crsVerified":true,"cadLayer":"0","entityClass":"AcDbEntity : AcDbPoint","entityHandle":"1A0F","cadColor":5},"geometry":{"type":"Point","coordinates":[92.43704443,46.00923285]}},{"type":"Feature","id":"hetsuu-dwg:405","properties":{"project":"External licence reference","scope":"external_reference","area":"Hetsuu hutul","sensor":"Base / Control","dataType":"cad_reference_geometry","displayRole":"control_point","plannedActual":"reference","status":"confirmed_geometry","contextOnly":true,"sourceFile":"Hetsuu hutul.DWG","sourceUrl":"https://drive.google.com/drive/folders/1hopqTCeMJknMkkvMa_wCY6OQ_GHXt4ub","sourceCrs":"EPSG:32646","displayCrs":"EPSG:4326","crsVerified":true,"cadLayer":"0","entityClass":"AcDbEntity : AcDbPoint","entityHandle":"1A10","cadColor":5},"geometry":{"type":"Point","coordinates":[92.44270527,46.00924674]}},{"type":"Feature","id":"hetsuu-dwg:406","properties":{"project":"External licence reference","scope":"external_reference","area":"Hetsuu hutul","sensor":"Base / Control","dataType":"cad_reference_geometry","displayRole":"control_point","plannedActual":"reference","status":"confirmed_geometry","contextOnly":true,"sourceFile":"Hetsuu hutul.DWG","sourceUrl":"https://drive.google.com/drive/folders/1hopqTCeMJknMkkvMa_wCY6OQ_GHXt4ub","sourceCrs":"EPSG:32646","displayCrs":"EPSG:4326","crsVerified":true,"cadLayer":"0","entityClass":"AcDbEntity : AcDbPoint","entityHandle":"1A11","cadColor":5},"geometry":{"type":"Point","coordinates":[92.44844967,46.01184524]}},{"type":"Feature","id":"hetsuu-dwg:407","properties":{"project":"External licence reference","scope":"external_reference","area":"Hetsuu hutul","sensor":"Base / Control","dataType":"cad_reference_geometry","displayRole":"control_point","plannedActual":"reference","status":"confirmed_geometry","contextOnly":true,"sourceFile":"Hetsuu hutul.DWG","sourceUrl":"https://drive.google.com/drive/folders/1hopqTCeMJknMkkvMa_wCY6OQ_GHXt4ub","sourceCrs":"EPSG:32646","displayCrs":"EPSG:4326","crsVerified":true,"cadLayer":"0","entityClass":"AcDbEntity : AcDbPoint","entityHandle":"1A12","cadColor":5},"geometry":{"type":"Point","coordinates":[92.44847847,46.00929429]}},{"type":"Feature","id":"hetsuu-dwg:408","properties":{"project":"External licence reference","scope":"external_reference","area":"Hetsuu hutul","sensor":"Base / Control","dataType":"cad_reference_geometry","displayRole":"control_point","plannedActual":"reference","status":"confirmed_geometry","contextOnly":true,"sourceFile":"Hetsuu hutul.DWG","sourceUrl":"https://drive.google.com/drive/folders/1hopqTCeMJknMkkvMa_wCY6OQ_GHXt4ub","sourceCrs":"EPSG:32646","displayCrs":"EPSG:4326","crsVerified":true,"cadLayer":"0","entityClass":"AcDbEntity : AcDbPoint","entityHandle":"1A13","cadColor":5},"geometry":{"type":"Point","coordinates":[92.45421986,46.00930616]}},{"type":"Feature","id":"hetsuu-dwg:409","properties":{"project":"External licence reference","scope":"external_reference","area":"Hetsuu hutul","sensor":"Base / Control","dataType":"cad_reference_geometry","displayRole":"control_point","plannedActual":"reference","status":"confirmed_geometry","contextOnly":true,"sourceFile":"Hetsuu hutul.DWG","sourceUrl":"https://drive.google.com/drive/folders/1hopqTCeMJknMkkvMa_wCY6OQ_GHXt4ub","sourceCrs":"EPSG:32646","displayCrs":"EPSG:4326","crsVerified":true,"cadLayer":"0","entityClass":"AcDbEntity : AcDbPoint","entityHandle":"1A14","cadColor":5},"geometry":{"type":"Point","coordinates":[92.45996604,46.00934122]}},{"type":"Feature","id":"hetsuu-dwg:410","properties":{"project":"External licence reference","scope":"external_reference","area":"Hetsuu hutul","sensor":"Base / Control","dataType":"cad_reference_geometry","displayRole":"control_point","plannedActual":"reference","status":"confirmed_geometry","contextOnly":true,"sourceFile":"Hetsuu hutul.DWG","sourceUrl":"https://drive.google.com/drive/folders/1hopqTCeMJknMkkvMa_wCY6OQ_GHXt4ub","sourceCrs":"EPSG:32646","displayCrs":"EPSG:4326","crsVerified":true,"cadLayer":"0","entityClass":"AcDbEntity : AcDbPoint","entityHandle":"1A15","cadColor":5},"geometry":{"type":"Point","coordinates":[92.45989958,46.01521072]}},{"type":"Feature","id":"hetsuu-dwg:411","properties":{"project":"External licence reference","scope":"external_reference","area":"Hetsuu hutul","sensor":"Base / Control","dataType":"cad_reference_geometry","displayRole":"control_point","plannedActual":"reference","status":"confirmed_geometry","contextOnly":true,"sourceFile":"Hetsuu hutul.DWG","sourceUrl":"https://drive.google.com/drive/folders/1hopqTCeMJknMkkvMa_wCY6OQ_GHXt4ub","sourceCrs":"EPSG:32646","displayCrs":"EPSG:4326","crsVerified":true,"cadLayer":"0","entityClass":"AcDbEntity : AcDbPoint","entityHandle":"1A16","cadColor":5},"geometry":{"type":"Point","coordinates":[92.46571114,46.0093306]}},{"type":"Feature","id":"hetsuu-dwg:412","properties":{"project":"External licence reference","scope":"external_reference","area":"Hetsuu hutul","sensor":"Base / Control","dataType":"cad_reference_geometry","displayRole":"control_point","plannedActual":"reference","status":"confirmed_geometry","contextOnly":true,"sourceFile":"Hetsuu hutul.DWG","sourceUrl":"https://drive.google.com/drive/folders/1hopqTCeMJknMkkvMa_wCY6OQ_GHXt4ub","sourceCrs":"EPSG:32646","displayCrs":"EPSG:4326","crsVerified":true,"cadLayer":"0","entityClass":"AcDbEntity : AcDbPoint","entityHandle":"1A17","cadColor":5},"geometry":{"type":"Point","coordinates":[92.47138411,46.00937978]}},{"type":"Feature","id":"hetsuu-dwg:413","properties":{"project":"External licence reference","scope":"external_reference","area":"Hetsuu hutul","sensor":"Base / Control","dataType":"cad_reference_geometry","displayRole":"control_point","plannedActual":"reference","status":"confirmed_geometry","contextOnly":true,"sourceFile":"Hetsuu hutul.DWG","sourceUrl":"https://drive.google.com/drive/folders/1hopqTCeMJknMkkvMa_wCY6OQ_GHXt4ub","sourceCrs":"EPSG:32646","displayCrs":"EPSG:4326","crsVerified":true,"cadLayer":"0","entityClass":"AcDbEntity : AcDbPoint","entityHandle":"1A18","cadColor":5},"geometry":{"type":"Point","coordinates":[92.47131169,46.0159663]}},{"type":"Feature","id":"hetsuu-dwg:414","properties":{"project":"External licence reference","scope":"external_reference","area":"Hetsuu hutul","sensor":"Base / Control","dataType":"cad_reference_geometry","displayRole":"control_point","plannedActual":"reference","status":"confirmed_geometry","contextOnly":true,"sourceFile":"Hetsuu hutul.DWG","sourceUrl":"https://drive.google.com/drive/folders/1hopqTCeMJknMkkvMa_wCY6OQ_GHXt4ub","sourceCrs":"EPSG:32646","displayCrs":"EPSG:4326","crsVerified":true,"cadLayer":"0","entityClass":"AcDbEntity : AcDbPoint","entityHandle":"1A19","cadColor":5},"geometry":{"type":"Point","coordinates":[92.47705184,46.00938558]}},{"type":"Feature","id":"hetsuu-dwg:415","properties":{"project":"External licence reference","scope":"external_reference","area":"Hetsuu hutul","sensor":"Base / Control","dataType":"cad_reference_geometry","displayRole":"control_point","plannedActual":"reference","status":"confirmed_geometry","contextOnly":true,"sourceFile":"Hetsuu hutul.DWG","sourceUrl":"https://drive.google.com/drive/folders/1hopqTCeMJknMkkvMa_wCY6OQ_GHXt4ub","sourceCrs":"EPSG:32646","displayCrs":"EPSG:4326","crsVerified":true,"cadLayer":"0","entityClass":"AcDbEntity : AcDbPoint","entityHandle":"1A1A","cadColor":5},"geometry":{"type":"Point","coordinates":[92.48276001,46.01649999]}},{"type":"Feature","id":"hetsuu-dwg:416","properties":{"project":"External licence reference","scope":"external_reference","area":"Hetsuu hutul","sensor":"Base / Control","dataType":"cad_reference_geometry","displayRole":"control_point","plannedActual":"reference","status":"confirmed_geometry","contextOnly":true,"sourceFile":"Hetsuu hutul.DWG","sourceUrl":"https://drive.google.com/drive/folders/1hopqTCeMJknMkkvMa_wCY6OQ_GHXt4ub","sourceCrs":"EPSG:32646","displayCrs":"EPSG:4326","crsVerified":true,"cadLayer":"0","entityClass":"AcDbEntity : AcDbPoint","entityHandle":"1A1B","cadColor":5},"geometry":{"type":"Point","coordinates":[92.48288428,46.00945758]}},{"type":"Feature","id":"hetsuu-dwg:417","properties":{"project":"External licence reference","scope":"external_reference","area":"Hetsuu hutul","sensor":"Base / Control","dataType":"cad_reference_geometry","displayRole":"control_point","plannedActual":"reference","status":"confirmed_geometry","contextOnly":true,"sourceFile":"Hetsuu hutul.DWG","sourceUrl":"https://drive.google.com/drive/folders/1hopqTCeMJknMkkvMa_wCY6OQ_GHXt4ub","sourceCrs":"EPSG:32646","displayCrs":"EPSG:4326","crsVerified":true,"cadLayer":"0","entityClass":"AcDbEntity : AcDbPoint","entityHandle":"1A1C","cadColor":5},"geometry":{"type":"Point","coordinates":[92.49431421,46.01588994]}},{"type":"Feature","id":"hetsuu-dwg:418","properties":{"project":"External licence reference","scope":"external_reference","area":"Hetsuu hutul","sensor":"Base / Control","dataType":"cad_reference_geometry","displayRole":"control_point","plannedActual":"reference","status":"confirmed_geometry","contextOnly":true,"sourceFile":"Hetsuu hutul.DWG","sourceUrl":"https://drive.google.com/drive/folders/1hopqTCeMJknMkkvMa_wCY6OQ_GHXt4ub","sourceCrs":"EPSG:32646","displayCrs":"EPSG:4326","crsVerified":true,"cadLayer":"0","entityClass":"AcDbEntity : AcDbPoint","entityHandle":"1A1D","cadColor":5},"geometry":{"type":"Point","coordinates":[92.50312496,46.02781548]}},{"type":"Feature","id":"hetsuu-dwg:419","properties":{"project":"External licence reference","scope":"external_reference","area":"Hetsuu hutul","sensor":"Base / Control","dataType":"cad_reference_geometry","displayRole":"control_point","plannedActual":"reference","status":"confirmed_geometry","contextOnly":true,"sourceFile":"Hetsuu hutul.DWG","sourceUrl":"https://drive.google.com/drive/folders/1hopqTCeMJknMkkvMa_wCY6OQ_GHXt4ub","sourceCrs":"EPSG:32646","displayCrs":"EPSG:4326","crsVerified":true,"cadLayer":"0","entityClass":"AcDbEntity : AcDbPoint","entityHandle":"1A1E","cadColor":5},"geometry":{"type":"Point","coordinates":[92.50303154,46.02388933]}},{"type":"Feature","id":"hetsuu-dwg:420","properties":{"project":"External licence reference","scope":"external_reference","area":"Hetsuu hutul","sensor":"Base / Control","dataType":"cad_reference_geometry","displayRole":"control_point","plannedActual":"reference","status":"confirmed_geometry","contextOnly":true,"sourceFile":"Hetsuu hutul.DWG","sourceUrl":"https://drive.google.com/drive/folders/1hopqTCeMJknMkkvMa_wCY6OQ_GHXt4ub","sourceCrs":"EPSG:32646","displayCrs":"EPSG:4326","crsVerified":true,"cadLayer":"0","entityClass":"AcDbEntity : AcDbPoint","entityHandle":"1A1F","cadColor":5},"geometry":{"type":"Point","coordinates":[92.49992747,46.02319537]}},{"type":"Feature","id":"hetsuu-dwg:421","properties":{"project":"External licence reference","scope":"external_reference","area":"Hetsuu hutul","sensor":"Base / Control","dataType":"cad_reference_geometry","displayRole":"control_point","plannedActual":"reference","status":"confirmed_geometry","contextOnly":true,"sourceFile":"Hetsuu hutul.DWG","sourceUrl":"https://drive.google.com/drive/folders/1hopqTCeMJknMkkvMa_wCY6OQ_GHXt4ub","sourceCrs":"EPSG:32646","displayCrs":"EPSG:4326","crsVerified":true,"cadLayer":"0","entityClass":"AcDbEntity : AcDbPoint","entityHandle":"1A20","cadColor":5},"geometry":{"type":"Point","coordinates":[92.48841799,46.02348351]}},{"type":"Feature","id":"hetsuu-dwg:422","properties":{"project":"External licence reference","scope":"external_reference","area":"Hetsuu hutul","sensor":"Base / Control","dataType":"cad_reference_geometry","displayRole":"control_point","plannedActual":"reference","status":"confirmed_geometry","contextOnly":true,"sourceFile":"Hetsuu hutul.DWG","sourceUrl":"https://drive.google.com/drive/folders/1hopqTCeMJknMkkvMa_wCY6OQ_GHXt4ub","sourceCrs":"EPSG:32646","displayCrs":"EPSG:4326","crsVerified":true,"cadLayer":"0","entityClass":"AcDbEntity : AcDbPoint","entityHandle":"1A21","cadColor":5},"geometry":{"type":"Point","coordinates":[92.47701912,46.02104083]}},{"type":"Feature","id":"hetsuu-dwg:423","properties":{"project":"External licence reference","scope":"external_reference","area":"Hetsuu hutul","sensor":"Base / Control","dataType":"cad_reference_geometry","displayRole":"control_point","plannedActual":"reference","status":"confirmed_geometry","contextOnly":true,"sourceFile":"Hetsuu hutul.DWG","sourceUrl":"https://drive.google.com/drive/folders/1hopqTCeMJknMkkvMa_wCY6OQ_GHXt4ub","sourceCrs":"EPSG:32646","displayCrs":"EPSG:4326","crsVerified":true,"cadLayer":"0","entityClass":"AcDbEntity : AcDbPoint","entityHandle":"1A22","cadColor":5},"geometry":{"type":"Point","coordinates":[92.46547077,46.02083189]}},{"type":"Feature","id":"hetsuu-dwg:424","properties":{"project":"External licence reference","scope":"external_reference","area":"Hetsuu hutul","sensor":"Base / Control","dataType":"cad_reference_geometry","displayRole":"control_point","plannedActual":"reference","status":"confirmed_geometry","contextOnly":true,"sourceFile":"Hetsuu hutul.DWG","sourceUrl":"https://drive.google.com/drive/folders/1hopqTCeMJknMkkvMa_wCY6OQ_GHXt4ub","sourceCrs":"EPSG:32646","displayCrs":"EPSG:4326","crsVerified":true,"cadLayer":"0","entityClass":"AcDbEntity : AcDbPoint","entityHandle":"1A23","cadColor":5},"geometry":{"type":"Point","coordinates":[92.49978373,46.02777829]}},{"type":"Feature","id":"hetsuu-dwg:425","properties":{"project":"External licence reference","scope":"external_reference","area":"Hetsuu hutul","sensor":"Base / Control","dataType":"cad_reference_geometry","displayRole":"control_point","plannedActual":"reference","status":"confirmed_geometry","contextOnly":true,"sourceFile":"Hetsuu hutul.DWG","sourceUrl":"https://drive.google.com/drive/folders/1hopqTCeMJknMkkvMa_wCY6OQ_GHXt4ub","sourceCrs":"EPSG:32646","displayCrs":"EPSG:4326","crsVerified":true,"cadLayer":"0","entityClass":"AcDbEntity : AcDbPoint","entityHandle":"1A24","cadColor":5},"geometry":{"type":"Point","coordinates":[92.4942407,46.02782712]}},{"type":"Feature","id":"hetsuu-dwg:426","properties":{"project":"External licence reference","scope":"external_reference","area":"Hetsuu hutul","sensor":"Base / Control","dataType":"cad_reference_geometry","displayRole":"control_point","plannedActual":"reference","status":"confirmed_geometry","contextOnly":true,"sourceFile":"Hetsuu hutul.DWG","sourceUrl":"https://drive.google.com/drive/folders/1hopqTCeMJknMkkvMa_wCY6OQ_GHXt4ub","sourceCrs":"EPSG:32646","displayCrs":"EPSG:4326","crsVerified":true,"cadLayer":"0","entityClass":"AcDbEntity : AcDbPoint","entityHandle":"1A25","cadColor":5},"geometry":{"type":"Point","coordinates":[92.48848814,46.02779792]}},{"type":"Feature","id":"hetsuu-dwg:427","properties":{"project":"External licence reference","scope":"external_reference","area":"Hetsuu hutul","sensor":"Base / Control","dataType":"cad_reference_geometry","displayRole":"control_point","plannedActual":"reference","status":"confirmed_geometry","contextOnly":true,"sourceFile":"Hetsuu hutul.DWG","sourceUrl":"https://drive.google.com/drive/folders/1hopqTCeMJknMkkvMa_wCY6OQ_GHXt4ub","sourceCrs":"EPSG:32646","displayCrs":"EPSG:4326","crsVerified":true,"cadLayer":"0","entityClass":"AcDbEntity : AcDbPoint","entityHandle":"1A26","cadColor":5},"geometry":{"type":"Point","coordinates":[92.48275766,46.02768276]}},{"type":"Feature","id":"hetsuu-dwg:428","properties":{"project":"External licence reference","scope":"external_reference","area":"Hetsuu hutul","sensor":"Base / Control","dataType":"cad_reference_geometry","displayRole":"control_point","plannedActual":"reference","status":"confirmed_geometry","contextOnly":true,"sourceFile":"Hetsuu hutul.DWG","sourceUrl":"https://drive.google.com/drive/folders/1hopqTCeMJknMkkvMa_wCY6OQ_GHXt4ub","sourceCrs":"EPSG:32646","displayCrs":"EPSG:4326","crsVerified":true,"cadLayer":"0","entityClass":"AcDbEntity : AcDbPoint","entityHandle":"1A27","cadColor":5},"geometry":{"type":"Point","coordinates":[92.47689338,46.02777295]}},{"type":"Feature","id":"hetsuu-dwg:429","properties":{"project":"External licence reference","scope":"external_reference","area":"Hetsuu hutul","sensor":"Base / Control","dataType":"cad_reference_geometry","displayRole":"control_point","plannedActual":"reference","status":"confirmed_geometry","contextOnly":true,"sourceFile":"Hetsuu hutul.DWG","sourceUrl":"https://drive.google.com/drive/folders/1hopqTCeMJknMkkvMa_wCY6OQ_GHXt4ub","sourceCrs":"EPSG:32646","displayCrs":"EPSG:4326","crsVerified":true,"cadLayer":"0","entityClass":"AcDbEntity : AcDbPoint","entityHandle":"1A28","cadColor":5},"geometry":{"type":"Point","coordinates":[92.47128555,46.02514963]}},{"type":"Feature","id":"hetsuu-dwg:430","properties":{"project":"External licence reference","scope":"external_reference","area":"Hetsuu hutul","sensor":"Base / Control","dataType":"cad_reference_geometry","displayRole":"control_point","plannedActual":"reference","status":"confirmed_geometry","contextOnly":true,"sourceFile":"Hetsuu hutul.DWG","sourceUrl":"https://drive.google.com/drive/folders/1hopqTCeMJknMkkvMa_wCY6OQ_GHXt4ub","sourceCrs":"EPSG:32646","displayCrs":"EPSG:4326","crsVerified":true,"cadLayer":"0","entityClass":"AcDbEntity : AcDbPoint","entityHandle":"1A29","cadColor":5},"geometry":{"type":"Point","coordinates":[92.50545485,46.03682093]}},{"type":"Feature","id":"hetsuu-dwg:431","properties":{"project":"External licence reference","scope":"external_reference","area":"Hetsuu hutul","sensor":"Base / Control","dataType":"cad_reference_geometry","displayRole":"control_point","plannedActual":"reference","status":"confirmed_geometry","contextOnly":true,"sourceFile":"Hetsuu hutul.DWG","sourceUrl":"https://drive.google.com/drive/folders/1hopqTCeMJknMkkvMa_wCY6OQ_GHXt4ub","sourceCrs":"EPSG:32646","displayCrs":"EPSG:4326","crsVerified":true,"cadLayer":"0","entityClass":"AcDbEntity : AcDbPoint","entityHandle":"1A2A","cadColor":5},"geometry":{"type":"Point","coordinates":[92.50801508,46.03811773]}},{"type":"Feature","id":"hetsuu-dwg:432","properties":{"project":"External licence reference","scope":"external_reference","area":"Hetsuu hutul","sensor":"Base / Control","dataType":"cad_reference_geometry","displayRole":"control_point","plannedActual":"reference","status":"confirmed_geometry","contextOnly":true,"sourceFile":"Hetsuu hutul.DWG","sourceUrl":"https://drive.google.com/drive/folders/1hopqTCeMJknMkkvMa_wCY6OQ_GHXt4ub","sourceCrs":"EPSG:32646","displayCrs":"EPSG:4326","crsVerified":true,"cadLayer":"0","entityClass":"AcDbEntity : AcDbPoint","entityHandle":"1A2B","cadColor":5},"geometry":{"type":"Point","coordinates":[92.50549443,46.04057711]}},{"type":"Feature","id":"hetsuu-dwg:433","properties":{"project":"External licence reference","scope":"external_reference","area":"Hetsuu hutul","sensor":"Base / Control","dataType":"cad_reference_geometry","displayRole":"control_point","plannedActual":"reference","status":"confirmed_geometry","contextOnly":true,"sourceFile":"Hetsuu hutul.DWG","sourceUrl":"https://drive.google.com/drive/folders/1hopqTCeMJknMkkvMa_wCY6OQ_GHXt4ub","sourceCrs":"EPSG:32646","displayCrs":"EPSG:4326","crsVerified":true,"cadLayer":"0","entityClass":"AcDbEntity : AcDbPoint","entityHandle":"1A2C","cadColor":5},"geometry":{"type":"Point","coordinates":[92.49979243,46.04158521]}},{"type":"Feature","id":"hetsuu-dwg:434","properties":{"project":"External licence reference","scope":"external_reference","area":"Hetsuu hutul","sensor":"Base / Control","dataType":"cad_reference_geometry","displayRole":"control_point","plannedActual":"reference","status":"confirmed_geometry","contextOnly":true,"sourceFile":"Hetsuu hutul.DWG","sourceUrl":"https://drive.google.com/drive/folders/1hopqTCeMJknMkkvMa_wCY6OQ_GHXt4ub","sourceCrs":"EPSG:32646","displayCrs":"EPSG:4326","crsVerified":true,"cadLayer":"0","entityClass":"AcDbEntity : AcDbPoint","entityHandle":"1A2D","cadColor":5},"geometry":{"type":"Point","coordinates":[92.49397802,46.04048854]}},{"type":"Feature","id":"hetsuu-dwg:435","properties":{"project":"External licence reference","scope":"external_reference","area":"Hetsuu hutul","sensor":"Base / Control","dataType":"cad_reference_geometry","displayRole":"control_point","plannedActual":"reference","status":"confirmed_geometry","contextOnly":true,"sourceFile":"Hetsuu hutul.DWG","sourceUrl":"https://drive.google.com/drive/folders/1hopqTCeMJknMkkvMa_wCY6OQ_GHXt4ub","sourceCrs":"EPSG:32646","displayCrs":"EPSG:4326","crsVerified":true,"cadLayer":"0","entityClass":"AcDbEntity : AcDbPoint","entityHandle":"1A2E","cadColor":5},"geometry":{"type":"Point","coordinates":[92.48829164,46.04187553]}},{"type":"Feature","id":"hetsuu-dwg:436","properties":{"project":"External licence reference","scope":"external_reference","area":"Hetsuu hutul","sensor":"Base / Control","dataType":"cad_reference_geometry","displayRole":"control_point","plannedActual":"reference","status":"confirmed_geometry","contextOnly":true,"sourceFile":"Hetsuu hutul.DWG","sourceUrl":"https://drive.google.com/drive/folders/1hopqTCeMJknMkkvMa_wCY6OQ_GHXt4ub","sourceCrs":"EPSG:32646","displayCrs":"EPSG:4326","crsVerified":true,"cadLayer":"0","entityClass":"AcDbEntity : AcDbPoint","entityHandle":"1A2F","cadColor":5},"geometry":{"type":"Point","coordinates":[92.48840256,46.03700018]}},{"type":"Feature","id":"hetsuu-dwg:437","properties":{"project":"External licence reference","scope":"external_reference","area":"Hetsuu hutul","sensor":"Base / Control","dataType":"cad_reference_geometry","displayRole":"control_point","plannedActual":"reference","status":"confirmed_geometry","contextOnly":true,"sourceFile":"Hetsuu hutul.DWG","sourceUrl":"https://drive.google.com/drive/folders/1hopqTCeMJknMkkvMa_wCY6OQ_GHXt4ub","sourceCrs":"EPSG:32646","displayCrs":"EPSG:4326","crsVerified":true,"cadLayer":"0","entityClass":"AcDbEntity : AcDbPoint","entityHandle":"1A30","cadColor":5},"geometry":{"type":"Point","coordinates":[92.49412742,46.03690679]}},{"type":"Feature","id":"hetsuu-dwg:438","properties":{"project":"External licence reference","scope":"external_reference","area":"Hetsuu hutul","sensor":"Base / Control","dataType":"cad_reference_geometry","displayRole":"control_point","plannedActual":"reference","status":"confirmed_geometry","contextOnly":true,"sourceFile":"Hetsuu hutul.DWG","sourceUrl":"https://drive.google.com/drive/folders/1hopqTCeMJknMkkvMa_wCY6OQ_GHXt4ub","sourceCrs":"EPSG:32646","displayCrs":"EPSG:4326","crsVerified":true,"cadLayer":"0","entityClass":"AcDbEntity : AcDbPoint","entityHandle":"1A31","cadColor":5},"geometry":{"type":"Point","coordinates":[92.4997882,46.03694665]}},{"type":"Feature","id":"hetsuu-dwg:439","properties":{"project":"External licence reference","scope":"external_reference","area":"Hetsuu hutul","sensor":"Base / Control","dataType":"cad_reference_geometry","displayRole":"control_point","plannedActual":"reference","status":"confirmed_geometry","contextOnly":true,"sourceFile":"Hetsuu hutul.DWG","sourceUrl":"https://drive.google.com/drive/folders/1hopqTCeMJknMkkvMa_wCY6OQ_GHXt4ub","sourceCrs":"EPSG:32646","displayCrs":"EPSG:4326","crsVerified":true,"cadLayer":"0","entityClass":"AcDbEntity : AcDbPoint","entityHandle":"1A32","cadColor":5},"geometry":{"type":"Point","coordinates":[92.41411993,46.00909809]}},{"type":"Feature","id":"hetsuu-dwg:440","properties":{"project":"External licence reference","scope":"external_reference","area":"Hetsuu hutul","sensor":"Base / Control","dataType":"cad_reference_geometry","displayRole":"control_point","plannedActual":"reference","status":"confirmed_geometry","contextOnly":true,"sourceFile":"Hetsuu hutul.DWG","sourceUrl":"https://drive.google.com/drive/folders/1hopqTCeMJknMkkvMa_wCY6OQ_GHXt4ub","sourceCrs":"EPSG:32646","displayCrs":"EPSG:4326","crsVerified":true,"cadLayer":"0","entityClass":"AcDbEntity : AcDbPoint","entityHandle":"1A33","cadColor":5},"geometry":{"type":"Point","coordinates":[92.40829728,46.00904238]}},{"type":"Feature","id":"hetsuu-dwg:441","properties":{"project":"External licence reference","scope":"external_reference","area":"Hetsuu hutul","sensor":"Base / Control","dataType":"cad_reference_geometry","displayRole":"control_point","plannedActual":"reference","status":"confirmed_geometry","contextOnly":true,"sourceFile":"Hetsuu hutul.DWG","sourceUrl":"https://drive.google.com/drive/folders/1hopqTCeMJknMkkvMa_wCY6OQ_GHXt4ub","sourceCrs":"EPSG:32646","displayCrs":"EPSG:4326","crsVerified":true,"cadLayer":"0","entityClass":"AcDbEntity : AcDbPoint","entityHandle":"1A34","cadColor":5},"geometry":{"type":"Point","coordinates":[92.40828862,46.01077864]}},{"type":"Feature","id":"hetsuu-dwg:442","properties":{"project":"External licence reference","scope":"external_reference","area":"Hetsuu hutul","sensor":"Base / Control","dataType":"cad_reference_geometry","displayRole":"control_point","plannedActual":"reference","status":"confirmed_geometry","contextOnly":true,"sourceFile":"Hetsuu hutul.DWG","sourceUrl":"https://drive.google.com/drive/folders/1hopqTCeMJknMkkvMa_wCY6OQ_GHXt4ub","sourceCrs":"EPSG:32646","displayCrs":"EPSG:4326","crsVerified":true,"cadLayer":"0","entityClass":"AcDbEntity : AcDbPoint","entityHandle":"1A35","cadColor":5},"geometry":{"type":"Point","coordinates":[92.40262886,46.00903185]}},{"type":"Feature","id":"hetsuu-dwg:443","properties":{"project":"External licence reference","scope":"external_reference","area":"Hetsuu hutul","sensor":"Base / Control","dataType":"cad_reference_geometry","displayRole":"control_point","plannedActual":"reference","status":"confirmed_geometry","contextOnly":true,"sourceFile":"Hetsuu hutul.DWG","sourceUrl":"https://drive.google.com/drive/folders/1hopqTCeMJknMkkvMa_wCY6OQ_GHXt4ub","sourceCrs":"EPSG:32646","displayCrs":"EPSG:4326","crsVerified":true,"cadLayer":"0","entityClass":"AcDbEntity : AcDbPoint","entityHandle":"1A36","cadColor":5},"geometry":{"type":"Point","coordinates":[92.39683487,46.008947]}},{"type":"Feature","id":"hetsuu-dwg:444","properties":{"project":"External licence reference","scope":"external_reference","area":"Hetsuu hutul","sensor":"Base / Control","dataType":"cad_reference_geometry","displayRole":"control_point","plannedActual":"reference","status":"confirmed_geometry","contextOnly":true,"sourceFile":"Hetsuu hutul.DWG","sourceUrl":"https://drive.google.com/drive/folders/1hopqTCeMJknMkkvMa_wCY6OQ_GHXt4ub","sourceCrs":"EPSG:32646","displayCrs":"EPSG:4326","crsVerified":true,"cadLayer":"0","entityClass":"AcDbEntity : AcDbPoint","entityHandle":"1A37","cadColor":5},"geometry":{"type":"Point","coordinates":[92.39122776,46.00351181]}},{"type":"Feature","id":"hetsuu-dwg:445","properties":{"project":"External licence reference","scope":"external_reference","area":"Hetsuu hutul","sensor":"Base / Control","dataType":"cad_reference_geometry","displayRole":"control_point","plannedActual":"reference","status":"confirmed_geometry","contextOnly":true,"sourceFile":"Hetsuu hutul.DWG","sourceUrl":"https://drive.google.com/drive/folders/1hopqTCeMJknMkkvMa_wCY6OQ_GHXt4ub","sourceCrs":"EPSG:32646","displayCrs":"EPSG:4326","crsVerified":true,"cadLayer":"0","entityClass":"AcDbEntity : AcDbPoint","entityHandle":"1A38","cadColor":5},"geometry":{"type":"Point","coordinates":[92.38546192,46.00134859]}},{"type":"Feature","id":"hetsuu-dwg:446","properties":{"project":"External licence reference","scope":"external_reference","area":"Hetsuu hutul","sensor":"Base / Control","dataType":"cad_reference_geometry","displayRole":"control_point","plannedActual":"reference","status":"confirmed_geometry","contextOnly":true,"sourceFile":"Hetsuu hutul.DWG","sourceUrl":"https://drive.google.com/drive/folders/1hopqTCeMJknMkkvMa_wCY6OQ_GHXt4ub","sourceCrs":"EPSG:32646","displayCrs":"EPSG:4326","crsVerified":true,"cadLayer":"0","entityClass":"AcDbEntity : AcDbPoint","entityHandle":"1A39","cadColor":5},"geometry":{"type":"Point","coordinates":[92.37978745,46.0014083]}},{"type":"Feature","id":"hetsuu-dwg:447","properties":{"project":"External licence reference","scope":"external_reference","area":"Hetsuu hutul","sensor":"Base / Control","dataType":"cad_reference_geometry","displayRole":"control_point","plannedActual":"reference","status":"confirmed_geometry","contextOnly":true,"sourceFile":"Hetsuu hutul.DWG","sourceUrl":"https://drive.google.com/drive/folders/1hopqTCeMJknMkkvMa_wCY6OQ_GHXt4ub","sourceCrs":"EPSG:32646","displayCrs":"EPSG:4326","crsVerified":true,"cadLayer":"0","entityClass":"AcDbEntity : AcDbPoint","entityHandle":"1A3A","cadColor":5},"geometry":{"type":"Point","coordinates":[92.37406765,46.00065999]}},{"type":"Feature","id":"hetsuu-dwg:448","properties":{"project":"External licence reference","scope":"external_reference","area":"Hetsuu hutul","sensor":"Base / Control","dataType":"cad_reference_geometry","displayRole":"control_point","plannedActual":"reference","status":"confirmed_geometry","contextOnly":true,"sourceFile":"Hetsuu hutul.DWG","sourceUrl":"https://drive.google.com/drive/folders/1hopqTCeMJknMkkvMa_wCY6OQ_GHXt4ub","sourceCrs":"EPSG:32646","displayCrs":"EPSG:4326","crsVerified":true,"cadLayer":"0","entityClass":"AcDbEntity : AcDbPoint","entityHandle":"1A3B","cadColor":5},"geometry":{"type":"Point","coordinates":[92.37122587,46.00051909]}},{"type":"Feature","id":"hetsuu-dwg:449","properties":{"project":"External licence reference","scope":"external_reference","area":"Hetsuu hutul","sensor":"Base / Control","dataType":"cad_reference_geometry","displayRole":"control_point","plannedActual":"reference","status":"confirmed_geometry","contextOnly":true,"sourceFile":"Hetsuu hutul.DWG","sourceUrl":"https://drive.google.com/drive/folders/1hopqTCeMJknMkkvMa_wCY6OQ_GHXt4ub","sourceCrs":"EPSG:32646","displayCrs":"EPSG:4326","crsVerified":true,"cadLayer":"0","entityClass":"AcDbEntity : AcDbPoint","entityHandle":"1A3C","cadColor":5},"geometry":{"type":"Point","coordinates":[92.37399294,46.00659064]}},{"type":"Feature","id":"hetsuu-dwg:450","properties":{"project":"External licence reference","scope":"external_reference","area":"Hetsuu hutul","sensor":"Base / Control","dataType":"cad_reference_geometry","displayRole":"control_point","plannedActual":"reference","status":"confirmed_geometry","contextOnly":true,"sourceFile":"Hetsuu hutul.DWG","sourceUrl":"https://drive.google.com/drive/folders/1hopqTCeMJknMkkvMa_wCY6OQ_GHXt4ub","sourceCrs":"EPSG:32646","displayCrs":"EPSG:4326","crsVerified":true,"cadLayer":"0","entityClass":"AcDbEntity : AcDbPoint","entityHandle":"1A3D","cadColor":5},"geometry":{"type":"Point","coordinates":[92.37971267,46.00717828]}},{"type":"Feature","id":"hetsuu-dwg:451","properties":{"project":"External licence reference","scope":"external_reference","area":"Hetsuu hutul","sensor":"Base / Control","dataType":"cad_reference_geometry","displayRole":"control_point","plannedActual":"reference","status":"confirmed_geometry","contextOnly":true,"sourceFile":"Hetsuu hutul.DWG","sourceUrl":"https://drive.google.com/drive/folders/1hopqTCeMJknMkkvMa_wCY6OQ_GHXt4ub","sourceCrs":"EPSG:32646","displayCrs":"EPSG:4326","crsVerified":true,"cadLayer":"0","entityClass":"AcDbEntity : AcDbPoint","entityHandle":"1A3E","cadColor":5},"geometry":{"type":"Point","coordinates":[92.38545302,46.00829914]}},{"type":"Feature","id":"hetsuu-dwg:452","properties":{"project":"External licence reference","scope":"external_reference","area":"Hetsuu hutul","sensor":"Base / Control","dataType":"cad_reference_geometry","displayRole":"control_point","plannedActual":"reference","status":"confirmed_geometry","contextOnly":true,"sourceFile":"Hetsuu hutul.DWG","sourceUrl":"https://drive.google.com/drive/folders/1hopqTCeMJknMkkvMa_wCY6OQ_GHXt4ub","sourceCrs":"EPSG:32646","displayCrs":"EPSG:4326","crsVerified":true,"cadLayer":"0","entityClass":"AcDbEntity : AcDbPoint","entityHandle":"1A3F","cadColor":5},"geometry":{"type":"Point","coordinates":[92.39241814,46.00986244]}},{"type":"Feature","id":"hetsuu-dwg:453","properties":{"project":"External licence reference","scope":"external_reference","area":"Hetsuu hutul","sensor":"Base / Control","dataType":"cad_reference_geometry","displayRole":"control_point","plannedActual":"reference","status":"confirmed_geometry","contextOnly":true,"sourceFile":"Hetsuu hutul.DWG","sourceUrl":"https://drive.google.com/drive/folders/1hopqTCeMJknMkkvMa_wCY6OQ_GHXt4ub","sourceCrs":"EPSG:32646","displayCrs":"EPSG:4326","crsVerified":true,"cadLayer":"0","entityClass":"AcDbEntity : AcDbPoint","entityHandle":"1A40","cadColor":5},"geometry":{"type":"Point","coordinates":[92.45982149,46.01851287]}},{"type":"Feature","id":"hetsuu-dwg:454","properties":{"project":"External licence reference","scope":"external_reference","area":"Hetsuu hutul","sensor":"Base / Control","dataType":"cad_reference_geometry","displayRole":"control_point","plannedActual":"reference","status":"confirmed_geometry","contextOnly":true,"sourceFile":"Hetsuu hutul.DWG","sourceUrl":"https://drive.google.com/drive/folders/1hopqTCeMJknMkkvMa_wCY6OQ_GHXt4ub","sourceCrs":"EPSG:32646","displayCrs":"EPSG:4326","crsVerified":true,"cadLayer":"0","entityClass":"AcDbEntity : AcDbPoint","entityHandle":"1A41","cadColor":5},"geometry":{"type":"Point","coordinates":[92.45970148,46.02069293]}},{"type":"Feature","id":"hetsuu-dwg:455","properties":{"project":"External licence reference","scope":"external_reference","area":"Hetsuu hutul","sensor":"Base / Control","dataType":"cad_reference_geometry","displayRole":"control_point","plannedActual":"reference","status":"confirmed_geometry","contextOnly":true,"sourceFile":"Hetsuu hutul.DWG","sourceUrl":"https://drive.google.com/drive/folders/1hopqTCeMJknMkkvMa_wCY6OQ_GHXt4ub","sourceCrs":"EPSG:32646","displayCrs":"EPSG:4326","crsVerified":true,"cadLayer":"0","entityClass":"AcDbEntity : AcDbPoint","entityHandle":"1A42","cadColor":5},"geometry":{"type":"Point","coordinates":[92.45403714,46.01843901]}},{"type":"Feature","id":"hetsuu-dwg:456","properties":{"project":"External licence reference","scope":"external_reference","area":"Hetsuu hutul","sensor":"Base / Control","dataType":"cad_reference_geometry","displayRole":"control_point","plannedActual":"reference","status":"confirmed_geometry","contextOnly":true,"sourceFile":"Hetsuu hutul.DWG","sourceUrl":"https://drive.google.com/drive/folders/1hopqTCeMJknMkkvMa_wCY6OQ_GHXt4ub","sourceCrs":"EPSG:32646","displayCrs":"EPSG:4326","crsVerified":true,"cadLayer":"0","entityClass":"AcDbEntity : AcDbPoint","entityHandle":"1A43","cadColor":5},"geometry":{"type":"Point","coordinates":[92.44829147,46.0183656]}},{"type":"Feature","id":"hetsuu-dwg:457","properties":{"project":"External licence reference","scope":"external_reference","area":"Hetsuu hutul","sensor":"Base / Control","dataType":"cad_reference_geometry","displayRole":"control_point","plannedActual":"reference","status":"confirmed_geometry","contextOnly":true,"sourceFile":"Hetsuu hutul.DWG","sourceUrl":"https://drive.google.com/drive/folders/1hopqTCeMJknMkkvMa_wCY6OQ_GHXt4ub","sourceCrs":"EPSG:32646","displayCrs":"EPSG:4326","crsVerified":true,"cadLayer":"0","entityClass":"AcDbEntity : AcDbPoint","entityHandle":"1A44","cadColor":5},"geometry":{"type":"Point","coordinates":[92.44828603,46.02029477]}},{"type":"Feature","id":"hetsuu-dwg:458","properties":{"project":"External licence reference","scope":"external_reference","area":"Hetsuu hutul","sensor":"Base / Control","dataType":"cad_reference_geometry","displayRole":"control_point","plannedActual":"reference","status":"confirmed_geometry","contextOnly":true,"sourceFile":"Hetsuu hutul.DWG","sourceUrl":"https://drive.google.com/drive/folders/1hopqTCeMJknMkkvMa_wCY6OQ_GHXt4ub","sourceCrs":"EPSG:32646","displayCrs":"EPSG:4326","crsVerified":true,"cadLayer":"0","entityClass":"AcDbEntity : AcDbPoint","entityHandle":"1A45","cadColor":5},"geometry":{"type":"Point","coordinates":[92.44261915,46.01839811]}},{"type":"Feature","id":"hetsuu-dwg:459","properties":{"project":"External licence reference","scope":"external_reference","area":"Hetsuu hutul","sensor":"Base / Control","dataType":"cad_reference_geometry","displayRole":"control_point","plannedActual":"reference","status":"confirmed_geometry","contextOnly":true,"sourceFile":"Hetsuu hutul.DWG","sourceUrl":"https://drive.google.com/drive/folders/1hopqTCeMJknMkkvMa_wCY6OQ_GHXt4ub","sourceCrs":"EPSG:32646","displayCrs":"EPSG:4326","crsVerified":true,"cadLayer":"0","entityClass":"AcDbEntity : AcDbPoint","entityHandle":"1A46","cadColor":5},"geometry":{"type":"Point","coordinates":[92.43683255,46.02130466]}},{"type":"Feature","id":"hetsuu-dwg:460","properties":{"project":"External licence reference","scope":"external_reference","area":"Hetsuu hutul","sensor":"Base / Control","dataType":"cad_reference_geometry","displayRole":"control_point","plannedActual":"reference","status":"confirmed_geometry","contextOnly":true,"sourceFile":"Hetsuu hutul.DWG","sourceUrl":"https://drive.google.com/drive/folders/1hopqTCeMJknMkkvMa_wCY6OQ_GHXt4ub","sourceCrs":"EPSG:32646","displayCrs":"EPSG:4326","crsVerified":true,"cadLayer":"0","entityClass":"AcDbEntity : AcDbPoint","entityHandle":"1A47","cadColor":5},"geometry":{"type":"Point","coordinates":[92.43688355,46.01839365]}},{"type":"Feature","id":"hetsuu-dwg:461","properties":{"project":"External licence reference","scope":"external_reference","area":"Hetsuu hutul","sensor":"Base / Control","dataType":"cad_reference_geometry","displayRole":"elevation","plannedActual":"reference","status":"confirmed_geometry","contextOnly":true,"sourceFile":"Hetsuu hutul.DWG","sourceUrl":"https://drive.google.com/drive/folders/1hopqTCeMJknMkkvMa_wCY6OQ_GHXt4ub","sourceCrs":"EPSG:32646","displayCrs":"EPSG:4326","crsVerified":true,"cadLayer":"0","entityClass":"AcDbEntity : AcDbText","entityHandle":"1A48","cadColor":5,"text_value":"1710.559"},"geometry":{"type":"Point","coordinates":[92.43688355,46.01839365]}},{"type":"Feature","id":"hetsuu-dwg:462","properties":{"project":"External licence reference","scope":"external_reference","area":"Hetsuu hutul","sensor":"Base / Control","dataType":"cad_reference_geometry","displayRole":"elevation","plannedActual":"reference","status":"confirmed_geometry","contextOnly":true,"sourceFile":"Hetsuu hutul.DWG","sourceUrl":"https://drive.google.com/drive/folders/1hopqTCeMJknMkkvMa_wCY6OQ_GHXt4ub","sourceCrs":"EPSG:32646","displayCrs":"EPSG:4326","crsVerified":true,"cadLayer":"0","entityClass":"AcDbEntity : AcDbText","entityHandle":"1A49","cadColor":5,"text_value":"1779.230"},"geometry":{"type":"Point","coordinates":[92.43683255,46.02130466]}},{"type":"Feature","id":"hetsuu-dwg:463","properties":{"project":"External licence reference","scope":"external_reference","area":"Hetsuu hutul","sensor":"Base / Control","dataType":"cad_reference_geometry","displayRole":"elevation","plannedActual":"reference","status":"confirmed_geometry","contextOnly":true,"sourceFile":"Hetsuu hutul.DWG","sourceUrl":"https://drive.google.com/drive/folders/1hopqTCeMJknMkkvMa_wCY6OQ_GHXt4ub","sourceCrs":"EPSG:32646","displayCrs":"EPSG:4326","crsVerified":true,"cadLayer":"0","entityClass":"AcDbEntity : AcDbText","entityHandle":"1A4A","cadColor":5,"text_value":"1708.377"},"geometry":{"type":"Point","coordinates":[92.44261915,46.01839811]}},{"type":"Feature","id":"hetsuu-dwg:464","properties":{"project":"External licence reference","scope":"external_reference","area":"Hetsuu hutul","sensor":"Base / Control","dataType":"cad_reference_geometry","displayRole":"elevation","plannedActual":"reference","status":"confirmed_geometry","contextOnly":true,"sourceFile":"Hetsuu hutul.DWG","sourceUrl":"https://drive.google.com/drive/folders/1hopqTCeMJknMkkvMa_wCY6OQ_GHXt4ub","sourceCrs":"EPSG:32646","displayCrs":"EPSG:4326","crsVerified":true,"cadLayer":"0","entityClass":"AcDbEntity : AcDbText","entityHandle":"1A4B","cadColor":5,"text_value":"1699.336"},"geometry":{"type":"Point","coordinates":[92.44828603,46.02029477]}},{"type":"Feature","id":"hetsuu-dwg:465","properties":{"project":"External licence reference","scope":"external_reference","area":"Hetsuu hutul","sensor":"Base / Control","dataType":"cad_reference_geometry","displayRole":"elevation","plannedActual":"reference","status":"confirmed_geometry","contextOnly":true,"sourceFile":"Hetsuu hutul.DWG","sourceUrl":"https://drive.google.com/drive/folders/1hopqTCeMJknMkkvMa_wCY6OQ_GHXt4ub","sourceCrs":"EPSG:32646","displayCrs":"EPSG:4326","crsVerified":true,"cadLayer":"0","entityClass":"AcDbEntity : AcDbText","entityHandle":"1A4C","cadColor":5,"text_value":"1653.629"},"geometry":{"type":"Point","coordinates":[92.44829147,46.0183656]}},{"type":"Feature","id":"hetsuu-dwg:466","properties":{"project":"External licence reference","scope":"external_reference","area":"Hetsuu hutul","sensor":"Base / Control","dataType":"cad_reference_geometry","displayRole":"elevation","plannedActual":"reference","status":"confirmed_geometry","contextOnly":true,"sourceFile":"Hetsuu hutul.DWG","sourceUrl":"https://drive.google.com/drive/folders/1hopqTCeMJknMkkvMa_wCY6OQ_GHXt4ub","sourceCrs":"EPSG:32646","displayCrs":"EPSG:4326","crsVerified":true,"cadLayer":"0","entityClass":"AcDbEntity : AcDbText","entityHandle":"1A4D","cadColor":5,"text_value":"1610.994"},"geometry":{"type":"Point","coordinates":[92.45403714,46.01843901]}},{"type":"Feature","id":"hetsuu-dwg:467","properties":{"project":"External licence reference","scope":"external_reference","area":"Hetsuu hutul","sensor":"Base / Control","dataType":"cad_reference_geometry","displayRole":"elevation","plannedActual":"reference","status":"confirmed_geometry","contextOnly":true,"sourceFile":"Hetsuu hutul.DWG","sourceUrl":"https://drive.google.com/drive/folders/1hopqTCeMJknMkkvMa_wCY6OQ_GHXt4ub","sourceCrs":"EPSG:32646","displayCrs":"EPSG:4326","crsVerified":true,"cadLayer":"0","entityClass":"AcDbEntity : AcDbText","entityHandle":"1A4E","cadColor":5,"text_value":"1606.185"},"geometry":{"type":"Point","coordinates":[92.45970148,46.02069293]}},{"type":"Feature","id":"hetsuu-dwg:468","properties":{"project":"External licence reference","scope":"external_reference","area":"Hetsuu hutul","sensor":"Base / Control","dataType":"cad_reference_geometry","displayRole":"elevation","plannedActual":"reference","status":"confirmed_geometry","contextOnly":true,"sourceFile":"Hetsuu hutul.DWG","sourceUrl":"https://drive.google.com/drive/folders/1hopqTCeMJknMkkvMa_wCY6OQ_GHXt4ub","sourceCrs":"EPSG:32646","displayCrs":"EPSG:4326","crsVerified":true,"cadLayer":"0","entityClass":"AcDbEntity : AcDbText","entityHandle":"1A4F","cadColor":5,"text_value":"1593.241"},"geometry":{"type":"Point","coordinates":[92.45982149,46.01851287]}},{"type":"Feature","id":"hetsuu-dwg:469","properties":{"project":"External licence reference","scope":"external_reference","area":"Hetsuu hutul","sensor":"Base / Control","dataType":"cad_reference_geometry","displayRole":"elevation","plannedActual":"reference","status":"confirmed_geometry","contextOnly":true,"sourceFile":"Hetsuu hutul.DWG","sourceUrl":"https://drive.google.com/drive/folders/1hopqTCeMJknMkkvMa_wCY6OQ_GHXt4ub","sourceCrs":"EPSG:32646","displayCrs":"EPSG:4326","crsVerified":true,"cadLayer":"0","entityClass":"AcDbEntity : AcDbText","entityHandle":"1A50","cadColor":5,"text_value":"1837.399"},"geometry":{"type":"Point","coordinates":[92.39241814,46.00986244]}},{"type":"Feature","id":"hetsuu-dwg:470","properties":{"project":"External licence reference","scope":"external_reference","area":"Hetsuu hutul","sensor":"Base / Control","dataType":"cad_reference_geometry","displayRole":"elevation","plannedActual":"reference","status":"confirmed_geometry","contextOnly":true,"sourceFile":"Hetsuu hutul.DWG","sourceUrl":"https://drive.google.com/drive/folders/1hopqTCeMJknMkkvMa_wCY6OQ_GHXt4ub","sourceCrs":"EPSG:32646","displayCrs":"EPSG:4326","crsVerified":true,"cadLayer":"0","entityClass":"AcDbEntity : AcDbText","entityHandle":"1A51","cadColor":5,"text_value":"1826.165"},"geometry":{"type":"Point","coordinates":[92.38545302,46.00829914]}},{"type":"Feature","id":"hetsuu-dwg:471","properties":{"project":"External licence reference","scope":"external_reference","area":"Hetsuu hutul","sensor":"Base / Control","dataType":"cad_reference_geometry","displayRole":"elevation","plannedActual":"reference","status":"confirmed_geometry","contextOnly":true,"sourceFile":"Hetsuu hutul.DWG","sourceUrl":"https://drive.google.com/drive/folders/1hopqTCeMJknMkkvMa_wCY6OQ_GHXt4ub","sourceCrs":"EPSG:32646","displayCrs":"EPSG:4326","crsVerified":true,"cadLayer":"0","entityClass":"AcDbEntity : AcDbText","entityHandle":"1A52","cadColor":5,"text_value":"1817.661"},"geometry":{"type":"Point","coordinates":[92.37971267,46.00717828]}},{"type":"Feature","id":"hetsuu-dwg:472","properties":{"project":"External licence reference","scope":"external_reference","area":"Hetsuu hutul","sensor":"Base / Control","dataType":"cad_reference_geometry","displayRole":"elevation","plannedActual":"reference","status":"confirmed_geometry","contextOnly":true,"sourceFile":"Hetsuu hutul.DWG","sourceUrl":"https://drive.google.com/drive/folders/1hopqTCeMJknMkkvMa_wCY6OQ_GHXt4ub","sourceCrs":"EPSG:32646","displayCrs":"EPSG:4326","crsVerified":true,"cadLayer":"0","entityClass":"AcDbEntity : AcDbText","entityHandle":"1A53","cadColor":5,"text_value":"1817.825"},"geometry":{"type":"Point","coordinates":[92.37399294,46.00659064]}},{"type":"Feature","id":"hetsuu-dwg:473","properties":{"project":"External licence reference","scope":"external_reference","area":"Hetsuu hutul","sensor":"Base / Control","dataType":"cad_reference_geometry","displayRole":"elevation","plannedActual":"reference","status":"confirmed_geometry","contextOnly":true,"sourceFile":"Hetsuu hutul.DWG","sourceUrl":"https://drive.google.com/drive/folders/1hopqTCeMJknMkkvMa_wCY6OQ_GHXt4ub","sourceCrs":"EPSG:32646","displayCrs":"EPSG:4326","crsVerified":true,"cadLayer":"0","entityClass":"AcDbEntity : AcDbText","entityHandle":"1A54","cadColor":5,"text_value":"1597.999"},"geometry":{"type":"Point","coordinates":[92.37122587,46.00051909]}},{"type":"Feature","id":"hetsuu-dwg:474","properties":{"project":"External licence reference","scope":"external_reference","area":"Hetsuu hutul","sensor":"Base / Control","dataType":"cad_reference_geometry","displayRole":"elevation","plannedActual":"reference","status":"confirmed_geometry","contextOnly":true,"sourceFile":"Hetsuu hutul.DWG","sourceUrl":"https://drive.google.com/drive/folders/1hopqTCeMJknMkkvMa_wCY6OQ_GHXt4ub","sourceCrs":"EPSG:32646","displayCrs":"EPSG:4326","crsVerified":true,"cadLayer":"0","entityClass":"AcDbEntity : AcDbText","entityHandle":"1A55","cadColor":5,"text_value":"1581.937"},"geometry":{"type":"Point","coordinates":[92.37406765,46.00065999]}},{"type":"Feature","id":"hetsuu-dwg:475","properties":{"project":"External licence reference","scope":"external_reference","area":"Hetsuu hutul","sensor":"Base / Control","dataType":"cad_reference_geometry","displayRole":"elevation","plannedActual":"reference","status":"confirmed_geometry","contextOnly":true,"sourceFile":"Hetsuu hutul.DWG","sourceUrl":"https://drive.google.com/drive/folders/1hopqTCeMJknMkkvMa_wCY6OQ_GHXt4ub","sourceCrs":"EPSG:32646","displayCrs":"EPSG:4326","crsVerified":true,"cadLayer":"0","entityClass":"AcDbEntity : AcDbText","entityHandle":"1A56","cadColor":5,"text_value":"1599.456"},"geometry":{"type":"Point","coordinates":[92.37978745,46.0014083]}},{"type":"Feature","id":"hetsuu-dwg:476","properties":{"project":"External licence reference","scope":"external_reference","area":"Hetsuu hutul","sensor":"Base / Control","dataType":"cad_reference_geometry","displayRole":"elevation","plannedActual":"reference","status":"confirmed_geometry","contextOnly":true,"sourceFile":"Hetsuu hutul.DWG","sourceUrl":"https://drive.google.com/drive/folders/1hopqTCeMJknMkkvMa_wCY6OQ_GHXt4ub","sourceCrs":"EPSG:32646","displayCrs":"EPSG:4326","crsVerified":true,"cadLayer":"0","entityClass":"AcDbEntity : AcDbText","entityHandle":"1A57","cadColor":5,"text_value":"1592.348"},"geometry":{"type":"Point","coordinates":[92.38546192,46.00134859]}},{"type":"Feature","id":"hetsuu-dwg:477","properties":{"project":"External licence reference","scope":"external_reference","area":"Hetsuu hutul","sensor":"Base / Control","dataType":"cad_reference_geometry","displayRole":"elevation","plannedActual":"reference","status":"confirmed_geometry","contextOnly":true,"sourceFile":"Hetsuu hutul.DWG","sourceUrl":"https://drive.google.com/drive/folders/1hopqTCeMJknMkkvMa_wCY6OQ_GHXt4ub","sourceCrs":"EPSG:32646","displayCrs":"EPSG:4326","crsVerified":true,"cadLayer":"0","entityClass":"AcDbEntity : AcDbText","entityHandle":"1A58","cadColor":5,"text_value":"1611.472"},"geometry":{"type":"Point","coordinates":[92.39122776,46.00351181]}},{"type":"Feature","id":"hetsuu-dwg:478","properties":{"project":"External licence reference","scope":"external_reference","area":"Hetsuu hutul","sensor":"Base / Control","dataType":"cad_reference_geometry","displayRole":"elevation","plannedActual":"reference","status":"confirmed_geometry","contextOnly":true,"sourceFile":"Hetsuu hutul.DWG","sourceUrl":"https://drive.google.com/drive/folders/1hopqTCeMJknMkkvMa_wCY6OQ_GHXt4ub","sourceCrs":"EPSG:32646","displayCrs":"EPSG:4326","crsVerified":true,"cadLayer":"0","entityClass":"AcDbEntity : AcDbText","entityHandle":"1A59","cadColor":5,"text_value":"1749.376"},"geometry":{"type":"Point","coordinates":[92.39683487,46.008947]}},{"type":"Feature","id":"hetsuu-dwg:479","properties":{"project":"External licence reference","scope":"external_reference","area":"Hetsuu hutul","sensor":"Base / Control","dataType":"cad_reference_geometry","displayRole":"elevation","plannedActual":"reference","status":"confirmed_geometry","contextOnly":true,"sourceFile":"Hetsuu hutul.DWG","sourceUrl":"https://drive.google.com/drive/folders/1hopqTCeMJknMkkvMa_wCY6OQ_GHXt4ub","sourceCrs":"EPSG:32646","displayCrs":"EPSG:4326","crsVerified":true,"cadLayer":"0","entityClass":"AcDbEntity : AcDbText","entityHandle":"1A5A","cadColor":5,"text_value":"1721.969"},"geometry":{"type":"Point","coordinates":[92.40262886,46.00903185]}},{"type":"Feature","id":"hetsuu-dwg:480","properties":{"project":"External licence reference","scope":"external_reference","area":"Hetsuu hutul","sensor":"Base / Control","dataType":"cad_reference_geometry","displayRole":"elevation","plannedActual":"reference","status":"confirmed_geometry","contextOnly":true,"sourceFile":"Hetsuu hutul.DWG","sourceUrl":"https://drive.google.com/drive/folders/1hopqTCeMJknMkkvMa_wCY6OQ_GHXt4ub","sourceCrs":"EPSG:32646","displayCrs":"EPSG:4326","crsVerified":true,"cadLayer":"0","entityClass":"AcDbEntity : AcDbText","entityHandle":"1A5B","cadColor":5,"text_value":"1776.293"},"geometry":{"type":"Point","coordinates":[92.40828862,46.01077864]}},{"type":"Feature","id":"hetsuu-dwg:481","properties":{"project":"External licence reference","scope":"external_reference","area":"Hetsuu hutul","sensor":"Base / Control","dataType":"cad_reference_geometry","displayRole":"elevation","plannedActual":"reference","status":"confirmed_geometry","contextOnly":true,"sourceFile":"Hetsuu hutul.DWG","sourceUrl":"https://drive.google.com/drive/folders/1hopqTCeMJknMkkvMa_wCY6OQ_GHXt4ub","sourceCrs":"EPSG:32646","displayCrs":"EPSG:4326","crsVerified":true,"cadLayer":"0","entityClass":"AcDbEntity : AcDbText","entityHandle":"1A5C","cadColor":5,"text_value":"1723.723"},"geometry":{"type":"Point","coordinates":[92.40829728,46.00904238]}},{"type":"Feature","id":"hetsuu-dwg:482","properties":{"project":"External licence reference","scope":"external_reference","area":"Hetsuu hutul","sensor":"Base / Control","dataType":"cad_reference_geometry","displayRole":"elevation","plannedActual":"reference","status":"confirmed_geometry","contextOnly":true,"sourceFile":"Hetsuu hutul.DWG","sourceUrl":"https://drive.google.com/drive/folders/1hopqTCeMJknMkkvMa_wCY6OQ_GHXt4ub","sourceCrs":"EPSG:32646","displayCrs":"EPSG:4326","crsVerified":true,"cadLayer":"0","entityClass":"AcDbEntity : AcDbText","entityHandle":"1A5D","cadColor":5,"text_value":"1673.611"},"geometry":{"type":"Point","coordinates":[92.41411993,46.00909809]}},{"type":"Feature","id":"hetsuu-dwg:483","properties":{"project":"External licence reference","scope":"external_reference","area":"Hetsuu hutul","sensor":"Base / Control","dataType":"cad_reference_geometry","displayRole":"elevation","plannedActual":"reference","status":"confirmed_geometry","contextOnly":true,"sourceFile":"Hetsuu hutul.DWG","sourceUrl":"https://drive.google.com/drive/folders/1hopqTCeMJknMkkvMa_wCY6OQ_GHXt4ub","sourceCrs":"EPSG:32646","displayCrs":"EPSG:4326","crsVerified":true,"cadLayer":"0","entityClass":"AcDbEntity : AcDbText","entityHandle":"1A5E","cadColor":5,"text_value":"1650.801"},"geometry":{"type":"Point","coordinates":[92.4997882,46.03694665]}},{"type":"Feature","id":"hetsuu-dwg:484","properties":{"project":"External licence reference","scope":"external_reference","area":"Hetsuu hutul","sensor":"Base / Control","dataType":"cad_reference_geometry","displayRole":"elevation","plannedActual":"reference","status":"confirmed_geometry","contextOnly":true,"sourceFile":"Hetsuu hutul.DWG","sourceUrl":"https://drive.google.com/drive/folders/1hopqTCeMJknMkkvMa_wCY6OQ_GHXt4ub","sourceCrs":"EPSG:32646","displayCrs":"EPSG:4326","crsVerified":true,"cadLayer":"0","entityClass":"AcDbEntity : AcDbText","entityHandle":"1A5F","cadColor":5,"text_value":"1706.708"},"geometry":{"type":"Point","coordinates":[92.49412742,46.03690679]}},{"type":"Feature","id":"hetsuu-dwg:485","properties":{"project":"External licence reference","scope":"external_reference","area":"Hetsuu hutul","sensor":"Base / Control","dataType":"cad_reference_geometry","displayRole":"elevation","plannedActual":"reference","status":"confirmed_geometry","contextOnly":true,"sourceFile":"Hetsuu hutul.DWG","sourceUrl":"https://drive.google.com/drive/folders/1hopqTCeMJknMkkvMa_wCY6OQ_GHXt4ub","sourceCrs":"EPSG:32646","displayCrs":"EPSG:4326","crsVerified":true,"cadLayer":"0","entityClass":"AcDbEntity : AcDbText","entityHandle":"1A60","cadColor":5,"text_value":"1728.999"},"geometry":{"type":"Point","coordinates":[92.48840256,46.03700018]}},{"type":"Feature","id":"hetsuu-dwg:486","properties":{"project":"External licence reference","scope":"external_reference","area":"Hetsuu hutul","sensor":"Base / Control","dataType":"cad_reference_geometry","displayRole":"elevation","plannedActual":"reference","status":"confirmed_geometry","contextOnly":true,"sourceFile":"Hetsuu hutul.DWG","sourceUrl":"https://drive.google.com/drive/folders/1hopqTCeMJknMkkvMa_wCY6OQ_GHXt4ub","sourceCrs":"EPSG:32646","displayCrs":"EPSG:4326","crsVerified":true,"cadLayer":"0","entityClass":"AcDbEntity : AcDbText","entityHandle":"1A61","cadColor":5,"text_value":"1711.702"},"geometry":{"type":"Point","coordinates":[92.48829164,46.04187553]}},{"type":"Feature","id":"hetsuu-dwg:487","properties":{"project":"External licence reference","scope":"external_reference","area":"Hetsuu hutul","sensor":"Base / Control","dataType":"cad_reference_geometry","displayRole":"elevation","plannedActual":"reference","status":"confirmed_geometry","contextOnly":true,"sourceFile":"Hetsuu hutul.DWG","sourceUrl":"https://drive.google.com/drive/folders/1hopqTCeMJknMkkvMa_wCY6OQ_GHXt4ub","sourceCrs":"EPSG:32646","displayCrs":"EPSG:4326","crsVerified":true,"cadLayer":"0","entityClass":"AcDbEntity : AcDbText","entityHandle":"1A62","cadColor":5,"text_value":"1702.557"},"geometry":{"type":"Point","coordinates":[92.49397802,46.04048854]}},{"type":"Feature","id":"hetsuu-dwg:488","properties":{"project":"External licence reference","scope":"external_reference","area":"Hetsuu hutul","sensor":"Base / Control","dataType":"cad_reference_geometry","displayRole":"elevation","plannedActual":"reference","status":"confirmed_geometry","contextOnly":true,"sourceFile":"Hetsuu hutul.DWG","sourceUrl":"https://drive.google.com/drive/folders/1hopqTCeMJknMkkvMa_wCY6OQ_GHXt4ub","sourceCrs":"EPSG:32646","displayCrs":"EPSG:4326","crsVerified":true,"cadLayer":"0","entityClass":"AcDbEntity : AcDbText","entityHandle":"1A63","cadColor":5,"text_value":"1725.079"},"geometry":{"type":"Point","coordinates":[92.49979243,46.04158521]}},{"type":"Feature","id":"hetsuu-dwg:489","properties":{"project":"External licence reference","scope":"external_reference","area":"Hetsuu hutul","sensor":"Base / Control","dataType":"cad_reference_geometry","displayRole":"elevation","plannedActual":"reference","status":"confirmed_geometry","contextOnly":true,"sourceFile":"Hetsuu hutul.DWG","sourceUrl":"https://drive.google.com/drive/folders/1hopqTCeMJknMkkvMa_wCY6OQ_GHXt4ub","sourceCrs":"EPSG:32646","displayCrs":"EPSG:4326","crsVerified":true,"cadLayer":"0","entityClass":"AcDbEntity : AcDbText","entityHandle":"1A64","cadColor":5,"text_value":"1724.641"},"geometry":{"type":"Point","coordinates":[92.50549443,46.04057711]}},{"type":"Feature","id":"hetsuu-dwg:490","properties":{"project":"External licence reference","scope":"external_reference","area":"Hetsuu hutul","sensor":"Base / Control","dataType":"cad_reference_geometry","displayRole":"elevation","plannedActual":"reference","status":"confirmed_geometry","contextOnly":true,"sourceFile":"Hetsuu hutul.DWG","sourceUrl":"https://drive.google.com/drive/folders/1hopqTCeMJknMkkvMa_wCY6OQ_GHXt4ub","sourceCrs":"EPSG:32646","displayCrs":"EPSG:4326","crsVerified":true,"cadLayer":"0","entityClass":"AcDbEntity : AcDbText","entityHandle":"1A65","cadColor":5,"text_value":"1697.904"},"geometry":{"type":"Point","coordinates":[92.50801508,46.03811773]}},{"type":"Feature","id":"hetsuu-dwg:491","properties":{"project":"External licence reference","scope":"external_reference","area":"Hetsuu hutul","sensor":"Base / Control","dataType":"cad_reference_geometry","displayRole":"elevation","plannedActual":"reference","status":"confirmed_geometry","contextOnly":true,"sourceFile":"Hetsuu hutul.DWG","sourceUrl":"https://drive.google.com/drive/folders/1hopqTCeMJknMkkvMa_wCY6OQ_GHXt4ub","sourceCrs":"EPSG:32646","displayCrs":"EPSG:4326","crsVerified":true,"cadLayer":"0","entityClass":"AcDbEntity : AcDbText","entityHandle":"1A66","cadColor":5,"text_value":"1686.546"},"geometry":{"type":"Point","coordinates":[92.50545485,46.03682093]}},{"type":"Feature","id":"hetsuu-dwg:492","properties":{"project":"External licence reference","scope":"external_reference","area":"Hetsuu hutul","sensor":"Base / Control","dataType":"cad_reference_geometry","displayRole":"elevation","plannedActual":"reference","status":"confirmed_geometry","contextOnly":true,"sourceFile":"Hetsuu hutul.DWG","sourceUrl":"https://drive.google.com/drive/folders/1hopqTCeMJknMkkvMa_wCY6OQ_GHXt4ub","sourceCrs":"EPSG:32646","displayCrs":"EPSG:4326","crsVerified":true,"cadLayer":"0","entityClass":"AcDbEntity : AcDbText","entityHandle":"1A67","cadColor":5,"text_value":"1659.823"},"geometry":{"type":"Point","coordinates":[92.47128555,46.02514963]}},{"type":"Feature","id":"hetsuu-dwg:493","properties":{"project":"External licence reference","scope":"external_reference","area":"Hetsuu hutul","sensor":"Base / Control","dataType":"cad_reference_geometry","displayRole":"elevation","plannedActual":"reference","status":"confirmed_geometry","contextOnly":true,"sourceFile":"Hetsuu hutul.DWG","sourceUrl":"https://drive.google.com/drive/folders/1hopqTCeMJknMkkvMa_wCY6OQ_GHXt4ub","sourceCrs":"EPSG:32646","displayCrs":"EPSG:4326","crsVerified":true,"cadLayer":"0","entityClass":"AcDbEntity : AcDbText","entityHandle":"1A68","cadColor":5,"text_value":"1662.419"},"geometry":{"type":"Point","coordinates":[92.47689338,46.02777295]}},{"type":"Feature","id":"hetsuu-dwg:494","properties":{"project":"External licence reference","scope":"external_reference","area":"Hetsuu hutul","sensor":"Base / Control","dataType":"cad_reference_geometry","displayRole":"elevation","plannedActual":"reference","status":"confirmed_geometry","contextOnly":true,"sourceFile":"Hetsuu hutul.DWG","sourceUrl":"https://drive.google.com/drive/folders/1hopqTCeMJknMkkvMa_wCY6OQ_GHXt4ub","sourceCrs":"EPSG:32646","displayCrs":"EPSG:4326","crsVerified":true,"cadLayer":"0","entityClass":"AcDbEntity : AcDbText","entityHandle":"1A69","cadColor":5,"text_value":"1687.253"},"geometry":{"type":"Point","coordinates":[92.48275766,46.02768276]}},{"type":"Feature","id":"hetsuu-dwg:495","properties":{"project":"External licence reference","scope":"external_reference","area":"Hetsuu hutul","sensor":"Base / Control","dataType":"cad_reference_geometry","displayRole":"elevation","plannedActual":"reference","status":"confirmed_geometry","contextOnly":true,"sourceFile":"Hetsuu hutul.DWG","sourceUrl":"https://drive.google.com/drive/folders/1hopqTCeMJknMkkvMa_wCY6OQ_GHXt4ub","sourceCrs":"EPSG:32646","displayCrs":"EPSG:4326","crsVerified":true,"cadLayer":"0","entityClass":"AcDbEntity : AcDbText","entityHandle":"1A6A","cadColor":5,"text_value":"1775.509"},"geometry":{"type":"Point","coordinates":[92.48848814,46.02779792]}},{"type":"Feature","id":"hetsuu-dwg:496","properties":{"project":"External licence reference","scope":"external_reference","area":"Hetsuu hutul","sensor":"Base / Control","dataType":"cad_reference_geometry","displayRole":"elevation","plannedActual":"reference","status":"confirmed_geometry","contextOnly":true,"sourceFile":"Hetsuu hutul.DWG","sourceUrl":"https://drive.google.com/drive/folders/1hopqTCeMJknMkkvMa_wCY6OQ_GHXt4ub","sourceCrs":"EPSG:32646","displayCrs":"EPSG:4326","crsVerified":true,"cadLayer":"0","entityClass":"AcDbEntity : AcDbText","entityHandle":"1A6B","cadColor":5,"text_value":"1777.808"},"geometry":{"type":"Point","coordinates":[92.4942407,46.02782712]}},{"type":"Feature","id":"hetsuu-dwg:497","properties":{"project":"External licence reference","scope":"external_reference","area":"Hetsuu hutul","sensor":"Base / Control","dataType":"cad_reference_geometry","displayRole":"elevation","plannedActual":"reference","status":"confirmed_geometry","contextOnly":true,"sourceFile":"Hetsuu hutul.DWG","sourceUrl":"https://drive.google.com/drive/folders/1hopqTCeMJknMkkvMa_wCY6OQ_GHXt4ub","sourceCrs":"EPSG:32646","displayCrs":"EPSG:4326","crsVerified":true,"cadLayer":"0","entityClass":"AcDbEntity : AcDbText","entityHandle":"1A6C","cadColor":5,"text_value":"1658.631"},"geometry":{"type":"Point","coordinates":[92.49978373,46.02777829]}},{"type":"Feature","id":"hetsuu-dwg:498","properties":{"project":"External licence reference","scope":"external_reference","area":"Hetsuu hutul","sensor":"Base / Control","dataType":"cad_reference_geometry","displayRole":"elevation","plannedActual":"reference","status":"confirmed_geometry","contextOnly":true,"sourceFile":"Hetsuu hutul.DWG","sourceUrl":"https://drive.google.com/drive/folders/1hopqTCeMJknMkkvMa_wCY6OQ_GHXt4ub","sourceCrs":"EPSG:32646","displayCrs":"EPSG:4326","crsVerified":true,"cadLayer":"0","entityClass":"AcDbEntity : AcDbText","entityHandle":"1A6D","cadColor":5,"text_value":"1592.888"},"geometry":{"type":"Point","coordinates":[92.46547077,46.02083189]}},{"type":"Feature","id":"hetsuu-dwg:499","properties":{"project":"External licence reference","scope":"external_reference","area":"Hetsuu hutul","sensor":"Base / Control","dataType":"cad_reference_geometry","displayRole":"elevation","plannedActual":"reference","status":"confirmed_geometry","contextOnly":true,"sourceFile":"Hetsuu hutul.DWG","sourceUrl":"https://drive.google.com/drive/folders/1hopqTCeMJknMkkvMa_wCY6OQ_GHXt4ub","sourceCrs":"EPSG:32646","displayCrs":"EPSG:4326","crsVerified":true,"cadLayer":"0","entityClass":"AcDbEntity : AcDbText","entityHandle":"1A6E","cadColor":5,"text_value":"1570.392"},"geometry":{"type":"Point","coordinates":[92.47701912,46.02104083]}},{"type":"Feature","id":"hetsuu-dwg:500","properties":{"project":"External licence reference","scope":"external_reference","area":"Hetsuu hutul","sensor":"Base / Control","dataType":"cad_reference_geometry","displayRole":"elevation","plannedActual":"reference","status":"confirmed_geometry","contextOnly":true,"sourceFile":"Hetsuu hutul.DWG","sourceUrl":"https://drive.google.com/drive/folders/1hopqTCeMJknMkkvMa_wCY6OQ_GHXt4ub","sourceCrs":"EPSG:32646","displayCrs":"EPSG:4326","crsVerified":true,"cadLayer":"0","entityClass":"AcDbEntity : AcDbText","entityHandle":"1A6F","cadColor":5,"text_value":"1592.429"},"geometry":{"type":"Point","coordinates":[92.48841799,46.02348351]}},{"type":"Feature","id":"hetsuu-dwg:501","properties":{"project":"External licence reference","scope":"external_reference","area":"Hetsuu hutul","sensor":"Base / Control","dataType":"cad_reference_geometry","displayRole":"elevation","plannedActual":"reference","status":"confirmed_geometry","contextOnly":true,"sourceFile":"Hetsuu hutul.DWG","sourceUrl":"https://drive.google.com/drive/folders/1hopqTCeMJknMkkvMa_wCY6OQ_GHXt4ub","sourceCrs":"EPSG:32646","displayCrs":"EPSG:4326","crsVerified":true,"cadLayer":"0","entityClass":"AcDbEntity : AcDbText","entityHandle":"1A70","cadColor":5,"text_value":"1568.468"},"geometry":{"type":"Point","coordinates":[92.49992747,46.02319537]}},{"type":"Feature","id":"hetsuu-dwg:502","properties":{"project":"External licence reference","scope":"external_reference","area":"Hetsuu hutul","sensor":"Base / Control","dataType":"cad_reference_geometry","displayRole":"elevation","plannedActual":"reference","status":"confirmed_geometry","contextOnly":true,"sourceFile":"Hetsuu hutul.DWG","sourceUrl":"https://drive.google.com/drive/folders/1hopqTCeMJknMkkvMa_wCY6OQ_GHXt4ub","sourceCrs":"EPSG:32646","displayCrs":"EPSG:4326","crsVerified":true,"cadLayer":"0","entityClass":"AcDbEntity : AcDbText","entityHandle":"1A71","cadColor":5,"text_value":"1568.999"},"geometry":{"type":"Point","coordinates":[92.50303154,46.02388933]}},{"type":"Feature","id":"hetsuu-dwg:503","properties":{"project":"External licence reference","scope":"external_reference","area":"Hetsuu hutul","sensor":"Base / Control","dataType":"cad_reference_geometry","displayRole":"elevation","plannedActual":"reference","status":"confirmed_geometry","contextOnly":true,"sourceFile":"Hetsuu hutul.DWG","sourceUrl":"https://drive.google.com/drive/folders/1hopqTCeMJknMkkvMa_wCY6OQ_GHXt4ub","sourceCrs":"EPSG:32646","displayCrs":"EPSG:4326","crsVerified":true,"cadLayer":"0","entityClass":"AcDbEntity : AcDbText","entityHandle":"1A72","cadColor":5,"text_value":"1605.958"},"geometry":{"type":"Point","coordinates":[92.50312496,46.02781548]}},{"type":"Feature","id":"hetsuu-dwg:504","properties":{"project":"External licence reference","scope":"external_reference","area":"Hetsuu hutul","sensor":"Base / Control","dataType":"cad_reference_geometry","displayRole":"elevation","plannedActual":"reference","status":"confirmed_geometry","contextOnly":true,"sourceFile":"Hetsuu hutul.DWG","sourceUrl":"https://drive.google.com/drive/folders/1hopqTCeMJknMkkvMa_wCY6OQ_GHXt4ub","sourceCrs":"EPSG:32646","displayCrs":"EPSG:4326","crsVerified":true,"cadLayer":"0","entityClass":"AcDbEntity : AcDbText","entityHandle":"1A73","cadColor":5,"text_value":"1527.193"},"geometry":{"type":"Point","coordinates":[92.49431421,46.01588994]}},{"type":"Feature","id":"hetsuu-dwg:505","properties":{"project":"External licence reference","scope":"external_reference","area":"Hetsuu hutul","sensor":"Base / Control","dataType":"cad_reference_geometry","displayRole":"elevation","plannedActual":"reference","status":"confirmed_geometry","contextOnly":true,"sourceFile":"Hetsuu hutul.DWG","sourceUrl":"https://drive.google.com/drive/folders/1hopqTCeMJknMkkvMa_wCY6OQ_GHXt4ub","sourceCrs":"EPSG:32646","displayCrs":"EPSG:4326","crsVerified":true,"cadLayer":"0","entityClass":"AcDbEntity : AcDbText","entityHandle":"1A74","cadColor":5,"text_value":"1521.877"},"geometry":{"type":"Point","coordinates":[92.48288428,46.00945758]}},{"type":"Feature","id":"hetsuu-dwg:506","properties":{"project":"External licence reference","scope":"external_reference","area":"Hetsuu hutul","sensor":"Base / Control","dataType":"cad_reference_geometry","displayRole":"elevation","plannedActual":"reference","status":"confirmed_geometry","contextOnly":true,"sourceFile":"Hetsuu hutul.DWG","sourceUrl":"https://drive.google.com/drive/folders/1hopqTCeMJknMkkvMa_wCY6OQ_GHXt4ub","sourceCrs":"EPSG:32646","displayCrs":"EPSG:4326","crsVerified":true,"cadLayer":"0","entityClass":"AcDbEntity : AcDbText","entityHandle":"1A75","cadColor":5,"text_value":"1544.007"},"geometry":{"type":"Point","coordinates":[92.48276001,46.01649999]}},{"type":"Feature","id":"hetsuu-dwg:507","properties":{"project":"External licence reference","scope":"external_reference","area":"Hetsuu hutul","sensor":"Base / Control","dataType":"cad_reference_geometry","displayRole":"elevation","plannedActual":"reference","status":"confirmed_geometry","contextOnly":true,"sourceFile":"Hetsuu hutul.DWG","sourceUrl":"https://drive.google.com/drive/folders/1hopqTCeMJknMkkvMa_wCY6OQ_GHXt4ub","sourceCrs":"EPSG:32646","displayCrs":"EPSG:4326","crsVerified":true,"cadLayer":"0","entityClass":"AcDbEntity : AcDbText","entityHandle":"1A76","cadColor":5,"text_value":"1526.988"},"geometry":{"type":"Point","coordinates":[92.47705184,46.00938558]}},{"type":"Feature","id":"hetsuu-dwg:508","properties":{"project":"External licence reference","scope":"external_reference","area":"Hetsuu hutul","sensor":"Base / Control","dataType":"cad_reference_geometry","displayRole":"elevation","plannedActual":"reference","status":"confirmed_geometry","contextOnly":true,"sourceFile":"Hetsuu hutul.DWG","sourceUrl":"https://drive.google.com/drive/folders/1hopqTCeMJknMkkvMa_wCY6OQ_GHXt4ub","sourceCrs":"EPSG:32646","displayCrs":"EPSG:4326","crsVerified":true,"cadLayer":"0","entityClass":"AcDbEntity : AcDbText","entityHandle":"1A77","cadColor":5,"text_value":"1554.549"},"geometry":{"type":"Point","coordinates":[92.47131169,46.0159663]}},{"type":"Feature","id":"hetsuu-dwg:509","properties":{"project":"External licence reference","scope":"external_reference","area":"Hetsuu hutul","sensor":"Base / Control","dataType":"cad_reference_geometry","displayRole":"elevation","plannedActual":"reference","status":"confirmed_geometry","contextOnly":true,"sourceFile":"Hetsuu hutul.DWG","sourceUrl":"https://drive.google.com/drive/folders/1hopqTCeMJknMkkvMa_wCY6OQ_GHXt4ub","sourceCrs":"EPSG:32646","displayCrs":"EPSG:4326","crsVerified":true,"cadLayer":"0","entityClass":"AcDbEntity : AcDbText","entityHandle":"1A78","cadColor":5,"text_value":"1531.487"},"geometry":{"type":"Point","coordinates":[92.47138411,46.00937978]}},{"type":"Feature","id":"hetsuu-dwg:510","properties":{"project":"External licence reference","scope":"external_reference","area":"Hetsuu hutul","sensor":"Base / Control","dataType":"cad_reference_geometry","displayRole":"elevation","plannedActual":"reference","status":"confirmed_geometry","contextOnly":true,"sourceFile":"Hetsuu hutul.DWG","sourceUrl":"https://drive.google.com/drive/folders/1hopqTCeMJknMkkvMa_wCY6OQ_GHXt4ub","sourceCrs":"EPSG:32646","displayCrs":"EPSG:4326","crsVerified":true,"cadLayer":"0","entityClass":"AcDbEntity : AcDbText","entityHandle":"1A79","cadColor":5,"text_value":"1537.532"},"geometry":{"type":"Point","coordinates":[92.46571114,46.0093306]}},{"type":"Feature","id":"hetsuu-dwg:511","properties":{"project":"External licence reference","scope":"external_reference","area":"Hetsuu hutul","sensor":"Base / Control","dataType":"cad_reference_geometry","displayRole":"elevation","plannedActual":"reference","status":"confirmed_geometry","contextOnly":true,"sourceFile":"Hetsuu hutul.DWG","sourceUrl":"https://drive.google.com/drive/folders/1hopqTCeMJknMkkvMa_wCY6OQ_GHXt4ub","sourceCrs":"EPSG:32646","displayCrs":"EPSG:4326","crsVerified":true,"cadLayer":"0","entityClass":"AcDbEntity : AcDbText","entityHandle":"1A7A","cadColor":5,"text_value":"1573.856"},"geometry":{"type":"Point","coordinates":[92.45989958,46.01521072]}},{"type":"Feature","id":"hetsuu-dwg:512","properties":{"project":"External licence reference","scope":"external_reference","area":"Hetsuu hutul","sensor":"Base / Control","dataType":"cad_reference_geometry","displayRole":"elevation","plannedActual":"reference","status":"confirmed_geometry","contextOnly":true,"sourceFile":"Hetsuu hutul.DWG","sourceUrl":"https://drive.google.com/drive/folders/1hopqTCeMJknMkkvMa_wCY6OQ_GHXt4ub","sourceCrs":"EPSG:32646","displayCrs":"EPSG:4326","crsVerified":true,"cadLayer":"0","entityClass":"AcDbEntity : AcDbText","entityHandle":"1A7B","cadColor":5,"text_value":"1542.150"},"geometry":{"type":"Point","coordinates":[92.45996604,46.00934122]}},{"type":"Feature","id":"hetsuu-dwg:513","properties":{"project":"External licence reference","scope":"external_reference","area":"Hetsuu hutul","sensor":"Base / Control","dataType":"cad_reference_geometry","displayRole":"elevation","plannedActual":"reference","status":"confirmed_geometry","contextOnly":true,"sourceFile":"Hetsuu hutul.DWG","sourceUrl":"https://drive.google.com/drive/folders/1hopqTCeMJknMkkvMa_wCY6OQ_GHXt4ub","sourceCrs":"EPSG:32646","displayCrs":"EPSG:4326","crsVerified":true,"cadLayer":"0","entityClass":"AcDbEntity : AcDbText","entityHandle":"1A7C","cadColor":5,"text_value":"1550.239"},"geometry":{"type":"Point","coordinates":[92.45421986,46.00930616]}},{"type":"Feature","id":"hetsuu-dwg:514","properties":{"project":"External licence reference","scope":"external_reference","area":"Hetsuu hutul","sensor":"Base / Control","dataType":"cad_reference_geometry","displayRole":"elevation","plannedActual":"reference","status":"confirmed_geometry","contextOnly":true,"sourceFile":"Hetsuu hutul.DWG","sourceUrl":"https://drive.google.com/drive/folders/1hopqTCeMJknMkkvMa_wCY6OQ_GHXt4ub","sourceCrs":"EPSG:32646","displayCrs":"EPSG:4326","crsVerified":true,"cadLayer":"0","entityClass":"AcDbEntity : AcDbText","entityHandle":"1A7D","cadColor":5,"text_value":"1563.862"},"geometry":{"type":"Point","coordinates":[92.44847847,46.00929429]}},{"type":"Feature","id":"hetsuu-dwg:515","properties":{"project":"External licence reference","scope":"external_reference","area":"Hetsuu hutul","sensor":"Base / Control","dataType":"cad_reference_geometry","displayRole":"elevation","plannedActual":"reference","status":"confirmed_geometry","contextOnly":true,"sourceFile":"Hetsuu hutul.DWG","sourceUrl":"https://drive.google.com/drive/folders/1hopqTCeMJknMkkvMa_wCY6OQ_GHXt4ub","sourceCrs":"EPSG:32646","displayCrs":"EPSG:4326","crsVerified":true,"cadLayer":"0","entityClass":"AcDbEntity : AcDbText","entityHandle":"1A7E","cadColor":5,"text_value":"1572.806"},"geometry":{"type":"Point","coordinates":[92.44844967,46.01184524]}},{"type":"Feature","id":"hetsuu-dwg:516","properties":{"project":"External licence reference","scope":"external_reference","area":"Hetsuu hutul","sensor":"Base / Control","dataType":"cad_reference_geometry","displayRole":"elevation","plannedActual":"reference","status":"confirmed_geometry","contextOnly":true,"sourceFile":"Hetsuu hutul.DWG","sourceUrl":"https://drive.google.com/drive/folders/1hopqTCeMJknMkkvMa_wCY6OQ_GHXt4ub","sourceCrs":"EPSG:32646","displayCrs":"EPSG:4326","crsVerified":true,"cadLayer":"0","entityClass":"AcDbEntity : AcDbText","entityHandle":"1A7F","cadColor":5,"text_value":"1573.631"},"geometry":{"type":"Point","coordinates":[92.44270527,46.00924674]}},{"type":"Feature","id":"hetsuu-dwg:517","properties":{"project":"External licence reference","scope":"external_reference","area":"Hetsuu hutul","sensor":"Base / Control","dataType":"cad_reference_geometry","displayRole":"elevation","plannedActual":"reference","status":"confirmed_geometry","contextOnly":true,"sourceFile":"Hetsuu hutul.DWG","sourceUrl":"https://drive.google.com/drive/folders/1hopqTCeMJknMkkvMa_wCY6OQ_GHXt4ub","sourceCrs":"EPSG:32646","displayCrs":"EPSG:4326","crsVerified":true,"cadLayer":"0","entityClass":"AcDbEntity : AcDbText","entityHandle":"1A80","cadColor":5,"text_value":"1580.579"},"geometry":{"type":"Point","coordinates":[92.43704443,46.00923285]}},{"type":"Feature","id":"hetsuu-dwg:518","properties":{"project":"External licence reference","scope":"external_reference","area":"Hetsuu hutul","sensor":"Base / Control","dataType":"cad_reference_geometry","displayRole":"elevation","plannedActual":"reference","status":"confirmed_geometry","contextOnly":true,"sourceFile":"Hetsuu hutul.DWG","sourceUrl":"https://drive.google.com/drive/folders/1hopqTCeMJknMkkvMa_wCY6OQ_GHXt4ub","sourceCrs":"EPSG:32646","displayCrs":"EPSG:4326","crsVerified":true,"cadLayer":"0","entityClass":"AcDbEntity : AcDbText","entityHandle":"1A81","cadColor":5,"text_value":"1591.968"},"geometry":{"type":"Point","coordinates":[92.43125111,46.00922015]}},{"type":"Feature","id":"hetsuu-dwg:519","properties":{"project":"External licence reference","scope":"external_reference","area":"Hetsuu hutul","sensor":"Base / Control","dataType":"cad_reference_geometry","displayRole":"elevation","plannedActual":"reference","status":"confirmed_geometry","contextOnly":true,"sourceFile":"Hetsuu hutul.DWG","sourceUrl":"https://drive.google.com/drive/folders/1hopqTCeMJknMkkvMa_wCY6OQ_GHXt4ub","sourceCrs":"EPSG:32646","displayCrs":"EPSG:4326","crsVerified":true,"cadLayer":"0","entityClass":"AcDbEntity : AcDbText","entityHandle":"1A82","cadColor":5,"text_value":"1637.047"},"geometry":{"type":"Point","coordinates":[92.41977312,46.00914817]}},{"type":"Feature","id":"hetsuu-dwg:520","properties":{"project":"External licence reference","scope":"external_reference","area":"Hetsuu hutul","sensor":"Base / Control","dataType":"cad_reference_geometry","displayRole":"elevation","plannedActual":"reference","status":"confirmed_geometry","contextOnly":true,"sourceFile":"Hetsuu hutul.DWG","sourceUrl":"https://drive.google.com/drive/folders/1hopqTCeMJknMkkvMa_wCY6OQ_GHXt4ub","sourceCrs":"EPSG:32646","displayCrs":"EPSG:4326","crsVerified":true,"cadLayer":"0","entityClass":"AcDbEntity : AcDbText","entityHandle":"1A83","cadColor":5,"text_value":"1609.391"},"geometry":{"type":"Point","coordinates":[92.42548611,46.00914743]}},{"type":"Feature","id":"hetsuu-dwg:521","properties":{"project":"External licence reference","scope":"external_reference","area":"Hetsuu hutul","sensor":"Base / Control","dataType":"cad_reference_geometry","displayRole":"elevation","plannedActual":"reference","status":"confirmed_geometry","contextOnly":true,"sourceFile":"Hetsuu hutul.DWG","sourceUrl":"https://drive.google.com/drive/folders/1hopqTCeMJknMkkvMa_wCY6OQ_GHXt4ub","sourceCrs":"EPSG:32646","displayCrs":"EPSG:4326","crsVerified":true,"cadLayer":"0","entityClass":"AcDbEntity : AcDbText","entityHandle":"1A84","cadColor":5,"text_value":"1546.540"},"geometry":{"type":"Point","coordinates":[92.44853935,46.00434185]}},{"type":"Feature","id":"hetsuu-dwg:522","properties":{"project":"External licence reference","scope":"external_reference","area":"Hetsuu hutul","sensor":"Base / Control","dataType":"cad_reference_geometry","displayRole":"elevation","plannedActual":"reference","status":"confirmed_geometry","contextOnly":true,"sourceFile":"Hetsuu hutul.DWG","sourceUrl":"https://drive.google.com/drive/folders/1hopqTCeMJknMkkvMa_wCY6OQ_GHXt4ub","sourceCrs":"EPSG:32646","displayCrs":"EPSG:4326","crsVerified":true,"cadLayer":"0","entityClass":"AcDbEntity : AcDbText","entityHandle":"1A85","cadColor":5,"text_value":"1557.127"},"geometry":{"type":"Point","coordinates":[92.43703267,46.00381673]}},{"type":"Feature","id":"hetsuu-dwg:523","properties":{"project":"External licence reference","scope":"external_reference","area":"Hetsuu hutul","sensor":"Base / Control","dataType":"cad_reference_geometry","displayRole":"elevation","plannedActual":"reference","status":"confirmed_geometry","contextOnly":true,"sourceFile":"Hetsuu hutul.DWG","sourceUrl":"https://drive.google.com/drive/folders/1hopqTCeMJknMkkvMa_wCY6OQ_GHXt4ub","sourceCrs":"EPSG:32646","displayCrs":"EPSG:4326","crsVerified":true,"cadLayer":"0","entityClass":"AcDbEntity : AcDbText","entityHandle":"1A86","cadColor":5,"text_value":"1580.268"},"geometry":{"type":"Point","coordinates":[92.42563153,46.00506279]}},{"type":"Feature","id":"hetsuu-dwg:524","properties":{"project":"External licence reference","scope":"external_reference","area":"Hetsuu hutul","sensor":"Base / Control","dataType":"cad_reference_geometry","displayRole":"elevation","plannedActual":"reference","status":"confirmed_geometry","contextOnly":true,"sourceFile":"Hetsuu hutul.DWG","sourceUrl":"https://drive.google.com/drive/folders/1hopqTCeMJknMkkvMa_wCY6OQ_GHXt4ub","sourceCrs":"EPSG:32646","displayCrs":"EPSG:4326","crsVerified":true,"cadLayer":"0","entityClass":"AcDbEntity : AcDbText","entityHandle":"1A87","cadColor":5,"text_value":"1582.468"},"geometry":{"type":"Point","coordinates":[92.41418053,46.00284808]}},{"type":"Feature","id":"hetsuu-dwg:525","properties":{"project":"External licence reference","scope":"external_reference","area":"Hetsuu hutul","sensor":"Base / Control","dataType":"cad_reference_geometry","displayRole":"elevation","plannedActual":"reference","status":"confirmed_geometry","contextOnly":true,"sourceFile":"Hetsuu hutul.DWG","sourceUrl":"https://drive.google.com/drive/folders/1hopqTCeMJknMkkvMa_wCY6OQ_GHXt4ub","sourceCrs":"EPSG:32646","displayCrs":"EPSG:4326","crsVerified":true,"cadLayer":"0","entityClass":"AcDbEntity : AcDbText","entityHandle":"1A88","cadColor":5,"text_value":"1590.765"},"geometry":{"type":"Point","coordinates":[92.40272469,46.00049455]}},{"type":"Feature","id":"hetsuu-dwg:526","properties":{"project":"External licence reference","scope":"external_reference","area":"Hetsuu hutul","sensor":"Base / Control","dataType":"cad_reference_geometry","displayRole":"elevation","plannedActual":"reference","status":"confirmed_geometry","contextOnly":true,"sourceFile":"Hetsuu hutul.DWG","sourceUrl":"https://drive.google.com/drive/folders/1hopqTCeMJknMkkvMa_wCY6OQ_GHXt4ub","sourceCrs":"EPSG:32646","displayCrs":"EPSG:4326","crsVerified":true,"cadLayer":"0","entityClass":"AcDbEntity : AcDbText","entityHandle":"1A89","cadColor":5,"text_value":"1589.608"},"geometry":{"type":"Point","coordinates":[92.3912195,46.00052542]}},{"type":"Feature","id":"hetsuu-dwg:527","properties":{"project":"External licence reference","scope":"external_reference","area":"Hetsuu hutul","sensor":"Base / Control","dataType":"cad_reference_geometry","displayRole":"elevation","plannedActual":"reference","status":"confirmed_geometry","contextOnly":true,"sourceFile":"Hetsuu hutul.DWG","sourceUrl":"https://drive.google.com/drive/folders/1hopqTCeMJknMkkvMa_wCY6OQ_GHXt4ub","sourceCrs":"EPSG:32646","displayCrs":"EPSG:4326","crsVerified":true,"cadLayer":"0","entityClass":"AcDbEntity : AcDbText","entityHandle":"1A8A","cadColor":5,"text_value":"1517.868"},"geometry":{"type":"Point","coordinates":[92.45991551,46.00062513]}},{"type":"Feature","id":"hetsuu-dwg:528","properties":{"project":"External licence reference","scope":"external_reference","area":"Hetsuu hutul","sensor":"Base / Control","dataType":"cad_reference_geometry","displayRole":"elevation","plannedActual":"reference","status":"confirmed_geometry","contextOnly":true,"sourceFile":"Hetsuu hutul.DWG","sourceUrl":"https://drive.google.com/drive/folders/1hopqTCeMJknMkkvMa_wCY6OQ_GHXt4ub","sourceCrs":"EPSG:32646","displayCrs":"EPSG:4326","crsVerified":true,"cadLayer":"0","entityClass":"AcDbEntity : AcDbText","entityHandle":"1A8B","cadColor":5,"text_value":"1514.959"},"geometry":{"type":"Point","coordinates":[92.47142133,46.00399581]}},{"type":"Feature","id":"hetsuu-dwg:529","properties":{"project":"External licence reference","scope":"external_reference","area":"Hetsuu hutul","sensor":"Base / Control","dataType":"cad_reference_geometry","displayRole":"elevation","plannedActual":"reference","status":"confirmed_geometry","contextOnly":true,"sourceFile":"Hetsuu hutul.DWG","sourceUrl":"https://drive.google.com/drive/folders/1hopqTCeMJknMkkvMa_wCY6OQ_GHXt4ub","sourceCrs":"EPSG:32646","displayCrs":"EPSG:4326","crsVerified":true,"cadLayer":"0","entityClass":"AcDbEntity : AcDbText","entityHandle":"1A8C","cadColor":5,"text_value":"1512.178"},"geometry":{"type":"Point","coordinates":[92.4828837,46.00515466]}},{"type":"Feature","id":"hetsuu-dwg:530","properties":{"project":"External licence reference","scope":"external_reference","area":"Hetsuu hutul","sensor":"Base / Control","dataType":"cad_reference_geometry","displayRole":"elevation","plannedActual":"reference","status":"confirmed_geometry","contextOnly":true,"sourceFile":"Hetsuu hutul.DWG","sourceUrl":"https://drive.google.com/drive/folders/1hopqTCeMJknMkkvMa_wCY6OQ_GHXt4ub","sourceCrs":"EPSG:32646","displayCrs":"EPSG:4326","crsVerified":true,"cadLayer":"0","entityClass":"AcDbEntity : AcDbText","entityHandle":"1A8D","cadColor":5,"text_value":"1512.396"},"geometry":{"type":"Point","coordinates":[92.48855386,46.00667435]}},{"type":"Feature","id":"hetsuu-dwg:531","properties":{"project":"External licence reference","scope":"external_reference","area":"Hetsuu hutul","sensor":"Base / Control","dataType":"cad_reference_geometry","displayRole":"elevation","plannedActual":"reference","status":"confirmed_geometry","contextOnly":true,"sourceFile":"Hetsuu hutul.DWG","sourceUrl":"https://drive.google.com/drive/folders/1hopqTCeMJknMkkvMa_wCY6OQ_GHXt4ub","sourceCrs":"EPSG:32646","displayCrs":"EPSG:4326","crsVerified":true,"cadLayer":"0","entityClass":"AcDbEntity : AcDbText","entityHandle":"1A8E","cadColor":5,"text_value":"1516.990"},"geometry":{"type":"Point","coordinates":[92.48854507,46.0094575]}},{"type":"Feature","id":"hetsuu-dwg:532","properties":{"project":"External licence reference","scope":"external_reference","area":"Hetsuu hutul","sensor":"Base / Control","dataType":"cad_reference_geometry","displayRole":"elevation","plannedActual":"reference","status":"confirmed_geometry","contextOnly":true,"sourceFile":"Hetsuu hutul.DWG","sourceUrl":"https://drive.google.com/drive/folders/1hopqTCeMJknMkkvMa_wCY6OQ_GHXt4ub","sourceCrs":"EPSG:32646","displayCrs":"EPSG:4326","crsVerified":true,"cadLayer":"0","entityClass":"AcDbEntity : AcDbText","entityHandle":"1A8F","cadColor":5,"text_value":"1516.308"},"geometry":{"type":"Point","coordinates":[92.49254456,46.00943022]}},{"type":"Feature","id":"hetsuu-dwg:533","properties":{"project":"External licence reference","scope":"external_reference","area":"Hetsuu hutul","sensor":"Base / Control","dataType":"cad_reference_geometry","displayRole":"elevation","plannedActual":"reference","status":"confirmed_geometry","contextOnly":true,"sourceFile":"Hetsuu hutul.DWG","sourceUrl":"https://drive.google.com/drive/folders/1hopqTCeMJknMkkvMa_wCY6OQ_GHXt4ub","sourceCrs":"EPSG:32646","displayCrs":"EPSG:4326","crsVerified":true,"cadLayer":"0","entityClass":"AcDbEntity : AcDbText","entityHandle":"1A90","cadColor":5,"text_value":"1518.399"},"geometry":{"type":"Point","coordinates":[92.49424097,46.01048067]}},{"type":"Feature","id":"hetsuu-dwg:534","properties":{"project":"External licence reference","scope":"external_reference","area":"Hetsuu hutul","sensor":"Base / Control","dataType":"cad_reference_geometry","displayRole":"elevation","plannedActual":"reference","status":"confirmed_geometry","contextOnly":true,"sourceFile":"Hetsuu hutul.DWG","sourceUrl":"https://drive.google.com/drive/folders/1hopqTCeMJknMkkvMa_wCY6OQ_GHXt4ub","sourceCrs":"EPSG:32646","displayCrs":"EPSG:4326","crsVerified":true,"cadLayer":"0","entityClass":"AcDbEntity : AcDbText","entityHandle":"1A91","cadColor":5,"text_value":"1520.675"},"geometry":{"type":"Point","coordinates":[92.49754668,46.01051368]}},{"type":"Feature","id":"hetsuu-dwg:535","properties":{"project":"External licence reference","scope":"external_reference","area":"Hetsuu hutul","sensor":"Base / Control","dataType":"cad_reference_geometry","displayRole":"elevation","plannedActual":"reference","status":"confirmed_geometry","contextOnly":true,"sourceFile":"Hetsuu hutul.DWG","sourceUrl":"https://drive.google.com/drive/folders/1hopqTCeMJknMkkvMa_wCY6OQ_GHXt4ub","sourceCrs":"EPSG:32646","displayCrs":"EPSG:4326","crsVerified":true,"cadLayer":"0","entityClass":"AcDbEntity : AcDbText","entityHandle":"1A92","cadColor":5,"text_value":"1828.724"},"geometry":{"type":"Point","coordinates":[92.44350345,46.07751574]}},{"type":"Feature","id":"hetsuu-dwg:536","properties":{"project":"External licence reference","scope":"external_reference","area":"Hetsuu hutul","sensor":"Base / Control","dataType":"cad_reference_geometry","displayRole":"elevation","plannedActual":"reference","status":"confirmed_geometry","contextOnly":true,"sourceFile":"Hetsuu hutul.DWG","sourceUrl":"https://drive.google.com/drive/folders/1hopqTCeMJknMkkvMa_wCY6OQ_GHXt4ub","sourceCrs":"EPSG:32646","displayCrs":"EPSG:4326","crsVerified":true,"cadLayer":"0","entityClass":"AcDbEntity : AcDbText","entityHandle":"1A93","cadColor":5,"text_value":"1854.699"},"geometry":{"type":"Point","coordinates":[92.43941843,46.07745316]}},{"type":"Feature","id":"hetsuu-dwg:537","properties":{"project":"External licence reference","scope":"external_reference","area":"Hetsuu hutul","sensor":"Base / Control","dataType":"cad_reference_geometry","displayRole":"elevation","plannedActual":"reference","status":"confirmed_geometry","contextOnly":true,"sourceFile":"Hetsuu hutul.DWG","sourceUrl":"https://drive.google.com/drive/folders/1hopqTCeMJknMkkvMa_wCY6OQ_GHXt4ub","sourceCrs":"EPSG:32646","displayCrs":"EPSG:4326","crsVerified":true,"cadLayer":"0","entityClass":"AcDbEntity : AcDbText","entityHandle":"1A94","cadColor":5,"text_value":"1835.125"},"geometry":{"type":"Point","coordinates":[92.44338436,46.08224313]}},{"type":"Feature","id":"hetsuu-dwg:538","properties":{"project":"External licence reference","scope":"external_reference","area":"Hetsuu hutul","sensor":"Base / Control","dataType":"cad_reference_geometry","displayRole":"elevation","plannedActual":"reference","status":"confirmed_geometry","contextOnly":true,"sourceFile":"Hetsuu hutul.DWG","sourceUrl":"https://drive.google.com/drive/folders/1hopqTCeMJknMkkvMa_wCY6OQ_GHXt4ub","sourceCrs":"EPSG:32646","displayCrs":"EPSG:4326","crsVerified":true,"cadLayer":"0","entityClass":"AcDbEntity : AcDbText","entityHandle":"1A95","cadColor":5,"text_value":"1813.620"},"geometry":{"type":"Point","coordinates":[92.45111015,46.07754875]}},{"type":"Feature","id":"hetsuu-dwg:539","properties":{"project":"External licence reference","scope":"external_reference","area":"Hetsuu hutul","sensor":"Base / Control","dataType":"cad_reference_geometry","displayRole":"elevation","plannedActual":"reference","status":"confirmed_geometry","contextOnly":true,"sourceFile":"Hetsuu hutul.DWG","sourceUrl":"https://drive.google.com/drive/folders/1hopqTCeMJknMkkvMa_wCY6OQ_GHXt4ub","sourceCrs":"EPSG:32646","displayCrs":"EPSG:4326","crsVerified":true,"cadLayer":"0","entityClass":"AcDbEntity : AcDbText","entityHandle":"1A96","cadColor":5,"text_value":"1832.043"},"geometry":{"type":"Point","coordinates":[92.44544538,46.07753146]}},{"type":"Feature","id":"hetsuu-dwg:540","properties":{"project":"External licence reference","scope":"external_reference","area":"Hetsuu hutul","sensor":"Base / Control","dataType":"cad_reference_geometry","displayRole":"elevation","plannedActual":"reference","status":"confirmed_geometry","contextOnly":true,"sourceFile":"Hetsuu hutul.DWG","sourceUrl":"https://drive.google.com/drive/folders/1hopqTCeMJknMkkvMa_wCY6OQ_GHXt4ub","sourceCrs":"EPSG:32646","displayCrs":"EPSG:4326","crsVerified":true,"cadLayer":"0","entityClass":"AcDbEntity : AcDbText","entityHandle":"1A97","cadColor":5,"text_value":"1864.944"},"geometry":{"type":"Point","coordinates":[92.44542075,46.07215117]}},{"type":"Feature","id":"hetsuu-dwg:541","properties":{"project":"External licence reference","scope":"external_reference","area":"Hetsuu hutul","sensor":"Base / Control","dataType":"cad_reference_geometry","displayRole":"elevation","plannedActual":"reference","status":"confirmed_geometry","contextOnly":true,"sourceFile":"Hetsuu hutul.DWG","sourceUrl":"https://drive.google.com/drive/folders/1hopqTCeMJknMkkvMa_wCY6OQ_GHXt4ub","sourceCrs":"EPSG:32646","displayCrs":"EPSG:4326","crsVerified":true,"cadLayer":"0","entityClass":"AcDbEntity : AcDbText","entityHandle":"1A98","cadColor":5,"text_value":"1858.407"},"geometry":{"type":"Point","coordinates":[92.45115298,46.07135022]}},{"type":"Feature","id":"hetsuu-dwg:542","properties":{"project":"External licence reference","scope":"external_reference","area":"Hetsuu hutul","sensor":"Base / Control","dataType":"cad_reference_geometry","displayRole":"elevation","plannedActual":"reference","status":"confirmed_geometry","contextOnly":true,"sourceFile":"Hetsuu hutul.DWG","sourceUrl":"https://drive.google.com/drive/folders/1hopqTCeMJknMkkvMa_wCY6OQ_GHXt4ub","sourceCrs":"EPSG:32646","displayCrs":"EPSG:4326","crsVerified":true,"cadLayer":"0","entityClass":"AcDbEntity : AcDbText","entityHandle":"1A99","cadColor":5,"text_value":"1834.292"},"geometry":{"type":"Point","coordinates":[92.45696989,46.07370484]}},{"type":"Feature","id":"hetsuu-dwg:543","properties":{"project":"External licence reference","scope":"external_reference","area":"Hetsuu hutul","sensor":"Base / Control","dataType":"cad_reference_geometry","displayRole":"elevation","plannedActual":"reference","status":"confirmed_geometry","contextOnly":true,"sourceFile":"Hetsuu hutul.DWG","sourceUrl":"https://drive.google.com/drive/folders/1hopqTCeMJknMkkvMa_wCY6OQ_GHXt4ub","sourceCrs":"EPSG:32646","displayCrs":"EPSG:4326","crsVerified":true,"cadLayer":"0","entityClass":"AcDbEntity : AcDbText","entityHandle":"1A9A","cadColor":5,"text_value":"1837.813"},"geometry":{"type":"Point","coordinates":[92.45687555,46.07754476]}},{"type":"Feature","id":"hetsuu-dwg:544","properties":{"project":"External licence reference","scope":"external_reference","area":"Hetsuu hutul","sensor":"Base / Control","dataType":"cad_reference_geometry","displayRole":"elevation","plannedActual":"reference","status":"confirmed_geometry","contextOnly":true,"sourceFile":"Hetsuu hutul.DWG","sourceUrl":"https://drive.google.com/drive/folders/1hopqTCeMJknMkkvMa_wCY6OQ_GHXt4ub","sourceCrs":"EPSG:32646","displayCrs":"EPSG:4326","crsVerified":true,"cadLayer":"0","entityClass":"AcDbEntity : AcDbText","entityHandle":"1A9B","cadColor":5,"text_value":"1783.284"},"geometry":{"type":"Point","coordinates":[92.45775946,46.08465624]}},{"type":"Feature","id":"hetsuu-dwg:545","properties":{"project":"External licence reference","scope":"external_reference","area":"Hetsuu hutul","sensor":"Base / Control","dataType":"cad_reference_geometry","displayRole":"elevation","plannedActual":"reference","status":"confirmed_geometry","contextOnly":true,"sourceFile":"Hetsuu hutul.DWG","sourceUrl":"https://drive.google.com/drive/folders/1hopqTCeMJknMkkvMa_wCY6OQ_GHXt4ub","sourceCrs":"EPSG:32646","displayCrs":"EPSG:4326","crsVerified":true,"cadLayer":"0","entityClass":"AcDbEntity : AcDbText","entityHandle":"1A9C","cadColor":5,"text_value":"1890.941"},"geometry":{"type":"Point","coordinates":[92.45338267,46.11227511]}},{"type":"Feature","id":"hetsuu-dwg:546","properties":{"project":"External licence reference","scope":"external_reference","area":"Hetsuu hutul","sensor":"Base / Control","dataType":"cad_reference_geometry","displayRole":"elevation","plannedActual":"reference","status":"confirmed_geometry","contextOnly":true,"sourceFile":"Hetsuu hutul.DWG","sourceUrl":"https://drive.google.com/drive/folders/1hopqTCeMJknMkkvMa_wCY6OQ_GHXt4ub","sourceCrs":"EPSG:32646","displayCrs":"EPSG:4326","crsVerified":true,"cadLayer":"0","entityClass":"AcDbEntity : AcDbText","entityHandle":"1A9D","cadColor":5,"text_value":"1899.261"},"geometry":{"type":"Point","coordinates":[92.45283312,46.11233916]}},{"type":"Feature","id":"hetsuu-dwg:547","properties":{"project":"External licence reference","scope":"external_reference","area":"Hetsuu hutul","sensor":"Base / Control","dataType":"cad_reference_geometry","displayRole":"elevation","plannedActual":"reference","status":"confirmed_geometry","contextOnly":true,"sourceFile":"Hetsuu hutul.DWG","sourceUrl":"https://drive.google.com/drive/folders/1hopqTCeMJknMkkvMa_wCY6OQ_GHXt4ub","sourceCrs":"EPSG:32646","displayCrs":"EPSG:4326","crsVerified":true,"cadLayer":"0","entityClass":"AcDbEntity : AcDbText","entityHandle":"1A9E","cadColor":5,"text_value":"1908.603"},"geometry":{"type":"Point","coordinates":[92.4520522,46.11241127]}},{"type":"Feature","id":"hetsuu-dwg:548","properties":{"project":"External licence reference","scope":"external_reference","area":"Hetsuu hutul","sensor":"Base / Control","dataType":"cad_reference_geometry","displayRole":"elevation","plannedActual":"reference","status":"confirmed_geometry","contextOnly":true,"sourceFile":"Hetsuu hutul.DWG","sourceUrl":"https://drive.google.com/drive/folders/1hopqTCeMJknMkkvMa_wCY6OQ_GHXt4ub","sourceCrs":"EPSG:32646","displayCrs":"EPSG:4326","crsVerified":true,"cadLayer":"0","entityClass":"AcDbEntity : AcDbText","entityHandle":"1A9F","cadColor":5,"text_value":"1911.465"},"geometry":{"type":"Point","coordinates":[92.45150546,46.11248686]}},{"type":"Feature","id":"hetsuu-dwg:549","properties":{"project":"External licence reference","scope":"external_reference","area":"Hetsuu hutul","sensor":"Base / Control","dataType":"cad_reference_geometry","displayRole":"elevation","plannedActual":"reference","status":"confirmed_geometry","contextOnly":true,"sourceFile":"Hetsuu hutul.DWG","sourceUrl":"https://drive.google.com/drive/folders/1hopqTCeMJknMkkvMa_wCY6OQ_GHXt4ub","sourceCrs":"EPSG:32646","displayCrs":"EPSG:4326","crsVerified":true,"cadLayer":"0","entityClass":"AcDbEntity : AcDbText","entityHandle":"1AA0","cadColor":5,"text_value":"1917.643"},"geometry":{"type":"Point","coordinates":[92.45096,46.11258924]}},{"type":"Feature","id":"hetsuu-dwg:550","properties":{"project":"External licence reference","scope":"external_reference","area":"Hetsuu hutul","sensor":"Base / Control","dataType":"cad_reference_geometry","displayRole":"elevation","plannedActual":"reference","status":"confirmed_geometry","contextOnly":true,"sourceFile":"Hetsuu hutul.DWG","sourceUrl":"https://drive.google.com/drive/folders/1hopqTCeMJknMkkvMa_wCY6OQ_GHXt4ub","sourceCrs":"EPSG:32646","displayCrs":"EPSG:4326","crsVerified":true,"cadLayer":"0","entityClass":"AcDbEntity : AcDbText","entityHandle":"1AA1","cadColor":5,"text_value":"1927.446"},"geometry":{"type":"Point","coordinates":[92.4503474,46.11269802]}},{"type":"Feature","id":"hetsuu-dwg:551","properties":{"project":"External licence reference","scope":"external_reference","area":"Hetsuu hutul","sensor":"Base / Control","dataType":"cad_reference_geometry","displayRole":"elevation","plannedActual":"reference","status":"confirmed_geometry","contextOnly":true,"sourceFile":"Hetsuu hutul.DWG","sourceUrl":"https://drive.google.com/drive/folders/1hopqTCeMJknMkkvMa_wCY6OQ_GHXt4ub","sourceCrs":"EPSG:32646","displayCrs":"EPSG:4326","crsVerified":true,"cadLayer":"0","entityClass":"AcDbEntity : AcDbText","entityHandle":"1AA2","cadColor":5,"text_value":"1968.933"},"geometry":{"type":"Point","coordinates":[92.44737276,46.1123168]}},{"type":"Feature","id":"hetsuu-dwg:552","properties":{"project":"External licence reference","scope":"external_reference","area":"Hetsuu hutul","sensor":"Base / Control","dataType":"cad_reference_geometry","displayRole":"elevation","plannedActual":"reference","status":"confirmed_geometry","contextOnly":true,"sourceFile":"Hetsuu hutul.DWG","sourceUrl":"https://drive.google.com/drive/folders/1hopqTCeMJknMkkvMa_wCY6OQ_GHXt4ub","sourceCrs":"EPSG:32646","displayCrs":"EPSG:4326","crsVerified":true,"cadLayer":"0","entityClass":"AcDbEntity : AcDbText","entityHandle":"1AA3","cadColor":5,"text_value":"1968.773"},"geometry":{"type":"Point","coordinates":[92.44944126,46.11347966]}},{"type":"Feature","id":"hetsuu-dwg:553","properties":{"project":"External licence reference","scope":"external_reference","area":"Hetsuu hutul","sensor":"Base / Control","dataType":"cad_reference_geometry","displayRole":"elevation","plannedActual":"reference","status":"confirmed_geometry","contextOnly":true,"sourceFile":"Hetsuu hutul.DWG","sourceUrl":"https://drive.google.com/drive/folders/1hopqTCeMJknMkkvMa_wCY6OQ_GHXt4ub","sourceCrs":"EPSG:32646","displayCrs":"EPSG:4326","crsVerified":true,"cadLayer":"0","entityClass":"AcDbEntity : AcDbText","entityHandle":"1AA4","cadColor":5,"text_value":"1894.944"},"geometry":{"type":"Point","coordinates":[92.45300865,46.11243659]}},{"type":"Feature","id":"hetsuu-dwg:554","properties":{"project":"External licence reference","scope":"external_reference","area":"Hetsuu hutul","sensor":"Base / Control","dataType":"cad_reference_geometry","displayRole":"elevation","plannedActual":"reference","status":"confirmed_geometry","contextOnly":true,"sourceFile":"Hetsuu hutul.DWG","sourceUrl":"https://drive.google.com/drive/folders/1hopqTCeMJknMkkvMa_wCY6OQ_GHXt4ub","sourceCrs":"EPSG:32646","displayCrs":"EPSG:4326","crsVerified":true,"cadLayer":"0","entityClass":"AcDbEntity : AcDbText","entityHandle":"1AA5","cadColor":5,"text_value":"1949.578"},"geometry":{"type":"Point","coordinates":[92.45570213,46.11444977]}},{"type":"Feature","id":"hetsuu-dwg:555","properties":{"project":"External licence reference","scope":"external_reference","area":"Hetsuu hutul","sensor":"Base / Control","dataType":"cad_reference_geometry","displayRole":"elevation","plannedActual":"reference","status":"confirmed_geometry","contextOnly":true,"sourceFile":"Hetsuu hutul.DWG","sourceUrl":"https://drive.google.com/drive/folders/1hopqTCeMJknMkkvMa_wCY6OQ_GHXt4ub","sourceCrs":"EPSG:32646","displayCrs":"EPSG:4326","crsVerified":true,"cadLayer":"0","entityClass":"AcDbEntity : AcDbText","entityHandle":"1AA6","cadColor":5,"text_value":"1878.861"},"geometry":{"type":"Point","coordinates":[92.4565665,46.11270682]}},{"type":"Feature","id":"hetsuu-dwg:556","properties":{"project":"External licence reference","scope":"external_reference","area":"Hetsuu hutul","sensor":"Base / Control","dataType":"cad_reference_geometry","displayRole":"elevation","plannedActual":"reference","status":"confirmed_geometry","contextOnly":true,"sourceFile":"Hetsuu hutul.DWG","sourceUrl":"https://drive.google.com/drive/folders/1hopqTCeMJknMkkvMa_wCY6OQ_GHXt4ub","sourceCrs":"EPSG:32646","displayCrs":"EPSG:4326","crsVerified":true,"cadLayer":"0","entityClass":"AcDbEntity : AcDbText","entityHandle":"1AA7","cadColor":5,"text_value":"1846.223"},"geometry":{"type":"Point","coordinates":[92.4588273,46.11119962]}},{"type":"Feature","id":"hetsuu-dwg:557","properties":{"project":"External licence reference","scope":"external_reference","area":"Hetsuu hutul","sensor":"Base / Control","dataType":"cad_reference_geometry","displayRole":"elevation","plannedActual":"reference","status":"confirmed_geometry","contextOnly":true,"sourceFile":"Hetsuu hutul.DWG","sourceUrl":"https://drive.google.com/drive/folders/1hopqTCeMJknMkkvMa_wCY6OQ_GHXt4ub","sourceCrs":"EPSG:32646","displayCrs":"EPSG:4326","crsVerified":true,"cadLayer":"0","entityClass":"AcDbEntity : AcDbText","entityHandle":"1AA8","cadColor":5,"text_value":"1834.074"},"geometry":{"type":"Point","coordinates":[92.43273903,46.1026961]}},{"type":"Feature","id":"hetsuu-dwg:558","properties":{"project":"External licence reference","scope":"external_reference","area":"Hetsuu hutul","sensor":"Base / Control","dataType":"cad_reference_geometry","displayRole":"elevation","plannedActual":"reference","status":"confirmed_geometry","contextOnly":true,"sourceFile":"Hetsuu hutul.DWG","sourceUrl":"https://drive.google.com/drive/folders/1hopqTCeMJknMkkvMa_wCY6OQ_GHXt4ub","sourceCrs":"EPSG:32646","displayCrs":"EPSG:4326","crsVerified":true,"cadLayer":"0","entityClass":"AcDbEntity : AcDbText","entityHandle":"1AA9","cadColor":5,"text_value":"2012.767"},"geometry":{"type":"Point","coordinates":[92.4264103,46.10306275]}},{"type":"Feature","id":"hetsuu-dwg:559","properties":{"project":"External licence reference","scope":"external_reference","area":"Hetsuu hutul","sensor":"Base / Control","dataType":"cad_reference_geometry","displayRole":"elevation","plannedActual":"reference","status":"confirmed_geometry","contextOnly":true,"sourceFile":"Hetsuu hutul.DWG","sourceUrl":"https://drive.google.com/drive/folders/1hopqTCeMJknMkkvMa_wCY6OQ_GHXt4ub","sourceCrs":"EPSG:32646","displayCrs":"EPSG:4326","crsVerified":true,"cadLayer":"0","entityClass":"AcDbEntity : AcDbText","entityHandle":"1AAA","cadColor":5,"text_value":"1967.892"},"geometry":{"type":"Point","coordinates":[92.42038943,46.10267504]}},{"type":"Feature","id":"hetsuu-dwg:560","properties":{"project":"External licence reference","scope":"external_reference","area":"Hetsuu hutul","sensor":"Base / Control","dataType":"cad_reference_geometry","displayRole":"elevation","plannedActual":"reference","status":"confirmed_geometry","contextOnly":true,"sourceFile":"Hetsuu hutul.DWG","sourceUrl":"https://drive.google.com/drive/folders/1hopqTCeMJknMkkvMa_wCY6OQ_GHXt4ub","sourceCrs":"EPSG:32646","displayCrs":"EPSG:4326","crsVerified":true,"cadLayer":"0","entityClass":"AcDbEntity : AcDbText","entityHandle":"1AAB","cadColor":5,"text_value":"1862.591"},"geometry":{"type":"Point","coordinates":[92.42042747,46.0991568]}},{"type":"Feature","id":"hetsuu-dwg:561","properties":{"project":"External licence reference","scope":"external_reference","area":"Hetsuu hutul","sensor":"Base / Control","dataType":"cad_reference_geometry","displayRole":"elevation","plannedActual":"reference","status":"confirmed_geometry","contextOnly":true,"sourceFile":"Hetsuu hutul.DWG","sourceUrl":"https://drive.google.com/drive/folders/1hopqTCeMJknMkkvMa_wCY6OQ_GHXt4ub","sourceCrs":"EPSG:32646","displayCrs":"EPSG:4326","crsVerified":true,"cadLayer":"0","entityClass":"AcDbEntity : AcDbText","entityHandle":"1AAC","cadColor":5,"text_value":"1859.093"},"geometry":{"type":"Point","coordinates":[92.41399939,46.09453579]}},{"type":"Feature","id":"hetsuu-dwg:562","properties":{"project":"External licence reference","scope":"external_reference","area":"Hetsuu hutul","sensor":"Base / Control","dataType":"cad_reference_geometry","displayRole":"elevation","plannedActual":"reference","status":"confirmed_geometry","contextOnly":true,"sourceFile":"Hetsuu hutul.DWG","sourceUrl":"https://drive.google.com/drive/folders/1hopqTCeMJknMkkvMa_wCY6OQ_GHXt4ub","sourceCrs":"EPSG:32646","displayCrs":"EPSG:4326","crsVerified":true,"cadLayer":"0","entityClass":"AcDbEntity : AcDbText","entityHandle":"1AAD","cadColor":5,"text_value":"1909.934"},"geometry":{"type":"Point","coordinates":[92.41708259,46.09134518]}},{"type":"Feature","id":"hetsuu-dwg:563","properties":{"project":"External licence reference","scope":"external_reference","area":"Hetsuu hutul","sensor":"Base / Control","dataType":"cad_reference_geometry","displayRole":"elevation","plannedActual":"reference","status":"confirmed_geometry","contextOnly":true,"sourceFile":"Hetsuu hutul.DWG","sourceUrl":"https://drive.google.com/drive/folders/1hopqTCeMJknMkkvMa_wCY6OQ_GHXt4ub","sourceCrs":"EPSG:32646","displayCrs":"EPSG:4326","crsVerified":true,"cadLayer":"0","entityClass":"AcDbEntity : AcDbText","entityHandle":"1AAE","cadColor":5,"text_value":"1818.074"},"geometry":{"type":"Point","coordinates":[92.42040077,46.09465418]}},{"type":"Feature","id":"hetsuu-dwg:564","properties":{"project":"External licence reference","scope":"external_reference","area":"Hetsuu hutul","sensor":"Base / Control","dataType":"cad_reference_geometry","displayRole":"elevation","plannedActual":"reference","status":"confirmed_geometry","contextOnly":true,"sourceFile":"Hetsuu hutul.DWG","sourceUrl":"https://drive.google.com/drive/folders/1hopqTCeMJknMkkvMa_wCY6OQ_GHXt4ub","sourceCrs":"EPSG:32646","displayCrs":"EPSG:4326","crsVerified":true,"cadLayer":"0","entityClass":"AcDbEntity : AcDbText","entityHandle":"1AAF","cadColor":5,"text_value":"1806.480"},"geometry":{"type":"Point","coordinates":[92.45213404,46.10070739]}},{"type":"Feature","id":"hetsuu-dwg:565","properties":{"project":"External licence reference","scope":"external_reference","area":"Hetsuu hutul","sensor":"Base / Control","dataType":"cad_reference_geometry","displayRole":"elevation","plannedActual":"reference","status":"confirmed_geometry","contextOnly":true,"sourceFile":"Hetsuu hutul.DWG","sourceUrl":"https://drive.google.com/drive/folders/1hopqTCeMJknMkkvMa_wCY6OQ_GHXt4ub","sourceCrs":"EPSG:32646","displayCrs":"EPSG:4326","crsVerified":true,"cadLayer":"0","entityClass":"AcDbEntity : AcDbText","entityHandle":"1AB0","cadColor":5,"text_value":"1864.668"},"geometry":{"type":"Point","coordinates":[92.44485539,46.10160129]}},{"type":"Feature","id":"hetsuu-dwg:566","properties":{"project":"External licence reference","scope":"external_reference","area":"Hetsuu hutul","sensor":"Base / Control","dataType":"cad_reference_geometry","displayRole":"elevation","plannedActual":"reference","status":"confirmed_geometry","contextOnly":true,"sourceFile":"Hetsuu hutul.DWG","sourceUrl":"https://drive.google.com/drive/folders/1hopqTCeMJknMkkvMa_wCY6OQ_GHXt4ub","sourceCrs":"EPSG:32646","displayCrs":"EPSG:4326","crsVerified":true,"cadLayer":"0","entityClass":"AcDbEntity : AcDbText","entityHandle":"1AB1","cadColor":5,"text_value":"1831.307"},"geometry":{"type":"Point","coordinates":[92.43298459,46.09869343]}},{"type":"Feature","id":"hetsuu-dwg:567","properties":{"project":"External licence reference","scope":"external_reference","area":"Hetsuu hutul","sensor":"Base / Control","dataType":"cad_reference_geometry","displayRole":"elevation","plannedActual":"reference","status":"confirmed_geometry","contextOnly":true,"sourceFile":"Hetsuu hutul.DWG","sourceUrl":"https://drive.google.com/drive/folders/1hopqTCeMJknMkkvMa_wCY6OQ_GHXt4ub","sourceCrs":"EPSG:32646","displayCrs":"EPSG:4326","crsVerified":true,"cadLayer":"0","entityClass":"AcDbEntity : AcDbText","entityHandle":"1AB2","cadColor":5,"text_value":"1813.182"},"geometry":{"type":"Point","coordinates":[92.4329609,46.09430724]}},{"type":"Feature","id":"hetsuu-dwg:568","properties":{"project":"External licence reference","scope":"external_reference","area":"Hetsuu hutul","sensor":"Base / Control","dataType":"cad_reference_geometry","displayRole":"elevation","plannedActual":"reference","status":"confirmed_geometry","contextOnly":true,"sourceFile":"Hetsuu hutul.DWG","sourceUrl":"https://drive.google.com/drive/folders/1hopqTCeMJknMkkvMa_wCY6OQ_GHXt4ub","sourceCrs":"EPSG:32646","displayCrs":"EPSG:4326","crsVerified":true,"cadLayer":"0","entityClass":"AcDbEntity : AcDbText","entityHandle":"1AB3","cadColor":5,"text_value":"1840.230"},"geometry":{"type":"Point","coordinates":[92.42889794,46.08990618]}},{"type":"Feature","id":"hetsuu-dwg:569","properties":{"project":"External licence reference","scope":"external_reference","area":"Hetsuu hutul","sensor":"Base / Control","dataType":"cad_reference_geometry","displayRole":"elevation","plannedActual":"reference","status":"confirmed_geometry","contextOnly":true,"sourceFile":"Hetsuu hutul.DWG","sourceUrl":"https://drive.google.com/drive/folders/1hopqTCeMJknMkkvMa_wCY6OQ_GHXt4ub","sourceCrs":"EPSG:32646","displayCrs":"EPSG:4326","crsVerified":true,"cadLayer":"0","entityClass":"AcDbEntity : AcDbText","entityHandle":"1AB4","cadColor":5,"text_value":"1821.560"},"geometry":{"type":"Point","coordinates":[92.43301309,46.08999033]}},{"type":"Feature","id":"hetsuu-dwg:570","properties":{"project":"External licence reference","scope":"external_reference","area":"Hetsuu hutul","sensor":"Base / Control","dataType":"cad_reference_geometry","displayRole":"elevation","plannedActual":"reference","status":"confirmed_geometry","contextOnly":true,"sourceFile":"Hetsuu hutul.DWG","sourceUrl":"https://drive.google.com/drive/folders/1hopqTCeMJknMkkvMa_wCY6OQ_GHXt4ub","sourceCrs":"EPSG:32646","displayCrs":"EPSG:4326","crsVerified":true,"cadLayer":"0","entityClass":"AcDbEntity : AcDbText","entityHandle":"1AB5","cadColor":5,"text_value":"1844.777"},"geometry":{"type":"Point","coordinates":[92.43305226,46.08779919]}},{"type":"Feature","id":"hetsuu-dwg:571","properties":{"project":"External licence reference","scope":"external_reference","area":"Hetsuu hutul","sensor":"Base / Control","dataType":"cad_reference_geometry","displayRole":"elevation","plannedActual":"reference","status":"confirmed_geometry","contextOnly":true,"sourceFile":"Hetsuu hutul.DWG","sourceUrl":"https://drive.google.com/drive/folders/1hopqTCeMJknMkkvMa_wCY6OQ_GHXt4ub","sourceCrs":"EPSG:32646","displayCrs":"EPSG:4326","crsVerified":true,"cadLayer":"0","entityClass":"AcDbEntity : AcDbText","entityHandle":"1AB6","cadColor":5,"text_value":"1801.597"},"geometry":{"type":"Point","coordinates":[92.43617424,46.08668755]}},{"type":"Feature","id":"hetsuu-dwg:572","properties":{"project":"External licence reference","scope":"external_reference","area":"Hetsuu hutul","sensor":"Base / Control","dataType":"cad_reference_geometry","displayRole":"elevation","plannedActual":"reference","status":"confirmed_geometry","contextOnly":true,"sourceFile":"Hetsuu hutul.DWG","sourceUrl":"https://drive.google.com/drive/folders/1hopqTCeMJknMkkvMa_wCY6OQ_GHXt4ub","sourceCrs":"EPSG:32646","displayCrs":"EPSG:4326","crsVerified":true,"cadLayer":"0","entityClass":"AcDbEntity : AcDbText","entityHandle":"1AB7","cadColor":5,"text_value":"1788.612"},"geometry":{"type":"Point","coordinates":[92.45605036,46.09671672]}},{"type":"Feature","id":"hetsuu-dwg:573","properties":{"project":"External licence reference","scope":"external_reference","area":"Hetsuu hutul","sensor":"Base / Control","dataType":"cad_reference_geometry","displayRole":"elevation","plannedActual":"reference","status":"confirmed_geometry","contextOnly":true,"sourceFile":"Hetsuu hutul.DWG","sourceUrl":"https://drive.google.com/drive/folders/1hopqTCeMJknMkkvMa_wCY6OQ_GHXt4ub","sourceCrs":"EPSG:32646","displayCrs":"EPSG:4326","crsVerified":true,"cadLayer":"0","entityClass":"AcDbEntity : AcDbText","entityHandle":"1AB8","cadColor":5,"text_value":"2096.044"},"geometry":{"type":"Point","coordinates":[92.4448961,46.10613343]}},{"type":"Feature","id":"hetsuu-dwg:574","properties":{"project":"External licence reference","scope":"external_reference","area":"Hetsuu hutul","sensor":"Base / Control","dataType":"cad_reference_geometry","displayRole":"elevation","plannedActual":"reference","status":"confirmed_geometry","contextOnly":true,"sourceFile":"Hetsuu hutul.DWG","sourceUrl":"https://drive.google.com/drive/folders/1hopqTCeMJknMkkvMa_wCY6OQ_GHXt4ub","sourceCrs":"EPSG:32646","displayCrs":"EPSG:4326","crsVerified":true,"cadLayer":"0","entityClass":"AcDbEntity : AcDbText","entityHandle":"1AB9","cadColor":5,"text_value":"2068.837"},"geometry":{"type":"Point","coordinates":[92.44487458,46.10450433]}},{"type":"Feature","id":"hetsuu-dwg:575","properties":{"project":"External licence reference","scope":"external_reference","area":"Hetsuu hutul","sensor":"Base / Control","dataType":"cad_reference_geometry","displayRole":"elevation","plannedActual":"reference","status":"confirmed_geometry","contextOnly":true,"sourceFile":"Hetsuu hutul.DWG","sourceUrl":"https://drive.google.com/drive/folders/1hopqTCeMJknMkkvMa_wCY6OQ_GHXt4ub","sourceCrs":"EPSG:32646","displayCrs":"EPSG:4326","crsVerified":true,"cadLayer":"0","entityClass":"AcDbEntity : AcDbText","entityHandle":"1ABA","cadColor":5,"text_value":"1807.779"},"geometry":{"type":"Point","coordinates":[92.44487463,46.09730414]}},{"type":"Feature","id":"hetsuu-dwg:576","properties":{"project":"External licence reference","scope":"external_reference","area":"Hetsuu hutul","sensor":"Base / Control","dataType":"cad_reference_geometry","displayRole":"elevation","plannedActual":"reference","status":"confirmed_geometry","contextOnly":true,"sourceFile":"Hetsuu hutul.DWG","sourceUrl":"https://drive.google.com/drive/folders/1hopqTCeMJknMkkvMa_wCY6OQ_GHXt4ub","sourceCrs":"EPSG:32646","displayCrs":"EPSG:4326","crsVerified":true,"cadLayer":"0","entityClass":"AcDbEntity : AcDbText","entityHandle":"1ABB","cadColor":5,"text_value":"1792.906"},"geometry":{"type":"Point","coordinates":[92.44493342,46.0967106]}},{"type":"Feature","id":"hetsuu-dwg:577","properties":{"project":"External licence reference","scope":"external_reference","area":"Hetsuu hutul","sensor":"Base / Control","dataType":"cad_reference_geometry","displayRole":"elevation","plannedActual":"reference","status":"confirmed_geometry","contextOnly":true,"sourceFile":"Hetsuu hutul.DWG","sourceUrl":"https://drive.google.com/drive/folders/1hopqTCeMJknMkkvMa_wCY6OQ_GHXt4ub","sourceCrs":"EPSG:32646","displayCrs":"EPSG:4326","crsVerified":true,"cadLayer":"0","entityClass":"AcDbEntity : AcDbText","entityHandle":"1ABC","cadColor":5,"text_value":"1777.666"},"geometry":{"type":"Point","coordinates":[92.4449647,46.09279427]}},{"type":"Feature","id":"hetsuu-dwg:578","properties":{"project":"External licence reference","scope":"external_reference","area":"Hetsuu hutul","sensor":"Base / Control","dataType":"cad_reference_geometry","displayRole":"elevation","plannedActual":"reference","status":"confirmed_geometry","contextOnly":true,"sourceFile":"Hetsuu hutul.DWG","sourceUrl":"https://drive.google.com/drive/folders/1hopqTCeMJknMkkvMa_wCY6OQ_GHXt4ub","sourceCrs":"EPSG:32646","displayCrs":"EPSG:4326","crsVerified":true,"cadLayer":"0","entityClass":"AcDbEntity : AcDbText","entityHandle":"1ABD","cadColor":5,"text_value":"1771.543"},"geometry":{"type":"Point","coordinates":[92.44498252,46.09246849]}},{"type":"Feature","id":"hetsuu-dwg:579","properties":{"project":"External licence reference","scope":"external_reference","area":"Hetsuu hutul","sensor":"Base / Control","dataType":"cad_reference_geometry","displayRole":"elevation","plannedActual":"reference","status":"confirmed_geometry","contextOnly":true,"sourceFile":"Hetsuu hutul.DWG","sourceUrl":"https://drive.google.com/drive/folders/1hopqTCeMJknMkkvMa_wCY6OQ_GHXt4ub","sourceCrs":"EPSG:32646","displayCrs":"EPSG:4326","crsVerified":true,"cadLayer":"0","entityClass":"AcDbEntity : AcDbText","entityHandle":"1ABE","cadColor":5,"text_value":"1800.218"},"geometry":{"type":"Point","coordinates":[92.44498848,46.08886948]}},{"type":"Feature","id":"hetsuu-dwg:580","properties":{"project":"External licence reference","scope":"external_reference","area":"Hetsuu hutul","sensor":"Base / Control","dataType":"cad_reference_geometry","displayRole":"elevation","plannedActual":"reference","status":"confirmed_geometry","contextOnly":true,"sourceFile":"Hetsuu hutul.DWG","sourceUrl":"https://drive.google.com/drive/folders/1hopqTCeMJknMkkvMa_wCY6OQ_GHXt4ub","sourceCrs":"EPSG:32646","displayCrs":"EPSG:4326","crsVerified":true,"cadLayer":"0","entityClass":"AcDbEntity : AcDbText","entityHandle":"1ABF","cadColor":5,"text_value":"1834.692"},"geometry":{"type":"Point","coordinates":[92.44501818,46.08675667]}},{"type":"Feature","id":"hetsuu-dwg:581","properties":{"project":"External licence reference","scope":"external_reference","area":"Hetsuu hutul","sensor":"Base / Control","dataType":"cad_reference_geometry","displayRole":"elevation","plannedActual":"reference","status":"confirmed_geometry","contextOnly":true,"sourceFile":"Hetsuu hutul.DWG","sourceUrl":"https://drive.google.com/drive/folders/1hopqTCeMJknMkkvMa_wCY6OQ_GHXt4ub","sourceCrs":"EPSG:32646","displayCrs":"EPSG:4326","crsVerified":true,"cadLayer":"0","entityClass":"AcDbEntity : AcDbText","entityHandle":"1AC0","cadColor":5,"text_value":"1769.946"},"geometry":{"type":"Point","coordinates":[92.45363333,46.08893475]}},{"type":"Feature","id":"hetsuu-dwg:582","properties":{"project":"External licence reference","scope":"external_reference","area":"Hetsuu hutul","sensor":"Base / Control","dataType":"cad_reference_geometry","displayRole":"elevation","plannedActual":"reference","status":"confirmed_geometry","contextOnly":true,"sourceFile":"Hetsuu hutul.DWG","sourceUrl":"https://drive.google.com/drive/folders/1hopqTCeMJknMkkvMa_wCY6OQ_GHXt4ub","sourceCrs":"EPSG:32646","displayCrs":"EPSG:4326","crsVerified":true,"cadLayer":"0","entityClass":"AcDbEntity : AcDbText","entityHandle":"1AC1","cadColor":5,"text_value":"2122.579"},"geometry":{"type":"Point","coordinates":[92.40831369,46.10375378]}},{"type":"Feature","id":"hetsuu-dwg:583","properties":{"project":"External licence reference","scope":"external_reference","area":"Hetsuu hutul","sensor":"Base / Control","dataType":"cad_reference_geometry","displayRole":"elevation","plannedActual":"reference","status":"confirmed_geometry","contextOnly":true,"sourceFile":"Hetsuu hutul.DWG","sourceUrl":"https://drive.google.com/drive/folders/1hopqTCeMJknMkkvMa_wCY6OQ_GHXt4ub","sourceCrs":"EPSG:32646","displayCrs":"EPSG:4326","crsVerified":true,"cadLayer":"0","entityClass":"AcDbEntity : AcDbText","entityHandle":"1AC2","cadColor":5,"text_value":"2193.143"},"geometry":{"type":"Point","coordinates":[92.40978383,46.10542308]}},{"type":"Feature","id":"hetsuu-dwg:584","properties":{"project":"External licence reference","scope":"external_reference","area":"Hetsuu hutul","sensor":"Base / Control","dataType":"cad_reference_geometry","displayRole":"elevation","plannedActual":"reference","status":"confirmed_geometry","contextOnly":true,"sourceFile":"Hetsuu hutul.DWG","sourceUrl":"https://drive.google.com/drive/folders/1hopqTCeMJknMkkvMa_wCY6OQ_GHXt4ub","sourceCrs":"EPSG:32646","displayCrs":"EPSG:4326","crsVerified":true,"cadLayer":"0","entityClass":"AcDbEntity : AcDbText","entityHandle":"1AC3","cadColor":5,"text_value":"2161.160"},"geometry":{"type":"Point","coordinates":[92.40817933,46.10639531]}},{"type":"Feature","id":"hetsuu-dwg:585","properties":{"project":"External licence reference","scope":"external_reference","area":"Hetsuu hutul","sensor":"Base / Control","dataType":"cad_reference_geometry","displayRole":"elevation","plannedActual":"reference","status":"confirmed_geometry","contextOnly":true,"sourceFile":"Hetsuu hutul.DWG","sourceUrl":"https://drive.google.com/drive/folders/1hopqTCeMJknMkkvMa_wCY6OQ_GHXt4ub","sourceCrs":"EPSG:32646","displayCrs":"EPSG:4326","crsVerified":true,"cadLayer":"0","entityClass":"AcDbEntity : AcDbText","entityHandle":"1AC4","cadColor":5,"text_value":"1920.310"},"geometry":{"type":"Point","coordinates":[92.43767663,46.12377376]}},{"type":"Feature","id":"hetsuu-dwg:586","properties":{"project":"External licence reference","scope":"external_reference","area":"Hetsuu hutul","sensor":"Base / Control","dataType":"cad_reference_geometry","displayRole":"elevation","plannedActual":"reference","status":"confirmed_geometry","contextOnly":true,"sourceFile":"Hetsuu hutul.DWG","sourceUrl":"https://drive.google.com/drive/folders/1hopqTCeMJknMkkvMa_wCY6OQ_GHXt4ub","sourceCrs":"EPSG:32646","displayCrs":"EPSG:4326","crsVerified":true,"cadLayer":"0","entityClass":"AcDbEntity : AcDbText","entityHandle":"1AC5","cadColor":5,"text_value":"1921.794"},"geometry":{"type":"Point","coordinates":[92.43767518,46.12352311]}},{"type":"Feature","id":"hetsuu-dwg:587","properties":{"project":"External licence reference","scope":"external_reference","area":"Hetsuu hutul","sensor":"Base / Control","dataType":"cad_reference_geometry","displayRole":"elevation","plannedActual":"reference","status":"confirmed_geometry","contextOnly":true,"sourceFile":"Hetsuu hutul.DWG","sourceUrl":"https://drive.google.com/drive/folders/1hopqTCeMJknMkkvMa_wCY6OQ_GHXt4ub","sourceCrs":"EPSG:32646","displayCrs":"EPSG:4326","crsVerified":true,"cadLayer":"0","entityClass":"AcDbEntity : AcDbText","entityHandle":"1AC6","cadColor":5,"text_value":"1923.735"},"geometry":{"type":"Point","coordinates":[92.43755759,46.12338401]}},{"type":"Feature","id":"hetsuu-dwg:588","properties":{"project":"External licence reference","scope":"external_reference","area":"Hetsuu hutul","sensor":"Base / Control","dataType":"cad_reference_geometry","displayRole":"elevation","plannedActual":"reference","status":"confirmed_geometry","contextOnly":true,"sourceFile":"Hetsuu hutul.DWG","sourceUrl":"https://drive.google.com/drive/folders/1hopqTCeMJknMkkvMa_wCY6OQ_GHXt4ub","sourceCrs":"EPSG:32646","displayCrs":"EPSG:4326","crsVerified":true,"cadLayer":"0","entityClass":"AcDbEntity : AcDbText","entityHandle":"1AC7","cadColor":5,"text_value":"1956.256"},"geometry":{"type":"Point","coordinates":[92.43601901,46.12303475]}},{"type":"Feature","id":"hetsuu-dwg:589","properties":{"project":"External licence reference","scope":"external_reference","area":"Hetsuu hutul","sensor":"Base / Control","dataType":"cad_reference_geometry","displayRole":"elevation","plannedActual":"reference","status":"confirmed_geometry","contextOnly":true,"sourceFile":"Hetsuu hutul.DWG","sourceUrl":"https://drive.google.com/drive/folders/1hopqTCeMJknMkkvMa_wCY6OQ_GHXt4ub","sourceCrs":"EPSG:32646","displayCrs":"EPSG:4326","crsVerified":true,"cadLayer":"0","entityClass":"AcDbEntity : AcDbText","entityHandle":"1AC8","cadColor":5,"text_value":"1962.092"},"geometry":{"type":"Point","coordinates":[92.43559707,46.12312915]}},{"type":"Feature","id":"hetsuu-dwg:590","properties":{"project":"External licence reference","scope":"external_reference","area":"Hetsuu hutul","sensor":"Base / Control","dataType":"cad_reference_geometry","displayRole":"elevation","plannedActual":"reference","status":"confirmed_geometry","contextOnly":true,"sourceFile":"Hetsuu hutul.DWG","sourceUrl":"https://drive.google.com/drive/folders/1hopqTCeMJknMkkvMa_wCY6OQ_GHXt4ub","sourceCrs":"EPSG:32646","displayCrs":"EPSG:4326","crsVerified":true,"cadLayer":"0","entityClass":"AcDbEntity : AcDbText","entityHandle":"1AC9","cadColor":5,"text_value":"1967.755"},"geometry":{"type":"Point","coordinates":[92.4353505,46.12308556]}},{"type":"Feature","id":"hetsuu-dwg:591","properties":{"project":"External licence reference","scope":"external_reference","area":"Hetsuu hutul","sensor":"Base / Control","dataType":"cad_reference_geometry","displayRole":"elevation","plannedActual":"reference","status":"confirmed_geometry","contextOnly":true,"sourceFile":"Hetsuu hutul.DWG","sourceUrl":"https://drive.google.com/drive/folders/1hopqTCeMJknMkkvMa_wCY6OQ_GHXt4ub","sourceCrs":"EPSG:32646","displayCrs":"EPSG:4326","crsVerified":true,"cadLayer":"0","entityClass":"AcDbEntity : AcDbText","entityHandle":"1ACA","cadColor":5,"text_value":"1970.912"},"geometry":{"type":"Point","coordinates":[92.43514163,46.12311399]}},{"type":"Feature","id":"hetsuu-dwg:592","properties":{"project":"External licence reference","scope":"external_reference","area":"Hetsuu hutul","sensor":"Base / Control","dataType":"cad_reference_geometry","displayRole":"elevation","plannedActual":"reference","status":"confirmed_geometry","contextOnly":true,"sourceFile":"Hetsuu hutul.DWG","sourceUrl":"https://drive.google.com/drive/folders/1hopqTCeMJknMkkvMa_wCY6OQ_GHXt4ub","sourceCrs":"EPSG:32646","displayCrs":"EPSG:4326","crsVerified":true,"cadLayer":"0","entityClass":"AcDbEntity : AcDbText","entityHandle":"1ACB","cadColor":5,"text_value":"1973.881"},"geometry":{"type":"Point","coordinates":[92.43502914,46.12312893]}},{"type":"Feature","id":"hetsuu-dwg:593","properties":{"project":"External licence reference","scope":"external_reference","area":"Hetsuu hutul","sensor":"Base / Control","dataType":"cad_reference_geometry","displayRole":"elevation","plannedActual":"reference","status":"confirmed_geometry","contextOnly":true,"sourceFile":"Hetsuu hutul.DWG","sourceUrl":"https://drive.google.com/drive/folders/1hopqTCeMJknMkkvMa_wCY6OQ_GHXt4ub","sourceCrs":"EPSG:32646","displayCrs":"EPSG:4326","crsVerified":true,"cadLayer":"0","entityClass":"AcDbEntity : AcDbText","entityHandle":"1ACC","cadColor":5,"text_value":"2125.515"},"geometry":{"type":"Point","coordinates":[92.41461276,46.12514206]}},{"type":"Feature","id":"hetsuu-dwg:594","properties":{"project":"External licence reference","scope":"external_reference","area":"Hetsuu hutul","sensor":"Base / Control","dataType":"cad_reference_geometry","displayRole":"elevation","plannedActual":"reference","status":"confirmed_geometry","contextOnly":true,"sourceFile":"Hetsuu hutul.DWG","sourceUrl":"https://drive.google.com/drive/folders/1hopqTCeMJknMkkvMa_wCY6OQ_GHXt4ub","sourceCrs":"EPSG:32646","displayCrs":"EPSG:4326","crsVerified":true,"cadLayer":"0","entityClass":"AcDbEntity : AcDbText","entityHandle":"1ACD","cadColor":5,"text_value":"2136.813"},"geometry":{"type":"Point","coordinates":[92.41490174,46.12512066]}},{"type":"Feature","id":"hetsuu-dwg:595","properties":{"project":"External licence reference","scope":"external_reference","area":"Hetsuu hutul","sensor":"Base / Control","dataType":"cad_reference_geometry","displayRole":"elevation","plannedActual":"reference","status":"confirmed_geometry","contextOnly":true,"sourceFile":"Hetsuu hutul.DWG","sourceUrl":"https://drive.google.com/drive/folders/1hopqTCeMJknMkkvMa_wCY6OQ_GHXt4ub","sourceCrs":"EPSG:32646","displayCrs":"EPSG:4326","crsVerified":true,"cadLayer":"0","entityClass":"AcDbEntity : AcDbText","entityHandle":"1ACE","cadColor":5,"text_value":"2135.378"},"geometry":{"type":"Point","coordinates":[92.4152149,46.12510452]}},{"type":"Feature","id":"hetsuu-dwg:596","properties":{"project":"External licence reference","scope":"external_reference","area":"Hetsuu hutul","sensor":"Base / Control","dataType":"cad_reference_geometry","displayRole":"elevation","plannedActual":"reference","status":"confirmed_geometry","contextOnly":true,"sourceFile":"Hetsuu hutul.DWG","sourceUrl":"https://drive.google.com/drive/folders/1hopqTCeMJknMkkvMa_wCY6OQ_GHXt4ub","sourceCrs":"EPSG:32646","displayCrs":"EPSG:4326","crsVerified":true,"cadLayer":"0","entityClass":"AcDbEntity : AcDbText","entityHandle":"1ACF","cadColor":5,"text_value":"2131.976"},"geometry":{"type":"Point","coordinates":[92.41553915,46.12517373]}},{"type":"Feature","id":"hetsuu-dwg:597","properties":{"project":"External licence reference","scope":"external_reference","area":"Hetsuu hutul","sensor":"Base / Control","dataType":"cad_reference_geometry","displayRole":"elevation","plannedActual":"reference","status":"confirmed_geometry","contextOnly":true,"sourceFile":"Hetsuu hutul.DWG","sourceUrl":"https://drive.google.com/drive/folders/1hopqTCeMJknMkkvMa_wCY6OQ_GHXt4ub","sourceCrs":"EPSG:32646","displayCrs":"EPSG:4326","crsVerified":true,"cadLayer":"0","entityClass":"AcDbEntity : AcDbText","entityHandle":"1AD0","cadColor":5,"text_value":"2134.666"},"geometry":{"type":"Point","coordinates":[92.41583586,46.12522701]}},{"type":"Feature","id":"hetsuu-dwg:598","properties":{"project":"External licence reference","scope":"external_reference","area":"Hetsuu hutul","sensor":"Base / Control","dataType":"cad_reference_geometry","displayRole":"elevation","plannedActual":"reference","status":"confirmed_geometry","contextOnly":true,"sourceFile":"Hetsuu hutul.DWG","sourceUrl":"https://drive.google.com/drive/folders/1hopqTCeMJknMkkvMa_wCY6OQ_GHXt4ub","sourceCrs":"EPSG:32646","displayCrs":"EPSG:4326","crsVerified":true,"cadLayer":"0","entityClass":"AcDbEntity : AcDbText","entityHandle":"1AD1","cadColor":5,"text_value":"2130.775"},"geometry":{"type":"Point","coordinates":[92.41601668,46.12528206]}},{"type":"Feature","id":"hetsuu-dwg:599","properties":{"project":"External licence reference","scope":"external_reference","area":"Hetsuu hutul","sensor":"Base / Control","dataType":"cad_reference_geometry","displayRole":"elevation","plannedActual":"reference","status":"confirmed_geometry","contextOnly":true,"sourceFile":"Hetsuu hutul.DWG","sourceUrl":"https://drive.google.com/drive/folders/1hopqTCeMJknMkkvMa_wCY6OQ_GHXt4ub","sourceCrs":"EPSG:32646","displayCrs":"EPSG:4326","crsVerified":true,"cadLayer":"0","entityClass":"AcDbEntity : AcDbText","entityHandle":"1AD2","cadColor":5,"text_value":"2125.638"},"geometry":{"type":"Point","coordinates":[92.41620798,46.12533639]}},{"type":"Feature","id":"hetsuu-dwg:600","properties":{"project":"External licence reference","scope":"external_reference","area":"Hetsuu hutul","sensor":"Base / Control","dataType":"cad_reference_geometry","displayRole":"elevation","plannedActual":"reference","status":"confirmed_geometry","contextOnly":true,"sourceFile":"Hetsuu hutul.DWG","sourceUrl":"https://drive.google.com/drive/folders/1hopqTCeMJknMkkvMa_wCY6OQ_GHXt4ub","sourceCrs":"EPSG:32646","displayCrs":"EPSG:4326","crsVerified":true,"cadLayer":"0","entityClass":"AcDbEntity : AcDbText","entityHandle":"1AD3","cadColor":5,"text_value":"1913.260"},"geometry":{"type":"Point","coordinates":[92.42461263,46.12335093]}},{"type":"Feature","id":"hetsuu-dwg:601","properties":{"project":"External licence reference","scope":"external_reference","area":"Hetsuu hutul","sensor":"Base / Control","dataType":"cad_reference_geometry","displayRole":"elevation","plannedActual":"reference","status":"confirmed_geometry","contextOnly":true,"sourceFile":"Hetsuu hutul.DWG","sourceUrl":"https://drive.google.com/drive/folders/1hopqTCeMJknMkkvMa_wCY6OQ_GHXt4ub","sourceCrs":"EPSG:32646","displayCrs":"EPSG:4326","crsVerified":true,"cadLayer":"0","entityClass":"AcDbEntity : AcDbText","entityHandle":"1AD4","cadColor":5,"text_value":"1915.320"},"geometry":{"type":"Point","coordinates":[92.42465169,46.12310454]}},{"type":"Feature","id":"hetsuu-dwg:602","properties":{"project":"External licence reference","scope":"external_reference","area":"Hetsuu hutul","sensor":"Base / Control","dataType":"cad_reference_geometry","displayRole":"elevation","plannedActual":"reference","status":"confirmed_geometry","contextOnly":true,"sourceFile":"Hetsuu hutul.DWG","sourceUrl":"https://drive.google.com/drive/folders/1hopqTCeMJknMkkvMa_wCY6OQ_GHXt4ub","sourceCrs":"EPSG:32646","displayCrs":"EPSG:4326","crsVerified":true,"cadLayer":"0","entityClass":"AcDbEntity : AcDbText","entityHandle":"1AD5","cadColor":5,"text_value":"1915.325"},"geometry":{"type":"Point","coordinates":[92.42465186,46.12310447]}},{"type":"Feature","id":"hetsuu-dwg:603","properties":{"project":"External licence reference","scope":"external_reference","area":"Hetsuu hutul","sensor":"Base / Control","dataType":"cad_reference_geometry","displayRole":"elevation","plannedActual":"reference","status":"confirmed_geometry","contextOnly":true,"sourceFile":"Hetsuu hutul.DWG","sourceUrl":"https://drive.google.com/drive/folders/1hopqTCeMJknMkkvMa_wCY6OQ_GHXt4ub","sourceCrs":"EPSG:32646","displayCrs":"EPSG:4326","crsVerified":true,"cadLayer":"0","entityClass":"AcDbEntity : AcDbText","entityHandle":"1AD6","cadColor":5,"text_value":"1916.824"},"geometry":{"type":"Point","coordinates":[92.42473102,46.12293328]}},{"type":"Feature","id":"hetsuu-dwg:604","properties":{"project":"External licence reference","scope":"external_reference","area":"Hetsuu hutul","sensor":"Base / Control","dataType":"cad_reference_geometry","displayRole":"elevation","plannedActual":"reference","status":"confirmed_geometry","contextOnly":true,"sourceFile":"Hetsuu hutul.DWG","sourceUrl":"https://drive.google.com/drive/folders/1hopqTCeMJknMkkvMa_wCY6OQ_GHXt4ub","sourceCrs":"EPSG:32646","displayCrs":"EPSG:4326","crsVerified":true,"cadLayer":"0","entityClass":"AcDbEntity : AcDbText","entityHandle":"1AD7","cadColor":5,"text_value":"1918.121"},"geometry":{"type":"Point","coordinates":[92.42480294,46.12279954]}},{"type":"Feature","id":"hetsuu-dwg:605","properties":{"project":"External licence reference","scope":"external_reference","area":"Hetsuu hutul","sensor":"Base / Control","dataType":"cad_reference_geometry","displayRole":"elevation","plannedActual":"reference","status":"confirmed_geometry","contextOnly":true,"sourceFile":"Hetsuu hutul.DWG","sourceUrl":"https://drive.google.com/drive/folders/1hopqTCeMJknMkkvMa_wCY6OQ_GHXt4ub","sourceCrs":"EPSG:32646","displayCrs":"EPSG:4326","crsVerified":true,"cadLayer":"0","entityClass":"AcDbEntity : AcDbText","entityHandle":"1AD8","cadColor":5,"text_value":"1919.205"},"geometry":{"type":"Point","coordinates":[92.42491689,46.12258518]}},{"type":"Feature","id":"hetsuu-dwg:606","properties":{"project":"External licence reference","scope":"external_reference","area":"Hetsuu hutul","sensor":"Base / Control","dataType":"cad_reference_geometry","displayRole":"elevation","plannedActual":"reference","status":"confirmed_geometry","contextOnly":true,"sourceFile":"Hetsuu hutul.DWG","sourceUrl":"https://drive.google.com/drive/folders/1hopqTCeMJknMkkvMa_wCY6OQ_GHXt4ub","sourceCrs":"EPSG:32646","displayCrs":"EPSG:4326","crsVerified":true,"cadLayer":"0","entityClass":"AcDbEntity : AcDbText","entityHandle":"1AD9","cadColor":5,"text_value":"1921.029"},"geometry":{"type":"Point","coordinates":[92.4250358,46.1224598]}},{"type":"Feature","id":"hetsuu-dwg:607","properties":{"project":"External licence reference","scope":"external_reference","area":"Hetsuu hutul","sensor":"Base / Control","dataType":"cad_reference_geometry","displayRole":"elevation","plannedActual":"reference","status":"confirmed_geometry","contextOnly":true,"sourceFile":"Hetsuu hutul.DWG","sourceUrl":"https://drive.google.com/drive/folders/1hopqTCeMJknMkkvMa_wCY6OQ_GHXt4ub","sourceCrs":"EPSG:32646","displayCrs":"EPSG:4326","crsVerified":true,"cadLayer":"0","entityClass":"AcDbEntity : AcDbText","entityHandle":"1ADA","cadColor":5,"text_value":"1927.140"},"geometry":{"type":"Point","coordinates":[92.42004534,46.11797836]}},{"type":"Feature","id":"hetsuu-dwg:608","properties":{"project":"External licence reference","scope":"external_reference","area":"Hetsuu hutul","sensor":"Base / Control","dataType":"cad_reference_geometry","displayRole":"elevation","plannedActual":"reference","status":"confirmed_geometry","contextOnly":true,"sourceFile":"Hetsuu hutul.DWG","sourceUrl":"https://drive.google.com/drive/folders/1hopqTCeMJknMkkvMa_wCY6OQ_GHXt4ub","sourceCrs":"EPSG:32646","displayCrs":"EPSG:4326","crsVerified":true,"cadLayer":"0","entityClass":"AcDbEntity : AcDbText","entityHandle":"1ADB","cadColor":5,"text_value":"1925.614"},"geometry":{"type":"Point","coordinates":[92.42019406,46.11789369]}},{"type":"Feature","id":"hetsuu-dwg:609","properties":{"project":"External licence reference","scope":"external_reference","area":"Hetsuu hutul","sensor":"Base / Control","dataType":"cad_reference_geometry","displayRole":"elevation","plannedActual":"reference","status":"confirmed_geometry","contextOnly":true,"sourceFile":"Hetsuu hutul.DWG","sourceUrl":"https://drive.google.com/drive/folders/1hopqTCeMJknMkkvMa_wCY6OQ_GHXt4ub","sourceCrs":"EPSG:32646","displayCrs":"EPSG:4326","crsVerified":true,"cadLayer":"0","entityClass":"AcDbEntity : AcDbText","entityHandle":"1ADC","cadColor":5,"text_value":"1926.486"},"geometry":{"type":"Point","coordinates":[92.4202907,46.11779726]}},{"type":"Feature","id":"hetsuu-dwg:610","properties":{"project":"External licence reference","scope":"external_reference","area":"Hetsuu hutul","sensor":"Base / Control","dataType":"cad_reference_geometry","displayRole":"elevation","plannedActual":"reference","status":"confirmed_geometry","contextOnly":true,"sourceFile":"Hetsuu hutul.DWG","sourceUrl":"https://drive.google.com/drive/folders/1hopqTCeMJknMkkvMa_wCY6OQ_GHXt4ub","sourceCrs":"EPSG:32646","displayCrs":"EPSG:4326","crsVerified":true,"cadLayer":"0","entityClass":"AcDbEntity : AcDbText","entityHandle":"1ADD","cadColor":5,"text_value":"1928.116"},"geometry":{"type":"Point","coordinates":[92.4203906,46.117684]}},{"type":"Feature","id":"hetsuu-dwg:611","properties":{"project":"External licence reference","scope":"external_reference","area":"Hetsuu hutul","sensor":"Base / Control","dataType":"cad_reference_geometry","displayRole":"elevation","plannedActual":"reference","status":"confirmed_geometry","contextOnly":true,"sourceFile":"Hetsuu hutul.DWG","sourceUrl":"https://drive.google.com/drive/folders/1hopqTCeMJknMkkvMa_wCY6OQ_GHXt4ub","sourceCrs":"EPSG:32646","displayCrs":"EPSG:4326","crsVerified":true,"cadLayer":"0","entityClass":"AcDbEntity : AcDbText","entityHandle":"1ADE","cadColor":5,"text_value":"1929.359"},"geometry":{"type":"Point","coordinates":[92.42049747,46.11760048]}},{"type":"Feature","id":"hetsuu-dwg:612","properties":{"project":"External licence reference","scope":"external_reference","area":"Hetsuu hutul","sensor":"Base / Control","dataType":"cad_reference_geometry","displayRole":"elevation","plannedActual":"reference","status":"confirmed_geometry","contextOnly":true,"sourceFile":"Hetsuu hutul.DWG","sourceUrl":"https://drive.google.com/drive/folders/1hopqTCeMJknMkkvMa_wCY6OQ_GHXt4ub","sourceCrs":"EPSG:32646","displayCrs":"EPSG:4326","crsVerified":true,"cadLayer":"0","entityClass":"AcDbEntity : AcDbText","entityHandle":"1ADF","cadColor":5,"text_value":"1938.344"},"geometry":{"type":"Point","coordinates":[92.44192505,46.12562902]}},{"type":"Feature","id":"hetsuu-dwg:613","properties":{"project":"External licence reference","scope":"external_reference","area":"Hetsuu hutul","sensor":"Base / Control","dataType":"cad_reference_geometry","displayRole":"elevation","plannedActual":"reference","status":"confirmed_geometry","contextOnly":true,"sourceFile":"Hetsuu hutul.DWG","sourceUrl":"https://drive.google.com/drive/folders/1hopqTCeMJknMkkvMa_wCY6OQ_GHXt4ub","sourceCrs":"EPSG:32646","displayCrs":"EPSG:4326","crsVerified":true,"cadLayer":"0","entityClass":"AcDbEntity : AcDbText","entityHandle":"1AE0","cadColor":5,"text_value":"1987.206"},"geometry":{"type":"Point","coordinates":[92.43460435,46.12299993]}},{"type":"Feature","id":"hetsuu-dwg:614","properties":{"project":"External licence reference","scope":"external_reference","area":"Hetsuu hutul","sensor":"Base / Control","dataType":"cad_reference_geometry","displayRole":"elevation","plannedActual":"reference","status":"confirmed_geometry","contextOnly":true,"sourceFile":"Hetsuu hutul.DWG","sourceUrl":"https://drive.google.com/drive/folders/1hopqTCeMJknMkkvMa_wCY6OQ_GHXt4ub","sourceCrs":"EPSG:32646","displayCrs":"EPSG:4326","crsVerified":true,"cadLayer":"0","entityClass":"AcDbEntity : AcDbText","entityHandle":"1AE1","cadColor":5,"text_value":"2052.785"},"geometry":{"type":"Point","coordinates":[92.43175629,46.12356169]}},{"type":"Feature","id":"hetsuu-dwg:615","properties":{"project":"External licence reference","scope":"external_reference","area":"Hetsuu hutul","sensor":"Base / Control","dataType":"cad_reference_geometry","displayRole":"elevation","plannedActual":"reference","status":"confirmed_geometry","contextOnly":true,"sourceFile":"Hetsuu hutul.DWG","sourceUrl":"https://drive.google.com/drive/folders/1hopqTCeMJknMkkvMa_wCY6OQ_GHXt4ub","sourceCrs":"EPSG:32646","displayCrs":"EPSG:4326","crsVerified":true,"cadLayer":"0","entityClass":"AcDbEntity : AcDbText","entityHandle":"1AE2","cadColor":5,"text_value":"1987.206"},"geometry":{"type":"Point","coordinates":[92.43359488,46.12570194]}},{"type":"Feature","id":"hetsuu-dwg:616","properties":{"project":"External licence reference","scope":"external_reference","area":"Hetsuu hutul","sensor":"Base / Control","dataType":"cad_reference_geometry","displayRole":"elevation","plannedActual":"reference","status":"confirmed_geometry","contextOnly":true,"sourceFile":"Hetsuu hutul.DWG","sourceUrl":"https://drive.google.com/drive/folders/1hopqTCeMJknMkkvMa_wCY6OQ_GHXt4ub","sourceCrs":"EPSG:32646","displayCrs":"EPSG:4326","crsVerified":true,"cadLayer":"0","entityClass":"AcDbEntity : AcDbText","entityHandle":"1AE3","cadColor":5,"text_value":"1877.255"},"geometry":{"type":"Point","coordinates":[92.43366624,46.12920851]}},{"type":"Feature","id":"hetsuu-dwg:617","properties":{"project":"External licence reference","scope":"external_reference","area":"Hetsuu hutul","sensor":"Base / Control","dataType":"cad_reference_geometry","displayRole":"elevation","plannedActual":"reference","status":"confirmed_geometry","contextOnly":true,"sourceFile":"Hetsuu hutul.DWG","sourceUrl":"https://drive.google.com/drive/folders/1hopqTCeMJknMkkvMa_wCY6OQ_GHXt4ub","sourceCrs":"EPSG:32646","displayCrs":"EPSG:4326","crsVerified":true,"cadLayer":"0","entityClass":"AcDbEntity : AcDbText","entityHandle":"1AE4","cadColor":5,"text_value":"2103.537"},"geometry":{"type":"Point","coordinates":[92.41678138,46.12563442]}},{"type":"Feature","id":"hetsuu-dwg:618","properties":{"project":"External licence reference","scope":"external_reference","area":"Hetsuu hutul","sensor":"Base / Control","dataType":"cad_reference_geometry","displayRole":"elevation","plannedActual":"reference","status":"confirmed_geometry","contextOnly":true,"sourceFile":"Hetsuu hutul.DWG","sourceUrl":"https://drive.google.com/drive/folders/1hopqTCeMJknMkkvMa_wCY6OQ_GHXt4ub","sourceCrs":"EPSG:32646","displayCrs":"EPSG:4326","crsVerified":true,"cadLayer":"0","entityClass":"AcDbEntity : AcDbText","entityHandle":"1AE5","cadColor":5,"text_value":"2031.012"},"geometry":{"type":"Point","coordinates":[92.41241595,46.12567816]}},{"type":"Feature","id":"hetsuu-dwg:619","properties":{"project":"External licence reference","scope":"external_reference","area":"Hetsuu hutul","sensor":"Base / Control","dataType":"cad_reference_geometry","displayRole":"elevation","plannedActual":"reference","status":"confirmed_geometry","contextOnly":true,"sourceFile":"Hetsuu hutul.DWG","sourceUrl":"https://drive.google.com/drive/folders/1hopqTCeMJknMkkvMa_wCY6OQ_GHXt4ub","sourceCrs":"EPSG:32646","displayCrs":"EPSG:4326","crsVerified":true,"cadLayer":"0","entityClass":"AcDbEntity : AcDbText","entityHandle":"1AE6","cadColor":5,"text_value":"1948.519"},"geometry":{"type":"Point","coordinates":[92.41683085,46.12895236]}},{"type":"Feature","id":"hetsuu-dwg:620","properties":{"project":"External licence reference","scope":"external_reference","area":"Hetsuu hutul","sensor":"Base / Control","dataType":"cad_reference_geometry","displayRole":"elevation","plannedActual":"reference","status":"confirmed_geometry","contextOnly":true,"sourceFile":"Hetsuu hutul.DWG","sourceUrl":"https://drive.google.com/drive/folders/1hopqTCeMJknMkkvMa_wCY6OQ_GHXt4ub","sourceCrs":"EPSG:32646","displayCrs":"EPSG:4326","crsVerified":true,"cadLayer":"0","entityClass":"AcDbEntity : AcDbText","entityHandle":"1AE7","cadColor":5,"text_value":"1921.092"},"geometry":{"type":"Point","coordinates":[92.42522771,46.12244676]}},{"type":"Feature","id":"hetsuu-dwg:621","properties":{"project":"External licence reference","scope":"external_reference","area":"Hetsuu hutul","sensor":"Base / Control","dataType":"cad_reference_geometry","displayRole":"elevation","plannedActual":"reference","status":"confirmed_geometry","contextOnly":true,"sourceFile":"Hetsuu hutul.DWG","sourceUrl":"https://drive.google.com/drive/folders/1hopqTCeMJknMkkvMa_wCY6OQ_GHXt4ub","sourceCrs":"EPSG:32646","displayCrs":"EPSG:4326","crsVerified":true,"cadLayer":"0","entityClass":"AcDbEntity : AcDbText","entityHandle":"1AE8","cadColor":5,"text_value":"1930.812"},"geometry":{"type":"Point","coordinates":[92.42055503,46.11755916]}},{"type":"Feature","id":"hetsuu-dwg:622","properties":{"project":"External licence reference","scope":"external_reference","area":"Hetsuu hutul","sensor":"Base / Control","dataType":"cad_reference_geometry","displayRole":"elevation","plannedActual":"reference","status":"confirmed_geometry","contextOnly":true,"sourceFile":"Hetsuu hutul.DWG","sourceUrl":"https://drive.google.com/drive/folders/1hopqTCeMJknMkkvMa_wCY6OQ_GHXt4ub","sourceCrs":"EPSG:32646","displayCrs":"EPSG:4326","crsVerified":true,"cadLayer":"0","entityClass":"AcDbEntity : AcDbText","entityHandle":"1AE9","cadColor":5,"text_value":"2155.053"},"geometry":{"type":"Point","coordinates":[92.42919753,46.1153811]}},{"type":"Feature","id":"hetsuu-dwg:623","properties":{"project":"External licence reference","scope":"external_reference","area":"Hetsuu hutul","sensor":"Base / Control","dataType":"cad_reference_geometry","displayRole":"elevation","plannedActual":"reference","status":"confirmed_geometry","contextOnly":true,"sourceFile":"Hetsuu hutul.DWG","sourceUrl":"https://drive.google.com/drive/folders/1hopqTCeMJknMkkvMa_wCY6OQ_GHXt4ub","sourceCrs":"EPSG:32646","displayCrs":"EPSG:4326","crsVerified":true,"cadLayer":"0","entityClass":"AcDbEntity : AcDbText","entityHandle":"1AEA","cadColor":5,"text_value":"2159.992"},"geometry":{"type":"Point","coordinates":[92.42893767,46.11522212]}},{"type":"Feature","id":"hetsuu-dwg:624","properties":{"project":"External licence reference","scope":"external_reference","area":"Hetsuu hutul","sensor":"Base / Control","dataType":"cad_reference_geometry","displayRole":"elevation","plannedActual":"reference","status":"confirmed_geometry","contextOnly":true,"sourceFile":"Hetsuu hutul.DWG","sourceUrl":"https://drive.google.com/drive/folders/1hopqTCeMJknMkkvMa_wCY6OQ_GHXt4ub","sourceCrs":"EPSG:32646","displayCrs":"EPSG:4326","crsVerified":true,"cadLayer":"0","entityClass":"AcDbEntity : AcDbText","entityHandle":"1AEB","cadColor":5,"text_value":"2266.926"},"geometry":{"type":"Point","coordinates":[92.42574414,46.11219344]}},{"type":"Feature","id":"hetsuu-dwg:625","properties":{"project":"External licence reference","scope":"external_reference","area":"Hetsuu hutul","sensor":"Base / Control","dataType":"cad_reference_geometry","displayRole":"elevation","plannedActual":"reference","status":"confirmed_geometry","contextOnly":true,"sourceFile":"Hetsuu hutul.DWG","sourceUrl":"https://drive.google.com/drive/folders/1hopqTCeMJknMkkvMa_wCY6OQ_GHXt4ub","sourceCrs":"EPSG:32646","displayCrs":"EPSG:4326","crsVerified":true,"cadLayer":"0","entityClass":"AcDbEntity : AcDbText","entityHandle":"1AEC","cadColor":5,"text_value":"2262.631"},"geometry":{"type":"Point","coordinates":[92.42554026,46.11180607]}},{"type":"Feature","id":"hetsuu-dwg:626","properties":{"project":"External licence reference","scope":"external_reference","area":"Hetsuu hutul","sensor":"Base / Control","dataType":"cad_reference_geometry","displayRole":"elevation","plannedActual":"reference","status":"confirmed_geometry","contextOnly":true,"sourceFile":"Hetsuu hutul.DWG","sourceUrl":"https://drive.google.com/drive/folders/1hopqTCeMJknMkkvMa_wCY6OQ_GHXt4ub","sourceCrs":"EPSG:32646","displayCrs":"EPSG:4326","crsVerified":true,"cadLayer":"0","entityClass":"AcDbEntity : AcDbText","entityHandle":"1AED","cadColor":5,"text_value":"2259.619"},"geometry":{"type":"Point","coordinates":[92.4253164,46.11165657]}},{"type":"Feature","id":"hetsuu-dwg:627","properties":{"project":"External licence reference","scope":"external_reference","area":"Hetsuu hutul","sensor":"Base / Control","dataType":"cad_reference_geometry","displayRole":"elevation","plannedActual":"reference","status":"confirmed_geometry","contextOnly":true,"sourceFile":"Hetsuu hutul.DWG","sourceUrl":"https://drive.google.com/drive/folders/1hopqTCeMJknMkkvMa_wCY6OQ_GHXt4ub","sourceCrs":"EPSG:32646","displayCrs":"EPSG:4326","crsVerified":true,"cadLayer":"0","entityClass":"AcDbEntity : AcDbText","entityHandle":"1AEE","cadColor":5,"text_value":"2260.617"},"geometry":{"type":"Point","coordinates":[92.42506113,46.11145353]}},{"type":"Feature","id":"hetsuu-dwg:628","properties":{"project":"External licence reference","scope":"external_reference","area":"Hetsuu hutul","sensor":"Base / Control","dataType":"cad_reference_geometry","displayRole":"elevation","plannedActual":"reference","status":"confirmed_geometry","contextOnly":true,"sourceFile":"Hetsuu hutul.DWG","sourceUrl":"https://drive.google.com/drive/folders/1hopqTCeMJknMkkvMa_wCY6OQ_GHXt4ub","sourceCrs":"EPSG:32646","displayCrs":"EPSG:4326","crsVerified":true,"cadLayer":"0","entityClass":"AcDbEntity : AcDbText","entityHandle":"1AEF","cadColor":5,"text_value":"2260.847"},"geometry":{"type":"Point","coordinates":[92.42478881,46.11133982]}},{"type":"Feature","id":"hetsuu-dwg:629","properties":{"project":"External licence reference","scope":"external_reference","area":"Hetsuu hutul","sensor":"Base / Control","dataType":"cad_reference_geometry","displayRole":"elevation","plannedActual":"reference","status":"confirmed_geometry","contextOnly":true,"sourceFile":"Hetsuu hutul.DWG","sourceUrl":"https://drive.google.com/drive/folders/1hopqTCeMJknMkkvMa_wCY6OQ_GHXt4ub","sourceCrs":"EPSG:32646","displayCrs":"EPSG:4326","crsVerified":true,"cadLayer":"0","entityClass":"AcDbEntity : AcDbText","entityHandle":"1AF0","cadColor":5,"text_value":"2258.941"},"geometry":{"type":"Point","coordinates":[92.4245671,46.11122329]}},{"type":"Feature","id":"hetsuu-dwg:630","properties":{"project":"External licence reference","scope":"external_reference","area":"Hetsuu hutul","sensor":"Base / Control","dataType":"cad_reference_geometry","displayRole":"elevation","plannedActual":"reference","status":"confirmed_geometry","contextOnly":true,"sourceFile":"Hetsuu hutul.DWG","sourceUrl":"https://drive.google.com/drive/folders/1hopqTCeMJknMkkvMa_wCY6OQ_GHXt4ub","sourceCrs":"EPSG:32646","displayCrs":"EPSG:4326","crsVerified":true,"cadLayer":"0","entityClass":"AcDbEntity : AcDbText","entityHandle":"1AF1","cadColor":5,"text_value":"2054.003"},"geometry":{"type":"Point","coordinates":[92.41142125,46.10980817]}},{"type":"Feature","id":"hetsuu-dwg:631","properties":{"project":"External licence reference","scope":"external_reference","area":"Hetsuu hutul","sensor":"Base / Control","dataType":"cad_reference_geometry","displayRole":"elevation","plannedActual":"reference","status":"confirmed_geometry","contextOnly":true,"sourceFile":"Hetsuu hutul.DWG","sourceUrl":"https://drive.google.com/drive/folders/1hopqTCeMJknMkkvMa_wCY6OQ_GHXt4ub","sourceCrs":"EPSG:32646","displayCrs":"EPSG:4326","crsVerified":true,"cadLayer":"0","entityClass":"AcDbEntity : AcDbText","entityHandle":"1AF2","cadColor":5,"text_value":"2052.706"},"geometry":{"type":"Point","coordinates":[92.41116412,46.11000146]}},{"type":"Feature","id":"hetsuu-dwg:632","properties":{"project":"External licence reference","scope":"external_reference","area":"Hetsuu hutul","sensor":"Base / Control","dataType":"cad_reference_geometry","displayRole":"elevation","plannedActual":"reference","status":"confirmed_geometry","contextOnly":true,"sourceFile":"Hetsuu hutul.DWG","sourceUrl":"https://drive.google.com/drive/folders/1hopqTCeMJknMkkvMa_wCY6OQ_GHXt4ub","sourceCrs":"EPSG:32646","displayCrs":"EPSG:4326","crsVerified":true,"cadLayer":"0","entityClass":"AcDbEntity : AcDbText","entityHandle":"1AF3","cadColor":5,"text_value":"2049.022"},"geometry":{"type":"Point","coordinates":[92.4108799,46.1100525]}},{"type":"Feature","id":"hetsuu-dwg:633","properties":{"project":"External licence reference","scope":"external_reference","area":"Hetsuu hutul","sensor":"Base / Control","dataType":"cad_reference_geometry","displayRole":"elevation","plannedActual":"reference","status":"confirmed_geometry","contextOnly":true,"sourceFile":"Hetsuu hutul.DWG","sourceUrl":"https://drive.google.com/drive/folders/1hopqTCeMJknMkkvMa_wCY6OQ_GHXt4ub","sourceCrs":"EPSG:32646","displayCrs":"EPSG:4326","crsVerified":true,"cadLayer":"0","entityClass":"AcDbEntity : AcDbText","entityHandle":"1AF4","cadColor":5,"text_value":"2045.578"},"geometry":{"type":"Point","coordinates":[92.41068724,46.11004536]}},{"type":"Feature","id":"hetsuu-dwg:634","properties":{"project":"External licence reference","scope":"external_reference","area":"Hetsuu hutul","sensor":"Base / Control","dataType":"cad_reference_geometry","displayRole":"elevation","plannedActual":"reference","status":"confirmed_geometry","contextOnly":true,"sourceFile":"Hetsuu hutul.DWG","sourceUrl":"https://drive.google.com/drive/folders/1hopqTCeMJknMkkvMa_wCY6OQ_GHXt4ub","sourceCrs":"EPSG:32646","displayCrs":"EPSG:4326","crsVerified":true,"cadLayer":"0","entityClass":"AcDbEntity : AcDbText","entityHandle":"1AF5","cadColor":5,"text_value":"2044.866"},"geometry":{"type":"Point","coordinates":[92.4104411,46.11009696]}},{"type":"Feature","id":"hetsuu-dwg:635","properties":{"project":"External licence reference","scope":"external_reference","area":"Hetsuu hutul","sensor":"Base / Control","dataType":"cad_reference_geometry","displayRole":"elevation","plannedActual":"reference","status":"confirmed_geometry","contextOnly":true,"sourceFile":"Hetsuu hutul.DWG","sourceUrl":"https://drive.google.com/drive/folders/1hopqTCeMJknMkkvMa_wCY6OQ_GHXt4ub","sourceCrs":"EPSG:32646","displayCrs":"EPSG:4326","crsVerified":true,"cadLayer":"0","entityClass":"AcDbEntity : AcDbText","entityHandle":"1AF6","cadColor":5,"text_value":"2046.084"},"geometry":{"type":"Point","coordinates":[92.41031652,46.11015474]}},{"type":"Feature","id":"hetsuu-dwg:636","properties":{"project":"External licence reference","scope":"external_reference","area":"Hetsuu hutul","sensor":"Base / Control","dataType":"cad_reference_geometry","displayRole":"elevation","plannedActual":"reference","status":"confirmed_geometry","contextOnly":true,"sourceFile":"Hetsuu hutul.DWG","sourceUrl":"https://drive.google.com/drive/folders/1hopqTCeMJknMkkvMa_wCY6OQ_GHXt4ub","sourceCrs":"EPSG:32646","displayCrs":"EPSG:4326","crsVerified":true,"cadLayer":"0","entityClass":"AcDbEntity : AcDbText","entityHandle":"1AF7","cadColor":5,"text_value":"1846.637"},"geometry":{"type":"Point","coordinates":[92.45030954,46.13078683]}},{"type":"Feature","id":"hetsuu-dwg:637","properties":{"project":"External licence reference","scope":"external_reference","area":"Hetsuu hutul","sensor":"Base / Control","dataType":"cad_reference_geometry","displayRole":"elevation","plannedActual":"reference","status":"confirmed_geometry","contextOnly":true,"sourceFile":"Hetsuu hutul.DWG","sourceUrl":"https://drive.google.com/drive/folders/1hopqTCeMJknMkkvMa_wCY6OQ_GHXt4ub","sourceCrs":"EPSG:32646","displayCrs":"EPSG:4326","crsVerified":true,"cadLayer":"0","entityClass":"AcDbEntity : AcDbText","entityHandle":"1AF8","cadColor":5,"text_value":"1907.889"},"geometry":{"type":"Point","coordinates":[92.45591717,46.12566292]}},{"type":"Feature","id":"hetsuu-dwg:638","properties":{"project":"External licence reference","scope":"external_reference","area":"Hetsuu hutul","sensor":"Base / Control","dataType":"cad_reference_geometry","displayRole":"elevation","plannedActual":"reference","status":"confirmed_geometry","contextOnly":true,"sourceFile":"Hetsuu hutul.DWG","sourceUrl":"https://drive.google.com/drive/folders/1hopqTCeMJknMkkvMa_wCY6OQ_GHXt4ub","sourceCrs":"EPSG:32646","displayCrs":"EPSG:4326","crsVerified":true,"cadLayer":"0","entityClass":"AcDbEntity : AcDbText","entityHandle":"1AF9","cadColor":5,"text_value":"1901.296"},"geometry":{"type":"Point","coordinates":[92.45038293,46.12568353]}},{"type":"Feature","id":"hetsuu-dwg:639","properties":{"project":"External licence reference","scope":"external_reference","area":"Hetsuu hutul","sensor":"Base / Control","dataType":"cad_reference_geometry","displayRole":"elevation","plannedActual":"reference","status":"confirmed_geometry","contextOnly":true,"sourceFile":"Hetsuu hutul.DWG","sourceUrl":"https://drive.google.com/drive/folders/1hopqTCeMJknMkkvMa_wCY6OQ_GHXt4ub","sourceCrs":"EPSG:32646","displayCrs":"EPSG:4326","crsVerified":true,"cadLayer":"0","entityClass":"AcDbEntity : AcDbText","entityHandle":"1AFA","cadColor":5,"text_value":"1984.897"},"geometry":{"type":"Point","coordinates":[92.45035061,46.12042701]}},{"type":"Feature","id":"hetsuu-dwg:640","properties":{"project":"External licence reference","scope":"external_reference","area":"Hetsuu hutul","sensor":"Base / Control","dataType":"cad_reference_geometry","displayRole":"elevation","plannedActual":"reference","status":"confirmed_geometry","contextOnly":true,"sourceFile":"Hetsuu hutul.DWG","sourceUrl":"https://drive.google.com/drive/folders/1hopqTCeMJknMkkvMa_wCY6OQ_GHXt4ub","sourceCrs":"EPSG:32646","displayCrs":"EPSG:4326","crsVerified":true,"cadLayer":"0","entityClass":"AcDbEntity : AcDbText","entityHandle":"1AFB","cadColor":5,"text_value":"2011.014"},"geometry":{"type":"Point","coordinates":[92.44194202,46.12037919]}},{"type":"Feature","id":"hetsuu-dwg:641","properties":{"project":"External licence reference","scope":"external_reference","area":"Hetsuu hutul","sensor":"Base / Control","dataType":"cad_reference_geometry","displayRole":"elevation","plannedActual":"reference","status":"confirmed_geometry","contextOnly":true,"sourceFile":"Hetsuu hutul.DWG","sourceUrl":"https://drive.google.com/drive/folders/1hopqTCeMJknMkkvMa_wCY6OQ_GHXt4ub","sourceCrs":"EPSG:32646","displayCrs":"EPSG:4326","crsVerified":true,"cadLayer":"0","entityClass":"AcDbEntity : AcDbText","entityHandle":"1AFC","cadColor":5,"text_value":"2031.959"},"geometry":{"type":"Point","coordinates":[92.44193353,46.11940583]}},{"type":"Feature","id":"hetsuu-dwg:642","properties":{"project":"External licence reference","scope":"external_reference","area":"Hetsuu hutul","sensor":"Base / Control","dataType":"cad_reference_geometry","displayRole":"elevation","plannedActual":"reference","status":"confirmed_geometry","contextOnly":true,"sourceFile":"Hetsuu hutul.DWG","sourceUrl":"https://drive.google.com/drive/folders/1hopqTCeMJknMkkvMa_wCY6OQ_GHXt4ub","sourceCrs":"EPSG:32646","displayCrs":"EPSG:4326","crsVerified":true,"cadLayer":"0","entityClass":"AcDbEntity : AcDbText","entityHandle":"1AFD","cadColor":5,"text_value":"2136.937"},"geometry":{"type":"Point","coordinates":[92.44236704,46.11708941]}},{"type":"Feature","id":"hetsuu-dwg:643","properties":{"project":"External licence reference","scope":"external_reference","area":"Hetsuu hutul","sensor":"Base / Control","dataType":"cad_reference_geometry","displayRole":"elevation","plannedActual":"reference","status":"confirmed_geometry","contextOnly":true,"sourceFile":"Hetsuu hutul.DWG","sourceUrl":"https://drive.google.com/drive/folders/1hopqTCeMJknMkkvMa_wCY6OQ_GHXt4ub","sourceCrs":"EPSG:32646","displayCrs":"EPSG:4326","crsVerified":true,"cadLayer":"0","entityClass":"AcDbEntity : AcDbText","entityHandle":"1AFE","cadColor":5,"text_value":"2072.349"},"geometry":{"type":"Point","coordinates":[92.43748606,46.11721813]}},{"type":"Feature","id":"hetsuu-dwg:644","properties":{"project":"External licence reference","scope":"external_reference","area":"Hetsuu hutul","sensor":"Base / Control","dataType":"cad_reference_geometry","displayRole":"elevation","plannedActual":"reference","status":"confirmed_geometry","contextOnly":true,"sourceFile":"Hetsuu hutul.DWG","sourceUrl":"https://drive.google.com/drive/folders/1hopqTCeMJknMkkvMa_wCY6OQ_GHXt4ub","sourceCrs":"EPSG:32646","displayCrs":"EPSG:4326","crsVerified":true,"cadLayer":"0","entityClass":"AcDbEntity : AcDbText","entityHandle":"1AFF","cadColor":5,"text_value":"2132.333"},"geometry":{"type":"Point","coordinates":[92.43351789,46.11817118]}},{"type":"Feature","id":"hetsuu-dwg:645","properties":{"project":"External licence reference","scope":"external_reference","area":"Hetsuu hutul","sensor":"Base / Control","dataType":"cad_reference_geometry","displayRole":"elevation","plannedActual":"reference","status":"confirmed_geometry","contextOnly":true,"sourceFile":"Hetsuu hutul.DWG","sourceUrl":"https://drive.google.com/drive/folders/1hopqTCeMJknMkkvMa_wCY6OQ_GHXt4ub","sourceCrs":"EPSG:32646","displayCrs":"EPSG:4326","crsVerified":true,"cadLayer":"0","entityClass":"AcDbEntity : AcDbText","entityHandle":"1B00","cadColor":5,"text_value":"2160.191"},"geometry":{"type":"Point","coordinates":[92.42886149,46.11519543]}},{"type":"Feature","id":"hetsuu-dwg:646","properties":{"project":"External licence reference","scope":"external_reference","area":"Hetsuu hutul","sensor":"Base / Control","dataType":"cad_reference_geometry","displayRole":"elevation","plannedActual":"reference","status":"confirmed_geometry","contextOnly":true,"sourceFile":"Hetsuu hutul.DWG","sourceUrl":"https://drive.google.com/drive/folders/1hopqTCeMJknMkkvMa_wCY6OQ_GHXt4ub","sourceCrs":"EPSG:32646","displayCrs":"EPSG:4326","crsVerified":true,"cadLayer":"0","entityClass":"AcDbEntity : AcDbText","entityHandle":"1B01","cadColor":5,"text_value":"2215.031"},"geometry":{"type":"Point","coordinates":[92.42521539,46.11297228]}},{"type":"Feature","id":"hetsuu-dwg:647","properties":{"project":"External licence reference","scope":"external_reference","area":"Hetsuu hutul","sensor":"Base / Control","dataType":"cad_reference_geometry","displayRole":"elevation","plannedActual":"reference","status":"confirmed_geometry","contextOnly":true,"sourceFile":"Hetsuu hutul.DWG","sourceUrl":"https://drive.google.com/drive/folders/1hopqTCeMJknMkkvMa_wCY6OQ_GHXt4ub","sourceCrs":"EPSG:32646","displayCrs":"EPSG:4326","crsVerified":true,"cadLayer":"0","entityClass":"AcDbEntity : AcDbText","entityHandle":"1B02","cadColor":5,"text_value":"2249.869"},"geometry":{"type":"Point","coordinates":[92.4215593,46.11065727]}},{"type":"Feature","id":"hetsuu-dwg:648","properties":{"project":"External licence reference","scope":"external_reference","area":"Hetsuu hutul","sensor":"Base / Control","dataType":"cad_reference_geometry","displayRole":"elevation","plannedActual":"reference","status":"confirmed_geometry","contextOnly":true,"sourceFile":"Hetsuu hutul.DWG","sourceUrl":"https://drive.google.com/drive/folders/1hopqTCeMJknMkkvMa_wCY6OQ_GHXt4ub","sourceCrs":"EPSG:32646","displayCrs":"EPSG:4326","crsVerified":true,"cadLayer":"0","entityClass":"AcDbEntity : AcDbText","entityHandle":"1B03","cadColor":5,"text_value":"2072.762"},"geometry":{"type":"Point","coordinates":[92.41671329,46.11295833]}},{"type":"Feature","id":"hetsuu-dwg:649","properties":{"project":"External licence reference","scope":"external_reference","area":"Hetsuu hutul","sensor":"Base / Control","dataType":"cad_reference_geometry","displayRole":"elevation","plannedActual":"reference","status":"confirmed_geometry","contextOnly":true,"sourceFile":"Hetsuu hutul.DWG","sourceUrl":"https://drive.google.com/drive/folders/1hopqTCeMJknMkkvMa_wCY6OQ_GHXt4ub","sourceCrs":"EPSG:32646","displayCrs":"EPSG:4326","crsVerified":true,"cadLayer":"0","entityClass":"AcDbEntity : AcDbText","entityHandle":"1B04","cadColor":5,"text_value":"2056.651"},"geometry":{"type":"Point","coordinates":[92.41156614,46.1096628]}},{"type":"Feature","id":"hetsuu-dwg:650","properties":{"project":"External licence reference","scope":"external_reference","area":"Hetsuu hutul","sensor":"Base / Control","dataType":"cad_reference_geometry","displayRole":"elevation","plannedActual":"reference","status":"confirmed_geometry","contextOnly":true,"sourceFile":"Hetsuu hutul.DWG","sourceUrl":"https://drive.google.com/drive/folders/1hopqTCeMJknMkkvMa_wCY6OQ_GHXt4ub","sourceCrs":"EPSG:32646","displayCrs":"EPSG:4326","crsVerified":true,"cadLayer":"0","entityClass":"AcDbEntity : AcDbText","entityHandle":"1B05","cadColor":5,"text_value":"1971.755"},"geometry":{"type":"Point","coordinates":[92.40983226,46.11293898]}},{"type":"Feature","id":"hetsuu-dwg:651","properties":{"project":"External licence reference","scope":"external_reference","area":"Hetsuu hutul","sensor":"Base / Control","dataType":"cad_reference_geometry","displayRole":"elevation","plannedActual":"reference","status":"confirmed_geometry","contextOnly":true,"sourceFile":"Hetsuu hutul.DWG","sourceUrl":"https://drive.google.com/drive/folders/1hopqTCeMJknMkkvMa_wCY6OQ_GHXt4ub","sourceCrs":"EPSG:32646","displayCrs":"EPSG:4326","crsVerified":true,"cadLayer":"0","entityClass":"AcDbEntity : AcDbText","entityHandle":"1B06","cadColor":5,"text_value":"1951.521"},"geometry":{"type":"Point","coordinates":[92.41189367,46.11468715]}},{"type":"Feature","id":"hetsuu-dwg:652","properties":{"project":"External licence reference","scope":"external_reference","area":"Hetsuu hutul","sensor":"Base / Control","dataType":"cad_reference_geometry","displayRole":"elevation","plannedActual":"reference","status":"confirmed_geometry","contextOnly":true,"sourceFile":"Hetsuu hutul.DWG","sourceUrl":"https://drive.google.com/drive/folders/1hopqTCeMJknMkkvMa_wCY6OQ_GHXt4ub","sourceCrs":"EPSG:32646","displayCrs":"EPSG:4326","crsVerified":true,"cadLayer":"0","entityClass":"AcDbEntity : AcDbText","entityHandle":"1B07","cadColor":5,"text_value":"1906.307"},"geometry":{"type":"Point","coordinates":[92.42529782,46.12558515]}}]}