{"type":"FeatureCollection","project":"Multi-project operations","scope":"project_operations","dataType":"control_reference_point","featureCount":878,"dropped":{"outside_project_licences":46,"missing_zone":1},"features":[{"type":"Feature","id":"tracker-control:1","properties":{"project":"Hetsuu hutul","projectKey":"hetsuu-hutul","area":"Хэцүү хөтөл","licence":"XV-022905","sensor":"Base / Control","dataType":"control_reference_point","controlType":"base","name":"DRTK-1","plannedActual":"reference","status":"confirmed_source","contextOnly":true,"sourceFile":"Hetsuu_Hutul_Drone_Project_Tracker.xlsx","sourceUrl":"https://docs.google.com/spreadsheets/d/1XvKLs9QCgvIjHjQbXlV7thqPu0HdLIae/edit?gid=289538975","sourceCrs":"EPSG:32646","displayCrs":"EPSG:4326","crsVerified":true,"easting":457494.68,"northing":5108738.711,"elevationM":1853.368,"dates":["2026-08-22","2026-08-26"],"observationCount":2},"geometry":{"type":"Point","coordinates":[92.44976554,46.1309002]}},{"type":"Feature","id":"tracker-control:2","properties":{"project":"Hetsuu hutul","projectKey":"hetsuu-hutul","area":"Хэцүү хөтөл","licence":"XV-022905","sensor":"Base / Control","dataType":"control_reference_point","controlType":"base","name":"DRTK-1","plannedActual":"reference","status":"confirmed_source","contextOnly":true,"sourceFile":"Hetsuu_Hutul_Drone_Project_Tracker.xlsx","sourceUrl":"https://docs.google.com/spreadsheets/d/1XvKLs9QCgvIjHjQbXlV7thqPu0HdLIae/edit?gid=289538975","sourceCrs":"EPSG:32646","displayCrs":"EPSG:4326","crsVerified":true,"easting":455368.507,"northing":5108212.059,"elevationM":2021.578,"dates":["2026-08-23"],"observationCount":1},"geometry":{"type":"Point","coordinates":[92.42229301,46.1260247]}},{"type":"Feature","id":"tracker-control:3","properties":{"project":"Hetsuu hutul","projectKey":"hetsuu-hutul","area":"Хэцүү хөтөл","licence":"XV-022905","sensor":"Base / Control","dataType":"control_reference_point","controlType":"base","name":"DRTK-1","plannedActual":"reference","status":"confirmed_source","contextOnly":true,"sourceFile":"Hetsuu_Hutul_Drone_Project_Tracker.xlsx","sourceUrl":"https://docs.google.com/spreadsheets/d/1XvKLs9QCgvIjHjQbXlV7thqPu0HdLIae/edit?gid=289538975","sourceCrs":"EPSG:32646","displayCrs":"EPSG:4326","crsVerified":true,"easting":454957.573,"northing":5106799.639,"elevationM":2095.276,"dates":["2026-08-24"],"observationCount":1},"geometry":{"type":"Point","coordinates":[92.41710825,46.11328636]}},{"type":"Feature","id":"tracker-control:4","properties":{"project":"Hetsuu hutul","projectKey":"hetsuu-hutul","area":"Хэцүү хөтөл","licence":"XV-022905","sensor":"Base / Control","dataType":"control_reference_point","controlType":"base","name":"DRTK-2","plannedActual":"reference","status":"confirmed_source","contextOnly":true,"sourceFile":"Hetsuu_Hutul_Drone_Project_Tracker.xlsx","sourceUrl":"https://docs.google.com/spreadsheets/d/1XvKLs9QCgvIjHjQbXlV7thqPu0HdLIae/edit?gid=289538975","sourceCrs":"EPSG:32646","displayCrs":"EPSG:4326","crsVerified":true,"easting":454700.054,"northing":5108627.621,"elevationM":1939.388,"dates":["2026-08-24"],"observationCount":1},"geometry":{"type":"Point","coordinates":[92.41360137,46.12972057]}},{"type":"Feature","id":"tracker-control:5","properties":{"project":"Hetsuu hutul","projectKey":"hetsuu-hutul","area":"Хэцүү хөтөл","licence":"XV-022905","sensor":"Base / Control","dataType":"control_reference_point","controlType":"base","name":"DRTK-1","plannedActual":"reference","status":"confirmed_source","contextOnly":true,"sourceFile":"Hetsuu_Hutul_Drone_Project_Tracker.xlsx","sourceUrl":"https://docs.google.com/spreadsheets/d/1XvKLs9QCgvIjHjQbXlV7thqPu0HdLIae/edit?gid=289538975","sourceCrs":"EPSG:32646","displayCrs":"EPSG:4326","crsVerified":true,"easting":457720.794,"northing":5104208.018,"elevationM":1771.415,"dates":["2026-08-27"],"observationCount":1},"geometry":{"type":"Point","coordinates":[92.45309592,46.09013911]}},{"type":"Feature","id":"tracker-control:6","properties":{"project":"Hetsuu hutul","projectKey":"hetsuu-hutul","area":"Хэцүү хөтөл","licence":"XV-022905","sensor":"Base / Control","dataType":"control_reference_point","controlType":"base","name":"DRTK-1","plannedActual":"reference","status":"confirmed_source","contextOnly":true,"sourceFile":"Hetsuu_Hutul_Drone_Project_Tracker.xlsx","sourceUrl":"https://docs.google.com/spreadsheets/d/1XvKLs9QCgvIjHjQbXlV7thqPu0HdLIae/edit?gid=289538975","sourceCrs":"EPSG:32646","displayCrs":"EPSG:4326","crsVerified":true,"easting":455331.158,"northing":5104479.663,"elevationM":1845.315,"dates":["2026-08-29"],"observationCount":1},"geometry":{"type":"Point","coordinates":[92.42216072,46.09243177]}},{"type":"Feature","id":"tracker-control:7","properties":{"project":"Hetsuu hutul","projectKey":"hetsuu-hutul","area":"Хэцүү хөтөл","licence":"XV-022905","sensor":"Base / Control","dataType":"control_reference_point","controlType":"base","name":"DRTK-1","plannedActual":"reference","status":"confirmed_source","contextOnly":true,"sourceFile":"Hetsuu_Hutul_Drone_Project_Tracker.xlsx","sourceUrl":"https://docs.google.com/spreadsheets/d/1XvKLs9QCgvIjHjQbXlV7thqPu0HdLIae/edit?gid=289538975","sourceCrs":"EPSG:32646","displayCrs":"EPSG:4326","crsVerified":true,"easting":455355.042,"northing":5104315.365,"elevationM":1901.851,"dates":["2026-08-30"],"observationCount":1},"geometry":{"type":"Point","coordinates":[92.4224851,46.09095469]}},{"type":"Feature","id":"tracker-control:8","properties":{"project":"Hetsuu hutul","projectKey":"hetsuu-hutul","area":"Хэцүү хөтөл","licence":"XV-022905","sensor":"Base / Control","dataType":"control_reference_point","controlType":"base","name":"DRTK-1","plannedActual":"reference","status":"confirmed_source","contextOnly":true,"sourceFile":"Hetsuu_Hutul_Drone_Project_Tracker.xlsx","sourceUrl":"https://docs.google.com/spreadsheets/d/1XvKLs9QCgvIjHjQbXlV7thqPu0HdLIae/edit?gid=289538975","sourceCrs":"EPSG:32646","displayCrs":"EPSG:4326","crsVerified":true,"easting":455694.144,"northing":5105351.946,"elevationM":2026.104,"dates":["2026-08-31"],"observationCount":1},"geometry":{"type":"Point","coordinates":[92.42677475,46.10030573]}},{"type":"Feature","id":"tracker-control:9","properties":{"project":"Hetsuu hutul","projectKey":"hetsuu-hutul","area":"Хэцүү хөтөл","licence":"XV-022905","sensor":"Base / Control","dataType":"control_reference_point","controlType":"base","name":"DRTK-1","plannedActual":"reference","status":"confirmed_source","contextOnly":true,"sourceFile":"Hetsuu_Hutul_Drone_Project_Tracker.xlsx","sourceUrl":"https://docs.google.com/spreadsheets/d/1XvKLs9QCgvIjHjQbXlV7thqPu0HdLIae/edit?gid=289538975","sourceCrs":"EPSG:32646","displayCrs":"EPSG:4326","crsVerified":true,"easting":458837.182,"northing":5106351.298,"elevationM":1922.448,"dates":["2026-09-02"],"observationCount":1},"geometry":{"type":"Point","coordinates":[92.46735064,46.10949638]}},{"type":"Feature","id":"tracker-control:10","properties":{"project":"Hetsuu hutul","projectKey":"hetsuu-hutul","area":"Хэцүү хөтөл","licence":"XV-022905","sensor":"Base / Control","dataType":"control_reference_point","controlType":"base","name":"DRTK-1","plannedActual":"reference","status":"confirmed_source","contextOnly":true,"sourceFile":"Hetsuu_Hutul_Drone_Project_Tracker.xlsx","sourceUrl":"https://docs.google.com/spreadsheets/d/1XvKLs9QCgvIjHjQbXlV7thqPu0HdLIae/edit?gid=289538975","sourceCrs":"EPSG:32646","displayCrs":"EPSG:4326","crsVerified":true,"easting":458198.054,"northing":5103570.61,"elevationM":1786.262,"dates":["2026-09-03","2026-09-04"],"observationCount":2},"geometry":{"type":"Point","coordinates":[92.4593253,46.08443193]}},{"type":"Feature","id":"tracker-control:11","properties":{"project":"Hetsuu hutul","projectKey":"hetsuu-hutul","area":"Хэцүү хөтөл","licence":"XV-022905","sensor":"Base / Control","dataType":"control_reference_point","controlType":"base","name":"DRTK-1","plannedActual":"reference","status":"confirmed_source","contextOnly":true,"sourceFile":"Hetsuu_Hutul_Drone_Project_Tracker.xlsx","sourceUrl":"https://docs.google.com/spreadsheets/d/1XvKLs9QCgvIjHjQbXlV7thqPu0HdLIae/edit?gid=289538975","sourceCrs":"EPSG:32646","displayCrs":"EPSG:4326","crsVerified":true,"easting":457725.582,"northing":5104206.986,"elevationM":1771.349,"dates":["2026-09-06"],"observationCount":1},"geometry":{"type":"Point","coordinates":[92.45315794,46.09013012]}},{"type":"Feature","id":"tracker-control:12","properties":{"project":"Hetsuu hutul","projectKey":"hetsuu-hutul","area":"Хэцүү хөтөл","licence":"XV-022905","sensor":"Base / Control","dataType":"control_reference_point","controlType":"base","name":"DRTK-2","plannedActual":"reference","status":"confirmed_source","contextOnly":true,"sourceFile":"Hetsuu_Hutul_Drone_Project_Tracker.xlsx","sourceUrl":"https://docs.google.com/spreadsheets/d/1XvKLs9QCgvIjHjQbXlV7thqPu0HdLIae/edit?gid=289538975","sourceCrs":"EPSG:32646","displayCrs":"EPSG:4326","crsVerified":true,"easting":456764.551,"northing":5108663.22,"elevationM":1884.039,"dates":["2026-09-06"],"observationCount":1},"geometry":{"type":"Point","coordinates":[92.4403213,46.13017492]}},{"type":"Feature","id":"tracker-control:13","properties":{"project":"Hetsuu hutul","projectKey":"hetsuu-hutul","area":"Хэцүү хөтөл","licence":"XV-022905","sensor":"Base / Control","dataType":"control_reference_point","controlType":"base","name":"DRTK-1","plannedActual":"reference","status":"confirmed_source","contextOnly":true,"sourceFile":"Hetsuu_Hutul_Drone_Project_Tracker.xlsx","sourceUrl":"https://docs.google.com/spreadsheets/d/1XvKLs9QCgvIjHjQbXlV7thqPu0HdLIae/edit?gid=289538975","sourceCrs":"EPSG:32646","displayCrs":"EPSG:4326","crsVerified":true,"easting":458851.294,"northing":5095284.524,"elevationM":1536.792,"dates":["2026-09-07"],"observationCount":1},"geometry":{"type":"Point","coordinates":[92.4684898,46.00989779]}},{"type":"Feature","id":"tracker-control:14","properties":{"project":"Hetsuu hutul","projectKey":"hetsuu-hutul","area":"Хэцүү хөтөл","licence":"XV-022905","sensor":"Base / Control","dataType":"control_reference_point","controlType":"base","name":"DRTK-1","plannedActual":"reference","status":"confirmed_source","contextOnly":true,"sourceFile":"Hetsuu_Hutul_Drone_Project_Tracker.xlsx","sourceUrl":"https://docs.google.com/spreadsheets/d/1XvKLs9QCgvIjHjQbXlV7thqPu0HdLIae/edit?gid=289538975","sourceCrs":"EPSG:32646","displayCrs":"EPSG:4326","crsVerified":true,"easting":461130.631,"northing":5095715.284,"elevationM":1527.717,"dates":["2026-09-08"],"observationCount":1},"geometry":{"type":"Point","coordinates":[92.49789531,46.01390775]}},{"type":"Feature","id":"tracker-control:15","properties":{"project":"Hetsuu hutul","projectKey":"hetsuu-hutul","area":"Хэцүү хөтөл","licence":"XV-022905","sensor":"Base / Control","dataType":"control_reference_point","controlType":"base","name":"DRTK-1","plannedActual":"reference","status":"confirmed_source","contextOnly":true,"sourceFile":"Hetsuu_Hutul_Drone_Project_Tracker.xlsx","sourceUrl":"https://docs.google.com/spreadsheets/d/1XvKLs9QCgvIjHjQbXlV7thqPu0HdLIae/edit?gid=289538975","sourceCrs":"EPSG:32646","displayCrs":"EPSG:4326","crsVerified":true,"easting":454802.744,"northing":5094302.201,"elevationM":1568.46,"dates":["2026-09-09"],"observationCount":1},"geometry":{"type":"Point","coordinates":[92.41629104,46.00080186]}},{"type":"Feature","id":"tracker-control:16","properties":{"project":"Hetsuu hutul","projectKey":"hetsuu-hutul","area":"Хэцүү хөтөл","licence":"XV-022905","sensor":"Base / Control","dataType":"control_reference_point","controlType":"base","name":"DRTK-1","plannedActual":"reference","status":"confirmed_source","contextOnly":true,"sourceFile":"Hetsuu_Hutul_Drone_Project_Tracker.xlsx","sourceUrl":"https://docs.google.com/spreadsheets/d/1XvKLs9QCgvIjHjQbXlV7thqPu0HdLIae/edit?gid=289538975","sourceCrs":"EPSG:32646","displayCrs":"EPSG:4326","crsVerified":true,"easting":459175.944,"northing":5095621.644,"elevationM":1542.187,"dates":["2026-09-10"],"observationCount":1},"geometry":{"type":"Point","coordinates":[92.47265422,46.01295128]}},{"type":"Feature","id":"tracker-control:17","properties":{"project":"Hetsuu hutul","projectKey":"hetsuu-hutul","area":"Хэцүү хөтөл","licence":"XV-022905","sensor":"Base / Control","dataType":"control_reference_point","controlType":"base","name":"DRTK-1","plannedActual":"reference","status":"confirmed_source","contextOnly":true,"sourceFile":"Hetsuu_Hutul_Drone_Project_Tracker.xlsx","sourceUrl":"https://docs.google.com/spreadsheets/d/1XvKLs9QCgvIjHjQbXlV7thqPu0HdLIae/edit?gid=289538975","sourceCrs":"EPSG:32646","displayCrs":"EPSG:4326","crsVerified":true,"easting":460962.567,"northing":5097293.493,"elevationM":1773.659,"dates":["2026-09-12"],"observationCount":1},"geometry":{"type":"Point","coordinates":[92.49559524,46.02810201]}},{"type":"Feature","id":"tracker-control:18","properties":{"project":"Hetsuu hutul","projectKey":"hetsuu-hutul","area":"Хэцүү хөтөл","licence":"XV-022905","sensor":"Base / Control","dataType":"control_reference_point","controlType":"base","name":"DRTK-7","plannedActual":"reference","status":"confirmed_source","contextOnly":true,"sourceFile":"Hetsuu_Hutul_Drone_Project_Tracker.xlsx","sourceUrl":"https://docs.google.com/spreadsheets/d/1XvKLs9QCgvIjHjQbXlV7thqPu0HdLIae/edit?gid=289538975","sourceCrs":"EPSG:32646","displayCrs":"EPSG:4326","crsVerified":true,"easting":460962.567,"northing":5097293.493,"elevationM":1773.659,"dates":["2026-09-13"],"observationCount":1},"geometry":{"type":"Point","coordinates":[92.49559524,46.02810201]}},{"type":"Feature","id":"tracker-control:19","properties":{"project":"Hetsuu hutul","projectKey":"hetsuu-hutul","area":"Хэцүү хөтөл","licence":"XV-022905","sensor":"Base / Control","dataType":"control_reference_point","controlType":"base","name":"DRTK-8","plannedActual":"reference","status":"confirmed_source","contextOnly":true,"sourceFile":"Hetsuu_Hutul_Drone_Project_Tracker.xlsx","sourceUrl":"https://docs.google.com/spreadsheets/d/1XvKLs9QCgvIjHjQbXlV7thqPu0HdLIae/edit?gid=289538975","sourceCrs":"EPSG:32646","displayCrs":"EPSG:4326","crsVerified":true,"easting":460729.806,"northing":5097332.065,"elevationM":1813.02,"dates":["2026-09-13"],"observationCount":1},"geometry":{"type":"Point","coordinates":[92.49258466,46.02843585]}},{"type":"Feature","id":"tracker-control:20","properties":{"project":"Hetsuu hutul","projectKey":"hetsuu-hutul","area":"Хэцүү хөтөл","licence":"XV-022905","sensor":"Base / Control","dataType":"control_reference_point","controlType":"gcp","name":"GCP1","plannedActual":"reference","status":"confirmed_source","contextOnly":true,"sourceFile":"Hetsuu_Hutul_Drone_Project_Tracker.xlsx","sourceUrl":"https://docs.google.com/spreadsheets/d/1XvKLs9QCgvIjHjQbXlV7thqPu0HdLIae/edit?gid=289538975","sourceCrs":"EPSG:32646","displayCrs":"EPSG:4326","crsVerified":true,"easting":455600.294,"northing":5108161.537,"elevationM":1906.307,"dates":["2026-08-20"],"observationCount":1},"geometry":{"type":"Point","coordinates":[92.42529782,46.12558515]}},{"type":"Feature","id":"tracker-control:21","properties":{"project":"Hetsuu hutul","projectKey":"hetsuu-hutul","area":"Хэцүү хөтөл","licence":"XV-022905","sensor":"Base / Control","dataType":"control_reference_point","controlType":"gcp","name":"GCP2","plannedActual":"reference","status":"confirmed_source","contextOnly":true,"sourceFile":"Hetsuu_Hutul_Drone_Project_Tracker.xlsx","sourceUrl":"https://docs.google.com/spreadsheets/d/1XvKLs9QCgvIjHjQbXlV7thqPu0HdLIae/edit?gid=289538975","sourceCrs":"EPSG:32646","displayCrs":"EPSG:4326","crsVerified":true,"easting":454555.773,"northing":5106958.247,"elevationM":1951.521,"dates":["2026-08-20"],"observationCount":1},"geometry":{"type":"Point","coordinates":[92.41189367,46.11468715]}},{"type":"Feature","id":"tracker-control:22","properties":{"project":"Hetsuu hutul","projectKey":"hetsuu-hutul","area":"Хэцүү хөтөл","licence":"XV-022905","sensor":"Base / Control","dataType":"control_reference_point","controlType":"gcp","name":"GCP3","plannedActual":"reference","status":"confirmed_source","contextOnly":true,"sourceFile":"Hetsuu_Hutul_Drone_Project_Tracker.xlsx","sourceUrl":"https://docs.google.com/spreadsheets/d/1XvKLs9QCgvIjHjQbXlV7thqPu0HdLIae/edit?gid=289538975","sourceCrs":"EPSG:32646","displayCrs":"EPSG:4326","crsVerified":true,"easting":454395.042,"northing":5106765.19,"elevationM":1971.755,"dates":["2026-08-20"],"observationCount":1},"geometry":{"type":"Point","coordinates":[92.40983226,46.11293898]}},{"type":"Feature","id":"tracker-control:23","properties":{"project":"Hetsuu hutul","projectKey":"hetsuu-hutul","area":"Хэцүү хөтөл","licence":"XV-022905","sensor":"Base / Control","dataType":"control_reference_point","controlType":"gcp","name":"GCP4","plannedActual":"reference","status":"confirmed_source","contextOnly":true,"sourceFile":"Hetsuu_Hutul_Drone_Project_Tracker.xlsx","sourceUrl":"https://docs.google.com/spreadsheets/d/1XvKLs9QCgvIjHjQbXlV7thqPu0HdLIae/edit?gid=289538975","sourceCrs":"EPSG:32646","displayCrs":"EPSG:4326","crsVerified":true,"easting":454526.332,"northing":5106400.185,"elevationM":2056.651,"dates":["2026-08-20"],"observationCount":1},"geometry":{"type":"Point","coordinates":[92.41156614,46.1096628]}},{"type":"Feature","id":"tracker-control:24","properties":{"project":"Hetsuu hutul","projectKey":"hetsuu-hutul","area":"Хэцүү хөтөл","licence":"XV-022905","sensor":"Base / Control","dataType":"control_reference_point","controlType":"gcp","name":"GCP5","plannedActual":"reference","status":"confirmed_source","contextOnly":true,"sourceFile":"Hetsuu_Hutul_Drone_Project_Tracker.xlsx","sourceUrl":"https://docs.google.com/spreadsheets/d/1XvKLs9QCgvIjHjQbXlV7thqPu0HdLIae/edit?gid=289538975","sourceCrs":"EPSG:32646","displayCrs":"EPSG:4326","crsVerified":true,"easting":454926.786,"northing":5106763.416,"elevationM":2072.762,"dates":["2026-08-20"],"observationCount":1},"geometry":{"type":"Point","coordinates":[92.41671329,46.11295833]}},{"type":"Feature","id":"tracker-control:25","properties":{"project":"Hetsuu hutul","projectKey":"hetsuu-hutul","area":"Хэцүү хөтөл","licence":"XV-022905","sensor":"Base / Control","dataType":"control_reference_point","controlType":"gcp","name":"GCP6","plannedActual":"reference","status":"confirmed_source","contextOnly":true,"sourceFile":"Hetsuu_Hutul_Drone_Project_Tracker.xlsx","sourceUrl":"https://docs.google.com/spreadsheets/d/1XvKLs9QCgvIjHjQbXlV7thqPu0HdLIae/edit?gid=289538975","sourceCrs":"EPSG:32646","displayCrs":"EPSG:4326","crsVerified":true,"easting":455299.398,"northing":5106505.012,"elevationM":2249.869,"dates":["2026-08-20"],"observationCount":1},"geometry":{"type":"Point","coordinates":[92.4215593,46.11065727]}},{"type":"Feature","id":"tracker-control:26","properties":{"project":"Hetsuu hutul","projectKey":"hetsuu-hutul","area":"Хэцүү хөтөл","licence":"XV-022905","sensor":"Base / Control","dataType":"control_reference_point","controlType":"gcp","name":"GCP7","plannedActual":"reference","status":"confirmed_source","contextOnly":true,"sourceFile":"Hetsuu_Hutul_Drone_Project_Tracker.xlsx","sourceUrl":"https://docs.google.com/spreadsheets/d/1XvKLs9QCgvIjHjQbXlV7thqPu0HdLIae/edit?gid=289538975","sourceCrs":"EPSG:32646","displayCrs":"EPSG:4326","crsVerified":true,"easting":455583.792,"northing":5106760.181,"elevationM":2215.031,"dates":["2026-08-20"],"observationCount":1},"geometry":{"type":"Point","coordinates":[92.42521539,46.11297228]}},{"type":"Feature","id":"tracker-control:27","properties":{"project":"Hetsuu hutul","projectKey":"hetsuu-hutul","area":"Хэцүү хөтөл","licence":"XV-022905","sensor":"Base / Control","dataType":"control_reference_point","controlType":"gcp","name":"GCP8","plannedActual":"reference","status":"confirmed_source","contextOnly":true,"sourceFile":"Hetsuu_Hutul_Drone_Project_Tracker.xlsx","sourceUrl":"https://docs.google.com/spreadsheets/d/1XvKLs9QCgvIjHjQbXlV7thqPu0HdLIae/edit?gid=289538975","sourceCrs":"EPSG:32646","displayCrs":"EPSG:4326","crsVerified":true,"easting":455867.317,"northing":5107005.162,"elevationM":2160.191,"dates":["2026-08-20"],"observationCount":1},"geometry":{"type":"Point","coordinates":[92.42886149,46.11519543]}},{"type":"Feature","id":"tracker-control:28","properties":{"project":"Hetsuu hutul","projectKey":"hetsuu-hutul","area":"Хэцүү хөтөл","licence":"XV-022905","sensor":"Base / Control","dataType":"control_reference_point","controlType":"gcp","name":"GCP9","plannedActual":"reference","status":"confirmed_source","contextOnly":true,"sourceFile":"Hetsuu_Hutul_Drone_Project_Tracker.xlsx","sourceUrl":"https://docs.google.com/spreadsheets/d/1XvKLs9QCgvIjHjQbXlV7thqPu0HdLIae/edit?gid=289538975","sourceCrs":"EPSG:32646","displayCrs":"EPSG:4326","crsVerified":true,"easting":456229.479,"northing":5107333.219,"elevationM":2132.333,"dates":["2026-08-20"],"observationCount":1},"geometry":{"type":"Point","coordinates":[92.43351789,46.11817118]}},{"type":"Feature","id":"tracker-control:29","properties":{"project":"Hetsuu hutul","projectKey":"hetsuu-hutul","area":"Хэцүү хөтөл","licence":"XV-022905","sensor":"Base / Control","dataType":"control_reference_point","controlType":"gcp","name":"GCP10","plannedActual":"reference","status":"confirmed_source","contextOnly":true,"sourceFile":"Hetsuu_Hutul_Drone_Project_Tracker.xlsx","sourceUrl":"https://docs.google.com/spreadsheets/d/1XvKLs9QCgvIjHjQbXlV7thqPu0HdLIae/edit?gid=289538975","sourceCrs":"EPSG:32646","displayCrs":"EPSG:4326","crsVerified":true,"easting":456535.339,"northing":5107225.149,"elevationM":2072.349,"dates":["2026-08-20"],"observationCount":1},"geometry":{"type":"Point","coordinates":[92.43748606,46.11721813]}},{"type":"Feature","id":"tracker-control:30","properties":{"project":"Hetsuu hutul","projectKey":"hetsuu-hutul","area":"Хэцүү хөтөл","licence":"XV-022905","sensor":"Base / Control","dataType":"control_reference_point","controlType":"gcp","name":"GCP11","plannedActual":"reference","status":"confirmed_source","contextOnly":true,"sourceFile":"Hetsuu_Hutul_Drone_Project_Tracker.xlsx","sourceUrl":"https://docs.google.com/spreadsheets/d/1XvKLs9QCgvIjHjQbXlV7thqPu0HdLIae/edit?gid=289538975","sourceCrs":"EPSG:32646","displayCrs":"EPSG:4326","crsVerified":true,"easting":456912.385,"northing":5107208.19,"elevationM":2136.937,"dates":["2026-08-20"],"observationCount":1},"geometry":{"type":"Point","coordinates":[92.44236704,46.11708941]}},{"type":"Feature","id":"tracker-control:31","properties":{"project":"Hetsuu hutul","projectKey":"hetsuu-hutul","area":"Хэцүү хөтөл","licence":"XV-022905","sensor":"Base / Control","dataType":"control_reference_point","controlType":"gcp","name":"GCP12","plannedActual":"reference","status":"confirmed_source","contextOnly":true,"sourceFile":"Hetsuu_Hutul_Drone_Project_Tracker.xlsx","sourceUrl":"https://docs.google.com/spreadsheets/d/1XvKLs9QCgvIjHjQbXlV7thqPu0HdLIae/edit?gid=289538975","sourceCrs":"EPSG:32646","displayCrs":"EPSG:4326","crsVerified":true,"easting":456880.695,"northing":5107465.8,"elevationM":2031.959,"dates":["2026-08-20"],"observationCount":1},"geometry":{"type":"Point","coordinates":[92.44193353,46.11940583]}},{"type":"Feature","id":"tracker-control:32","properties":{"project":"Hetsuu hutul","projectKey":"hetsuu-hutul","area":"Хэцүү хөтөл","licence":"XV-022905","sensor":"Base / Control","dataType":"control_reference_point","controlType":"gcp","name":"GCP13","plannedActual":"reference","status":"confirmed_source","contextOnly":true,"sourceFile":"Hetsuu_Hutul_Drone_Project_Tracker.xlsx","sourceUrl":"https://docs.google.com/spreadsheets/d/1XvKLs9QCgvIjHjQbXlV7thqPu0HdLIae/edit?gid=289538975","sourceCrs":"EPSG:32646","displayCrs":"EPSG:4326","crsVerified":true,"easting":456882.11,"northing":5107573.945,"elevationM":2011.014,"dates":["2026-08-20"],"observationCount":1},"geometry":{"type":"Point","coordinates":[92.44194202,46.12037919]}},{"type":"Feature","id":"tracker-control:33","properties":{"project":"Hetsuu hutul","projectKey":"hetsuu-hutul","area":"Хэцүү хөтөл","licence":"XV-022905","sensor":"Base / Control","dataType":"control_reference_point","controlType":"gcp","name":"GCP14","plannedActual":"reference","status":"confirmed_source","contextOnly":true,"sourceFile":"Hetsuu_Hutul_Drone_Project_Tracker.xlsx","sourceUrl":"https://docs.google.com/spreadsheets/d/1XvKLs9QCgvIjHjQbXlV7thqPu0HdLIae/edit?gid=289538975","sourceCrs":"EPSG:32646","displayCrs":"EPSG:4326","crsVerified":true,"easting":457531.829,"northing":5107574.731,"elevationM":1984.897,"dates":["2026-08-20"],"observationCount":1},"geometry":{"type":"Point","coordinates":[92.45035061,46.12042701]}},{"type":"Feature","id":"tracker-control:34","properties":{"project":"Hetsuu hutul","projectKey":"hetsuu-hutul","area":"Хэцүү хөтөл","licence":"XV-022905","sensor":"Base / Control","dataType":"control_reference_point","controlType":"gcp","name":"GCP15","plannedActual":"reference","status":"confirmed_source","contextOnly":true,"sourceFile":"Hetsuu_Hutul_Drone_Project_Tracker.xlsx","sourceUrl":"https://docs.google.com/spreadsheets/d/1XvKLs9QCgvIjHjQbXlV7thqPu0HdLIae/edit?gid=289538975","sourceCrs":"EPSG:32646","displayCrs":"EPSG:4326","crsVerified":true,"easting":457538.365,"northing":5108158.761,"elevationM":1901.296,"dates":["2026-08-20"],"observationCount":1},"geometry":{"type":"Point","coordinates":[92.45038293,46.12568353]}},{"type":"Feature","id":"tracker-control:35","properties":{"project":"Hetsuu hutul","projectKey":"hetsuu-hutul","area":"Хэцүү хөтөл","licence":"XV-022905","sensor":"Base / Control","dataType":"control_reference_point","controlType":"gcp","name":"GCP16","plannedActual":"reference","status":"confirmed_source","contextOnly":true,"sourceFile":"Hetsuu_Hutul_Drone_Project_Tracker.xlsx","sourceUrl":"https://docs.google.com/spreadsheets/d/1XvKLs9QCgvIjHjQbXlV7thqPu0HdLIae/edit?gid=289538975","sourceCrs":"EPSG:32646","displayCrs":"EPSG:4326","crsVerified":true,"easting":457965.906,"northing":5108153.529,"elevationM":1907.889,"dates":["2026-08-20"],"observationCount":1},"geometry":{"type":"Point","coordinates":[92.45591717,46.12566292]}},{"type":"Feature","id":"tracker-control:36","properties":{"project":"Hetsuu hutul","projectKey":"hetsuu-hutul","area":"Хэцүү хөтөл","licence":"XV-022905","sensor":"Base / Control","dataType":"control_reference_point","controlType":"gcp","name":"GCP17","plannedActual":"reference","status":"confirmed_source","contextOnly":true,"sourceFile":"Hetsuu_Hutul_Drone_Project_Tracker.xlsx","sourceUrl":"https://docs.google.com/spreadsheets/d/1XvKLs9QCgvIjHjQbXlV7thqPu0HdLIae/edit?gid=289538975","sourceCrs":"EPSG:32646","displayCrs":"EPSG:4326","crsVerified":true,"easting":457536.617,"northing":5108725.824,"elevationM":1846.637,"dates":["2026-08-20"],"observationCount":1},"geometry":{"type":"Point","coordinates":[92.45030954,46.13078683]}},{"type":"Feature","id":"tracker-control:37","properties":{"project":"Hetsuu hutul","projectKey":"hetsuu-hutul","area":"Хэцүү хөтөл","licence":"XV-022905","sensor":"Base / Control","dataType":"control_reference_point","controlType":"gcp","name":"P1","plannedActual":"reference","status":"confirmed_source","contextOnly":true,"sourceFile":"Hetsuu_Hutul_Drone_Project_Tracker.xlsx","sourceUrl":"https://docs.google.com/spreadsheets/d/1XvKLs9QCgvIjHjQbXlV7thqPu0HdLIae/edit?gid=289538975","sourceCrs":"EPSG:32646","displayCrs":"EPSG:4326","crsVerified":true,"easting":454430.168,"northing":5106455.559,"elevationM":2046.084,"dates":["2026-08-20"],"observationCount":1},"geometry":{"type":"Point","coordinates":[92.41031652,46.11015474]}},{"type":"Feature","id":"tracker-control:38","properties":{"project":"Hetsuu hutul","projectKey":"hetsuu-hutul","area":"Хэцүү хөтөл","licence":"XV-022905","sensor":"Base / Control","dataType":"control_reference_point","controlType":"gcp","name":"P2","plannedActual":"reference","status":"confirmed_source","contextOnly":true,"sourceFile":"Hetsuu_Hutul_Drone_Project_Tracker.xlsx","sourceUrl":"https://docs.google.com/spreadsheets/d/1XvKLs9QCgvIjHjQbXlV7thqPu0HdLIae/edit?gid=289538975","sourceCrs":"EPSG:32646","displayCrs":"EPSG:4326","crsVerified":true,"easting":454439.748,"northing":5106449.068,"elevationM":2044.866,"dates":["2026-08-20"],"observationCount":1},"geometry":{"type":"Point","coordinates":[92.4104411,46.11009696]}},{"type":"Feature","id":"tracker-control:39","properties":{"project":"Hetsuu hutul","projectKey":"hetsuu-hutul","area":"Хэцүү хөтөл","licence":"XV-022905","sensor":"Base / Control","dataType":"control_reference_point","controlType":"gcp","name":"P3","plannedActual":"reference","status":"confirmed_source","contextOnly":true,"sourceFile":"Hetsuu_Hutul_Drone_Project_Tracker.xlsx","sourceUrl":"https://docs.google.com/spreadsheets/d/1XvKLs9QCgvIjHjQbXlV7thqPu0HdLIae/edit?gid=289538975","sourceCrs":"EPSG:32646","displayCrs":"EPSG:4326","crsVerified":true,"easting":454458.727,"northing":5106443.193,"elevationM":2045.578,"dates":["2026-08-20"],"observationCount":1},"geometry":{"type":"Point","coordinates":[92.41068724,46.11004536]}},{"type":"Feature","id":"tracker-control:40","properties":{"project":"Hetsuu hutul","projectKey":"hetsuu-hutul","area":"Хэцүү хөтөл","licence":"XV-022905","sensor":"Base / Control","dataType":"control_reference_point","controlType":"gcp","name":"P4","plannedActual":"reference","status":"confirmed_source","contextOnly":true,"sourceFile":"Hetsuu_Hutul_Drone_Project_Tracker.xlsx","sourceUrl":"https://docs.google.com/spreadsheets/d/1XvKLs9QCgvIjHjQbXlV7thqPu0HdLIae/edit?gid=289538975","sourceCrs":"EPSG:32646","displayCrs":"EPSG:4326","crsVerified":true,"easting":454473.621,"northing":5106443.877,"elevationM":2049.022,"dates":["2026-08-20"],"observationCount":1},"geometry":{"type":"Point","coordinates":[92.4108799,46.1100525]}},{"type":"Feature","id":"tracker-control:41","properties":{"project":"Hetsuu hutul","projectKey":"hetsuu-hutul","area":"Хэцүү хөтөл","licence":"XV-022905","sensor":"Base / Control","dataType":"control_reference_point","controlType":"gcp","name":"P5","plannedActual":"reference","status":"confirmed_source","contextOnly":true,"sourceFile":"Hetsuu_Hutul_Drone_Project_Tracker.xlsx","sourceUrl":"https://docs.google.com/spreadsheets/d/1XvKLs9QCgvIjHjQbXlV7thqPu0HdLIae/edit?gid=289538975","sourceCrs":"EPSG:32646","displayCrs":"EPSG:4326","crsVerified":true,"easting":454495.543,"northing":5106438.043,"elevationM":2052.706,"dates":["2026-08-20"],"observationCount":1},"geometry":{"type":"Point","coordinates":[92.41116412,46.11000146]}},{"type":"Feature","id":"tracker-control:42","properties":{"project":"Hetsuu hutul","projectKey":"hetsuu-hutul","area":"Хэцүү хөтөл","licence":"XV-022905","sensor":"Base / Control","dataType":"control_reference_point","controlType":"gcp","name":"P6","plannedActual":"reference","status":"confirmed_source","contextOnly":true,"sourceFile":"Hetsuu_Hutul_Drone_Project_Tracker.xlsx","sourceUrl":"https://docs.google.com/spreadsheets/d/1XvKLs9QCgvIjHjQbXlV7thqPu0HdLIae/edit?gid=289538975","sourceCrs":"EPSG:32646","displayCrs":"EPSG:4326","crsVerified":true,"easting":454515.255,"northing":5106416.419,"elevationM":2054.003,"dates":["2026-08-20"],"observationCount":1},"geometry":{"type":"Point","coordinates":[92.41142125,46.10980817]}},{"type":"Feature","id":"tracker-control:43","properties":{"project":"Hetsuu hutul","projectKey":"hetsuu-hutul","area":"Хэцүү хөтөл","licence":"XV-022905","sensor":"Base / Control","dataType":"control_reference_point","controlType":"gcp","name":"P7","plannedActual":"reference","status":"confirmed_source","contextOnly":true,"sourceFile":"Hetsuu_Hutul_Drone_Project_Tracker.xlsx","sourceUrl":"https://docs.google.com/spreadsheets/d/1XvKLs9QCgvIjHjQbXlV7thqPu0HdLIae/edit?gid=289538975","sourceCrs":"EPSG:32646","displayCrs":"EPSG:4326","crsVerified":true,"easting":455532.289,"northing":5106566.215,"elevationM":2258.941,"dates":["2026-08-20"],"observationCount":1},"geometry":{"type":"Point","coordinates":[92.4245671,46.11122329]}},{"type":"Feature","id":"tracker-control:44","properties":{"project":"Hetsuu hutul","projectKey":"hetsuu-hutul","area":"Хэцүү хөтөл","licence":"XV-022905","sensor":"Base / Control","dataType":"control_reference_point","controlType":"gcp","name":"P8","plannedActual":"reference","status":"confirmed_source","contextOnly":true,"sourceFile":"Hetsuu_Hutul_Drone_Project_Tracker.xlsx","sourceUrl":"https://docs.google.com/spreadsheets/d/1XvKLs9QCgvIjHjQbXlV7thqPu0HdLIae/edit?gid=289538975","sourceCrs":"EPSG:32646","displayCrs":"EPSG:4326","crsVerified":true,"easting":455549.516,"northing":5106579.038,"elevationM":2260.847,"dates":["2026-08-20"],"observationCount":1},"geometry":{"type":"Point","coordinates":[92.42478881,46.11133982]}},{"type":"Feature","id":"tracker-control:45","properties":{"project":"Hetsuu hutul","projectKey":"hetsuu-hutul","area":"Хэцүү хөтөл","licence":"XV-022905","sensor":"Base / Control","dataType":"control_reference_point","controlType":"gcp","name":"P9","plannedActual":"reference","status":"confirmed_source","contextOnly":true,"sourceFile":"Hetsuu_Hutul_Drone_Project_Tracker.xlsx","sourceUrl":"https://docs.google.com/spreadsheets/d/1XvKLs9QCgvIjHjQbXlV7thqPu0HdLIae/edit?gid=289538975","sourceCrs":"EPSG:32646","displayCrs":"EPSG:4326","crsVerified":true,"easting":455570.651,"northing":5106591.52,"elevationM":2260.617,"dates":["2026-08-20"],"observationCount":1},"geometry":{"type":"Point","coordinates":[92.42506113,46.11145353]}},{"type":"Feature","id":"tracker-control:46","properties":{"project":"Hetsuu hutul","projectKey":"hetsuu-hutul","area":"Хэцүү хөтөл","licence":"XV-022905","sensor":"Base / Control","dataType":"control_reference_point","controlType":"gcp","name":"P10","plannedActual":"reference","status":"confirmed_source","contextOnly":true,"sourceFile":"Hetsuu_Hutul_Drone_Project_Tracker.xlsx","sourceUrl":"https://docs.google.com/spreadsheets/d/1XvKLs9QCgvIjHjQbXlV7thqPu0HdLIae/edit?gid=289538975","sourceCrs":"EPSG:32646","displayCrs":"EPSG:4326","crsVerified":true,"easting":455590.541,"northing":5106613.937,"elevationM":2259.619,"dates":["2026-08-20"],"observationCount":1},"geometry":{"type":"Point","coordinates":[92.4253164,46.11165657]}},{"type":"Feature","id":"tracker-control:47","properties":{"project":"Hetsuu hutul","projectKey":"hetsuu-hutul","area":"Хэцүү хөтөл","licence":"XV-022905","sensor":"Base / Control","dataType":"control_reference_point","controlType":"gcp","name":"P11","plannedActual":"reference","status":"confirmed_source","contextOnly":true,"sourceFile":"Hetsuu_Hutul_Drone_Project_Tracker.xlsx","sourceUrl":"https://docs.google.com/spreadsheets/d/1XvKLs9QCgvIjHjQbXlV7thqPu0HdLIae/edit?gid=289538975","sourceCrs":"EPSG:32646","displayCrs":"EPSG:4326","crsVerified":true,"easting":455607.96,"northing":5106630.423,"elevationM":2262.631,"dates":["2026-08-20"],"observationCount":1},"geometry":{"type":"Point","coordinates":[92.42554026,46.11180607]}},{"type":"Feature","id":"tracker-control:48","properties":{"project":"Hetsuu hutul","projectKey":"hetsuu-hutul","area":"Хэцүү хөтөл","licence":"XV-022905","sensor":"Base / Control","dataType":"control_reference_point","controlType":"gcp","name":"P12","plannedActual":"reference","status":"confirmed_source","contextOnly":true,"sourceFile":"Hetsuu_Hutul_Drone_Project_Tracker.xlsx","sourceUrl":"https://docs.google.com/spreadsheets/d/1XvKLs9QCgvIjHjQbXlV7thqPu0HdLIae/edit?gid=289538975","sourceCrs":"EPSG:32646","displayCrs":"EPSG:4326","crsVerified":true,"easting":455624.026,"northing":5106673.349,"elevationM":2266.926,"dates":["2026-08-20"],"observationCount":1},"geometry":{"type":"Point","coordinates":[92.42574414,46.11219344]}},{"type":"Feature","id":"tracker-control:49","properties":{"project":"Hetsuu hutul","projectKey":"hetsuu-hutul","area":"Хэцүү хөтөл","licence":"XV-022905","sensor":"Base / Control","dataType":"control_reference_point","controlType":"gcp","name":"P13","plannedActual":"reference","status":"confirmed_source","contextOnly":true,"sourceFile":"Hetsuu_Hutul_Drone_Project_Tracker.xlsx","sourceUrl":"https://docs.google.com/spreadsheets/d/1XvKLs9QCgvIjHjQbXlV7thqPu0HdLIae/edit?gid=289538975","sourceCrs":"EPSG:32646","displayCrs":"EPSG:4326","crsVerified":true,"easting":455873.225,"northing":5107008.085,"elevationM":2159.992,"dates":["2026-08-20"],"observationCount":1},"geometry":{"type":"Point","coordinates":[92.42893767,46.11522212]}},{"type":"Feature","id":"tracker-control:50","properties":{"project":"Hetsuu hutul","projectKey":"hetsuu-hutul","area":"Хэцүү хөтөл","licence":"XV-022905","sensor":"Base / Control","dataType":"control_reference_point","controlType":"gcp","name":"P14","plannedActual":"reference","status":"confirmed_source","contextOnly":true,"sourceFile":"Hetsuu_Hutul_Drone_Project_Tracker.xlsx","sourceUrl":"https://docs.google.com/spreadsheets/d/1XvKLs9QCgvIjHjQbXlV7thqPu0HdLIae/edit?gid=289538975","sourceCrs":"EPSG:32646","displayCrs":"EPSG:4326","crsVerified":true,"easting":455893.431,"northing":5107025.605,"elevationM":2155.053,"dates":["2026-08-20"],"observationCount":1},"geometry":{"type":"Point","coordinates":[92.42919753,46.1153811]}},{"type":"Feature","id":"tracker-control:51","properties":{"project":"Hetsuu hutul","projectKey":"hetsuu-hutul","area":"Хэцүү хөтөл","licence":"XV-022905","sensor":"Base / Control","dataType":"control_reference_point","controlType":"gcp","name":"GCP18","plannedActual":"reference","status":"confirmed_source","contextOnly":true,"sourceFile":"Hetsuu_Hutul_Drone_Project_Tracker.xlsx","sourceUrl":"https://docs.google.com/spreadsheets/d/1XvKLs9QCgvIjHjQbXlV7thqPu0HdLIae/edit?gid=289538975","sourceCrs":"EPSG:32646","displayCrs":"EPSG:4326","crsVerified":true,"easting":455227.38,"northing":5107272.438,"elevationM":1930.812,"dates":["2026-08-21"],"observationCount":1},"geometry":{"type":"Point","coordinates":[92.42055503,46.11755916]}},{"type":"Feature","id":"tracker-control:52","properties":{"project":"Hetsuu hutul","projectKey":"hetsuu-hutul","area":"Хэцүү хөтөл","licence":"XV-022905","sensor":"Base / Control","dataType":"control_reference_point","controlType":"gcp","name":"GCP19","plannedActual":"reference","status":"confirmed_source","contextOnly":true,"sourceFile":"Hetsuu_Hutul_Drone_Project_Tracker.xlsx","sourceUrl":"https://docs.google.com/spreadsheets/d/1XvKLs9QCgvIjHjQbXlV7thqPu0HdLIae/edit?gid=289538975","sourceCrs":"EPSG:32646","displayCrs":"EPSG:4326","crsVerified":true,"easting":455592.356,"northing":5107812.873,"elevationM":1921.092,"dates":["2026-08-21"],"observationCount":1},"geometry":{"type":"Point","coordinates":[92.42522771,46.12244676]}},{"type":"Feature","id":"tracker-control:53","properties":{"project":"Hetsuu hutul","projectKey":"hetsuu-hutul","area":"Хэцүү хөтөл","licence":"XV-022905","sensor":"Base / Control","dataType":"control_reference_point","controlType":"gcp","name":"GCP20","plannedActual":"reference","status":"confirmed_source","contextOnly":true,"sourceFile":"Hetsuu_Hutul_Drone_Project_Tracker.xlsx","sourceUrl":"https://docs.google.com/spreadsheets/d/1XvKLs9QCgvIjHjQbXlV7thqPu0HdLIae/edit?gid=289538975","sourceCrs":"EPSG:32646","displayCrs":"EPSG:4326","crsVerified":true,"easting":454948.908,"northing":5108540.43,"elevationM":1948.519,"dates":["2026-08-21"],"observationCount":1},"geometry":{"type":"Point","coordinates":[92.41683085,46.12895236]}},{"type":"Feature","id":"tracker-control:54","properties":{"project":"Hetsuu hutul","projectKey":"hetsuu-hutul","area":"Хэцүү хөтөл","licence":"XV-022905","sensor":"Base / Control","dataType":"control_reference_point","controlType":"gcp","name":"GCP21","plannedActual":"reference","status":"confirmed_source","contextOnly":true,"sourceFile":"Hetsuu_Hutul_Drone_Project_Tracker.xlsx","sourceUrl":"https://docs.google.com/spreadsheets/d/1XvKLs9QCgvIjHjQbXlV7thqPu0HdLIae/edit?gid=289538975","sourceCrs":"EPSG:32646","displayCrs":"EPSG:4326","crsVerified":true,"easting":454605.158,"northing":5108179.149,"elevationM":2031.012,"dates":["2026-08-21"],"observationCount":1},"geometry":{"type":"Point","coordinates":[92.41241595,46.12567816]}},{"type":"Feature","id":"tracker-control:55","properties":{"project":"Hetsuu hutul","projectKey":"hetsuu-hutul","area":"Хэцүү хөтөл","licence":"XV-022905","sensor":"Base / Control","dataType":"control_reference_point","controlType":"gcp","name":"GCP22","plannedActual":"reference","status":"confirmed_source","contextOnly":true,"sourceFile":"Hetsuu_Hutul_Drone_Project_Tracker.xlsx","sourceUrl":"https://docs.google.com/spreadsheets/d/1XvKLs9QCgvIjHjQbXlV7thqPu0HdLIae/edit?gid=289538975","sourceCrs":"EPSG:32646","displayCrs":"EPSG:4326","crsVerified":true,"easting":454942.381,"northing":5108171.805,"elevationM":2103.537,"dates":["2026-08-21"],"observationCount":1},"geometry":{"type":"Point","coordinates":[92.41678138,46.12563442]}},{"type":"Feature","id":"tracker-control:56","properties":{"project":"Hetsuu hutul","projectKey":"hetsuu-hutul","area":"Хэцүү хөтөл","licence":"XV-022905","sensor":"Base / Control","dataType":"control_reference_point","controlType":"gcp","name":"GCP23","plannedActual":"reference","status":"confirmed_source","contextOnly":true,"sourceFile":"Hetsuu_Hutul_Drone_Project_Tracker.xlsx","sourceUrl":"https://docs.google.com/spreadsheets/d/1XvKLs9QCgvIjHjQbXlV7thqPu0HdLIae/edit?gid=289538975","sourceCrs":"EPSG:32646","displayCrs":"EPSG:4326","crsVerified":true,"easting":456249.68,"northing":5108559.485,"elevationM":1877.255,"dates":["2026-08-21"],"observationCount":1},"geometry":{"type":"Point","coordinates":[92.43366624,46.12920851]}},{"type":"Feature","id":"tracker-control:57","properties":{"project":"Hetsuu hutul","projectKey":"hetsuu-hutul","area":"Хэцүү хөтөл","licence":"XV-022905","sensor":"Base / Control","dataType":"control_reference_point","controlType":"gcp","name":"GCP24","plannedActual":"reference","status":"confirmed_source","contextOnly":true,"sourceFile":"Hetsuu_Hutul_Drone_Project_Tracker.xlsx","sourceUrl":"https://docs.google.com/spreadsheets/d/1XvKLs9QCgvIjHjQbXlV7thqPu0HdLIae/edit?gid=289538975","sourceCrs":"EPSG:32646","displayCrs":"EPSG:4326","crsVerified":true,"easting":456241.391,"northing":5108169.912,"elevationM":1987.206,"dates":["2026-08-21"],"observationCount":1},"geometry":{"type":"Point","coordinates":[92.43359488,46.12570194]}},{"type":"Feature","id":"tracker-control:58","properties":{"project":"Hetsuu hutul","projectKey":"hetsuu-hutul","area":"Хэцүү хөтөл","licence":"XV-022905","sensor":"Base / Control","dataType":"control_reference_point","controlType":"gcp","name":"GCP25","plannedActual":"reference","status":"confirmed_source","contextOnly":true,"sourceFile":"Hetsuu_Hutul_Drone_Project_Tracker.xlsx","sourceUrl":"https://docs.google.com/spreadsheets/d/1XvKLs9QCgvIjHjQbXlV7thqPu0HdLIae/edit?gid=289538975","sourceCrs":"EPSG:32646","displayCrs":"EPSG:4326","crsVerified":true,"easting":456097.647,"northing":5107933.125,"elevationM":2052.785,"dates":["2026-08-21"],"observationCount":1},"geometry":{"type":"Point","coordinates":[92.43175629,46.12356169]}},{"type":"Feature","id":"tracker-control:59","properties":{"project":"Hetsuu hutul","projectKey":"hetsuu-hutul","area":"Хэцүү хөтөл","licence":"XV-022905","sensor":"Base / Control","dataType":"control_reference_point","controlType":"gcp","name":"GCP26","plannedActual":"reference","status":"confirmed_source","contextOnly":true,"sourceFile":"Hetsuu_Hutul_Drone_Project_Tracker.xlsx","sourceUrl":"https://docs.google.com/spreadsheets/d/1XvKLs9QCgvIjHjQbXlV7thqPu0HdLIae/edit?gid=289538975","sourceCrs":"EPSG:32646","displayCrs":"EPSG:4326","crsVerified":true,"easting":456317.243,"northing":5107869.139,"elevationM":1987.206,"dates":["2026-08-21"],"observationCount":1},"geometry":{"type":"Point","coordinates":[92.43460435,46.12299993]}},{"type":"Feature","id":"tracker-control:60","properties":{"project":"Hetsuu hutul","projectKey":"hetsuu-hutul","area":"Хэцүү хөтөл","licence":"XV-022905","sensor":"Base / Control","dataType":"control_reference_point","controlType":"gcp","name":"GCP27","plannedActual":"reference","status":"confirmed_source","contextOnly":true,"sourceFile":"Hetsuu_Hutul_Drone_Project_Tracker.xlsx","sourceUrl":"https://docs.google.com/spreadsheets/d/1XvKLs9QCgvIjHjQbXlV7thqPu0HdLIae/edit?gid=289538975","sourceCrs":"EPSG:32646","displayCrs":"EPSG:4326","crsVerified":true,"easting":456884.895,"northing":5108157.258,"elevationM":1938.344,"dates":["2026-08-21"],"observationCount":1},"geometry":{"type":"Point","coordinates":[92.44192505,46.12562902]}},{"type":"Feature","id":"tracker-control:61","properties":{"project":"Hetsuu hutul","projectKey":"hetsuu-hutul","area":"Хэцүү хөтөл","licence":"XV-022905","sensor":"Base / Control","dataType":"control_reference_point","controlType":"gcp","name":"P15","plannedActual":"reference","status":"confirmed_source","contextOnly":true,"sourceFile":"Hetsuu_Hutul_Drone_Project_Tracker.xlsx","sourceUrl":"https://docs.google.com/spreadsheets/d/1XvKLs9QCgvIjHjQbXlV7thqPu0HdLIae/edit?gid=289538975","sourceCrs":"EPSG:32646","displayCrs":"EPSG:4326","crsVerified":true,"easting":455222.966,"northing":5107277.062,"elevationM":1929.359,"dates":["2026-08-21"],"observationCount":1},"geometry":{"type":"Point","coordinates":[92.42049747,46.11760048]}},{"type":"Feature","id":"tracker-control:62","properties":{"project":"Hetsuu hutul","projectKey":"hetsuu-hutul","area":"Хэцүү хөтөл","licence":"XV-022905","sensor":"Base / Control","dataType":"control_reference_point","controlType":"gcp","name":"P16","plannedActual":"reference","status":"confirmed_source","contextOnly":true,"sourceFile":"Hetsuu_Hutul_Drone_Project_Tracker.xlsx","sourceUrl":"https://docs.google.com/spreadsheets/d/1XvKLs9QCgvIjHjQbXlV7thqPu0HdLIae/edit?gid=289538975","sourceCrs":"EPSG:32646","displayCrs":"EPSG:4326","crsVerified":true,"easting":455214.776,"northing":5107286.401,"elevationM":1928.116,"dates":["2026-08-21"],"observationCount":1},"geometry":{"type":"Point","coordinates":[92.4203906,46.117684]}},{"type":"Feature","id":"tracker-control:63","properties":{"project":"Hetsuu hutul","projectKey":"hetsuu-hutul","area":"Хэцүү хөтөл","licence":"XV-022905","sensor":"Base / Control","dataType":"control_reference_point","controlType":"gcp","name":"P17","plannedActual":"reference","status":"confirmed_source","contextOnly":true,"sourceFile":"Hetsuu_Hutul_Drone_Project_Tracker.xlsx","sourceUrl":"https://docs.google.com/spreadsheets/d/1XvKLs9QCgvIjHjQbXlV7thqPu0HdLIae/edit?gid=289538975","sourceCrs":"EPSG:32646","displayCrs":"EPSG:4326","crsVerified":true,"easting":455207.149,"northing":5107299.042,"elevationM":1926.486,"dates":["2026-08-21"],"observationCount":1},"geometry":{"type":"Point","coordinates":[92.4202907,46.11779726]}},{"type":"Feature","id":"tracker-control:64","properties":{"project":"Hetsuu hutul","projectKey":"hetsuu-hutul","area":"Хэцүү хөтөл","licence":"XV-022905","sensor":"Base / Control","dataType":"control_reference_point","controlType":"gcp","name":"P18","plannedActual":"reference","status":"confirmed_source","contextOnly":true,"sourceFile":"Hetsuu_Hutul_Drone_Project_Tracker.xlsx","sourceUrl":"https://docs.google.com/spreadsheets/d/1XvKLs9QCgvIjHjQbXlV7thqPu0HdLIae/edit?gid=289538975","sourceCrs":"EPSG:32646","displayCrs":"EPSG:4326","crsVerified":true,"easting":455199.76,"northing":5107309.811,"elevationM":1925.614,"dates":["2026-08-21"],"observationCount":1},"geometry":{"type":"Point","coordinates":[92.42019406,46.11789369]}},{"type":"Feature","id":"tracker-control:65","properties":{"project":"Hetsuu hutul","projectKey":"hetsuu-hutul","area":"Хэцүү хөтөл","licence":"XV-022905","sensor":"Base / Control","dataType":"control_reference_point","controlType":"gcp","name":"P19","plannedActual":"reference","status":"confirmed_source","contextOnly":true,"sourceFile":"Hetsuu_Hutul_Drone_Project_Tracker.xlsx","sourceUrl":"https://docs.google.com/spreadsheets/d/1XvKLs9QCgvIjHjQbXlV7thqPu0HdLIae/edit?gid=289538975","sourceCrs":"EPSG:32646","displayCrs":"EPSG:4326","crsVerified":true,"easting":455188.337,"northing":5107319.302,"elevationM":1927.14,"dates":["2026-08-21"],"observationCount":1},"geometry":{"type":"Point","coordinates":[92.42004534,46.11797836]}},{"type":"Feature","id":"tracker-control:66","properties":{"project":"Hetsuu hutul","projectKey":"hetsuu-hutul","area":"Хэцүү хөтөл","licence":"XV-022905","sensor":"Base / Control","dataType":"control_reference_point","controlType":"gcp","name":"P20","plannedActual":"reference","status":"confirmed_source","contextOnly":true,"sourceFile":"Hetsuu_Hutul_Drone_Project_Tracker.xlsx","sourceUrl":"https://docs.google.com/spreadsheets/d/1XvKLs9QCgvIjHjQbXlV7thqPu0HdLIae/edit?gid=289538975","sourceCrs":"EPSG:32646","displayCrs":"EPSG:4326","crsVerified":true,"easting":455577.539,"northing":5107814.429,"elevationM":1921.029,"dates":["2026-08-21"],"observationCount":1},"geometry":{"type":"Point","coordinates":[92.4250358,46.1224598]}},{"type":"Feature","id":"tracker-control:67","properties":{"project":"Hetsuu hutul","projectKey":"hetsuu-hutul","area":"Хэцүү хөтөл","licence":"XV-022905","sensor":"Base / Control","dataType":"control_reference_point","controlType":"gcp","name":"P21","plannedActual":"reference","status":"confirmed_source","contextOnly":true,"sourceFile":"Hetsuu_Hutul_Drone_Project_Tracker.xlsx","sourceUrl":"https://docs.google.com/spreadsheets/d/1XvKLs9QCgvIjHjQbXlV7thqPu0HdLIae/edit?gid=289538975","sourceCrs":"EPSG:32646","displayCrs":"EPSG:4326","crsVerified":true,"easting":455568.453,"northing":5107828.427,"elevationM":1919.205,"dates":["2026-08-21"],"observationCount":1},"geometry":{"type":"Point","coordinates":[92.42491689,46.12258518]}},{"type":"Feature","id":"tracker-control:68","properties":{"project":"Hetsuu hutul","projectKey":"hetsuu-hutul","area":"Хэцүү хөтөл","licence":"XV-022905","sensor":"Base / Control","dataType":"control_reference_point","controlType":"gcp","name":"P22","plannedActual":"reference","status":"confirmed_source","contextOnly":true,"sourceFile":"Hetsuu_Hutul_Drone_Project_Tracker.xlsx","sourceUrl":"https://docs.google.com/spreadsheets/d/1XvKLs9QCgvIjHjQbXlV7thqPu0HdLIae/edit?gid=289538975","sourceCrs":"EPSG:32646","displayCrs":"EPSG:4326","crsVerified":true,"easting":455559.821,"northing":5107852.307,"elevationM":1918.121,"dates":["2026-08-21"],"observationCount":1},"geometry":{"type":"Point","coordinates":[92.42480294,46.12279954]}},{"type":"Feature","id":"tracker-control:69","properties":{"project":"Hetsuu hutul","projectKey":"hetsuu-hutul","area":"Хэцүү хөтөл","licence":"XV-022905","sensor":"Base / Control","dataType":"control_reference_point","controlType":"gcp","name":"P23","plannedActual":"reference","status":"confirmed_source","contextOnly":true,"sourceFile":"Hetsuu_Hutul_Drone_Project_Tracker.xlsx","sourceUrl":"https://docs.google.com/spreadsheets/d/1XvKLs9QCgvIjHjQbXlV7thqPu0HdLIae/edit?gid=289538975","sourceCrs":"EPSG:32646","displayCrs":"EPSG:4326","crsVerified":true,"easting":455554.372,"northing":5107867.208,"elevationM":1916.824,"dates":["2026-08-21"],"observationCount":1},"geometry":{"type":"Point","coordinates":[92.42473102,46.12293328]}},{"type":"Feature","id":"tracker-control:70","properties":{"project":"Hetsuu hutul","projectKey":"hetsuu-hutul","area":"Хэцүү хөтөл","licence":"XV-022905","sensor":"Base / Control","dataType":"control_reference_point","controlType":"gcp","name":"P24","plannedActual":"reference","status":"confirmed_source","contextOnly":true,"sourceFile":"Hetsuu_Hutul_Drone_Project_Tracker.xlsx","sourceUrl":"https://docs.google.com/spreadsheets/d/1XvKLs9QCgvIjHjQbXlV7thqPu0HdLIae/edit?gid=289538975","sourceCrs":"EPSG:32646","displayCrs":"EPSG:4326","crsVerified":true,"easting":455548.394,"northing":5107886.273,"elevationM":1915.325,"dates":["2026-08-21"],"observationCount":1},"geometry":{"type":"Point","coordinates":[92.42465186,46.12310447]}},{"type":"Feature","id":"tracker-control:71","properties":{"project":"Hetsuu hutul","projectKey":"hetsuu-hutul","area":"Хэцүү хөтөл","licence":"XV-022905","sensor":"Base / Control","dataType":"control_reference_point","controlType":"gcp","name":"P25","plannedActual":"reference","status":"confirmed_source","contextOnly":true,"sourceFile":"Hetsuu_Hutul_Drone_Project_Tracker.xlsx","sourceUrl":"https://docs.google.com/spreadsheets/d/1XvKLs9QCgvIjHjQbXlV7thqPu0HdLIae/edit?gid=289538975","sourceCrs":"EPSG:32646","displayCrs":"EPSG:4326","crsVerified":true,"easting":455548.381,"northing":5107886.28,"elevationM":1915.32,"dates":["2026-08-21"],"observationCount":1},"geometry":{"type":"Point","coordinates":[92.42465169,46.12310454]}},{"type":"Feature","id":"tracker-control:72","properties":{"project":"Hetsuu hutul","projectKey":"hetsuu-hutul","area":"Хэцүү хөтөл","licence":"XV-022905","sensor":"Base / Control","dataType":"control_reference_point","controlType":"gcp","name":"P26","plannedActual":"reference","status":"confirmed_source","contextOnly":true,"sourceFile":"Hetsuu_Hutul_Drone_Project_Tracker.xlsx","sourceUrl":"https://docs.google.com/spreadsheets/d/1XvKLs9QCgvIjHjQbXlV7thqPu0HdLIae/edit?gid=289538975","sourceCrs":"EPSG:32646","displayCrs":"EPSG:4326","crsVerified":true,"easting":455545.561,"northing":5107913.678,"elevationM":1913.26,"dates":["2026-08-21"],"observationCount":1},"geometry":{"type":"Point","coordinates":[92.42461263,46.12335093]}},{"type":"Feature","id":"tracker-control:73","properties":{"project":"Hetsuu hutul","projectKey":"hetsuu-hutul","area":"Хэцүү хөтөл","licence":"XV-022905","sensor":"Base / Control","dataType":"control_reference_point","controlType":"gcp","name":"P27","plannedActual":"reference","status":"confirmed_source","contextOnly":true,"sourceFile":"Hetsuu_Hutul_Drone_Project_Tracker.xlsx","sourceUrl":"https://docs.google.com/spreadsheets/d/1XvKLs9QCgvIjHjQbXlV7thqPu0HdLIae/edit?gid=289538975","sourceCrs":"EPSG:32646","displayCrs":"EPSG:4326","crsVerified":true,"easting":454897.839,"northing":5108139.016,"elevationM":2125.638,"dates":["2026-08-21"],"observationCount":1},"geometry":{"type":"Point","coordinates":[92.41620798,46.12533639]}},{"type":"Feature","id":"tracker-control:74","properties":{"project":"Hetsuu hutul","projectKey":"hetsuu-hutul","area":"Хэцүү хөтөл","licence":"XV-022905","sensor":"Base / Control","dataType":"control_reference_point","controlType":"gcp","name":"P28","plannedActual":"reference","status":"confirmed_source","contextOnly":true,"sourceFile":"Hetsuu_Hutul_Drone_Project_Tracker.xlsx","sourceUrl":"https://docs.google.com/spreadsheets/d/1XvKLs9QCgvIjHjQbXlV7thqPu0HdLIae/edit?gid=289538975","sourceCrs":"EPSG:32646","displayCrs":"EPSG:4326","crsVerified":true,"easting":454883.015,"northing":5108133.088,"elevationM":2130.775,"dates":["2026-08-21"],"observationCount":1},"geometry":{"type":"Point","coordinates":[92.41601668,46.12528206]}},{"type":"Feature","id":"tracker-control:75","properties":{"project":"Hetsuu hutul","projectKey":"hetsuu-hutul","area":"Хэцүү хөтөл","licence":"XV-022905","sensor":"Base / Control","dataType":"control_reference_point","controlType":"gcp","name":"P29","plannedActual":"reference","status":"confirmed_source","contextOnly":true,"sourceFile":"Hetsuu_Hutul_Drone_Project_Tracker.xlsx","sourceUrl":"https://docs.google.com/spreadsheets/d/1XvKLs9QCgvIjHjQbXlV7thqPu0HdLIae/edit?gid=289538975","sourceCrs":"EPSG:32646","displayCrs":"EPSG:4326","crsVerified":true,"easting":454869.001,"northing":5108127.074,"elevationM":2134.666,"dates":["2026-08-21"],"observationCount":1},"geometry":{"type":"Point","coordinates":[92.41583586,46.12522701]}},{"type":"Feature","id":"tracker-control:76","properties":{"project":"Hetsuu hutul","projectKey":"hetsuu-hutul","area":"Хэцүү хөтөл","licence":"XV-022905","sensor":"Base / Control","dataType":"control_reference_point","controlType":"gcp","name":"P30","plannedActual":"reference","status":"confirmed_source","contextOnly":true,"sourceFile":"Hetsuu_Hutul_Drone_Project_Tracker.xlsx","sourceUrl":"https://docs.google.com/spreadsheets/d/1XvKLs9QCgvIjHjQbXlV7thqPu0HdLIae/edit?gid=289538975","sourceCrs":"EPSG:32646","displayCrs":"EPSG:4326","crsVerified":true,"easting":454846.034,"northing":5108121.323,"elevationM":2131.976,"dates":["2026-08-21"],"observationCount":1},"geometry":{"type":"Point","coordinates":[92.41553915,46.12517373]}},{"type":"Feature","id":"tracker-control:77","properties":{"project":"Hetsuu hutul","projectKey":"hetsuu-hutul","area":"Хэцүү хөтөл","licence":"XV-022905","sensor":"Base / Control","dataType":"control_reference_point","controlType":"gcp","name":"P31","plannedActual":"reference","status":"confirmed_source","contextOnly":true,"sourceFile":"Hetsuu_Hutul_Drone_Project_Tracker.xlsx","sourceUrl":"https://docs.google.com/spreadsheets/d/1XvKLs9QCgvIjHjQbXlV7thqPu0HdLIae/edit?gid=289538975","sourceCrs":"EPSG:32646","displayCrs":"EPSG:4326","crsVerified":true,"easting":454820.927,"northing":5108113.817,"elevationM":2135.378,"dates":["2026-08-21"],"observationCount":1},"geometry":{"type":"Point","coordinates":[92.4152149,46.12510452]}},{"type":"Feature","id":"tracker-control:78","properties":{"project":"Hetsuu hutul","projectKey":"hetsuu-hutul","area":"Хэцүү хөтөл","licence":"XV-022905","sensor":"Base / Control","dataType":"control_reference_point","controlType":"gcp","name":"P32","plannedActual":"reference","status":"confirmed_source","contextOnly":true,"sourceFile":"Hetsuu_Hutul_Drone_Project_Tracker.xlsx","sourceUrl":"https://docs.google.com/spreadsheets/d/1XvKLs9QCgvIjHjQbXlV7thqPu0HdLIae/edit?gid=289538975","sourceCrs":"EPSG:32646","displayCrs":"EPSG:4326","crsVerified":true,"easting":454796.746,"northing":5108115.789,"elevationM":2136.813,"dates":["2026-08-21"],"observationCount":1},"geometry":{"type":"Point","coordinates":[92.41490174,46.12512066]}},{"type":"Feature","id":"tracker-control:79","properties":{"project":"Hetsuu hutul","projectKey":"hetsuu-hutul","area":"Хэцүү хөтөл","licence":"XV-022905","sensor":"Base / Control","dataType":"control_reference_point","controlType":"gcp","name":"P33","plannedActual":"reference","status":"confirmed_source","contextOnly":true,"sourceFile":"Hetsuu_Hutul_Drone_Project_Tracker.xlsx","sourceUrl":"https://docs.google.com/spreadsheets/d/1XvKLs9QCgvIjHjQbXlV7thqPu0HdLIae/edit?gid=289538975","sourceCrs":"EPSG:32646","displayCrs":"EPSG:4326","crsVerified":true,"easting":454774.438,"northing":5108118.331,"elevationM":2125.515,"dates":["2026-08-21"],"observationCount":1},"geometry":{"type":"Point","coordinates":[92.41461276,46.12514206]}},{"type":"Feature","id":"tracker-control:80","properties":{"project":"Hetsuu hutul","projectKey":"hetsuu-hutul","area":"Хэцүү хөтөл","licence":"XV-022905","sensor":"Base / Control","dataType":"control_reference_point","controlType":"gcp","name":"P34","plannedActual":"reference","status":"confirmed_source","contextOnly":true,"sourceFile":"Hetsuu_Hutul_Drone_Project_Tracker.xlsx","sourceUrl":"https://docs.google.com/spreadsheets/d/1XvKLs9QCgvIjHjQbXlV7thqPu0HdLIae/edit?gid=289538975","sourceCrs":"EPSG:32646","displayCrs":"EPSG:4326","crsVerified":true,"easting":456350.165,"northing":5107883.239,"elevationM":1973.881,"dates":["2026-08-21"],"observationCount":1},"geometry":{"type":"Point","coordinates":[92.43502914,46.12312893]}},{"type":"Feature","id":"tracker-control:81","properties":{"project":"Hetsuu hutul","projectKey":"hetsuu-hutul","area":"Хэцүү хөтөл","licence":"XV-022905","sensor":"Base / Control","dataType":"control_reference_point","controlType":"gcp","name":"P35","plannedActual":"reference","status":"confirmed_source","contextOnly":true,"sourceFile":"Hetsuu_Hutul_Drone_Project_Tracker.xlsx","sourceUrl":"https://docs.google.com/spreadsheets/d/1XvKLs9QCgvIjHjQbXlV7thqPu0HdLIae/edit?gid=289538975","sourceCrs":"EPSG:32646","displayCrs":"EPSG:4326","crsVerified":true,"easting":456358.844,"northing":5107881.517,"elevationM":1970.912,"dates":["2026-08-21"],"observationCount":1},"geometry":{"type":"Point","coordinates":[92.43514163,46.12311399]}},{"type":"Feature","id":"tracker-control:82","properties":{"project":"Hetsuu hutul","projectKey":"hetsuu-hutul","area":"Хэцүү хөтөл","licence":"XV-022905","sensor":"Base / Control","dataType":"control_reference_point","controlType":"gcp","name":"P36","plannedActual":"reference","status":"confirmed_source","contextOnly":true,"sourceFile":"Hetsuu_Hutul_Drone_Project_Tracker.xlsx","sourceUrl":"https://docs.google.com/spreadsheets/d/1XvKLs9QCgvIjHjQbXlV7thqPu0HdLIae/edit?gid=289538975","sourceCrs":"EPSG:32646","displayCrs":"EPSG:4326","crsVerified":true,"easting":456374.959,"northing":5107878.244,"elevationM":1967.755,"dates":["2026-08-21"],"observationCount":1},"geometry":{"type":"Point","coordinates":[92.4353505,46.12308556]}},{"type":"Feature","id":"tracker-control:83","properties":{"project":"Hetsuu hutul","projectKey":"hetsuu-hutul","area":"Хэцүү хөтөл","licence":"XV-022905","sensor":"Base / Control","dataType":"control_reference_point","controlType":"gcp","name":"P37","plannedActual":"reference","status":"confirmed_source","contextOnly":true,"sourceFile":"Hetsuu_Hutul_Drone_Project_Tracker.xlsx","sourceUrl":"https://docs.google.com/spreadsheets/d/1XvKLs9QCgvIjHjQbXlV7thqPu0HdLIae/edit?gid=289538975","sourceCrs":"EPSG:32646","displayCrs":"EPSG:4326","crsVerified":true,"easting":456394.043,"northing":5107882.952,"elevationM":1962.092,"dates":["2026-08-21"],"observationCount":1},"geometry":{"type":"Point","coordinates":[92.43559707,46.12312915]}},{"type":"Feature","id":"tracker-control:84","properties":{"project":"Hetsuu hutul","projectKey":"hetsuu-hutul","area":"Хэцүү хөтөл","licence":"XV-022905","sensor":"Base / Control","dataType":"control_reference_point","controlType":"gcp","name":"P38","plannedActual":"reference","status":"confirmed_source","contextOnly":true,"sourceFile":"Hetsuu_Hutul_Drone_Project_Tracker.xlsx","sourceUrl":"https://docs.google.com/spreadsheets/d/1XvKLs9QCgvIjHjQbXlV7thqPu0HdLIae/edit?gid=289538975","sourceCrs":"EPSG:32646","displayCrs":"EPSG:4326","crsVerified":true,"easting":456426.568,"northing":5107872.232,"elevationM":1956.256,"dates":["2026-08-21"],"observationCount":1},"geometry":{"type":"Point","coordinates":[92.43601901,46.12303475]}},{"type":"Feature","id":"tracker-control:85","properties":{"project":"Hetsuu hutul","projectKey":"hetsuu-hutul","area":"Хэцүү хөтөл","licence":"XV-022905","sensor":"Base / Control","dataType":"control_reference_point","controlType":"gcp","name":"P39","plannedActual":"reference","status":"confirmed_source","contextOnly":true,"sourceFile":"Hetsuu_Hutul_Drone_Project_Tracker.xlsx","sourceUrl":"https://docs.google.com/spreadsheets/d/1XvKLs9QCgvIjHjQbXlV7thqPu0HdLIae/edit?gid=289538975","sourceCrs":"EPSG:32646","displayCrs":"EPSG:4326","crsVerified":true,"easting":456545.714,"northing":5107910.195,"elevationM":1923.735,"dates":["2026-08-21"],"observationCount":1},"geometry":{"type":"Point","coordinates":[92.43755759,46.12338401]}},{"type":"Feature","id":"tracker-control:86","properties":{"project":"Hetsuu hutul","projectKey":"hetsuu-hutul","area":"Хэцүү хөтөл","licence":"XV-022905","sensor":"Base / Control","dataType":"control_reference_point","controlType":"gcp","name":"P40","plannedActual":"reference","status":"confirmed_source","contextOnly":true,"sourceFile":"Hetsuu_Hutul_Drone_Project_Tracker.xlsx","sourceUrl":"https://docs.google.com/spreadsheets/d/1XvKLs9QCgvIjHjQbXlV7thqPu0HdLIae/edit?gid=289538975","sourceCrs":"EPSG:32646","displayCrs":"EPSG:4326","crsVerified":true,"easting":456554.908,"northing":5107925.586,"elevationM":1921.794,"dates":["2026-08-21"],"observationCount":1},"geometry":{"type":"Point","coordinates":[92.43767518,46.12352311]}},{"type":"Feature","id":"tracker-control:87","properties":{"project":"Hetsuu hutul","projectKey":"hetsuu-hutul","area":"Хэцүү хөтөл","licence":"XV-022905","sensor":"Base / Control","dataType":"control_reference_point","controlType":"gcp","name":"P41","plannedActual":"reference","status":"confirmed_source","contextOnly":true,"sourceFile":"Hetsuu_Hutul_Drone_Project_Tracker.xlsx","sourceUrl":"https://docs.google.com/spreadsheets/d/1XvKLs9QCgvIjHjQbXlV7thqPu0HdLIae/edit?gid=289538975","sourceCrs":"EPSG:32646","displayCrs":"EPSG:4326","crsVerified":true,"easting":456555.217,"northing":5107953.435,"elevationM":1920.31,"dates":["2026-08-21"],"observationCount":1},"geometry":{"type":"Point","coordinates":[92.43767663,46.12377376]}},{"type":"Feature","id":"tracker-control:88","properties":{"project":"Hetsuu hutul","projectKey":"hetsuu-hutul","area":"Хэцүү хөтөл","licence":"XV-022905","sensor":"Base / Control","dataType":"control_reference_point","controlType":"gcp","name":"GCP33","plannedActual":"reference","status":"confirmed_source","contextOnly":true,"sourceFile":"Hetsuu_Hutul_Drone_Project_Tracker.xlsx","sourceUrl":"https://docs.google.com/spreadsheets/d/1XvKLs9QCgvIjHjQbXlV7thqPu0HdLIae/edit?gid=289538975","sourceCrs":"EPSG:32646","displayCrs":"EPSG:4326","crsVerified":true,"easting":454261.9,"northing":5106039.081,"elevationM":2161.16,"dates":["2026-08-23"],"observationCount":1},"geometry":{"type":"Point","coordinates":[92.40817933,46.10639531]}},{"type":"Feature","id":"tracker-control:89","properties":{"project":"Hetsuu hutul","projectKey":"hetsuu-hutul","area":"Хэцүү хөтөл","licence":"XV-022905","sensor":"Base / Control","dataType":"control_reference_point","controlType":"gcp","name":"GCP34","plannedActual":"reference","status":"confirmed_source","contextOnly":true,"sourceFile":"Hetsuu_Hutul_Drone_Project_Tracker.xlsx","sourceUrl":"https://docs.google.com/spreadsheets/d/1XvKLs9QCgvIjHjQbXlV7thqPu0HdLIae/edit?gid=289538975","sourceCrs":"EPSG:32646","displayCrs":"EPSG:4326","crsVerified":true,"easting":454385.1,"northing":5105930.136,"elevationM":2193.143,"dates":["2026-08-23"],"observationCount":1},"geometry":{"type":"Point","coordinates":[92.40978383,46.10542308]}},{"type":"Feature","id":"tracker-control:90","properties":{"project":"Hetsuu hutul","projectKey":"hetsuu-hutul","area":"Хэцүү хөтөл","licence":"XV-022905","sensor":"Base / Control","dataType":"control_reference_point","controlType":"gcp","name":"GCP35","plannedActual":"reference","status":"confirmed_source","contextOnly":true,"sourceFile":"Hetsuu_Hutul_Drone_Project_Tracker.xlsx","sourceUrl":"https://docs.google.com/spreadsheets/d/1XvKLs9QCgvIjHjQbXlV7thqPu0HdLIae/edit?gid=289538975","sourceCrs":"EPSG:32646","displayCrs":"EPSG:4326","crsVerified":true,"easting":454270.1,"northing":5105745.507,"elevationM":2122.579,"dates":["2026-08-23"],"observationCount":1},"geometry":{"type":"Point","coordinates":[92.40831369,46.10375378]}},{"type":"Feature","id":"tracker-control:91","properties":{"project":"Hetsuu hutul","projectKey":"hetsuu-hutul","area":"Хэцүү хөтөл","licence":"XV-022905","sensor":"Base / Control","dataType":"control_reference_point","controlType":"gcp","name":"GCP01","plannedActual":"reference","status":"confirmed_source","contextOnly":true,"sourceFile":"Hetsuu_Hutul_Drone_Project_Tracker.xlsx","sourceUrl":"https://docs.google.com/spreadsheets/d/1XvKLs9QCgvIjHjQbXlV7thqPu0HdLIae/edit?gid=289538975","sourceCrs":"EPSG:32646","displayCrs":"EPSG:4326","crsVerified":true,"easting":457761.42,"northing":5104073.918,"elevationM":1769.946,"dates":["2026-08-26"],"observationCount":1},"geometry":{"type":"Point","coordinates":[92.45363333,46.08893475]}},{"type":"Feature","id":"tracker-control:92","properties":{"project":"Hetsuu hutul","projectKey":"hetsuu-hutul","area":"Хэцүү хөтөл","licence":"XV-022905","sensor":"Base / Control","dataType":"control_reference_point","controlType":"gcp","name":"GCP02","plannedActual":"reference","status":"confirmed_source","contextOnly":true,"sourceFile":"Hetsuu_Hutul_Drone_Project_Tracker.xlsx","sourceUrl":"https://docs.google.com/spreadsheets/d/1XvKLs9QCgvIjHjQbXlV7thqPu0HdLIae/edit?gid=289538975","sourceCrs":"EPSG:32646","displayCrs":"EPSG:4326","crsVerified":true,"easting":457093.711,"northing":5103836.527,"elevationM":1834.692,"dates":["2026-08-26"],"observationCount":1},"geometry":{"type":"Point","coordinates":[92.44501818,46.08675667]}},{"type":"Feature","id":"tracker-control:93","properties":{"project":"Hetsuu hutul","projectKey":"hetsuu-hutul","area":"Хэцүү хөтөл","licence":"XV-022905","sensor":"Base / Control","dataType":"control_reference_point","controlType":"gcp","name":"GCP03","plannedActual":"reference","status":"confirmed_source","contextOnly":true,"sourceFile":"Hetsuu_Hutul_Drone_Project_Tracker.xlsx","sourceUrl":"https://docs.google.com/spreadsheets/d/1XvKLs9QCgvIjHjQbXlV7thqPu0HdLIae/edit?gid=289538975","sourceCrs":"EPSG:32646","displayCrs":"EPSG:4326","crsVerified":true,"easting":457093.053,"northing":5104071.294,"elevationM":1800.218,"dates":["2026-08-26"],"observationCount":1},"geometry":{"type":"Point","coordinates":[92.44498848,46.08886948]}},{"type":"Feature","id":"tracker-control:94","properties":{"project":"Hetsuu hutul","projectKey":"hetsuu-hutul","area":"Хэцүү хөтөл","licence":"XV-022905","sensor":"Base / Control","dataType":"control_reference_point","controlType":"gcp","name":"GCP04","plannedActual":"reference","status":"confirmed_source","contextOnly":true,"sourceFile":"Hetsuu_Hutul_Drone_Project_Tracker.xlsx","sourceUrl":"https://docs.google.com/spreadsheets/d/1XvKLs9QCgvIjHjQbXlV7thqPu0HdLIae/edit?gid=289538975","sourceCrs":"EPSG:32646","displayCrs":"EPSG:4326","crsVerified":true,"easting":457095.383,"northing":5104471.177,"elevationM":1771.543,"dates":["2026-08-26"],"observationCount":1},"geometry":{"type":"Point","coordinates":[92.44498252,46.09246849]}},{"type":"Feature","id":"tracker-control:95","properties":{"project":"Hetsuu hutul","projectKey":"hetsuu-hutul","area":"Хэцүү хөтөл","licence":"XV-022905","sensor":"Base / Control","dataType":"control_reference_point","controlType":"gcp","name":"GCP05","plannedActual":"reference","status":"confirmed_source","contextOnly":true,"sourceFile":"Hetsuu_Hutul_Drone_Project_Tracker.xlsx","sourceUrl":"https://docs.google.com/spreadsheets/d/1XvKLs9QCgvIjHjQbXlV7thqPu0HdLIae/edit?gid=289538975","sourceCrs":"EPSG:32646","displayCrs":"EPSG:4326","crsVerified":true,"easting":457094.258,"northing":5104507.384,"elevationM":1777.666,"dates":["2026-08-26"],"observationCount":1},"geometry":{"type":"Point","coordinates":[92.4449647,46.09279427]}},{"type":"Feature","id":"tracker-control:96","properties":{"project":"Hetsuu hutul","projectKey":"hetsuu-hutul","area":"Хэцүү хөтөл","licence":"XV-022905","sensor":"Base / Control","dataType":"control_reference_point","controlType":"gcp","name":"GCP06","plannedActual":"reference","status":"confirmed_source","contextOnly":true,"sourceFile":"Hetsuu_Hutul_Drone_Project_Tracker.xlsx","sourceUrl":"https://docs.google.com/spreadsheets/d/1XvKLs9QCgvIjHjQbXlV7thqPu0HdLIae/edit?gid=289538975","sourceCrs":"EPSG:32646","displayCrs":"EPSG:4326","crsVerified":true,"easting":457094.878,"northing":5104942.538,"elevationM":1792.906,"dates":["2026-08-26"],"observationCount":1},"geometry":{"type":"Point","coordinates":[92.44493342,46.0967106]}},{"type":"Feature","id":"tracker-control:97","properties":{"project":"Hetsuu hutul","projectKey":"hetsuu-hutul","area":"Хэцүү хөтөл","licence":"XV-022905","sensor":"Base / Control","dataType":"control_reference_point","controlType":"gcp","name":"GCP07","plannedActual":"reference","status":"confirmed_source","contextOnly":true,"sourceFile":"Hetsuu_Hutul_Drone_Project_Tracker.xlsx","sourceUrl":"https://docs.google.com/spreadsheets/d/1XvKLs9QCgvIjHjQbXlV7thqPu0HdLIae/edit?gid=289538975","sourceCrs":"EPSG:32646","displayCrs":"EPSG:4326","crsVerified":true,"easting":457090.794,"northing":5105008.517,"elevationM":1807.779,"dates":["2026-08-26"],"observationCount":1},"geometry":{"type":"Point","coordinates":[92.44487463,46.09730414]}},{"type":"Feature","id":"tracker-control:98","properties":{"project":"Hetsuu hutul","projectKey":"hetsuu-hutul","area":"Хэцүү хөтөл","licence":"XV-022905","sensor":"Base / Control","dataType":"control_reference_point","controlType":"gcp","name":"GCP08","plannedActual":"reference","status":"confirmed_source","contextOnly":true,"sourceFile":"Hetsuu_Hutul_Drone_Project_Tracker.xlsx","sourceUrl":"https://docs.google.com/spreadsheets/d/1XvKLs9QCgvIjHjQbXlV7thqPu0HdLIae/edit?gid=289538975","sourceCrs":"EPSG:32646","displayCrs":"EPSG:4326","crsVerified":true,"easting":457096.375,"northing":5105808.521,"elevationM":2068.837,"dates":["2026-08-26"],"observationCount":1},"geometry":{"type":"Point","coordinates":[92.44487458,46.10450433]}},{"type":"Feature","id":"tracker-control:99","properties":{"project":"Hetsuu hutul","projectKey":"hetsuu-hutul","area":"Хэцүү хөтөл","licence":"XV-022905","sensor":"Base / Control","dataType":"control_reference_point","controlType":"gcp","name":"GCP09","plannedActual":"reference","status":"confirmed_source","contextOnly":true,"sourceFile":"Hetsuu_Hutul_Drone_Project_Tracker.xlsx","sourceUrl":"https://docs.google.com/spreadsheets/d/1XvKLs9QCgvIjHjQbXlV7thqPu0HdLIae/edit?gid=289538975","sourceCrs":"EPSG:32646","displayCrs":"EPSG:4326","crsVerified":true,"easting":457099.302,"northing":5105989.516,"elevationM":2096.044,"dates":["2026-08-26"],"observationCount":1},"geometry":{"type":"Point","coordinates":[92.4448961,46.10613343]}},{"type":"Feature","id":"tracker-control:100","properties":{"project":"Hetsuu hutul","projectKey":"hetsuu-hutul","area":"Хэцүү хөтөл","licence":"XV-022905","sensor":"Base / Control","dataType":"control_reference_point","controlType":"gcp","name":"GCP10","plannedActual":"reference","status":"confirmed_source","contextOnly":true,"sourceFile":"Hetsuu_Hutul_Drone_Project_Tracker.xlsx","sourceUrl":"https://docs.google.com/spreadsheets/d/1XvKLs9QCgvIjHjQbXlV7thqPu0HdLIae/edit?gid=289538975","sourceCrs":"EPSG:32646","displayCrs":"EPSG:4326","crsVerified":true,"easting":457954.19,"northing":5104937.28,"elevationM":1788.612,"dates":["2026-08-26"],"observationCount":1},"geometry":{"type":"Point","coordinates":[92.45605036,46.09671672]}},{"type":"Feature","id":"tracker-control:101","properties":{"project":"Hetsuu hutul","projectKey":"hetsuu-hutul","area":"Хэцүү хөтөл","licence":"XV-022905","sensor":"Base / Control","dataType":"control_reference_point","controlType":"gcp","name":"GCP11","plannedActual":"reference","status":"confirmed_source","contextOnly":true,"sourceFile":"Hetsuu_Hutul_Drone_Project_Tracker.xlsx","sourceUrl":"https://docs.google.com/spreadsheets/d/1XvKLs9QCgvIjHjQbXlV7thqPu0HdLIae/edit?gid=289538975","sourceCrs":"EPSG:32646","displayCrs":"EPSG:4326","crsVerified":true,"easting":456409.922,"northing":5103833.656,"elevationM":1801.597,"dates":["2026-08-27"],"observationCount":1},"geometry":{"type":"Point","coordinates":[92.43617424,46.08668755]}},{"type":"Feature","id":"tracker-control:102","properties":{"project":"Hetsuu hutul","projectKey":"hetsuu-hutul","area":"Хэцүү хөтөл","licence":"XV-022905","sensor":"Base / Control","dataType":"control_reference_point","controlType":"gcp","name":"GCP12","plannedActual":"reference","status":"confirmed_source","contextOnly":true,"sourceFile":"Hetsuu_Hutul_Drone_Project_Tracker.xlsx","sourceUrl":"https://docs.google.com/spreadsheets/d/1XvKLs9QCgvIjHjQbXlV7thqPu0HdLIae/edit?gid=289538975","sourceCrs":"EPSG:32646","displayCrs":"EPSG:4326","crsVerified":true,"easting":456169.439,"northing":5103958.884,"elevationM":1844.777,"dates":["2026-08-27"],"observationCount":1},"geometry":{"type":"Point","coordinates":[92.43305226,46.08779919]}},{"type":"Feature","id":"tracker-control:103","properties":{"project":"Hetsuu hutul","projectKey":"hetsuu-hutul","area":"Хэцүү хөтөл","licence":"XV-022905","sensor":"Base / Control","dataType":"control_reference_point","controlType":"gcp","name":"GCP13","plannedActual":"reference","status":"confirmed_source","contextOnly":true,"sourceFile":"Hetsuu_Hutul_Drone_Project_Tracker.xlsx","sourceUrl":"https://docs.google.com/spreadsheets/d/1XvKLs9QCgvIjHjQbXlV7thqPu0HdLIae/edit?gid=289538975","sourceCrs":"EPSG:32646","displayCrs":"EPSG:4326","crsVerified":true,"easting":456168.146,"northing":5104202.36,"elevationM":1821.56,"dates":["2026-08-27"],"observationCount":1},"geometry":{"type":"Point","coordinates":[92.43301309,46.08999033]}},{"type":"Feature","id":"tracker-control:104","properties":{"project":"Hetsuu hutul","projectKey":"hetsuu-hutul","area":"Хэцүү хөтөл","licence":"XV-022905","sensor":"Base / Control","dataType":"control_reference_point","controlType":"gcp","name":"GCP14","plannedActual":"reference","status":"confirmed_source","contextOnly":true,"sourceFile":"Hetsuu_Hutul_Drone_Project_Tracker.xlsx","sourceUrl":"https://docs.google.com/spreadsheets/d/1XvKLs9QCgvIjHjQbXlV7thqPu0HdLIae/edit?gid=289538975","sourceCrs":"EPSG:32646","displayCrs":"EPSG:4326","crsVerified":true,"easting":455849.951,"northing":5104195.287,"elevationM":1840.23,"dates":["2026-08-27"],"observationCount":1},"geometry":{"type":"Point","coordinates":[92.42889794,46.08990618]}},{"type":"Feature","id":"tracker-control:105","properties":{"project":"Hetsuu hutul","projectKey":"hetsuu-hutul","area":"Хэцүү хөтөл","licence":"XV-022905","sensor":"Base / Control","dataType":"control_reference_point","controlType":"gcp","name":"GCP15","plannedActual":"reference","status":"confirmed_source","contextOnly":true,"sourceFile":"Hetsuu_Hutul_Drone_Project_Tracker.xlsx","sourceUrl":"https://docs.google.com/spreadsheets/d/1XvKLs9QCgvIjHjQbXlV7thqPu0HdLIae/edit?gid=289538975","sourceCrs":"EPSG:32646","displayCrs":"EPSG:4326","crsVerified":true,"easting":456167.532,"northing":5104682.034,"elevationM":1813.182,"dates":["2026-08-27"],"observationCount":1},"geometry":{"type":"Point","coordinates":[92.4329609,46.09430724]}},{"type":"Feature","id":"tracker-control:106","properties":{"project":"Hetsuu hutul","projectKey":"hetsuu-hutul","area":"Хэцүү хөтөл","licence":"XV-022905","sensor":"Base / Control","dataType":"control_reference_point","controlType":"gcp","name":"GCP16","plannedActual":"reference","status":"confirmed_source","contextOnly":true,"sourceFile":"Hetsuu_Hutul_Drone_Project_Tracker.xlsx","sourceUrl":"https://docs.google.com/spreadsheets/d/1XvKLs9QCgvIjHjQbXlV7thqPu0HdLIae/edit?gid=289538975","sourceCrs":"EPSG:32646","displayCrs":"EPSG:4326","crsVerified":true,"easting":456172.838,"northing":5105169.364,"elevationM":1831.307,"dates":["2026-08-27"],"observationCount":1},"geometry":{"type":"Point","coordinates":[92.43298459,46.09869343]}},{"type":"Feature","id":"tracker-control:107","properties":{"project":"Hetsuu hutul","projectKey":"hetsuu-hutul","area":"Хэцүү хөтөл","licence":"XV-022905","sensor":"Base / Control","dataType":"control_reference_point","controlType":"gcp","name":"GCP17","plannedActual":"reference","status":"confirmed_source","contextOnly":true,"sourceFile":"Hetsuu_Hutul_Drone_Project_Tracker.xlsx","sourceUrl":"https://docs.google.com/spreadsheets/d/1XvKLs9QCgvIjHjQbXlV7thqPu0HdLIae/edit?gid=289538975","sourceCrs":"EPSG:32646","displayCrs":"EPSG:4326","crsVerified":true,"easting":457092.64,"northing":5105485.978,"elevationM":1864.668,"dates":["2026-08-27"],"observationCount":1},"geometry":{"type":"Point","coordinates":[92.44485539,46.10160129]}},{"type":"Feature","id":"tracker-control:108","properties":{"project":"Hetsuu hutul","projectKey":"hetsuu-hutul","area":"Хэцүү хөтөл","licence":"XV-022905","sensor":"Base / Control","dataType":"control_reference_point","controlType":"gcp","name":"GCP18","plannedActual":"reference","status":"confirmed_source","contextOnly":true,"sourceFile":"Hetsuu_Hutul_Drone_Project_Tracker.xlsx","sourceUrl":"https://docs.google.com/spreadsheets/d/1XvKLs9QCgvIjHjQbXlV7thqPu0HdLIae/edit?gid=289538975","sourceCrs":"EPSG:32646","displayCrs":"EPSG:4326","crsVerified":true,"easting":457654.525,"northing":5105382.756,"elevationM":1806.48,"dates":["2026-08-27"],"observationCount":1},"geometry":{"type":"Point","coordinates":[92.45213404,46.10070739]}},{"type":"Feature","id":"tracker-control:109","properties":{"project":"Hetsuu hutul","projectKey":"hetsuu-hutul","area":"Хэцүү хөтөл","licence":"XV-022905","sensor":"Base / Control","dataType":"control_reference_point","controlType":"gcp","name":"GCP19","plannedActual":"reference","status":"confirmed_source","contextOnly":true,"sourceFile":"Hetsuu_Hutul_Drone_Project_Tracker.xlsx","sourceUrl":"https://docs.google.com/spreadsheets/d/1XvKLs9QCgvIjHjQbXlV7thqPu0HdLIae/edit?gid=289538975","sourceCrs":"EPSG:32646","displayCrs":"EPSG:4326","crsVerified":true,"easting":455196.908,"northing":5104727.582,"elevationM":1818.074,"dates":["2026-08-29"],"observationCount":1},"geometry":{"type":"Point","coordinates":[92.42040077,46.09465418]}},{"type":"Feature","id":"tracker-control:110","properties":{"project":"Hetsuu hutul","projectKey":"hetsuu-hutul","area":"Хэцүү хөтөл","licence":"XV-022905","sensor":"Base / Control","dataType":"control_reference_point","controlType":"gcp","name":"GCP20","plannedActual":"reference","status":"confirmed_source","contextOnly":true,"sourceFile":"Hetsuu_Hutul_Drone_Project_Tracker.xlsx","sourceUrl":"https://docs.google.com/spreadsheets/d/1XvKLs9QCgvIjHjQbXlV7thqPu0HdLIae/edit?gid=289538975","sourceCrs":"EPSG:32646","displayCrs":"EPSG:4326","crsVerified":true,"easting":454937.718,"northing":5104361.799,"elevationM":1909.934,"dates":["2026-08-29"],"observationCount":1},"geometry":{"type":"Point","coordinates":[92.41708259,46.09134518]}},{"type":"Feature","id":"tracker-control:111","properties":{"project":"Hetsuu hutul","projectKey":"hetsuu-hutul","area":"Хэцүү хөтөл","licence":"XV-022905","sensor":"Base / Control","dataType":"control_reference_point","controlType":"gcp","name":"GCP21","plannedActual":"reference","status":"confirmed_source","contextOnly":true,"sourceFile":"Hetsuu_Hutul_Drone_Project_Tracker.xlsx","sourceUrl":"https://docs.google.com/spreadsheets/d/1XvKLs9QCgvIjHjQbXlV7thqPu0HdLIae/edit?gid=289538975","sourceCrs":"EPSG:32646","displayCrs":"EPSG:4326","crsVerified":true,"easting":454701.984,"northing":5104718.054,"elevationM":1859.093,"dates":["2026-08-29"],"observationCount":1},"geometry":{"type":"Point","coordinates":[92.41399939,46.09453579]}},{"type":"Feature","id":"tracker-control:112","properties":{"project":"Hetsuu hutul","projectKey":"hetsuu-hutul","area":"Хэцүү хөтөл","licence":"XV-022905","sensor":"Base / Control","dataType":"control_reference_point","controlType":"gcp","name":"GCP22","plannedActual":"reference","status":"confirmed_source","contextOnly":true,"sourceFile":"Hetsuu_Hutul_Drone_Project_Tracker.xlsx","sourceUrl":"https://docs.google.com/spreadsheets/d/1XvKLs9QCgvIjHjQbXlV7thqPu0HdLIae/edit?gid=289538975","sourceCrs":"EPSG:32646","displayCrs":"EPSG:4326","crsVerified":true,"easting":455202.618,"northing":5105227.846,"elevationM":1862.591,"dates":["2026-08-29"],"observationCount":1},"geometry":{"type":"Point","coordinates":[92.42042747,46.0991568]}},{"type":"Feature","id":"tracker-control:113","properties":{"project":"Hetsuu hutul","projectKey":"hetsuu-hutul","area":"Хэцүү хөтөл","licence":"XV-022905","sensor":"Base / Control","dataType":"control_reference_point","controlType":"gcp","name":"GCP23","plannedActual":"reference","status":"confirmed_source","contextOnly":true,"sourceFile":"Hetsuu_Hutul_Drone_Project_Tracker.xlsx","sourceUrl":"https://docs.google.com/spreadsheets/d/1XvKLs9QCgvIjHjQbXlV7thqPu0HdLIae/edit?gid=289538975","sourceCrs":"EPSG:32646","displayCrs":"EPSG:4326","crsVerified":true,"easting":455202.528,"northing":5105618.775,"elevationM":1967.892,"dates":["2026-08-29"],"observationCount":1},"geometry":{"type":"Point","coordinates":[92.42038943,46.10267504]}},{"type":"Feature","id":"tracker-control:114","properties":{"project":"Hetsuu hutul","projectKey":"hetsuu-hutul","area":"Хэцүү хөтөл","licence":"XV-022905","sensor":"Base / Control","dataType":"control_reference_point","controlType":"gcp","name":"GCP24","plannedActual":"reference","status":"confirmed_source","contextOnly":true,"sourceFile":"Hetsuu_Hutul_Drone_Project_Tracker.xlsx","sourceUrl":"https://docs.google.com/spreadsheets/d/1XvKLs9QCgvIjHjQbXlV7thqPu0HdLIae/edit?gid=289538975","sourceCrs":"EPSG:32646","displayCrs":"EPSG:4326","crsVerified":true,"easting":455668.184,"northing":5105658.478,"elevationM":2012.767,"dates":["2026-08-29"],"observationCount":1},"geometry":{"type":"Point","coordinates":[92.4264103,46.10306275]}},{"type":"Feature","id":"tracker-control:115","properties":{"project":"Hetsuu hutul","projectKey":"hetsuu-hutul","area":"Хэцүү хөтөл","licence":"XV-022905","sensor":"Base / Control","dataType":"control_reference_point","controlType":"gcp","name":"GCP25","plannedActual":"reference","status":"confirmed_source","contextOnly":true,"sourceFile":"Hetsuu_Hutul_Drone_Project_Tracker.xlsx","sourceUrl":"https://docs.google.com/spreadsheets/d/1XvKLs9QCgvIjHjQbXlV7thqPu0HdLIae/edit?gid=289538975","sourceCrs":"EPSG:32646","displayCrs":"EPSG:4326","crsVerified":true,"easting":456157.03,"northing":5105614.231,"elevationM":1834.074,"dates":["2026-08-29"],"observationCount":1},"geometry":{"type":"Point","coordinates":[92.43273903,46.1026961]}},{"type":"Feature","id":"tracker-control:116","properties":{"project":"Hetsuu hutul","projectKey":"hetsuu-hutul","area":"Хэцүү хөтөл","licence":"XV-022905","sensor":"Base / Control","dataType":"control_reference_point","controlType":"gcp","name":"GCP1","plannedActual":"reference","status":"confirmed_source","contextOnly":true,"sourceFile":"Hetsuu_Hutul_Drone_Project_Tracker.xlsx","sourceUrl":"https://docs.google.com/spreadsheets/d/1XvKLs9QCgvIjHjQbXlV7thqPu0HdLIae/edit?gid=289538975","sourceCrs":"EPSG:32646","displayCrs":"EPSG:4326","crsVerified":true,"easting":458179.793,"northing":5106544.992,"elevationM":1846.223,"dates":["2026-08-30"],"observationCount":1},"geometry":{"type":"Point","coordinates":[92.4588273,46.11119962]}},{"type":"Feature","id":"tracker-control:117","properties":{"project":"Hetsuu hutul","projectKey":"hetsuu-hutul","area":"Хэцүү хөтөл","licence":"XV-022905","sensor":"Base / Control","dataType":"control_reference_point","controlType":"gcp","name":"GCP2","plannedActual":"reference","status":"confirmed_source","contextOnly":true,"sourceFile":"Hetsuu_Hutul_Drone_Project_Tracker.xlsx","sourceUrl":"https://docs.google.com/spreadsheets/d/1XvKLs9QCgvIjHjQbXlV7thqPu0HdLIae/edit?gid=289538975","sourceCrs":"EPSG:32646","displayCrs":"EPSG:4326","crsVerified":true,"easting":458006.23,"northing":5106713.647,"elevationM":1878.861,"dates":["2026-08-30"],"observationCount":1},"geometry":{"type":"Point","coordinates":[92.4565665,46.11270682]}},{"type":"Feature","id":"tracker-control:118","properties":{"project":"Hetsuu hutul","projectKey":"hetsuu-hutul","area":"Хэцүү хөтөл","licence":"XV-022905","sensor":"Base / Control","dataType":"control_reference_point","controlType":"gcp","name":"GCP3","plannedActual":"reference","status":"confirmed_source","contextOnly":true,"sourceFile":"Hetsuu_Hutul_Drone_Project_Tracker.xlsx","sourceUrl":"https://docs.google.com/spreadsheets/d/1XvKLs9QCgvIjHjQbXlV7thqPu0HdLIae/edit?gid=289538975","sourceCrs":"EPSG:32646","displayCrs":"EPSG:4326","crsVerified":true,"easting":457940.762,"northing":5106907.761,"elevationM":1949.578,"dates":["2026-08-30"],"observationCount":1},"geometry":{"type":"Point","coordinates":[92.45570213,46.11444977]}},{"type":"Feature","id":"tracker-control:119","properties":{"project":"Hetsuu hutul","projectKey":"hetsuu-hutul","area":"Хэцүү хөтөл","licence":"XV-022905","sensor":"Base / Control","dataType":"control_reference_point","controlType":"gcp","name":"GCP4","plannedActual":"reference","status":"confirmed_source","contextOnly":true,"sourceFile":"Hetsuu_Hutul_Drone_Project_Tracker.xlsx","sourceUrl":"https://docs.google.com/spreadsheets/d/1XvKLs9QCgvIjHjQbXlV7thqPu0HdLIae/edit?gid=289538975","sourceCrs":"EPSG:32646","displayCrs":"EPSG:4326","crsVerified":true,"easting":457731.091,"northing":5106685.507,"elevationM":1894.944,"dates":["2026-08-30"],"observationCount":1},"geometry":{"type":"Point","coordinates":[92.45300865,46.11243659]}},{"type":"Feature","id":"tracker-control:120","properties":{"project":"Hetsuu hutul","projectKey":"hetsuu-hutul","area":"Хэцүү хөтөл","licence":"XV-022905","sensor":"Base / Control","dataType":"control_reference_point","controlType":"gcp","name":"GCP5","plannedActual":"reference","status":"confirmed_source","contextOnly":true,"sourceFile":"Hetsuu_Hutul_Drone_Project_Tracker.xlsx","sourceUrl":"https://docs.google.com/spreadsheets/d/1XvKLs9QCgvIjHjQbXlV7thqPu0HdLIae/edit?gid=289538975","sourceCrs":"EPSG:32646","displayCrs":"EPSG:4326","crsVerified":true,"easting":457456.223,"northing":5106803.305,"elevationM":1968.773,"dates":["2026-08-30"],"observationCount":1},"geometry":{"type":"Point","coordinates":[92.44944126,46.11347966]}},{"type":"Feature","id":"tracker-control:121","properties":{"project":"Hetsuu hutul","projectKey":"hetsuu-hutul","area":"Хэцүү хөтөл","licence":"XV-022905","sensor":"Base / Control","dataType":"control_reference_point","controlType":"gcp","name":"GCP6","plannedActual":"reference","status":"confirmed_source","contextOnly":true,"sourceFile":"Hetsuu_Hutul_Drone_Project_Tracker.xlsx","sourceUrl":"https://docs.google.com/spreadsheets/d/1XvKLs9QCgvIjHjQbXlV7thqPu0HdLIae/edit?gid=289538975","sourceCrs":"EPSG:32646","displayCrs":"EPSG:4326","crsVerified":true,"easting":457295.484,"northing":5106675.21,"elevationM":1968.933,"dates":["2026-08-30"],"observationCount":1},"geometry":{"type":"Point","coordinates":[92.44737276,46.1123168]}},{"type":"Feature","id":"tracker-control:122","properties":{"project":"Hetsuu hutul","projectKey":"hetsuu-hutul","area":"Хэцүү хөтөл","licence":"XV-022905","sensor":"Base / Control","dataType":"control_reference_point","controlType":"gcp","name":"P01","plannedActual":"reference","status":"confirmed_source","contextOnly":true,"sourceFile":"Hetsuu_Hutul_Drone_Project_Tracker.xlsx","sourceUrl":"https://docs.google.com/spreadsheets/d/1XvKLs9QCgvIjHjQbXlV7thqPu0HdLIae/edit?gid=289538975","sourceCrs":"EPSG:32646","displayCrs":"EPSG:4326","crsVerified":true,"easting":457525.643,"northing":5106715.973,"elevationM":1927.446,"dates":["2026-08-30"],"observationCount":1},"geometry":{"type":"Point","coordinates":[92.4503474,46.11269802]}},{"type":"Feature","id":"tracker-control:123","properties":{"project":"Hetsuu hutul","projectKey":"hetsuu-hutul","area":"Хэцүү хөтөл","licence":"XV-022905","sensor":"Base / Control","dataType":"control_reference_point","controlType":"gcp","name":"P02","plannedActual":"reference","status":"confirmed_source","contextOnly":true,"sourceFile":"Hetsuu_Hutul_Drone_Project_Tracker.xlsx","sourceUrl":"https://docs.google.com/spreadsheets/d/1XvKLs9QCgvIjHjQbXlV7thqPu0HdLIae/edit?gid=289538975","sourceCrs":"EPSG:32646","displayCrs":"EPSG:4326","crsVerified":true,"easting":457572.898,"northing":5106703.559,"elevationM":1917.643,"dates":["2026-08-30"],"observationCount":1},"geometry":{"type":"Point","coordinates":[92.45096,46.11258924]}},{"type":"Feature","id":"tracker-control:124","properties":{"project":"Hetsuu hutul","projectKey":"hetsuu-hutul","area":"Хэцүү хөтөл","licence":"XV-022905","sensor":"Base / Control","dataType":"control_reference_point","controlType":"gcp","name":"P03","plannedActual":"reference","status":"confirmed_source","contextOnly":true,"sourceFile":"Hetsuu_Hutul_Drone_Project_Tracker.xlsx","sourceUrl":"https://docs.google.com/spreadsheets/d/1XvKLs9QCgvIjHjQbXlV7thqPu0HdLIae/edit?gid=289538975","sourceCrs":"EPSG:32646","displayCrs":"EPSG:4326","crsVerified":true,"easting":457614.97,"northing":5106691.893,"elevationM":1911.465,"dates":["2026-08-30"],"observationCount":1},"geometry":{"type":"Point","coordinates":[92.45150546,46.11248686]}},{"type":"Feature","id":"tracker-control:125","properties":{"project":"Hetsuu hutul","projectKey":"hetsuu-hutul","area":"Хэцүү хөтөл","licence":"XV-022905","sensor":"Base / Control","dataType":"control_reference_point","controlType":"gcp","name":"P04","plannedActual":"reference","status":"confirmed_source","contextOnly":true,"sourceFile":"Hetsuu_Hutul_Drone_Project_Tracker.xlsx","sourceUrl":"https://docs.google.com/spreadsheets/d/1XvKLs9QCgvIjHjQbXlV7thqPu0HdLIae/edit?gid=289538975","sourceCrs":"EPSG:32646","displayCrs":"EPSG:4326","crsVerified":true,"easting":457657.162,"northing":5106683.203,"elevationM":1908.603,"dates":["2026-08-30"],"observationCount":1},"geometry":{"type":"Point","coordinates":[92.4520522,46.11241127]}},{"type":"Feature","id":"tracker-control:126","properties":{"project":"Hetsuu hutul","projectKey":"hetsuu-hutul","area":"Хэцүү хөтөл","licence":"XV-022905","sensor":"Base / Control","dataType":"control_reference_point","controlType":"gcp","name":"P05","plannedActual":"reference","status":"confirmed_source","contextOnly":true,"sourceFile":"Hetsuu_Hutul_Drone_Project_Tracker.xlsx","sourceUrl":"https://docs.google.com/spreadsheets/d/1XvKLs9QCgvIjHjQbXlV7thqPu0HdLIae/edit?gid=289538975","sourceCrs":"EPSG:32646","displayCrs":"EPSG:4326","crsVerified":true,"easting":457717.452,"northing":5106674.775,"elevationM":1899.261,"dates":["2026-08-30"],"observationCount":1},"geometry":{"type":"Point","coordinates":[92.45283312,46.11233916]}},{"type":"Feature","id":"tracker-control:127","properties":{"project":"Hetsuu hutul","projectKey":"hetsuu-hutul","area":"Хэцүү хөтөл","licence":"XV-022905","sensor":"Base / Control","dataType":"control_reference_point","controlType":"gcp","name":"P06","plannedActual":"reference","status":"confirmed_source","contextOnly":true,"sourceFile":"Hetsuu_Hutul_Drone_Project_Tracker.xlsx","sourceUrl":"https://docs.google.com/spreadsheets/d/1XvKLs9QCgvIjHjQbXlV7thqPu0HdLIae/edit?gid=289538975","sourceCrs":"EPSG:32646","displayCrs":"EPSG:4326","crsVerified":true,"easting":457759.87,"northing":5106667.367,"elevationM":1890.941,"dates":["2026-08-30"],"observationCount":1},"geometry":{"type":"Point","coordinates":[92.45338267,46.11227511]}},{"type":"Feature","id":"tracker-control:128","properties":{"project":"Hetsuu hutul","projectKey":"hetsuu-hutul","area":"Хэцүү хөтөл","licence":"XV-022905","sensor":"Base / Control","dataType":"control_reference_point","controlType":"gcp","name":"GCP1","plannedActual":"reference","status":"confirmed_source","contextOnly":true,"sourceFile":"Hetsuu_Hutul_Drone_Project_Tracker.xlsx","sourceUrl":"https://docs.google.com/spreadsheets/d/1XvKLs9QCgvIjHjQbXlV7thqPu0HdLIae/edit?gid=289538975","sourceCrs":"EPSG:32646","displayCrs":"EPSG:4326","crsVerified":true,"easting":458077.162,"northing":5103596.357,"elevationM":1783.284,"dates":["2026-08-31"],"observationCount":1},"geometry":{"type":"Point","coordinates":[92.45775946,46.08465624]}},{"type":"Feature","id":"tracker-control:129","properties":{"project":"Hetsuu hutul","projectKey":"hetsuu-hutul","area":"Хэцүү хөтөл","licence":"XV-022905","sensor":"Base / Control","dataType":"control_reference_point","controlType":"gcp","name":"GCP2","plannedActual":"reference","status":"confirmed_source","contextOnly":true,"sourceFile":"Hetsuu_Hutul_Drone_Project_Tracker.xlsx","sourceUrl":"https://docs.google.com/spreadsheets/d/1XvKLs9QCgvIjHjQbXlV7thqPu0HdLIae/edit?gid=289538975","sourceCrs":"EPSG:32646","displayCrs":"EPSG:4326","crsVerified":true,"easting":458003.428,"northing":5102806.679,"elevationM":1837.813,"dates":["2026-08-31"],"observationCount":1},"geometry":{"type":"Point","coordinates":[92.45687555,46.07754476]}},{"type":"Feature","id":"tracker-control:130","properties":{"project":"Hetsuu hutul","projectKey":"hetsuu-hutul","area":"Хэцүү хөтөл","licence":"XV-022905","sensor":"Base / Control","dataType":"control_reference_point","controlType":"gcp","name":"GCP3","plannedActual":"reference","status":"confirmed_source","contextOnly":true,"sourceFile":"Hetsuu_Hutul_Drone_Project_Tracker.xlsx","sourceUrl":"https://docs.google.com/spreadsheets/d/1XvKLs9QCgvIjHjQbXlV7thqPu0HdLIae/edit?gid=289538975","sourceCrs":"EPSG:32646","displayCrs":"EPSG:4326","crsVerified":true,"easting":458007.81,"northing":5102379.982,"elevationM":1834.292,"dates":["2026-08-31"],"observationCount":1},"geometry":{"type":"Point","coordinates":[92.45696989,46.07370484]}},{"type":"Feature","id":"tracker-control:131","properties":{"project":"Hetsuu hutul","projectKey":"hetsuu-hutul","area":"Хэцүү хөтөл","licence":"XV-022905","sensor":"Base / Control","dataType":"control_reference_point","controlType":"gcp","name":"GCP4","plannedActual":"reference","status":"confirmed_source","contextOnly":true,"sourceFile":"Hetsuu_Hutul_Drone_Project_Tracker.xlsx","sourceUrl":"https://docs.google.com/spreadsheets/d/1XvKLs9QCgvIjHjQbXlV7thqPu0HdLIae/edit?gid=289538975","sourceCrs":"EPSG:32646","displayCrs":"EPSG:4326","crsVerified":true,"easting":457556.188,"northing":5102121.452,"elevationM":1858.407,"dates":["2026-08-31"],"observationCount":1},"geometry":{"type":"Point","coordinates":[92.45115298,46.07135022]}},{"type":"Feature","id":"tracker-control:132","properties":{"project":"Hetsuu hutul","projectKey":"hetsuu-hutul","area":"Хэцүү хөтөл","licence":"XV-022905","sensor":"Base / Control","dataType":"control_reference_point","controlType":"gcp","name":"GCP5","plannedActual":"reference","status":"confirmed_source","contextOnly":true,"sourceFile":"Hetsuu_Hutul_Drone_Project_Tracker.xlsx","sourceUrl":"https://docs.google.com/spreadsheets/d/1XvKLs9QCgvIjHjQbXlV7thqPu0HdLIae/edit?gid=289538975","sourceCrs":"EPSG:32646","displayCrs":"EPSG:4326","crsVerified":true,"easting":457113.52,"northing":5102213.519,"elevationM":1864.944,"dates":["2026-08-31"],"observationCount":1},"geometry":{"type":"Point","coordinates":[92.44542075,46.07215117]}},{"type":"Feature","id":"tracker-control:133","properties":{"project":"Hetsuu hutul","projectKey":"hetsuu-hutul","area":"Хэцүү хөтөл","licence":"XV-022905","sensor":"Base / Control","dataType":"control_reference_point","controlType":"gcp","name":"GCP6","plannedActual":"reference","status":"confirmed_source","contextOnly":true,"sourceFile":"Hetsuu_Hutul_Drone_Project_Tracker.xlsx","sourceUrl":"https://docs.google.com/spreadsheets/d/1XvKLs9QCgvIjHjQbXlV7thqPu0HdLIae/edit?gid=289538975","sourceCrs":"EPSG:32646","displayCrs":"EPSG:4326","crsVerified":true,"easting":457119.592,"northing":5102811.299,"elevationM":1832.043,"dates":["2026-08-31"],"observationCount":1},"geometry":{"type":"Point","coordinates":[92.44544538,46.07753146]}},{"type":"Feature","id":"tracker-control:134","properties":{"project":"Hetsuu hutul","projectKey":"hetsuu-hutul","area":"Хэцүү хөтөл","licence":"XV-022905","sensor":"Base / Control","dataType":"control_reference_point","controlType":"gcp","name":"GCP7","plannedActual":"reference","status":"confirmed_source","contextOnly":true,"sourceFile":"Hetsuu_Hutul_Drone_Project_Tracker.xlsx","sourceUrl":"https://docs.google.com/spreadsheets/d/1XvKLs9QCgvIjHjQbXlV7thqPu0HdLIae/edit?gid=289538975","sourceCrs":"EPSG:32646","displayCrs":"EPSG:4326","crsVerified":true,"easting":457557.628,"northing":5102810.182,"elevationM":1813.62,"dates":["2026-08-31"],"observationCount":1},"geometry":{"type":"Point","coordinates":[92.45111015,46.07754875]}},{"type":"Feature","id":"tracker-control:135","properties":{"project":"Hetsuu hutul","projectKey":"hetsuu-hutul","area":"Хэцүү хөтөл","licence":"XV-022905","sensor":"Base / Control","dataType":"control_reference_point","controlType":"gcp","name":"GCP1","plannedActual":"reference","status":"confirmed_source","contextOnly":true,"sourceFile":"Hetsuu_Hutul_Drone_Project_Tracker.xlsx","sourceUrl":"https://docs.google.com/spreadsheets/d/1XvKLs9QCgvIjHjQbXlV7thqPu0HdLIae/edit?gid=289538975","sourceCrs":"EPSG:32646","displayCrs":"EPSG:4326","crsVerified":true,"easting":456963.889,"northing":5103335.918,"elevationM":1835.125,"dates":["2026-09-02"],"observationCount":1},"geometry":{"type":"Point","coordinates":[92.44338436,46.08224313]}},{"type":"Feature","id":"tracker-control:136","properties":{"project":"Hetsuu hutul","projectKey":"hetsuu-hutul","area":"Хэцүү хөтөл","licence":"XV-022905","sensor":"Base / Control","dataType":"control_reference_point","controlType":"gcp","name":"GCP2","plannedActual":"reference","status":"confirmed_source","contextOnly":true,"sourceFile":"Hetsuu_Hutul_Drone_Project_Tracker.xlsx","sourceUrl":"https://docs.google.com/spreadsheets/d/1XvKLs9QCgvIjHjQbXlV7thqPu0HdLIae/edit?gid=289538975","sourceCrs":"EPSG:32646","displayCrs":"EPSG:4326","crsVerified":true,"easting":456653.503,"northing":5102805.866,"elevationM":1854.699,"dates":["2026-09-02"],"observationCount":1},"geometry":{"type":"Point","coordinates":[92.43941843,46.07745316]}},{"type":"Feature","id":"tracker-control:137","properties":{"project":"Hetsuu hutul","projectKey":"hetsuu-hutul","area":"Хэцүү хөтөл","licence":"XV-022905","sensor":"Base / Control","dataType":"control_reference_point","controlType":"gcp","name":"GCP3","plannedActual":"reference","status":"confirmed_source","contextOnly":true,"sourceFile":"Hetsuu_Hutul_Drone_Project_Tracker.xlsx","sourceUrl":"https://docs.google.com/spreadsheets/d/1XvKLs9QCgvIjHjQbXlV7thqPu0HdLIae/edit?gid=289538975","sourceCrs":"EPSG:32646","displayCrs":"EPSG:4326","crsVerified":true,"easting":456969.422,"northing":5102810.601,"elevationM":1828.724,"dates":["2026-09-02"],"observationCount":1},"geometry":{"type":"Point","coordinates":[92.44350345,46.07751574]}},{"type":"Feature","id":"tracker-control:138","properties":{"project":"Hetsuu hutul","projectKey":"hetsuu-hutul","area":"Хэцүү хөтөл","licence":"XV-022905","sensor":"Base / Control","dataType":"control_reference_point","controlType":"gcp","name":"GCP01","plannedActual":"reference","status":"confirmed_source","contextOnly":true,"sourceFile":"Hetsuu_Hutul_Drone_Project_Tracker.xlsx","sourceUrl":"https://docs.google.com/spreadsheets/d/1XvKLs9QCgvIjHjQbXlV7thqPu0HdLIae/edit?gid=289538975","sourceCrs":"EPSG:32646","displayCrs":"EPSG:4326","crsVerified":true,"easting":461101.263,"northing":5095338.35,"elevationM":1520.675,"dates":["2026-09-05"],"observationCount":1},"geometry":{"type":"Point","coordinates":[92.49754668,46.01051368]}},{"type":"Feature","id":"tracker-control:139","properties":{"project":"Hetsuu hutul","projectKey":"hetsuu-hutul","area":"Хэцүү хөтөл","licence":"XV-022905","sensor":"Base / Control","dataType":"control_reference_point","controlType":"gcp","name":"GCP02","plannedActual":"reference","status":"confirmed_source","contextOnly":true,"sourceFile":"Hetsuu_Hutul_Drone_Project_Tracker.xlsx","sourceUrl":"https://docs.google.com/spreadsheets/d/1XvKLs9QCgvIjHjQbXlV7thqPu0HdLIae/edit?gid=289538975","sourceCrs":"EPSG:32646","displayCrs":"EPSG:4326","crsVerified":true,"easting":460845.32,"northing":5095336.302,"elevationM":1518.399,"dates":["2026-09-05"],"observationCount":1},"geometry":{"type":"Point","coordinates":[92.49424097,46.01048067]}},{"type":"Feature","id":"tracker-control:140","properties":{"project":"Hetsuu hutul","projectKey":"hetsuu-hutul","area":"Хэцүү хөтөл","licence":"XV-022905","sensor":"Base / Control","dataType":"control_reference_point","controlType":"gcp","name":"GCP03","plannedActual":"reference","status":"confirmed_source","contextOnly":true,"sourceFile":"Hetsuu_Hutul_Drone_Project_Tracker.xlsx","sourceUrl":"https://docs.google.com/spreadsheets/d/1XvKLs9QCgvIjHjQbXlV7thqPu0HdLIae/edit?gid=289538975","sourceCrs":"EPSG:32646","displayCrs":"EPSG:4326","crsVerified":true,"easting":460713.244,"northing":5095220.425,"elevationM":1516.308,"dates":["2026-09-05"],"observationCount":1},"geometry":{"type":"Point","coordinates":[92.49254456,46.00943022]}},{"type":"Feature","id":"tracker-control:141","properties":{"project":"Hetsuu hutul","projectKey":"hetsuu-hutul","area":"Хэцүү хөтөл","licence":"XV-022905","sensor":"Base / Control","dataType":"control_reference_point","controlType":"gcp","name":"GCP04","plannedActual":"reference","status":"confirmed_source","contextOnly":true,"sourceFile":"Hetsuu_Hutul_Drone_Project_Tracker.xlsx","sourceUrl":"https://docs.google.com/spreadsheets/d/1XvKLs9QCgvIjHjQbXlV7thqPu0HdLIae/edit?gid=289538975","sourceCrs":"EPSG:32646","displayCrs":"EPSG:4326","crsVerified":true,"easting":460403.627,"northing":5095225.437,"elevationM":1516.99,"dates":["2026-09-05"],"observationCount":1},"geometry":{"type":"Point","coordinates":[92.48854507,46.0094575]}},{"type":"Feature","id":"tracker-control:142","properties":{"project":"Hetsuu hutul","projectKey":"hetsuu-hutul","area":"Хэцүү хөтөл","licence":"XV-022905","sensor":"Base / Control","dataType":"control_reference_point","controlType":"gcp","name":"GCP05","plannedActual":"reference","status":"confirmed_source","contextOnly":true,"sourceFile":"Hetsuu_Hutul_Drone_Project_Tracker.xlsx","sourceUrl":"https://docs.google.com/spreadsheets/d/1XvKLs9QCgvIjHjQbXlV7thqPu0HdLIae/edit?gid=289538975","sourceCrs":"EPSG:32646","displayCrs":"EPSG:4326","crsVerified":true,"easting":460402.322,"northing":5094916.206,"elevationM":1512.396,"dates":["2026-09-05"],"observationCount":1},"geometry":{"type":"Point","coordinates":[92.48855386,46.00667435]}},{"type":"Feature","id":"tracker-control:143","properties":{"project":"Hetsuu hutul","projectKey":"hetsuu-hutul","area":"Хэцүү хөтөл","licence":"XV-022905","sensor":"Base / Control","dataType":"control_reference_point","controlType":"gcp","name":"GCP06","plannedActual":"reference","status":"confirmed_source","contextOnly":true,"sourceFile":"Hetsuu_Hutul_Drone_Project_Tracker.xlsx","sourceUrl":"https://docs.google.com/spreadsheets/d/1XvKLs9QCgvIjHjQbXlV7thqPu0HdLIae/edit?gid=289538975","sourceCrs":"EPSG:32646","displayCrs":"EPSG:4326","crsVerified":true,"easting":459962.225,"northing":5094750.192,"elevationM":1512.178,"dates":["2026-09-05"],"observationCount":1},"geometry":{"type":"Point","coordinates":[92.4828837,46.00515466]}},{"type":"Feature","id":"tracker-control:144","properties":{"project":"Hetsuu hutul","projectKey":"hetsuu-hutul","area":"Хэцүү хөтөл","licence":"XV-022905","sensor":"Base / Control","dataType":"control_reference_point","controlType":"gcp","name":"GCP07","plannedActual":"reference","status":"confirmed_source","contextOnly":true,"sourceFile":"Hetsuu_Hutul_Drone_Project_Tracker.xlsx","sourceUrl":"https://docs.google.com/spreadsheets/d/1XvKLs9QCgvIjHjQbXlV7thqPu0HdLIae/edit?gid=289538975","sourceCrs":"EPSG:32646","displayCrs":"EPSG:4326","crsVerified":true,"easting":459073.896,"northing":5094627.263,"elevationM":1514.959,"dates":["2026-09-05"],"observationCount":1},"geometry":{"type":"Point","coordinates":[92.47142133,46.00399581]}},{"type":"Feature","id":"tracker-control:145","properties":{"project":"Hetsuu hutul","projectKey":"hetsuu-hutul","area":"Хэцүү хөтөл","licence":"XV-022905","sensor":"Base / Control","dataType":"control_reference_point","controlType":"gcp","name":"GCP08","plannedActual":"reference","status":"confirmed_source","contextOnly":true,"sourceFile":"Hetsuu_Hutul_Drone_Project_Tracker.xlsx","sourceUrl":"https://docs.google.com/spreadsheets/d/1XvKLs9QCgvIjHjQbXlV7thqPu0HdLIae/edit?gid=289538975","sourceCrs":"EPSG:32646","displayCrs":"EPSG:4326","crsVerified":true,"easting":458180.5,"northing":5094258.734,"elevationM":1517.868,"dates":["2026-09-05"],"observationCount":1},"geometry":{"type":"Point","coordinates":[92.45991551,46.00062513]}},{"type":"Feature","id":"tracker-control:146","properties":{"project":"Hetsuu hutul","projectKey":"hetsuu-hutul","area":"Хэцүү хөтөл","licence":"XV-022905","sensor":"Base / Control","dataType":"control_reference_point","controlType":"gcp","name":"GCP09","plannedActual":"reference","status":"confirmed_source","contextOnly":true,"sourceFile":"Hetsuu_Hutul_Drone_Project_Tracker.xlsx","sourceUrl":"https://docs.google.com/spreadsheets/d/1XvKLs9QCgvIjHjQbXlV7thqPu0HdLIae/edit?gid=289538975","sourceCrs":"EPSG:32646","displayCrs":"EPSG:4326","crsVerified":true,"easting":452861.193,"northing":5094286.019,"elevationM":1589.608,"dates":["2026-09-05"],"observationCount":1},"geometry":{"type":"Point","coordinates":[92.3912195,46.00052542]}},{"type":"Feature","id":"tracker-control:147","properties":{"project":"Hetsuu hutul","projectKey":"hetsuu-hutul","area":"Хэцүү хөтөл","licence":"XV-022905","sensor":"Base / Control","dataType":"control_reference_point","controlType":"gcp","name":"GCP10","plannedActual":"reference","status":"confirmed_source","contextOnly":true,"sourceFile":"Hetsuu_Hutul_Drone_Project_Tracker.xlsx","sourceUrl":"https://docs.google.com/spreadsheets/d/1XvKLs9QCgvIjHjQbXlV7thqPu0HdLIae/edit?gid=289538975","sourceCrs":"EPSG:32646","displayCrs":"EPSG:4326","crsVerified":true,"easting":453752.031,"northing":5094275.844,"elevationM":1590.765,"dates":["2026-09-05"],"observationCount":1},"geometry":{"type":"Point","coordinates":[92.40272469,46.00049455]}},{"type":"Feature","id":"tracker-control:148","properties":{"project":"Hetsuu hutul","projectKey":"hetsuu-hutul","area":"Хэцүү хөтөл","licence":"XV-022905","sensor":"Base / Control","dataType":"control_reference_point","controlType":"gcp","name":"GCP11","plannedActual":"reference","status":"confirmed_source","contextOnly":true,"sourceFile":"Hetsuu_Hutul_Drone_Project_Tracker.xlsx","sourceUrl":"https://docs.google.com/spreadsheets/d/1XvKLs9QCgvIjHjQbXlV7thqPu0HdLIae/edit?gid=289538975","sourceCrs":"EPSG:32646","displayCrs":"EPSG:4326","crsVerified":true,"easting":454640.997,"northing":5094530.749,"elevationM":1582.468,"dates":["2026-09-05"],"observationCount":1},"geometry":{"type":"Point","coordinates":[92.41418053,46.00284808]}},{"type":"Feature","id":"tracker-control:149","properties":{"project":"Hetsuu hutul","projectKey":"hetsuu-hutul","area":"Хэцүү хөтөл","licence":"XV-022905","sensor":"Base / Control","dataType":"control_reference_point","controlType":"gcp","name":"GCP12","plannedActual":"reference","status":"confirmed_source","contextOnly":true,"sourceFile":"Hetsuu_Hutul_Drone_Project_Tracker.xlsx","sourceUrl":"https://docs.google.com/spreadsheets/d/1XvKLs9QCgvIjHjQbXlV7thqPu0HdLIae/edit?gid=289538975","sourceCrs":"EPSG:32646","displayCrs":"EPSG:4326","crsVerified":true,"easting":455529.402,"northing":5094770.361,"elevationM":1580.268,"dates":["2026-09-05"],"observationCount":1},"geometry":{"type":"Point","coordinates":[92.42563153,46.00506279]}},{"type":"Feature","id":"tracker-control:150","properties":{"project":"Hetsuu hutul","projectKey":"hetsuu-hutul","area":"Хэцүү хөтөл","licence":"XV-022905","sensor":"Base / Control","dataType":"control_reference_point","controlType":"gcp","name":"GCP13","plannedActual":"reference","status":"confirmed_source","contextOnly":true,"sourceFile":"Hetsuu_Hutul_Drone_Project_Tracker.xlsx","sourceUrl":"https://docs.google.com/spreadsheets/d/1XvKLs9QCgvIjHjQbXlV7thqPu0HdLIae/edit?gid=289538975","sourceCrs":"EPSG:32646","displayCrs":"EPSG:4326","crsVerified":true,"easting":456411.158,"northing":5094625.612,"elevationM":1557.127,"dates":["2026-09-05"],"observationCount":1},"geometry":{"type":"Point","coordinates":[92.43703267,46.00381673]}},{"type":"Feature","id":"tracker-control:151","properties":{"project":"Hetsuu hutul","projectKey":"hetsuu-hutul","area":"Хэцүү хөтөл","licence":"XV-022905","sensor":"Base / Control","dataType":"control_reference_point","controlType":"gcp","name":"GCP14","plannedActual":"reference","status":"confirmed_source","contextOnly":true,"sourceFile":"Hetsuu_Hutul_Drone_Project_Tracker.xlsx","sourceUrl":"https://docs.google.com/spreadsheets/d/1XvKLs9QCgvIjHjQbXlV7thqPu0HdLIae/edit?gid=289538975","sourceCrs":"EPSG:32646","displayCrs":"EPSG:4326","crsVerified":true,"easting":457302.488,"northing":5094677.723,"elevationM":1546.54,"dates":["2026-09-05"],"observationCount":1},"geometry":{"type":"Point","coordinates":[92.44853935,46.00434185]}},{"type":"Feature","id":"tracker-control:152","properties":{"project":"Hetsuu hutul","projectKey":"hetsuu-hutul","area":"Хэцүү хөтөл","licence":"XV-022905","sensor":"Base / Control","dataType":"control_reference_point","controlType":"gcp","name":"GCP15","plannedActual":"reference","status":"confirmed_source","contextOnly":true,"sourceFile":"Hetsuu_Hutul_Drone_Project_Tracker.xlsx","sourceUrl":"https://docs.google.com/spreadsheets/d/1XvKLs9QCgvIjHjQbXlV7thqPu0HdLIae/edit?gid=289538975","sourceCrs":"EPSG:32646","displayCrs":"EPSG:4326","crsVerified":true,"easting":455521.417,"northing":5095224.273,"elevationM":1609.391,"dates":["2026-09-05"],"observationCount":1},"geometry":{"type":"Point","coordinates":[92.42548611,46.00914743]}},{"type":"Feature","id":"tracker-control:153","properties":{"project":"Hetsuu hutul","projectKey":"hetsuu-hutul","area":"Хэцүү хөтөл","licence":"XV-022905","sensor":"Base / Control","dataType":"control_reference_point","controlType":"gcp","name":"GCP16","plannedActual":"reference","status":"confirmed_source","contextOnly":true,"sourceFile":"Hetsuu_Hutul_Drone_Project_Tracker.xlsx","sourceUrl":"https://docs.google.com/spreadsheets/d/1XvKLs9QCgvIjHjQbXlV7thqPu0HdLIae/edit?gid=289538975","sourceCrs":"EPSG:32646","displayCrs":"EPSG:4326","crsVerified":true,"easting":455079.121,"northing":5095227.562,"elevationM":1637.047,"dates":["2026-09-05"],"observationCount":1},"geometry":{"type":"Point","coordinates":[92.41977312,46.00914817]}},{"type":"Feature","id":"tracker-control:154","properties":{"project":"Hetsuu hutul","projectKey":"hetsuu-hutul","area":"Хэцүү хөтөл","licence":"XV-022905","sensor":"Base / Control","dataType":"control_reference_point","controlType":"gcp","name":"GCP17","plannedActual":"reference","status":"confirmed_source","contextOnly":true,"sourceFile":"Hetsuu_Hutul_Drone_Project_Tracker.xlsx","sourceUrl":"https://docs.google.com/spreadsheets/d/1XvKLs9QCgvIjHjQbXlV7thqPu0HdLIae/edit?gid=289538975","sourceCrs":"EPSG:32646","displayCrs":"EPSG:4326","crsVerified":true,"easting":455967.797,"northing":5095229.149,"elevationM":1591.968,"dates":["2026-09-05"],"observationCount":1},"geometry":{"type":"Point","coordinates":[92.43125111,46.00922015]}},{"type":"Feature","id":"tracker-control:155","properties":{"project":"Hetsuu hutul","projectKey":"hetsuu-hutul","area":"Хэцүү хөтөл","licence":"XV-022905","sensor":"Base / Control","dataType":"control_reference_point","controlType":"gcp","name":"GCP18","plannedActual":"reference","status":"confirmed_source","contextOnly":true,"sourceFile":"Hetsuu_Hutul_Drone_Project_Tracker.xlsx","sourceUrl":"https://docs.google.com/spreadsheets/d/1XvKLs9QCgvIjHjQbXlV7thqPu0HdLIae/edit?gid=289538975","sourceCrs":"EPSG:32646","displayCrs":"EPSG:4326","crsVerified":true,"easting":456416.322,"northing":5095227.373,"elevationM":1580.579,"dates":["2026-09-05"],"observationCount":1},"geometry":{"type":"Point","coordinates":[92.43704443,46.00923285]}},{"type":"Feature","id":"tracker-control:156","properties":{"project":"Hetsuu hutul","projectKey":"hetsuu-hutul","area":"Хэцүү хөтөл","licence":"XV-022905","sensor":"Base / Control","dataType":"control_reference_point","controlType":"gcp","name":"GCP19","plannedActual":"reference","status":"confirmed_source","contextOnly":true,"sourceFile":"Hetsuu_Hutul_Drone_Project_Tracker.xlsx","sourceUrl":"https://docs.google.com/spreadsheets/d/1XvKLs9QCgvIjHjQbXlV7thqPu0HdLIae/edit?gid=289538975","sourceCrs":"EPSG:32646","displayCrs":"EPSG:4326","crsVerified":true,"easting":456854.591,"northing":5095225.834,"elevationM":1573.631,"dates":["2026-09-05"],"observationCount":1},"geometry":{"type":"Point","coordinates":[92.44270527,46.00924674]}},{"type":"Feature","id":"tracker-control:157","properties":{"project":"Hetsuu hutul","projectKey":"hetsuu-hutul","area":"Хэцүү хөтөл","licence":"XV-022905","sensor":"Base / Control","dataType":"control_reference_point","controlType":"gcp","name":"GCP20","plannedActual":"reference","status":"confirmed_source","contextOnly":true,"sourceFile":"Hetsuu_Hutul_Drone_Project_Tracker.xlsx","sourceUrl":"https://docs.google.com/spreadsheets/d/1XvKLs9QCgvIjHjQbXlV7thqPu0HdLIae/edit?gid=289538975","sourceCrs":"EPSG:32646","displayCrs":"EPSG:4326","crsVerified":true,"easting":457301.318,"northing":5095511.449,"elevationM":1572.806,"dates":["2026-09-05"],"observationCount":1},"geometry":{"type":"Point","coordinates":[92.44844967,46.01184524]}},{"type":"Feature","id":"tracker-control:158","properties":{"project":"Hetsuu hutul","projectKey":"hetsuu-hutul","area":"Хэцүү хөтөл","licence":"XV-022905","sensor":"Base / Control","dataType":"control_reference_point","controlType":"gcp","name":"GCP21","plannedActual":"reference","status":"confirmed_source","contextOnly":true,"sourceFile":"Hetsuu_Hutul_Drone_Project_Tracker.xlsx","sourceUrl":"https://docs.google.com/spreadsheets/d/1XvKLs9QCgvIjHjQbXlV7thqPu0HdLIae/edit?gid=289538975","sourceCrs":"EPSG:32646","displayCrs":"EPSG:4326","crsVerified":true,"easting":457301.585,"northing":5095228.005,"elevationM":1563.862,"dates":["2026-09-05"],"observationCount":1},"geometry":{"type":"Point","coordinates":[92.44847847,46.00929429]}},{"type":"Feature","id":"tracker-control:159","properties":{"project":"Hetsuu hutul","projectKey":"hetsuu-hutul","area":"Хэцүү хөтөл","licence":"XV-022905","sensor":"Base / Control","dataType":"control_reference_point","controlType":"gcp","name":"GCP22","plannedActual":"reference","status":"confirmed_source","contextOnly":true,"sourceFile":"Hetsuu_Hutul_Drone_Project_Tracker.xlsx","sourceUrl":"https://docs.google.com/spreadsheets/d/1XvKLs9QCgvIjHjQbXlV7thqPu0HdLIae/edit?gid=289538975","sourceCrs":"EPSG:32646","displayCrs":"EPSG:4326","crsVerified":true,"easting":457746.088,"northing":5095226.262,"elevationM":1550.239,"dates":["2026-09-05"],"observationCount":1},"geometry":{"type":"Point","coordinates":[92.45421986,46.00930616]}},{"type":"Feature","id":"tracker-control:160","properties":{"project":"Hetsuu hutul","projectKey":"hetsuu-hutul","area":"Хэцүү хөтөл","licence":"XV-022905","sensor":"Base / Control","dataType":"control_reference_point","controlType":"gcp","name":"GCP23","plannedActual":"reference","status":"confirmed_source","contextOnly":true,"sourceFile":"Hetsuu_Hutul_Drone_Project_Tracker.xlsx","sourceUrl":"https://docs.google.com/spreadsheets/d/1XvKLs9QCgvIjHjQbXlV7thqPu0HdLIae/edit?gid=289538975","sourceCrs":"EPSG:32646","displayCrs":"EPSG:4326","crsVerified":true,"easting":458190.979,"northing":5095227.124,"elevationM":1542.15,"dates":["2026-09-05"],"observationCount":1},"geometry":{"type":"Point","coordinates":[92.45996604,46.00934122]}},{"type":"Feature","id":"tracker-control:161","properties":{"project":"Hetsuu hutul","projectKey":"hetsuu-hutul","area":"Хэцүү хөтөл","licence":"XV-022905","sensor":"Base / Control","dataType":"control_reference_point","controlType":"gcp","name":"GCP24","plannedActual":"reference","status":"confirmed_source","contextOnly":true,"sourceFile":"Hetsuu_Hutul_Drone_Project_Tracker.xlsx","sourceUrl":"https://docs.google.com/spreadsheets/d/1XvKLs9QCgvIjHjQbXlV7thqPu0HdLIae/edit?gid=289538975","sourceCrs":"EPSG:32646","displayCrs":"EPSG:4326","crsVerified":true,"easting":458190.257,"northing":5095879.302,"elevationM":1573.856,"dates":["2026-09-05"],"observationCount":1},"geometry":{"type":"Point","coordinates":[92.45989958,46.01521072]}},{"type":"Feature","id":"tracker-control:162","properties":{"project":"Hetsuu hutul","projectKey":"hetsuu-hutul","area":"Хэцүү хөтөл","licence":"XV-022905","sensor":"Base / Control","dataType":"control_reference_point","controlType":"gcp","name":"GCP25","plannedActual":"reference","status":"confirmed_source","contextOnly":true,"sourceFile":"Hetsuu_Hutul_Drone_Project_Tracker.xlsx","sourceUrl":"https://docs.google.com/spreadsheets/d/1XvKLs9QCgvIjHjQbXlV7thqPu0HdLIae/edit?gid=289538975","sourceCrs":"EPSG:32646","displayCrs":"EPSG:4326","crsVerified":true,"easting":458635.752,"northing":5095222.944,"elevationM":1537.532,"dates":["2026-09-05"],"observationCount":1},"geometry":{"type":"Point","coordinates":[92.46571114,46.0093306]}},{"type":"Feature","id":"tracker-control:163","properties":{"project":"Hetsuu hutul","projectKey":"hetsuu-hutul","area":"Хэцүү хөтөл","licence":"XV-022905","sensor":"Base / Control","dataType":"control_reference_point","controlType":"gcp","name":"GCP26","plannedActual":"reference","status":"confirmed_source","contextOnly":true,"sourceFile":"Hetsuu_Hutul_Drone_Project_Tracker.xlsx","sourceUrl":"https://docs.google.com/spreadsheets/d/1XvKLs9QCgvIjHjQbXlV7thqPu0HdLIae/edit?gid=289538975","sourceCrs":"EPSG:32646","displayCrs":"EPSG:4326","crsVerified":true,"easting":459074.985,"northing":5095225.478,"elevationM":1531.487,"dates":["2026-09-05"],"observationCount":1},"geometry":{"type":"Point","coordinates":[92.47138411,46.00937978]}},{"type":"Feature","id":"tracker-control:164","properties":{"project":"Hetsuu hutul","projectKey":"hetsuu-hutul","area":"Хэцүү хөтөл","licence":"XV-022905","sensor":"Base / Control","dataType":"control_reference_point","controlType":"gcp","name":"GCP27","plannedActual":"reference","status":"confirmed_source","contextOnly":true,"sourceFile":"Hetsuu_Hutul_Drone_Project_Tracker.xlsx","sourceUrl":"https://docs.google.com/spreadsheets/d/1XvKLs9QCgvIjHjQbXlV7thqPu0HdLIae/edit?gid=289538975","sourceCrs":"EPSG:32646","displayCrs":"EPSG:4326","crsVerified":true,"easting":459074.237,"northing":5095957.323,"elevationM":1554.549,"dates":["2026-09-05"],"observationCount":1},"geometry":{"type":"Point","coordinates":[92.47131169,46.0159663]}},{"type":"Feature","id":"tracker-control:165","properties":{"project":"Hetsuu hutul","projectKey":"hetsuu-hutul","area":"Хэцүү хөтөл","licence":"XV-022905","sensor":"Base / Control","dataType":"control_reference_point","controlType":"gcp","name":"GCP28","plannedActual":"reference","status":"confirmed_source","contextOnly":true,"sourceFile":"Hetsuu_Hutul_Drone_Project_Tracker.xlsx","sourceUrl":"https://docs.google.com/spreadsheets/d/1XvKLs9QCgvIjHjQbXlV7thqPu0HdLIae/edit?gid=289538975","sourceCrs":"EPSG:32646","displayCrs":"EPSG:4326","crsVerified":true,"easting":459513.78,"northing":5095223.225,"elevationM":1526.988,"dates":["2026-09-05"],"observationCount":1},"geometry":{"type":"Point","coordinates":[92.47705184,46.00938558]}},{"type":"Feature","id":"tracker-control:166","properties":{"project":"Hetsuu hutul","projectKey":"hetsuu-hutul","area":"Хэцүү хөтөл","licence":"XV-022905","sensor":"Base / Control","dataType":"control_reference_point","controlType":"gcp","name":"GCP29","plannedActual":"reference","status":"confirmed_source","contextOnly":true,"sourceFile":"Hetsuu_Hutul_Drone_Project_Tracker.xlsx","sourceUrl":"https://docs.google.com/spreadsheets/d/1XvKLs9QCgvIjHjQbXlV7thqPu0HdLIae/edit?gid=289538975","sourceCrs":"EPSG:32646","displayCrs":"EPSG:4326","crsVerified":true,"easting":459960.836,"northing":5096010.799,"elevationM":1544.007,"dates":["2026-09-05"],"observationCount":1},"geometry":{"type":"Point","coordinates":[92.48276001,46.01649999]}},{"type":"Feature","id":"tracker-control:167","properties":{"project":"Hetsuu hutul","projectKey":"hetsuu-hutul","area":"Хэцүү хөтөл","licence":"XV-022905","sensor":"Base / Control","dataType":"control_reference_point","controlType":"gcp","name":"GCP30","plannedActual":"reference","status":"confirmed_source","contextOnly":true,"sourceFile":"Hetsuu_Hutul_Drone_Project_Tracker.xlsx","sourceUrl":"https://docs.google.com/spreadsheets/d/1XvKLs9QCgvIjHjQbXlV7thqPu0HdLIae/edit?gid=289538975","sourceCrs":"EPSG:32646","displayCrs":"EPSG:4326","crsVerified":true,"easting":459965.374,"northing":5095228.276,"elevationM":1521.877,"dates":["2026-09-05"],"observationCount":1},"geometry":{"type":"Point","coordinates":[92.48288428,46.00945758]}},{"type":"Feature","id":"tracker-control:168","properties":{"project":"Hetsuu hutul","projectKey":"hetsuu-hutul","area":"Хэцүү хөтөл","licence":"XV-022905","sensor":"Base / Control","dataType":"control_reference_point","controlType":"gcp","name":"GCP31","plannedActual":"reference","status":"confirmed_source","contextOnly":true,"sourceFile":"Hetsuu_Hutul_Drone_Project_Tracker.xlsx","sourceUrl":"https://docs.google.com/spreadsheets/d/1XvKLs9QCgvIjHjQbXlV7thqPu0HdLIae/edit?gid=289538975","sourceCrs":"EPSG:32646","displayCrs":"EPSG:4326","crsVerified":true,"easting":460854.807,"northing":5095937.273,"elevationM":1527.193,"dates":["2026-09-05"],"observationCount":1},"geometry":{"type":"Point","coordinates":[92.49431421,46.01588994]}},{"type":"Feature","id":"tracker-control:169","properties":{"project":"Hetsuu hutul","projectKey":"hetsuu-hutul","area":"Хэцүү хөтөл","licence":"XV-022905","sensor":"Base / Control","dataType":"control_reference_point","controlType":"gcp","name":"GCP32","plannedActual":"reference","status":"confirmed_source","contextOnly":true,"sourceFile":"Hetsuu_Hutul_Drone_Project_Tracker.xlsx","sourceUrl":"https://docs.google.com/spreadsheets/d/1XvKLs9QCgvIjHjQbXlV7thqPu0HdLIae/edit?gid=289538975","sourceCrs":"EPSG:32646","displayCrs":"EPSG:4326","crsVerified":true,"easting":461545.116,"northing":5097257.992,"elevationM":1605.958,"dates":["2026-09-05"],"observationCount":1},"geometry":{"type":"Point","coordinates":[92.50312496,46.02781548]}},{"type":"Feature","id":"tracker-control:170","properties":{"project":"Hetsuu hutul","projectKey":"hetsuu-hutul","area":"Хэцүү хөтөл","licence":"XV-022905","sensor":"Base / Control","dataType":"control_reference_point","controlType":"gcp","name":"GCP33","plannedActual":"reference","status":"confirmed_source","contextOnly":true,"sourceFile":"Hetsuu_Hutul_Drone_Project_Tracker.xlsx","sourceUrl":"https://docs.google.com/spreadsheets/d/1XvKLs9QCgvIjHjQbXlV7thqPu0HdLIae/edit?gid=289538975","sourceCrs":"EPSG:32646","displayCrs":"EPSG:4326","crsVerified":true,"easting":461535.163,"northing":5096821.814,"elevationM":1568.999,"dates":["2026-09-05"],"observationCount":1},"geometry":{"type":"Point","coordinates":[92.50303154,46.02388933]}},{"type":"Feature","id":"tracker-control:171","properties":{"project":"Hetsuu hutul","projectKey":"hetsuu-hutul","area":"Хэцүү хөтөл","licence":"XV-022905","sensor":"Base / Control","dataType":"control_reference_point","controlType":"gcp","name":"GCP34","plannedActual":"reference","status":"confirmed_source","contextOnly":true,"sourceFile":"Hetsuu_Hutul_Drone_Project_Tracker.xlsx","sourceUrl":"https://docs.google.com/spreadsheets/d/1XvKLs9QCgvIjHjQbXlV7thqPu0HdLIae/edit?gid=289538975","sourceCrs":"EPSG:32646","displayCrs":"EPSG:4326","crsVerified":true,"easting":461294.427,"northing":5096746.214,"elevationM":1568.468,"dates":["2026-09-05"],"observationCount":1},"geometry":{"type":"Point","coordinates":[92.49992747,46.02319537]}},{"type":"Feature","id":"tracker-control:172","properties":{"project":"Hetsuu hutul","projectKey":"hetsuu-hutul","area":"Хэцүү хөтөл","licence":"XV-022905","sensor":"Base / Control","dataType":"control_reference_point","controlType":"gcp","name":"GCP35","plannedActual":"reference","status":"confirmed_source","contextOnly":true,"sourceFile":"Hetsuu_Hutul_Drone_Project_Tracker.xlsx","sourceUrl":"https://docs.google.com/spreadsheets/d/1XvKLs9QCgvIjHjQbXlV7thqPu0HdLIae/edit?gid=289538975","sourceCrs":"EPSG:32646","displayCrs":"EPSG:4326","crsVerified":true,"easting":460403.801,"northing":5096783.889,"elevationM":1592.429,"dates":["2026-09-05"],"observationCount":1},"geometry":{"type":"Point","coordinates":[92.48841799,46.02348351]}},{"type":"Feature","id":"tracker-control:173","properties":{"project":"Hetsuu hutul","projectKey":"hetsuu-hutul","area":"Хэцүү хөтөл","licence":"XV-022905","sensor":"Base / Control","dataType":"control_reference_point","controlType":"gcp","name":"GCP36","plannedActual":"reference","status":"confirmed_source","contextOnly":true,"sourceFile":"Hetsuu_Hutul_Drone_Project_Tracker.xlsx","sourceUrl":"https://docs.google.com/spreadsheets/d/1XvKLs9QCgvIjHjQbXlV7thqPu0HdLIae/edit?gid=289538975","sourceCrs":"EPSG:32646","displayCrs":"EPSG:4326","crsVerified":true,"easting":459519.752,"northing":5096518.222,"elevationM":1570.392,"dates":["2026-09-05"],"observationCount":1},"geometry":{"type":"Point","coordinates":[92.47701912,46.02104083]}},{"type":"Feature","id":"tracker-control:174","properties":{"project":"Hetsuu hutul","projectKey":"hetsuu-hutul","area":"Хэцүү хөтөл","licence":"XV-022905","sensor":"Base / Control","dataType":"control_reference_point","controlType":"gcp","name":"GCP37","plannedActual":"reference","status":"confirmed_source","contextOnly":true,"sourceFile":"Hetsuu_Hutul_Drone_Project_Tracker.xlsx","sourceUrl":"https://docs.google.com/spreadsheets/d/1XvKLs9QCgvIjHjQbXlV7thqPu0HdLIae/edit?gid=289538975","sourceCrs":"EPSG:32646","displayCrs":"EPSG:4326","crsVerified":true,"easting":458625.721,"northing":5096500.943,"elevationM":1592.888,"dates":["2026-09-05"],"observationCount":1},"geometry":{"type":"Point","coordinates":[92.46547077,46.02083189]}},{"type":"Feature","id":"tracker-control:175","properties":{"project":"Hetsuu hutul","projectKey":"hetsuu-hutul","area":"Хэцүү хөтөл","licence":"XV-022905","sensor":"Base / Control","dataType":"control_reference_point","controlType":"gcp","name":"GCP38","plannedActual":"reference","status":"confirmed_source","contextOnly":true,"sourceFile":"Hetsuu_Hutul_Drone_Project_Tracker.xlsx","sourceUrl":"https://docs.google.com/spreadsheets/d/1XvKLs9QCgvIjHjQbXlV7thqPu0HdLIae/edit?gid=289538975","sourceCrs":"EPSG:32646","displayCrs":"EPSG:4326","crsVerified":true,"easting":461286.501,"northing":5097255.48,"elevationM":1658.631,"dates":["2026-09-07"],"observationCount":1},"geometry":{"type":"Point","coordinates":[92.49978373,46.02777829]}},{"type":"Feature","id":"tracker-control:176","properties":{"project":"Hetsuu hutul","projectKey":"hetsuu-hutul","area":"Хэцүү хөтөл","licence":"XV-022905","sensor":"Base / Control","dataType":"control_reference_point","controlType":"gcp","name":"GCP39","plannedActual":"reference","status":"confirmed_source","contextOnly":true,"sourceFile":"Hetsuu_Hutul_Drone_Project_Tracker.xlsx","sourceUrl":"https://docs.google.com/spreadsheets/d/1XvKLs9QCgvIjHjQbXlV7thqPu0HdLIae/edit?gid=289538975","sourceCrs":"EPSG:32646","displayCrs":"EPSG:4326","crsVerified":true,"easting":460857.541,"northing":5097263.615,"elevationM":1777.808,"dates":["2026-09-07"],"observationCount":1},"geometry":{"type":"Point","coordinates":[92.4942407,46.02782712]}},{"type":"Feature","id":"tracker-control:177","properties":{"project":"Hetsuu hutul","projectKey":"hetsuu-hutul","area":"Хэцүү хөтөл","licence":"XV-022905","sensor":"Base / Control","dataType":"control_reference_point","controlType":"gcp","name":"GCP40","plannedActual":"reference","status":"confirmed_source","contextOnly":true,"sourceFile":"Hetsuu_Hutul_Drone_Project_Tracker.xlsx","sourceUrl":"https://docs.google.com/spreadsheets/d/1XvKLs9QCgvIjHjQbXlV7thqPu0HdLIae/edit?gid=289538975","sourceCrs":"EPSG:32646","displayCrs":"EPSG:4326","crsVerified":true,"easting":460412.31,"northing":5097263.216,"elevationM":1775.509,"dates":["2026-09-07"],"observationCount":1},"geometry":{"type":"Point","coordinates":[92.48848814,46.02779792]}},{"type":"Feature","id":"tracker-control:178","properties":{"project":"Hetsuu hutul","projectKey":"hetsuu-hutul","area":"Хэцүү хөтөл","licence":"XV-022905","sensor":"Base / Control","dataType":"control_reference_point","controlType":"gcp","name":"GCP41","plannedActual":"reference","status":"confirmed_source","contextOnly":true,"sourceFile":"Hetsuu_Hutul_Drone_Project_Tracker.xlsx","sourceUrl":"https://docs.google.com/spreadsheets/d/1XvKLs9QCgvIjHjQbXlV7thqPu0HdLIae/edit?gid=289538975","sourceCrs":"EPSG:32646","displayCrs":"EPSG:4326","crsVerified":true,"easting":459968.726,"northing":5097253.286,"elevationM":1687.253,"dates":["2026-09-07"],"observationCount":1},"geometry":{"type":"Point","coordinates":[92.48275766,46.02768276]}},{"type":"Feature","id":"tracker-control:179","properties":{"project":"Hetsuu hutul","projectKey":"hetsuu-hutul","area":"Хэцүү хөтөл","licence":"XV-022905","sensor":"Base / Control","dataType":"control_reference_point","controlType":"gcp","name":"GCP42","plannedActual":"reference","status":"confirmed_source","contextOnly":true,"sourceFile":"Hetsuu_Hutul_Drone_Project_Tracker.xlsx","sourceUrl":"https://docs.google.com/spreadsheets/d/1XvKLs9QCgvIjHjQbXlV7thqPu0HdLIae/edit?gid=289538975","sourceCrs":"EPSG:32646","displayCrs":"EPSG:4326","crsVerified":true,"easting":459514.934,"northing":5097266.272,"elevationM":1662.419,"dates":["2026-09-07"],"observationCount":1},"geometry":{"type":"Point","coordinates":[92.47689338,46.02777295]}},{"type":"Feature","id":"tracker-control:180","properties":{"project":"Hetsuu hutul","projectKey":"hetsuu-hutul","area":"Хэцүү хөтөл","licence":"XV-022905","sensor":"Base / Control","dataType":"control_reference_point","controlType":"gcp","name":"GCP43","plannedActual":"reference","status":"confirmed_source","contextOnly":true,"sourceFile":"Hetsuu_Hutul_Drone_Project_Tracker.xlsx","sourceUrl":"https://docs.google.com/spreadsheets/d/1XvKLs9QCgvIjHjQbXlV7thqPu0HdLIae/edit?gid=289538975","sourceCrs":"EPSG:32646","displayCrs":"EPSG:4326","crsVerified":true,"easting":459078.989,"northing":5096977.67,"elevationM":1659.823,"dates":["2026-09-07"],"observationCount":1},"geometry":{"type":"Point","coordinates":[92.47128555,46.02514963]}},{"type":"Feature","id":"tracker-control:181","properties":{"project":"Hetsuu hutul","projectKey":"hetsuu-hutul","area":"Хэцүү хөтөл","licence":"XV-022905","sensor":"Base / Control","dataType":"control_reference_point","controlType":"gcp","name":"GCP44","plannedActual":"reference","status":"confirmed_source","contextOnly":true,"sourceFile":"Hetsuu_Hutul_Drone_Project_Tracker.xlsx","sourceUrl":"https://docs.google.com/spreadsheets/d/1XvKLs9QCgvIjHjQbXlV7thqPu0HdLIae/edit?gid=289538975","sourceCrs":"EPSG:32646","displayCrs":"EPSG:4326","crsVerified":true,"easting":461731.65,"northing":5098257.441,"elevationM":1686.546,"dates":["2026-09-08"],"observationCount":1},"geometry":{"type":"Point","coordinates":[92.50545485,46.03682093]}},{"type":"Feature","id":"tracker-control:182","properties":{"project":"Hetsuu hutul","projectKey":"hetsuu-hutul","area":"Хэцүү хөтөл","licence":"XV-022905","sensor":"Base / Control","dataType":"control_reference_point","controlType":"gcp","name":"GCP45","plannedActual":"reference","status":"confirmed_source","contextOnly":true,"sourceFile":"Hetsuu_Hutul_Drone_Project_Tracker.xlsx","sourceUrl":"https://docs.google.com/spreadsheets/d/1XvKLs9QCgvIjHjQbXlV7thqPu0HdLIae/edit?gid=289538975","sourceCrs":"EPSG:32646","displayCrs":"EPSG:4326","crsVerified":true,"easting":461930.654,"northing":5098400.298,"elevationM":1697.904,"dates":["2026-09-08"],"observationCount":1},"geometry":{"type":"Point","coordinates":[92.50801508,46.03811773]}},{"type":"Feature","id":"tracker-control:183","properties":{"project":"Hetsuu hutul","projectKey":"hetsuu-hutul","area":"Хэцүү хөтөл","licence":"XV-022905","sensor":"Base / Control","dataType":"control_reference_point","controlType":"gcp","name":"GCP46","plannedActual":"reference","status":"confirmed_source","contextOnly":true,"sourceFile":"Hetsuu_Hutul_Drone_Project_Tracker.xlsx","sourceUrl":"https://docs.google.com/spreadsheets/d/1XvKLs9QCgvIjHjQbXlV7thqPu0HdLIae/edit?gid=289538975","sourceCrs":"EPSG:32646","displayCrs":"EPSG:4326","crsVerified":true,"easting":461737.306,"northing":5098674.762,"elevationM":1724.641,"dates":["2026-09-08"],"observationCount":1},"geometry":{"type":"Point","coordinates":[92.50549443,46.04057711]}},{"type":"Feature","id":"tracker-control:184","properties":{"project":"Hetsuu hutul","projectKey":"hetsuu-hutul","area":"Хэцүү хөтөл","licence":"XV-022905","sensor":"Base / Control","dataType":"control_reference_point","controlType":"gcp","name":"GCP47","plannedActual":"reference","status":"confirmed_source","contextOnly":true,"sourceFile":"Hetsuu_Hutul_Drone_Project_Tracker.xlsx","sourceUrl":"https://docs.google.com/spreadsheets/d/1XvKLs9QCgvIjHjQbXlV7thqPu0HdLIae/edit?gid=289538975","sourceCrs":"EPSG:32646","displayCrs":"EPSG:4326","crsVerified":true,"easting":461296.814,"northing":5098789.526,"elevationM":1725.079,"dates":["2026-09-08"],"observationCount":1},"geometry":{"type":"Point","coordinates":[92.49979243,46.04158521]}},{"type":"Feature","id":"tracker-control:185","properties":{"project":"Hetsuu hutul","projectKey":"hetsuu-hutul","area":"Хэцүү хөтөл","licence":"XV-022905","sensor":"Base / Control","dataType":"control_reference_point","controlType":"gcp","name":"GCP48","plannedActual":"reference","status":"confirmed_source","contextOnly":true,"sourceFile":"Hetsuu_Hutul_Drone_Project_Tracker.xlsx","sourceUrl":"https://docs.google.com/spreadsheets/d/1XvKLs9QCgvIjHjQbXlV7thqPu0HdLIae/edit?gid=289538975","sourceCrs":"EPSG:32646","displayCrs":"EPSG:4326","crsVerified":true,"easting":460846.154,"northing":5098670.522,"elevationM":1702.557,"dates":["2026-09-08"],"observationCount":1},"geometry":{"type":"Point","coordinates":[92.49397802,46.04048854]}},{"type":"Feature","id":"tracker-control:186","properties":{"project":"Hetsuu hutul","projectKey":"hetsuu-hutul","area":"Хэцүү хөтөл","licence":"XV-022905","sensor":"Base / Control","dataType":"control_reference_point","controlType":"gcp","name":"GCP49","plannedActual":"reference","status":"confirmed_source","contextOnly":true,"sourceFile":"Hetsuu_Hutul_Drone_Project_Tracker.xlsx","sourceUrl":"https://docs.google.com/spreadsheets/d/1XvKLs9QCgvIjHjQbXlV7thqPu0HdLIae/edit?gid=289538975","sourceCrs":"EPSG:32646","displayCrs":"EPSG:4326","crsVerified":true,"easting":460407.157,"northing":5098827.44,"elevationM":1711.702,"dates":["2026-09-08"],"observationCount":1},"geometry":{"type":"Point","coordinates":[92.48829164,46.04187553]}},{"type":"Feature","id":"tracker-control:187","properties":{"project":"Hetsuu hutul","projectKey":"hetsuu-hutul","area":"Хэцүү хөтөл","licence":"XV-022905","sensor":"Base / Control","dataType":"control_reference_point","controlType":"gcp","name":"GCP50","plannedActual":"reference","status":"confirmed_source","contextOnly":true,"sourceFile":"Hetsuu_Hutul_Drone_Project_Tracker.xlsx","sourceUrl":"https://docs.google.com/spreadsheets/d/1XvKLs9QCgvIjHjQbXlV7thqPu0HdLIae/edit?gid=289538975","sourceCrs":"EPSG:32646","displayCrs":"EPSG:4326","crsVerified":true,"easting":460412.258,"northing":5098285.697,"elevationM":1728.999,"dates":["2026-09-08"],"observationCount":1},"geometry":{"type":"Point","coordinates":[92.48840256,46.03700018]}},{"type":"Feature","id":"tracker-control:188","properties":{"project":"Hetsuu hutul","projectKey":"hetsuu-hutul","area":"Хэцүү хөтөл","licence":"XV-022905","sensor":"Base / Control","dataType":"control_reference_point","controlType":"gcp","name":"GCP51","plannedActual":"reference","status":"confirmed_source","contextOnly":true,"sourceFile":"Hetsuu_Hutul_Drone_Project_Tracker.xlsx","sourceUrl":"https://docs.google.com/spreadsheets/d/1XvKLs9QCgvIjHjQbXlV7thqPu0HdLIae/edit?gid=289538975","sourceCrs":"EPSG:32646","displayCrs":"EPSG:4326","crsVerified":true,"easting":460855.185,"northing":5098272.489,"elevationM":1706.708,"dates":["2026-09-08"],"observationCount":1},"geometry":{"type":"Point","coordinates":[92.49412742,46.03690679]}},{"type":"Feature","id":"tracker-control:189","properties":{"project":"Hetsuu hutul","projectKey":"hetsuu-hutul","area":"Хэцүү хөтөл","licence":"XV-022905","sensor":"Base / Control","dataType":"control_reference_point","controlType":"gcp","name":"GCP52","plannedActual":"reference","status":"confirmed_source","contextOnly":true,"sourceFile":"Hetsuu_Hutul_Drone_Project_Tracker.xlsx","sourceUrl":"https://docs.google.com/spreadsheets/d/1XvKLs9QCgvIjHjQbXlV7thqPu0HdLIae/edit?gid=289538975","sourceCrs":"EPSG:32646","displayCrs":"EPSG:4326","crsVerified":true,"easting":461293.248,"northing":5098274.15,"elevationM":1650.801,"dates":["2026-09-08"],"observationCount":1},"geometry":{"type":"Point","coordinates":[92.4997882,46.03694665]}},{"type":"Feature","id":"tracker-control:190","properties":{"project":"Hetsuu hutul","projectKey":"hetsuu-hutul","area":"Хэцүү хөтөл","licence":"XV-022905","sensor":"Base / Control","dataType":"control_reference_point","controlType":"gcp","name":"GCP53","plannedActual":"reference","status":"confirmed_source","contextOnly":true,"sourceFile":"Hetsuu_Hutul_Drone_Project_Tracker.xlsx","sourceUrl":"https://docs.google.com/spreadsheets/d/1XvKLs9QCgvIjHjQbXlV7thqPu0HdLIae/edit?gid=289538975","sourceCrs":"EPSG:32646","displayCrs":"EPSG:4326","crsVerified":true,"easting":454641.413,"northing":5095225.202,"elevationM":1673.611,"dates":["2026-09-09"],"observationCount":1},"geometry":{"type":"Point","coordinates":[92.41411993,46.00909809]}},{"type":"Feature","id":"tracker-control:191","properties":{"project":"Hetsuu hutul","projectKey":"hetsuu-hutul","area":"Хэцүү хөтөл","licence":"XV-022905","sensor":"Base / Control","dataType":"control_reference_point","controlType":"gcp","name":"GCP54","plannedActual":"reference","status":"confirmed_source","contextOnly":true,"sourceFile":"Hetsuu_Hutul_Drone_Project_Tracker.xlsx","sourceUrl":"https://docs.google.com/spreadsheets/d/1XvKLs9QCgvIjHjQbXlV7thqPu0HdLIae/edit?gid=289538975","sourceCrs":"EPSG:32646","displayCrs":"EPSG:4326","crsVerified":true,"easting":454190.581,"northing":5095222.345,"elevationM":1723.723,"dates":["2026-09-09"],"observationCount":1},"geometry":{"type":"Point","coordinates":[92.40829728,46.00904238]}},{"type":"Feature","id":"tracker-control:192","properties":{"project":"Hetsuu hutul","projectKey":"hetsuu-hutul","area":"Хэцүү хөтөл","licence":"XV-022905","sensor":"Base / Control","dataType":"control_reference_point","controlType":"gcp","name":"GCP55","plannedActual":"reference","status":"confirmed_source","contextOnly":true,"sourceFile":"Hetsuu_Hutul_Drone_Project_Tracker.xlsx","sourceUrl":"https://docs.google.com/spreadsheets/d/1XvKLs9QCgvIjHjQbXlV7thqPu0HdLIae/edit?gid=289538975","sourceCrs":"EPSG:32646","displayCrs":"EPSG:4326","crsVerified":true,"easting":454191.344,"northing":5095415.261,"elevationM":1776.293,"dates":["2026-09-09"],"observationCount":1},"geometry":{"type":"Point","coordinates":[92.40828862,46.01077864]}},{"type":"Feature","id":"tracker-control:193","properties":{"project":"Hetsuu hutul","projectKey":"hetsuu-hutul","area":"Хэцүү хөтөл","licence":"XV-022905","sensor":"Base / Control","dataType":"control_reference_point","controlType":"gcp","name":"GCP56","plannedActual":"reference","status":"confirmed_source","contextOnly":true,"sourceFile":"Hetsuu_Hutul_Drone_Project_Tracker.xlsx","sourceUrl":"https://docs.google.com/spreadsheets/d/1XvKLs9QCgvIjHjQbXlV7thqPu0HdLIae/edit?gid=289538975","sourceCrs":"EPSG:32646","displayCrs":"EPSG:4326","crsVerified":true,"easting":453751.725,"northing":5095224.452,"elevationM":1721.969,"dates":["2026-09-09"],"observationCount":1},"geometry":{"type":"Point","coordinates":[92.40262886,46.00903185]}},{"type":"Feature","id":"tracker-control:194","properties":{"project":"Hetsuu hutul","projectKey":"hetsuu-hutul","area":"Хэцүү хөтөл","licence":"XV-022905","sensor":"Base / Control","dataType":"control_reference_point","controlType":"gcp","name":"GCP57","plannedActual":"reference","status":"confirmed_source","contextOnly":true,"sourceFile":"Hetsuu_Hutul_Drone_Project_Tracker.xlsx","sourceUrl":"https://docs.google.com/spreadsheets/d/1XvKLs9QCgvIjHjQbXlV7thqPu0HdLIae/edit?gid=289538975","sourceCrs":"EPSG:32646","displayCrs":"EPSG:4326","crsVerified":true,"easting":453303.086,"northing":5095218.405,"elevationM":1749.376,"dates":["2026-09-09"],"observationCount":1},"geometry":{"type":"Point","coordinates":[92.39683487,46.008947]}},{"type":"Feature","id":"tracker-control:195","properties":{"project":"Hetsuu hutul","projectKey":"hetsuu-hutul","area":"Хэцүү хөтөл","licence":"XV-022905","sensor":"Base / Control","dataType":"control_reference_point","controlType":"gcp","name":"GCP58","plannedActual":"reference","status":"confirmed_source","contextOnly":true,"sourceFile":"Hetsuu_Hutul_Drone_Project_Tracker.xlsx","sourceUrl":"https://docs.google.com/spreadsheets/d/1XvKLs9QCgvIjHjQbXlV7thqPu0HdLIae/edit?gid=289538975","sourceCrs":"EPSG:32646","displayCrs":"EPSG:4326","crsVerified":true,"easting":452864.369,"northing":5094617.822,"elevationM":1611.472,"dates":["2026-09-09"],"observationCount":1},"geometry":{"type":"Point","coordinates":[92.39122776,46.00351181]}},{"type":"Feature","id":"tracker-control:196","properties":{"project":"Hetsuu hutul","projectKey":"hetsuu-hutul","area":"Хэцүү хөтөл","licence":"XV-022905","sensor":"Base / Control","dataType":"control_reference_point","controlType":"gcp","name":"GCP59","plannedActual":"reference","status":"confirmed_source","contextOnly":true,"sourceFile":"Hetsuu_Hutul_Drone_Project_Tracker.xlsx","sourceUrl":"https://docs.google.com/spreadsheets/d/1XvKLs9QCgvIjHjQbXlV7thqPu0HdLIae/edit?gid=289538975","sourceCrs":"EPSG:32646","displayCrs":"EPSG:4326","crsVerified":true,"easting":452416.081,"northing":5094380.903,"elevationM":1592.348,"dates":["2026-09-10"],"observationCount":1},"geometry":{"type":"Point","coordinates":[92.38546192,46.00134859]}},{"type":"Feature","id":"tracker-control:197","properties":{"project":"Hetsuu hutul","projectKey":"hetsuu-hutul","area":"Хэцүү хөтөл","licence":"XV-022905","sensor":"Base / Control","dataType":"control_reference_point","controlType":"gcp","name":"GCP60","plannedActual":"reference","status":"confirmed_source","contextOnly":true,"sourceFile":"Hetsuu_Hutul_Drone_Project_Tracker.xlsx","sourceUrl":"https://docs.google.com/spreadsheets/d/1XvKLs9QCgvIjHjQbXlV7thqPu0HdLIae/edit?gid=289538975","sourceCrs":"EPSG:32646","displayCrs":"EPSG:4326","crsVerified":true,"easting":451976.757,"northing":5094390.943,"elevationM":1599.456,"dates":["2026-09-10"],"observationCount":1},"geometry":{"type":"Point","coordinates":[92.37978745,46.0014083]}},{"type":"Feature","id":"tracker-control:198","properties":{"project":"Hetsuu hutul","projectKey":"hetsuu-hutul","area":"Хэцүү хөтөл","licence":"XV-022905","sensor":"Base / Control","dataType":"control_reference_point","controlType":"gcp","name":"GCP61","plannedActual":"reference","status":"confirmed_source","contextOnly":true,"sourceFile":"Hetsuu_Hutul_Drone_Project_Tracker.xlsx","sourceUrl":"https://docs.google.com/spreadsheets/d/1XvKLs9QCgvIjHjQbXlV7thqPu0HdLIae/edit?gid=289538975","sourceCrs":"EPSG:32646","displayCrs":"EPSG:4326","crsVerified":true,"easting":451533.218,"northing":5094311.265,"elevationM":1581.937,"dates":["2026-09-10"],"observationCount":1},"geometry":{"type":"Point","coordinates":[92.37406765,46.00065999]}},{"type":"Feature","id":"tracker-control:199","properties":{"project":"Hetsuu hutul","projectKey":"hetsuu-hutul","area":"Хэцүү хөтөл","licence":"XV-022905","sensor":"Base / Control","dataType":"control_reference_point","controlType":"gcp","name":"GCP62","plannedActual":"reference","status":"confirmed_source","contextOnly":true,"sourceFile":"Hetsuu_Hutul_Drone_Project_Tracker.xlsx","sourceUrl":"https://docs.google.com/spreadsheets/d/1XvKLs9QCgvIjHjQbXlV7thqPu0HdLIae/edit?gid=289538975","sourceCrs":"EPSG:32646","displayCrs":"EPSG:4326","crsVerified":true,"easting":451313.052,"northing":5094297.343,"elevationM":1597.999,"dates":["2026-09-10"],"observationCount":1},"geometry":{"type":"Point","coordinates":[92.37122587,46.00051909]}},{"type":"Feature","id":"tracker-control:200","properties":{"project":"Hetsuu hutul","projectKey":"hetsuu-hutul","area":"Хэцүү хөтөл","licence":"XV-022905","sensor":"Base / Control","dataType":"control_reference_point","controlType":"gcp","name":"GCP63","plannedActual":"reference","status":"confirmed_source","contextOnly":true,"sourceFile":"Hetsuu_Hutul_Drone_Project_Tracker.xlsx","sourceUrl":"https://docs.google.com/spreadsheets/d/1XvKLs9QCgvIjHjQbXlV7thqPu0HdLIae/edit?gid=289538975","sourceCrs":"EPSG:32646","displayCrs":"EPSG:4326","crsVerified":true,"easting":451532.613,"northing":5094970.246,"elevationM":1817.825,"dates":["2026-09-10"],"observationCount":1},"geometry":{"type":"Point","coordinates":[92.37399294,46.00659064]}},{"type":"Feature","id":"tracker-control:201","properties":{"project":"Hetsuu hutul","projectKey":"hetsuu-hutul","area":"Хэцүү хөтөл","licence":"XV-022905","sensor":"Base / Control","dataType":"control_reference_point","controlType":"gcp","name":"GCP64","plannedActual":"reference","status":"confirmed_source","contextOnly":true,"sourceFile":"Hetsuu_Hutul_Drone_Project_Tracker.xlsx","sourceUrl":"https://docs.google.com/spreadsheets/d/1XvKLs9QCgvIjHjQbXlV7thqPu0HdLIae/edit?gid=289538975","sourceCrs":"EPSG:32646","displayCrs":"EPSG:4326","crsVerified":true,"easting":451975.96,"northing":5095032.071,"elevationM":1817.661,"dates":["2026-09-10"],"observationCount":1},"geometry":{"type":"Point","coordinates":[92.37971267,46.00717828]}},{"type":"Feature","id":"tracker-control:202","properties":{"project":"Hetsuu hutul","projectKey":"hetsuu-hutul","area":"Хэцүү хөтөл","licence":"XV-022905","sensor":"Base / Control","dataType":"control_reference_point","controlType":"gcp","name":"GCP65","plannedActual":"reference","status":"confirmed_source","contextOnly":true,"sourceFile":"Hetsuu_Hutul_Drone_Project_Tracker.xlsx","sourceUrl":"https://docs.google.com/spreadsheets/d/1XvKLs9QCgvIjHjQbXlV7thqPu0HdLIae/edit?gid=289538975","sourceCrs":"EPSG:32646","displayCrs":"EPSG:4326","crsVerified":true,"easting":452421.351,"northing":5095153.161,"elevationM":1826.165,"dates":["2026-09-10"],"observationCount":1},"geometry":{"type":"Point","coordinates":[92.38545302,46.00829914]}},{"type":"Feature","id":"tracker-control:203","properties":{"project":"Hetsuu hutul","projectKey":"hetsuu-hutul","area":"Хэцүү хөтөл","licence":"XV-022905","sensor":"Base / Control","dataType":"control_reference_point","controlType":"gcp","name":"GCP66","plannedActual":"reference","status":"confirmed_source","contextOnly":true,"sourceFile":"Hetsuu_Hutul_Drone_Project_Tracker.xlsx","sourceUrl":"https://docs.google.com/spreadsheets/d/1XvKLs9QCgvIjHjQbXlV7thqPu0HdLIae/edit?gid=289538975","sourceCrs":"EPSG:32646","displayCrs":"EPSG:4326","crsVerified":true,"easting":452961.92,"northing":5095322.716,"elevationM":1837.399,"dates":["2026-09-10"],"observationCount":1},"geometry":{"type":"Point","coordinates":[92.39241814,46.00986244]}},{"type":"Feature","id":"tracker-control:204","properties":{"project":"Hetsuu hutul","projectKey":"hetsuu-hutul","area":"Хэцүү хөтөл","licence":"XV-022905","sensor":"Base / Control","dataType":"control_reference_point","controlType":"gcp","name":"GCP67","plannedActual":"reference","status":"confirmed_source","contextOnly":true,"sourceFile":"Hetsuu_Hutul_Drone_Project_Tracker.xlsx","sourceUrl":"https://docs.google.com/spreadsheets/d/1XvKLs9QCgvIjHjQbXlV7thqPu0HdLIae/edit?gid=289538975","sourceCrs":"EPSG:32646","displayCrs":"EPSG:4326","crsVerified":true,"easting":458186.701,"northing":5096246.235,"elevationM":1593.241,"dates":["2026-09-12"],"observationCount":1},"geometry":{"type":"Point","coordinates":[92.45982149,46.01851287]}},{"type":"Feature","id":"tracker-control:205","properties":{"project":"Hetsuu hutul","projectKey":"hetsuu-hutul","area":"Хэцүү хөтөл","licence":"XV-022905","sensor":"Base / Control","dataType":"control_reference_point","controlType":"gcp","name":"GCP68","plannedActual":"reference","status":"confirmed_source","contextOnly":true,"sourceFile":"Hetsuu_Hutul_Drone_Project_Tracker.xlsx","sourceUrl":"https://docs.google.com/spreadsheets/d/1XvKLs9QCgvIjHjQbXlV7thqPu0HdLIae/edit?gid=289538975","sourceCrs":"EPSG:32646","displayCrs":"EPSG:4326","crsVerified":true,"easting":458179.055,"northing":5096488.518,"elevationM":1606.185,"dates":["2026-09-12"],"observationCount":1},"geometry":{"type":"Point","coordinates":[92.45970148,46.02069293]}},{"type":"Feature","id":"tracker-control:206","properties":{"project":"Hetsuu hutul","projectKey":"hetsuu-hutul","area":"Хэцүү хөтөл","licence":"XV-022905","sensor":"Base / Control","dataType":"control_reference_point","controlType":"gcp","name":"GCP69","plannedActual":"reference","status":"confirmed_source","contextOnly":true,"sourceFile":"Hetsuu_Hutul_Drone_Project_Tracker.xlsx","sourceUrl":"https://docs.google.com/spreadsheets/d/1XvKLs9QCgvIjHjQbXlV7thqPu0HdLIae/edit?gid=289538975","sourceCrs":"EPSG:32646","displayCrs":"EPSG:4326","crsVerified":true,"easting":457738.899,"northing":5096241.082,"elevationM":1610.994,"dates":["2026-09-12"],"observationCount":1},"geometry":{"type":"Point","coordinates":[92.45403714,46.01843901]}},{"type":"Feature","id":"tracker-control:207","properties":{"project":"Hetsuu hutul","projectKey":"hetsuu-hutul","area":"Хэцүү хөтөл","licence":"XV-022905","sensor":"Base / Control","dataType":"control_reference_point","controlType":"gcp","name":"GCP70","plannedActual":"reference","status":"confirmed_source","contextOnly":true,"sourceFile":"Hetsuu_Hutul_Drone_Project_Tracker.xlsx","sourceUrl":"https://docs.google.com/spreadsheets/d/1XvKLs9QCgvIjHjQbXlV7thqPu0HdLIae/edit?gid=289538975","sourceCrs":"EPSG:32646","displayCrs":"EPSG:4326","crsVerified":true,"easting":457294.091,"northing":5096235.991,"elevationM":1653.629,"dates":["2026-09-12"],"observationCount":1},"geometry":{"type":"Point","coordinates":[92.44829147,46.0183656]}},{"type":"Feature","id":"tracker-control:208","properties":{"project":"Hetsuu hutul","projectKey":"hetsuu-hutul","area":"Хэцүү хөтөл","licence":"XV-022905","sensor":"Base / Control","dataType":"control_reference_point","controlType":"gcp","name":"GCP71","plannedActual":"reference","status":"confirmed_source","contextOnly":true,"sourceFile":"Hetsuu_Hutul_Drone_Project_Tracker.xlsx","sourceUrl":"https://docs.google.com/spreadsheets/d/1XvKLs9QCgvIjHjQbXlV7thqPu0HdLIae/edit?gid=289538975","sourceCrs":"EPSG:32646","displayCrs":"EPSG:4326","crsVerified":true,"easting":457295.155,"northing":5096450.339,"elevationM":1699.336,"dates":["2026-09-12"],"observationCount":1},"geometry":{"type":"Point","coordinates":[92.44828603,46.02029477]}},{"type":"Feature","id":"tracker-control:209","properties":{"project":"Hetsuu hutul","projectKey":"hetsuu-hutul","area":"Хэцүү хөтөл","licence":"XV-022905","sensor":"Base / Control","dataType":"control_reference_point","controlType":"gcp","name":"GCP72","plannedActual":"reference","status":"confirmed_source","contextOnly":true,"sourceFile":"Hetsuu_Hutul_Drone_Project_Tracker.xlsx","sourceUrl":"https://docs.google.com/spreadsheets/d/1XvKLs9QCgvIjHjQbXlV7thqPu0HdLIae/edit?gid=289538975","sourceCrs":"EPSG:32646","displayCrs":"EPSG:4326","crsVerified":true,"easting":456855.041,"northing":5096242.661,"elevationM":1708.377,"dates":["2026-09-12"],"observationCount":1},"geometry":{"type":"Point","coordinates":[92.44261915,46.01839811]}},{"type":"Feature","id":"tracker-control:210","properties":{"project":"Hetsuu hutul","projectKey":"hetsuu-hutul","area":"Хэцүү хөтөл","licence":"XV-022905","sensor":"Base / Control","dataType":"control_reference_point","controlType":"gcp","name":"GCP73","plannedActual":"reference","status":"confirmed_source","contextOnly":true,"sourceFile":"Hetsuu_Hutul_Drone_Project_Tracker.xlsx","sourceUrl":"https://docs.google.com/spreadsheets/d/1XvKLs9QCgvIjHjQbXlV7thqPu0HdLIae/edit?gid=289538975","sourceCrs":"EPSG:32646","displayCrs":"EPSG:4326","crsVerified":true,"easting":456409.405,"northing":5096568.752,"elevationM":1779.23,"dates":["2026-09-12"],"observationCount":1},"geometry":{"type":"Point","coordinates":[92.43683255,46.02130466]}},{"type":"Feature","id":"tracker-control:211","properties":{"project":"Hetsuu hutul","projectKey":"hetsuu-hutul","area":"Хэцүү хөтөл","licence":"XV-022905","sensor":"Base / Control","dataType":"control_reference_point","controlType":"gcp","name":"GCP74","plannedActual":"reference","status":"confirmed_source","contextOnly":true,"sourceFile":"Hetsuu_Hutul_Drone_Project_Tracker.xlsx","sourceUrl":"https://docs.google.com/spreadsheets/d/1XvKLs9QCgvIjHjQbXlV7thqPu0HdLIae/edit?gid=289538975","sourceCrs":"EPSG:32646","displayCrs":"EPSG:4326","crsVerified":true,"easting":456411.065,"northing":5096245.29,"elevationM":1710.559,"dates":["2026-09-12"],"observationCount":1},"geometry":{"type":"Point","coordinates":[92.43688355,46.01839365]}},{"type":"Feature","id":"tracker-control:212","properties":{"project":"Artsat","projectKey":"artsat","area":"Арцат","licence":"XV-021395","sensor":"Base / Control","dataType":"control_reference_point","controlType":"base","name":"DRTK-1","plannedActual":"reference","status":"confirmed_source","contextOnly":true,"sourceFile":"Artsat_Drone_Project_Tracker.xlsx","sourceUrl":"https://docs.google.com/spreadsheets/d/1dbk0R5iHgwgPfa8gT25wN-NhtOVLjQUZ/edit?gid=991918308","sourceCrs":"EPSG:32646","displayCrs":"EPSG:4326","crsVerified":true,"easting":460246.897,"northing":5109733.204,"elevationM":1806.406,"dates":["2026-08-09","2026-08-10","2026-08-11"],"observationCount":3},"geometry":{"type":"Point","coordinates":[92.4853083,46.14001634]}},{"type":"Feature","id":"tracker-control:213","properties":{"project":"Artsat","projectKey":"artsat","area":"Арцат","licence":"XV-021395","sensor":"Base / Control","dataType":"control_reference_point","controlType":"base","name":"DRTK-1","plannedActual":"reference","status":"confirmed_source","contextOnly":true,"sourceFile":"Artsat_Drone_Project_Tracker.xlsx","sourceUrl":"https://docs.google.com/spreadsheets/d/1dbk0R5iHgwgPfa8gT25wN-NhtOVLjQUZ/edit?gid=991918308","sourceCrs":"EPSG:32646","displayCrs":"EPSG:4326","crsVerified":true,"easting":462064.069,"northing":5112200.212,"elevationM":2228.202,"dates":["2026-08-12"],"observationCount":1},"geometry":{"type":"Point","coordinates":[92.50863716,46.16232237]}},{"type":"Feature","id":"tracker-control:214","properties":{"project":"Artsat","projectKey":"artsat","area":"Арцат","licence":"XV-021395","sensor":"Base / Control","dataType":"control_reference_point","controlType":"base","name":"DRTK-1","plannedActual":"reference","status":"confirmed_source","contextOnly":true,"sourceFile":"Artsat_Drone_Project_Tracker.xlsx","sourceUrl":"https://docs.google.com/spreadsheets/d/1dbk0R5iHgwgPfa8gT25wN-NhtOVLjQUZ/edit?gid=991918308","sourceCrs":"EPSG:32646","displayCrs":"EPSG:4326","crsVerified":true,"easting":460469.057,"northing":5113167.398,"elevationM":2194.793,"dates":["2026-08-13"],"observationCount":1},"geometry":{"type":"Point","coordinates":[92.48789792,46.17093611]}},{"type":"Feature","id":"tracker-control:215","properties":{"project":"Artsat","projectKey":"artsat","area":"Арцат","licence":"XV-021395","sensor":"Base / Control","dataType":"control_reference_point","controlType":"base","name":"DRTK-1","plannedActual":"reference","status":"confirmed_source","contextOnly":true,"sourceFile":"Artsat_Drone_Project_Tracker.xlsx","sourceUrl":"https://docs.google.com/spreadsheets/d/1dbk0R5iHgwgPfa8gT25wN-NhtOVLjQUZ/edit?gid=991918308","sourceCrs":"EPSG:32646","displayCrs":"EPSG:4326","crsVerified":true,"easting":460658.979,"northing":5113428.004,"elevationM":2290.095,"dates":["2026-08-14"],"observationCount":1},"geometry":{"type":"Point","coordinates":[92.4903365,46.17329248]}},{"type":"Feature","id":"tracker-control:216","properties":{"project":"Artsat","projectKey":"artsat","area":"Арцат","licence":"XV-021395","sensor":"Base / Control","dataType":"control_reference_point","controlType":"base","name":"DRTK-2","plannedActual":"reference","status":"confirmed_source","contextOnly":true,"sourceFile":"Artsat_Drone_Project_Tracker.xlsx","sourceUrl":"https://docs.google.com/spreadsheets/d/1dbk0R5iHgwgPfa8gT25wN-NhtOVLjQUZ/edit?gid=991918308","sourceCrs":"EPSG:32646","displayCrs":"EPSG:4326","crsVerified":true,"easting":462064.069,"northing":5112200.212,"elevationM":2228.202,"dates":["2026-08-14"],"observationCount":1},"geometry":{"type":"Point","coordinates":[92.50863716,46.16232237]}},{"type":"Feature","id":"tracker-control:217","properties":{"project":"Artsat","projectKey":"artsat","area":"Арцат","licence":"XV-021395","sensor":"Base / Control","dataType":"control_reference_point","controlType":"base","name":"DRTK-1","plannedActual":"reference","status":"confirmed_source","contextOnly":true,"sourceFile":"Artsat_Drone_Project_Tracker.xlsx","sourceUrl":"https://docs.google.com/spreadsheets/d/1dbk0R5iHgwgPfa8gT25wN-NhtOVLjQUZ/edit?gid=991918308","sourceCrs":"EPSG:32646","displayCrs":"EPSG:4326","crsVerified":true,"easting":462044.515,"northing":5114506.498,"elevationM":2409.571,"dates":["2026-08-15"],"observationCount":1},"geometry":{"type":"Point","coordinates":[92.50819892,46.18307725]}},{"type":"Feature","id":"tracker-control:218","properties":{"project":"Artsat","projectKey":"artsat","area":"Арцат","licence":"XV-021395","sensor":"Base / Control","dataType":"control_reference_point","controlType":"base","name":"DRTK-1","plannedActual":"reference","status":"confirmed_source","contextOnly":true,"sourceFile":"Artsat_Drone_Project_Tracker.xlsx","sourceUrl":"https://docs.google.com/spreadsheets/d/1dbk0R5iHgwgPfa8gT25wN-NhtOVLjQUZ/edit?gid=991918308","sourceCrs":"EPSG:32646","displayCrs":"EPSG:4326","crsVerified":true,"easting":459554.353,"northing":5115256.191,"elevationM":2477.687,"dates":["2026-08-17"],"observationCount":1},"geometry":{"type":"Point","coordinates":[92.47587032,46.18968089]}},{"type":"Feature","id":"tracker-control:219","properties":{"project":"Buduunkhad","projectKey":"buduunkhad","area":"Бүдүүн хад","licence":"XV-023222","sensor":"Base / Control","dataType":"control_reference_point","controlType":"base","name":"DRTK-1","plannedActual":"reference","status":"confirmed_source","contextOnly":true,"sourceFile":"Buduunkhad_Drone_Project_Tracker.xlsx","sourceUrl":"https://docs.google.com/spreadsheets/d/1DwydImVmcQvj7s4loVRk_4K9-VQ7szXz/edit?gid=991918308","sourceCrs":"EPSG:32647","displayCrs":"EPSG:4326","crsVerified":true,"easting":321732.52,"northing":5093460.497,"elevationM":1883.852,"dates":["2026-06-03","2026-06-04","2026-06-09"],"observationCount":5},"geometry":{"type":"Point","coordinates":[96.69892283,45.97154544]}},{"type":"Feature","id":"tracker-control:220","properties":{"project":"Buduunkhad","projectKey":"buduunkhad","area":"Бүдүүн хад","licence":"XV-023222","sensor":"Base / Control","dataType":"control_reference_point","controlType":"base","name":"DRTK-2","plannedActual":"reference","status":"confirmed_source","contextOnly":true,"sourceFile":"Buduunkhad_Drone_Project_Tracker.xlsx","sourceUrl":"https://docs.google.com/spreadsheets/d/1DwydImVmcQvj7s4loVRk_4K9-VQ7szXz/edit?gid=991918308","sourceCrs":"EPSG:32647","displayCrs":"EPSG:4326","crsVerified":true,"easting":316499.888,"northing":5094047.361,"elevationM":1776.506,"dates":["2026-06-05"],"observationCount":2},"geometry":{"type":"Point","coordinates":[96.63121248,45.97544345]}},{"type":"Feature","id":"tracker-control:221","properties":{"project":"Buduunkhad","projectKey":"buduunkhad","area":"Бүдүүн хад","licence":"XV-023222","sensor":"Base / Control","dataType":"control_reference_point","controlType":"base","name":"DRTK base","plannedActual":"reference","status":"confirmed_source","contextOnly":true,"sourceFile":"Buduunkhad_Drone_Project_Tracker.xlsx","sourceUrl":"https://docs.google.com/spreadsheets/d/1DwydImVmcQvj7s4loVRk_4K9-VQ7szXz/edit?gid=991918308","sourceCrs":"EPSG:32647","displayCrs":"EPSG:4326","crsVerified":true,"easting":317799.268,"northing":5095407.946,"elevationM":2066.027,"dates":["2026-06-06"],"observationCount":2},"geometry":{"type":"Point","coordinates":[96.64745326,45.98802522]}},{"type":"Feature","id":"tracker-control:222","properties":{"project":"Buduunkhad","projectKey":"buduunkhad","area":"Бүдүүн хад","licence":"XV-023222","sensor":"Base / Control","dataType":"control_reference_point","controlType":"base","name":"D_RTK_b1","plannedActual":"reference","status":"confirmed_source","contextOnly":true,"sourceFile":"Buduunkhad_Drone_Project_Tracker.xlsx","sourceUrl":"https://docs.google.com/spreadsheets/d/1DwydImVmcQvj7s4loVRk_4K9-VQ7szXz/edit?gid=991918308","sourceCrs":"EPSG:32647","displayCrs":"EPSG:4326","crsVerified":true,"easting":323148.052,"northing":5091508.426,"elevationM":1774.532,"dates":["2026-06-16"],"observationCount":2},"geometry":{"type":"Point","coordinates":[96.71790109,45.95435631]}},{"type":"Feature","id":"tracker-control:223","properties":{"project":"Buduunkhad","projectKey":"buduunkhad","area":"Бүдүүн хад","licence":"XV-023222","sensor":"Base / Control","dataType":"control_reference_point","controlType":"base","name":"D_Rtk_2","plannedActual":"reference","status":"confirmed_source","contextOnly":true,"sourceFile":"Buduunkhad_Drone_Project_Tracker.xlsx","sourceUrl":"https://docs.google.com/spreadsheets/d/1DwydImVmcQvj7s4loVRk_4K9-VQ7szXz/edit?gid=991918308","sourceCrs":"EPSG:32647","displayCrs":"EPSG:4326","crsVerified":true,"easting":323191.077,"northing":5093841.033,"elevationM":1818.074,"dates":["2026-06-16"],"observationCount":2},"geometry":{"type":"Point","coordinates":[96.71759406,45.97534511]}},{"type":"Feature","id":"tracker-control:224","properties":{"project":"Buduunkhad","projectKey":"buduunkhad","area":"Бүдүүн хад","licence":"XV-023222","sensor":"Base / Control","dataType":"control_reference_point","controlType":"base","name":"rtk_1","plannedActual":"reference","status":"confirmed_source","contextOnly":true,"sourceFile":"Buduunkhad_Drone_Project_Tracker.xlsx","sourceUrl":"https://docs.google.com/spreadsheets/d/1DwydImVmcQvj7s4loVRk_4K9-VQ7szXz/edit?gid=991918308","sourceCrs":"EPSG:32647","displayCrs":"EPSG:4326","crsVerified":true,"easting":320601.358,"northing":5092106.021,"elevationM":1690.017,"dates":["2026-06-19"],"observationCount":2},"geometry":{"type":"Point","coordinates":[96.68484157,45.95906975]}},{"type":"Feature","id":"tracker-control:225","properties":{"project":"Buduunkhad","projectKey":"buduunkhad","area":"Бүдүүн хад","licence":"XV-023222","sensor":"Base / Control","dataType":"control_reference_point","controlType":"base","name":"D_RTK_1","plannedActual":"reference","status":"confirmed_source","contextOnly":true,"sourceFile":"Buduunkhad_Drone_Project_Tracker.xlsx","sourceUrl":"https://docs.google.com/spreadsheets/d/1DwydImVmcQvj7s4loVRk_4K9-VQ7szXz/edit?gid=991918308","sourceCrs":"EPSG:32647","displayCrs":"EPSG:4326","crsVerified":true,"easting":320601.347,"northing":5092106.02,"elevationM":1690.013,"dates":["2026-06-20"],"observationCount":2},"geometry":{"type":"Point","coordinates":[96.68484143,45.95906974]}},{"type":"Feature","id":"tracker-control:226","properties":{"project":"Buduunkhad","projectKey":"buduunkhad","area":"Бүдүүн хад","licence":"XV-023222","sensor":"Base / Control","dataType":"control_reference_point","controlType":"base","name":"drtk-1","plannedActual":"reference","status":"confirmed_source","contextOnly":true,"sourceFile":"Buduunkhad_Drone_Project_Tracker.xlsx","sourceUrl":"https://docs.google.com/spreadsheets/d/1DwydImVmcQvj7s4loVRk_4K9-VQ7szXz/edit?gid=991918308","sourceCrs":"EPSG:32647","displayCrs":"EPSG:4326","crsVerified":true,"easting":318965.043,"northing":5092068.165,"elevationM":1703.002,"dates":["2026-06-22"],"observationCount":2},"geometry":{"type":"Point","coordinates":[96.66375675,45.9582997]}},{"type":"Feature","id":"tracker-control:227","properties":{"project":"Buduunkhad","projectKey":"buduunkhad","area":"Бүдүүн хад","licence":"XV-023222","sensor":"Base / Control","dataType":"control_reference_point","controlType":"base","name":"drtk-2","plannedActual":"reference","status":"confirmed_source","contextOnly":true,"sourceFile":"Buduunkhad_Drone_Project_Tracker.xlsx","sourceUrl":"https://docs.google.com/spreadsheets/d/1DwydImVmcQvj7s4loVRk_4K9-VQ7szXz/edit?gid=991918308","sourceCrs":"EPSG:32647","displayCrs":"EPSG:4326","crsVerified":true,"easting":317138.331,"northing":5093353.966,"elevationM":1743.287,"dates":["2026-06-22"],"observationCount":2},"geometry":{"type":"Point","coordinates":[96.63971204,45.96937841]}},{"type":"Feature","id":"tracker-control:228","properties":{"project":"Buduunkhad","projectKey":"buduunkhad","area":"Бүдүүн хад","licence":"XV-023222","sensor":"Base / Control","dataType":"control_reference_point","controlType":"base","name":"drtk-3","plannedActual":"reference","status":"confirmed_source","contextOnly":true,"sourceFile":"Buduunkhad_Drone_Project_Tracker.xlsx","sourceUrl":"https://docs.google.com/spreadsheets/d/1DwydImVmcQvj7s4loVRk_4K9-VQ7szXz/edit?gid=991918308","sourceCrs":"EPSG:32647","displayCrs":"EPSG:4326","crsVerified":true,"easting":315248.71,"northing":5094678.808,"elevationM":1829.522,"dates":["2026-06-23"],"observationCount":2},"geometry":{"type":"Point","coordinates":[96.61483132,45.98078598]}},{"type":"Feature","id":"tracker-control:229","properties":{"project":"Buduunkhad","projectKey":"buduunkhad","area":"Бүдүүн хад","licence":"XV-023222","sensor":"Base / Control","dataType":"control_reference_point","controlType":"base","name":"DRTK1","plannedActual":"reference","status":"confirmed_source","contextOnly":true,"sourceFile":"Buduunkhad_Drone_Project_Tracker.xlsx","sourceUrl":"https://docs.google.com/spreadsheets/d/1DwydImVmcQvj7s4loVRk_4K9-VQ7szXz/edit?gid=991918308","sourceCrs":"EPSG:32647","displayCrs":"EPSG:4326","crsVerified":true,"easting":320060.713,"northing":5092137.997,"elevationM":1685.452,"dates":["2026-06-25"],"observationCount":2},"geometry":{"type":"Point","coordinates":[96.67785826,45.9592158]}},{"type":"Feature","id":"tracker-control:230","properties":{"project":"Buduunkhad","projectKey":"buduunkhad","area":"Бүдүүн хад","licence":"XV-023222","sensor":"Base / Control","dataType":"control_reference_point","controlType":"base","name":"Drtk1","plannedActual":"reference","status":"confirmed_source","contextOnly":true,"sourceFile":"Buduunkhad_Drone_Project_Tracker.xlsx","sourceUrl":"https://docs.google.com/spreadsheets/d/1DwydImVmcQvj7s4loVRk_4K9-VQ7szXz/edit?gid=991918308","sourceCrs":"EPSG:32647","displayCrs":"EPSG:4326","crsVerified":true,"easting":322626.111,"northing":5093249.088,"elevationM":1841.66,"dates":["2026-06-26"],"observationCount":2},"geometry":{"type":"Point","coordinates":[96.71052634,45.96987579]}},{"type":"Feature","id":"tracker-control:231","properties":{"project":"Buduunkhad","projectKey":"buduunkhad","area":"Бүдүүн хад","licence":"XV-023222","sensor":"Base / Control","dataType":"control_reference_point","controlType":"base","name":"Drtk2","plannedActual":"reference","status":"confirmed_source","contextOnly":true,"sourceFile":"Buduunkhad_Drone_Project_Tracker.xlsx","sourceUrl":"https://docs.google.com/spreadsheets/d/1DwydImVmcQvj7s4loVRk_4K9-VQ7szXz/edit?gid=991918308","sourceCrs":"EPSG:32647","displayCrs":"EPSG:4326","crsVerified":true,"easting":322348.549,"northing":5094704.526,"elevationM":1855.072,"dates":["2026-06-26"],"observationCount":2},"geometry":{"type":"Point","coordinates":[96.70640598,45.98289298]}},{"type":"Feature","id":"tracker-control:232","properties":{"project":"Buduunkhad","projectKey":"buduunkhad","area":"Бүдүүн хад","licence":"XV-023222","sensor":"Base / Control","dataType":"control_reference_point","controlType":"base","name":"Drtk1","plannedActual":"reference","status":"confirmed_source","contextOnly":true,"sourceFile":"Buduunkhad_Drone_Project_Tracker.xlsx","sourceUrl":"https://docs.google.com/spreadsheets/d/1DwydImVmcQvj7s4loVRk_4K9-VQ7szXz/edit?gid=991918308","sourceCrs":"EPSG:32647","displayCrs":"EPSG:4326","crsVerified":true,"easting":322890.285,"northing":5093128.827,"elevationM":1817.98,"dates":["2026-06-27"],"observationCount":2},"geometry":{"type":"Point","coordinates":[96.71397797,45.9688625]}},{"type":"Feature","id":"tracker-control:233","properties":{"project":"Buduunkhad","projectKey":"buduunkhad","area":"Бүдүүн хад","licence":"XV-023222","sensor":"Base / Control","dataType":"control_reference_point","controlType":"base","name":"drtk4","plannedActual":"reference","status":"confirmed_source","contextOnly":true,"sourceFile":"Buduunkhad_Drone_Project_Tracker.xlsx","sourceUrl":"https://docs.google.com/spreadsheets/d/1DwydImVmcQvj7s4loVRk_4K9-VQ7szXz/edit?gid=991918308","sourceCrs":"EPSG:32647","displayCrs":"EPSG:4326","crsVerified":true,"easting":322890.303,"northing":5093128.853,"elevationM":1817.999,"dates":["2026-06-28","2026-06-29"],"observationCount":4},"geometry":{"type":"Point","coordinates":[96.71397819,45.96886274]}},{"type":"Feature","id":"tracker-control:234","properties":{"project":"Buduunkhad","projectKey":"buduunkhad","area":"Бүдүүн хад","licence":"XV-023222","sensor":"Base / Control","dataType":"control_reference_point","controlType":"base","name":"drtk1","plannedActual":"reference","status":"confirmed_source","contextOnly":true,"sourceFile":"Buduunkhad_Drone_Project_Tracker.xlsx","sourceUrl":"https://docs.google.com/spreadsheets/d/1DwydImVmcQvj7s4loVRk_4K9-VQ7szXz/edit?gid=991918308","sourceCrs":"EPSG:32647","displayCrs":"EPSG:4326","crsVerified":true,"easting":323507.919,"northing":5094584.228,"elevationM":1792.481,"dates":["2026-06-29"],"observationCount":2},"geometry":{"type":"Point","coordinates":[96.72140658,45.98211044]}},{"type":"Feature","id":"tracker-control:235","properties":{"project":"Buduunkhad","projectKey":"buduunkhad","area":"Бүдүүн хад","licence":"XV-023222","sensor":"Base / Control","dataType":"control_reference_point","controlType":"base","name":"drtk-1","plannedActual":"reference","status":"confirmed_source","contextOnly":true,"sourceFile":"Buduunkhad_Drone_Project_Tracker.xlsx","sourceUrl":"https://docs.google.com/spreadsheets/d/1DwydImVmcQvj7s4loVRk_4K9-VQ7szXz/edit?gid=991918308","sourceCrs":"EPSG:32647","displayCrs":"EPSG:4326","crsVerified":true,"easting":322841.452,"northing":5095923.559,"elevationM":1823.034,"dates":["2026-06-30"],"observationCount":2},"geometry":{"type":"Point","coordinates":[96.71231271,45.99398346]}},{"type":"Feature","id":"tracker-control:236","properties":{"project":"Buduunkhad","projectKey":"buduunkhad","area":"Бүдүүн хад","licence":"XV-023222","sensor":"Base / Control","dataType":"control_reference_point","controlType":"base","name":"Drtk2","plannedActual":"reference","status":"confirmed_source","contextOnly":true,"sourceFile":"Buduunkhad_Drone_Project_Tracker.xlsx","sourceUrl":"https://docs.google.com/spreadsheets/d/1DwydImVmcQvj7s4loVRk_4K9-VQ7szXz/edit?gid=991918308","sourceCrs":"EPSG:32647","displayCrs":"EPSG:4326","crsVerified":true,"easting":321521.387,"northing":5096452.597,"elevationM":1799.351,"dates":["2026-06-30"],"observationCount":2},"geometry":{"type":"Point","coordinates":[96.69508271,45.99839874]}},{"type":"Feature","id":"tracker-control:237","properties":{"project":"Buduunkhad","projectKey":"buduunkhad","area":"Бүдүүн хад","licence":"XV-023222","sensor":"Base / Control","dataType":"control_reference_point","controlType":"base","name":"drtk2","plannedActual":"reference","status":"confirmed_source","contextOnly":true,"sourceFile":"Buduunkhad_Drone_Project_Tracker.xlsx","sourceUrl":"https://docs.google.com/spreadsheets/d/1DwydImVmcQvj7s4loVRk_4K9-VQ7szXz/edit?gid=991918308","sourceCrs":"EPSG:32647","displayCrs":"EPSG:4326","crsVerified":true,"easting":317862.536,"northing":5094994.752,"elevationM":2006.526,"dates":["2026-07-01"],"observationCount":2},"geometry":{"type":"Point","coordinates":[96.6484269,45.98432627]}},{"type":"Feature","id":"tracker-control:238","properties":{"project":"Buduunkhad","projectKey":"buduunkhad","area":"Бүдүүн хад","licence":"XV-023222","sensor":"Base / Control","dataType":"control_reference_point","controlType":"base","name":"drtk-1","plannedActual":"reference","status":"confirmed_source","contextOnly":true,"sourceFile":"Buduunkhad_Drone_Project_Tracker.xlsx","sourceUrl":"https://docs.google.com/spreadsheets/d/1DwydImVmcQvj7s4loVRk_4K9-VQ7szXz/edit?gid=991918308","sourceCrs":"EPSG:32647","displayCrs":"EPSG:4326","crsVerified":true,"easting":321011.822,"northing":5092239.746,"elevationM":1794.133,"dates":["2026-07-02"],"observationCount":2},"geometry":{"type":"Point","coordinates":[96.69008429,45.96037951]}},{"type":"Feature","id":"tracker-control:239","properties":{"project":"Buduunkhad","projectKey":"buduunkhad","area":"Бүдүүн хад","licence":"XV-023222","sensor":"Base / Control","dataType":"control_reference_point","controlType":"base","name":"D_RTK1","plannedActual":"reference","status":"confirmed_source","contextOnly":true,"sourceFile":"Buduunkhad_Drone_Project_Tracker.xlsx","sourceUrl":"https://docs.google.com/spreadsheets/d/1DwydImVmcQvj7s4loVRk_4K9-VQ7szXz/edit?gid=991918308","sourceCrs":"EPSG:32647","displayCrs":"EPSG:4326","crsVerified":true,"easting":318502.091,"northing":5095622.21,"elevationM":2076.924,"dates":["2026-07-03"],"observationCount":2},"geometry":{"type":"Point","coordinates":[96.65643893,45.99013844]}},{"type":"Feature","id":"tracker-control:240","properties":{"project":"Buduunkhad","projectKey":"buduunkhad","area":"Бүдүүн хад","licence":"XV-023222","sensor":"Base / Control","dataType":"control_reference_point","controlType":"base","name":"drtk2","plannedActual":"reference","status":"confirmed_source","contextOnly":true,"sourceFile":"Buduunkhad_Drone_Project_Tracker.xlsx","sourceUrl":"https://docs.google.com/spreadsheets/d/1DwydImVmcQvj7s4loVRk_4K9-VQ7szXz/edit?gid=991918308","sourceCrs":"EPSG:32647","displayCrs":"EPSG:4326","crsVerified":true,"easting":318166.239,"northing":5093707.136,"elevationM":1806.972,"dates":["2026-07-03"],"observationCount":2},"geometry":{"type":"Point","coordinates":[96.65283424,45.97282757]}},{"type":"Feature","id":"tracker-control:241","properties":{"project":"Buduunkhad","projectKey":"buduunkhad","area":"Бүдүүн хад","licence":"XV-023222","sensor":"Base / Control","dataType":"control_reference_point","controlType":"base","name":"DRtk2","plannedActual":"reference","status":"confirmed_source","contextOnly":true,"sourceFile":"Buduunkhad_Drone_Project_Tracker.xlsx","sourceUrl":"https://docs.google.com/spreadsheets/d/1DwydImVmcQvj7s4loVRk_4K9-VQ7szXz/edit?gid=991918308","sourceCrs":"EPSG:32647","displayCrs":"EPSG:4326","crsVerified":true,"easting":317324.033,"northing":5094120.017,"elevationM":1815.651,"dates":["2026-07-04"],"observationCount":2},"geometry":{"type":"Point","coordinates":[96.64181441,45.97631678]}},{"type":"Feature","id":"tracker-control:242","properties":{"project":"Buduunkhad","projectKey":"buduunkhad","area":"Бүдүүн хад","licence":"XV-023222","sensor":"Base / Control","dataType":"control_reference_point","controlType":"base","name":"Drtk3","plannedActual":"reference","status":"confirmed_source","contextOnly":true,"sourceFile":"Buduunkhad_Drone_Project_Tracker.xlsx","sourceUrl":"https://docs.google.com/spreadsheets/d/1DwydImVmcQvj7s4loVRk_4K9-VQ7szXz/edit?gid=991918308","sourceCrs":"EPSG:32647","displayCrs":"EPSG:4326","crsVerified":true,"easting":321723.717,"northing":5093451.656,"elevationM":1885.478,"dates":["2026-07-05"],"observationCount":2},"geometry":{"type":"Point","coordinates":[96.69881259,45.97146365]}},{"type":"Feature","id":"tracker-control:243","properties":{"project":"Buduunkhad","projectKey":"buduunkhad","area":"Бүдүүн хад","licence":"XV-023222","sensor":"Base / Control","dataType":"control_reference_point","controlType":"base","name":"drtk20","plannedActual":"reference","status":"confirmed_source","contextOnly":true,"sourceFile":"Buduunkhad_Drone_Project_Tracker.xlsx","sourceUrl":"https://docs.google.com/spreadsheets/d/1DwydImVmcQvj7s4loVRk_4K9-VQ7szXz/edit?gid=991918308","sourceCrs":"EPSG:32647","displayCrs":"EPSG:4326","crsVerified":true,"easting":320759.948,"northing":5095487.97,"elevationM":1942.461,"dates":["2026-07-06"],"observationCount":2},"geometry":{"type":"Point","coordinates":[96.68561924,45.98952517]}},{"type":"Feature","id":"tracker-control:244","properties":{"project":"Buduunkhad","projectKey":"buduunkhad","area":"Бүдүүн хад","licence":"XV-023222","sensor":"Base / Control","dataType":"control_reference_point","controlType":"base","name":"drtk1","plannedActual":"reference","status":"confirmed_source","contextOnly":true,"sourceFile":"Buduunkhad_Drone_Project_Tracker.xlsx","sourceUrl":"https://docs.google.com/spreadsheets/d/1DwydImVmcQvj7s4loVRk_4K9-VQ7szXz/edit?gid=991918308","sourceCrs":"EPSG:32647","displayCrs":"EPSG:4326","crsVerified":true,"easting":315636.867,"northing":5097034.663,"elevationM":2157.122,"dates":["2026-07-07"],"observationCount":2},"geometry":{"type":"Point","coordinates":[96.61892929,46.00207563]}},{"type":"Feature","id":"tracker-control:245","properties":{"project":"Buduunkhad","projectKey":"buduunkhad","area":"Бүдүүн хад","licence":"XV-023222","sensor":"Base / Control","dataType":"control_reference_point","controlType":"base","name":"rtk1","plannedActual":"reference","status":"confirmed_source","contextOnly":true,"sourceFile":"Buduunkhad_Drone_Project_Tracker.xlsx","sourceUrl":"https://docs.google.com/spreadsheets/d/1DwydImVmcQvj7s4loVRk_4K9-VQ7szXz/edit?gid=991918308","sourceCrs":"EPSG:32647","displayCrs":"EPSG:4326","crsVerified":true,"easting":319231.588,"northing":5094133.395,"elevationM":1925.102,"dates":["2026-07-08"],"observationCount":2},"geometry":{"type":"Point","coordinates":[96.66641342,45.9769424]}},{"type":"Feature","id":"tracker-control:246","properties":{"project":"Buduunkhad","projectKey":"buduunkhad","area":"Бүдүүн хад","licence":"XV-023222","sensor":"Base / Control","dataType":"control_reference_point","controlType":"base","name":"rtk2","plannedActual":"reference","status":"confirmed_source","contextOnly":true,"sourceFile":"Buduunkhad_Drone_Project_Tracker.xlsx","sourceUrl":"https://docs.google.com/spreadsheets/d/1DwydImVmcQvj7s4loVRk_4K9-VQ7szXz/edit?gid=991918308","sourceCrs":"EPSG:32647","displayCrs":"EPSG:4326","crsVerified":true,"easting":319520.031,"northing":5093950.606,"elevationM":1949.722,"dates":["2026-07-09"],"observationCount":2},"geometry":{"type":"Point","coordinates":[96.67020286,45.97537454]}},{"type":"Feature","id":"tracker-control:247","properties":{"project":"Buduunkhad","projectKey":"buduunkhad","area":"Бүдүүн хад","licence":"XV-023222","sensor":"Base / Control","dataType":"control_reference_point","controlType":"base","name":"drt2ch1","plannedActual":"reference","status":"confirmed_source","contextOnly":true,"sourceFile":"Buduunkhad_Drone_Project_Tracker.xlsx","sourceUrl":"https://docs.google.com/spreadsheets/d/1DwydImVmcQvj7s4loVRk_4K9-VQ7szXz/edit?gid=991918308","sourceCrs":"EPSG:32647","displayCrs":"EPSG:4326","crsVerified":true,"easting":319520.031,"northing":5093950.606,"elevationM":1949.722,"dates":["2026-07-12"],"observationCount":2},"geometry":{"type":"Point","coordinates":[96.67020286,45.97537454]}},{"type":"Feature","id":"tracker-control:248","properties":{"project":"Buduunkhad","projectKey":"buduunkhad","area":"Бүдүүн хад","licence":"XV-023222","sensor":"Base / Control","dataType":"control_reference_point","controlType":"base","name":"drt2","plannedActual":"reference","status":"confirmed_source","contextOnly":true,"sourceFile":"Buduunkhad_Drone_Project_Tracker.xlsx","sourceUrl":"https://docs.google.com/spreadsheets/d/1DwydImVmcQvj7s4loVRk_4K9-VQ7szXz/edit?gid=991918308","sourceCrs":"EPSG:32647","displayCrs":"EPSG:4326","crsVerified":true,"easting":320639.233,"northing":5095411.849,"elevationM":1948.132,"dates":["2026-07-14"],"observationCount":2},"geometry":{"type":"Point","coordinates":[96.6840904,45.98880905]}},{"type":"Feature","id":"tracker-control:249","properties":{"project":"Buduunkhad","projectKey":"buduunkhad","area":"Бүдүүн хад","licence":"XV-023222","sensor":"Base / Control","dataType":"control_reference_point","controlType":"base","name":"drt1","plannedActual":"reference","status":"confirmed_source","contextOnly":true,"sourceFile":"Buduunkhad_Drone_Project_Tracker.xlsx","sourceUrl":"https://docs.google.com/spreadsheets/d/1DwydImVmcQvj7s4loVRk_4K9-VQ7szXz/edit?gid=991918308","sourceCrs":"EPSG:32647","displayCrs":"EPSG:4326","crsVerified":true,"easting":318380.575,"northing":5096457.726,"elevationM":2099.649,"dates":["2026-07-15"],"observationCount":2},"geometry":{"type":"Point","coordinates":[96.65455365,45.9976199]}},{"type":"Feature","id":"tracker-control:250","properties":{"project":"Buduunkhad","projectKey":"buduunkhad","area":"Бүдүүн хад","licence":"XV-023222","sensor":"Base / Control","dataType":"control_reference_point","controlType":"base","name":"drt1","plannedActual":"reference","status":"confirmed_source","contextOnly":true,"sourceFile":"Buduunkhad_Drone_Project_Tracker.xlsx","sourceUrl":"https://docs.google.com/spreadsheets/d/1DwydImVmcQvj7s4loVRk_4K9-VQ7szXz/edit?gid=991918308","sourceCrs":"EPSG:32647","displayCrs":"EPSG:4326","crsVerified":true,"easting":316933.609,"northing":5096254.194,"elevationM":2163.614,"dates":["2026-07-16"],"observationCount":2},"geometry":{"type":"Point","coordinates":[96.63596145,45.99540471]}},{"type":"Feature","id":"tracker-control:251","properties":{"project":"Buduunkhad","projectKey":"buduunkhad","area":"Бүдүүн хад","licence":"XV-023222","sensor":"Base / Control","dataType":"control_reference_point","controlType":"base","name":"drt2","plannedActual":"reference","status":"confirmed_source","contextOnly":true,"sourceFile":"Buduunkhad_Drone_Project_Tracker.xlsx","sourceUrl":"https://docs.google.com/spreadsheets/d/1DwydImVmcQvj7s4loVRk_4K9-VQ7szXz/edit?gid=991918308","sourceCrs":"EPSG:32647","displayCrs":"EPSG:4326","crsVerified":true,"easting":316990.41,"northing":5095214.711,"elevationM":1981.943,"dates":["2026-07-17"],"observationCount":2},"geometry":{"type":"Point","coordinates":[96.63709237,45.98607212]}},{"type":"Feature","id":"tracker-control:252","properties":{"project":"Buduunkhad","projectKey":"buduunkhad","area":"Бүдүүн хад","licence":"XV-023222","sensor":"Base / Control","dataType":"control_reference_point","controlType":"base","name":"drt1","plannedActual":"reference","status":"confirmed_source","contextOnly":true,"sourceFile":"Buduunkhad_Drone_Project_Tracker.xlsx","sourceUrl":"https://docs.google.com/spreadsheets/d/1DwydImVmcQvj7s4loVRk_4K9-VQ7szXz/edit?gid=991918308","sourceCrs":"EPSG:32647","displayCrs":"EPSG:4326","crsVerified":true,"easting":320247.265,"northing":5095757.06,"elevationM":1985.703,"dates":["2026-07-17"],"observationCount":2},"geometry":{"type":"Point","coordinates":[96.67890367,45.99181088]}},{"type":"Feature","id":"tracker-control:253","properties":{"project":"Buduunkhad","projectKey":"buduunkhad","area":"Бүдүүн хад","licence":"XV-023222","sensor":"Base / Control","dataType":"control_reference_point","controlType":"base","name":"drt2","plannedActual":"reference","status":"confirmed_source","contextOnly":true,"sourceFile":"Buduunkhad_Drone_Project_Tracker.xlsx","sourceUrl":"https://docs.google.com/spreadsheets/d/1DwydImVmcQvj7s4loVRk_4K9-VQ7szXz/edit?gid=991918308","sourceCrs":"EPSG:32647","displayCrs":"EPSG:4326","crsVerified":true,"easting":316990.467,"northing":5095214.697,"elevationM":1981.91,"dates":["2026-07-20"],"observationCount":2},"geometry":{"type":"Point","coordinates":[96.63709311,45.98607201]}},{"type":"Feature","id":"tracker-control:254","properties":{"project":"Buduunkhad","projectKey":"buduunkhad","area":"Бүдүүн хад","licence":"XV-023222","sensor":"Base / Control","dataType":"control_reference_point","controlType":"base","name":"drt1","plannedActual":"reference","status":"confirmed_source","contextOnly":true,"sourceFile":"Buduunkhad_Drone_Project_Tracker.xlsx","sourceUrl":"https://docs.google.com/spreadsheets/d/1DwydImVmcQvj7s4loVRk_4K9-VQ7szXz/edit?gid=991918308","sourceCrs":"EPSG:32647","displayCrs":"EPSG:4326","crsVerified":true,"easting":316599.972,"northing":5095712.499,"elevationM":2038.977,"dates":["2026-08-03"],"observationCount":2},"geometry":{"type":"Point","coordinates":[96.63186463,45.99044426]}},{"type":"Feature","id":"tracker-control:255","properties":{"project":"Artsat","projectKey":"artsat","area":"Арцат","licence":"XV-021395","sensor":"Base / Control","dataType":"control_reference_point","controlType":"gcp","name":"GCP1","plannedActual":"reference","status":"confirmed_source","contextOnly":true,"sourceFile":"Artsat_Drone_Project_Tracker.xlsx","sourceUrl":"https://docs.google.com/spreadsheets/d/1dbk0R5iHgwgPfa8gT25wN-NhtOVLjQUZ/edit?gid=991918308","sourceCrs":"EPSG:32646","displayCrs":"EPSG:4326","crsVerified":true,"easting":459029.504,"northing":5109938.335,"elevationM":1793.049,"dates":["2026-08-09"],"observationCount":1},"geometry":{"type":"Point","coordinates":[92.46952941,46.14179042]}},{"type":"Feature","id":"tracker-control:256","properties":{"project":"Artsat","projectKey":"artsat","area":"Арцат","licence":"XV-021395","sensor":"Base / Control","dataType":"control_reference_point","controlType":"gcp","name":"GCP2","plannedActual":"reference","status":"confirmed_source","contextOnly":true,"sourceFile":"Artsat_Drone_Project_Tracker.xlsx","sourceUrl":"https://docs.google.com/spreadsheets/d/1dbk0R5iHgwgPfa8gT25wN-NhtOVLjQUZ/edit?gid=991918308","sourceCrs":"EPSG:32646","displayCrs":"EPSG:4326","crsVerified":true,"easting":459286.359,"northing":5109681.531,"elevationM":1792.404,"dates":["2026-08-09"],"observationCount":1},"geometry":{"type":"Point","coordinates":[92.47287698,46.13949463]}},{"type":"Feature","id":"tracker-control:257","properties":{"project":"Artsat","projectKey":"artsat","area":"Арцат","licence":"XV-021395","sensor":"Base / Control","dataType":"control_reference_point","controlType":"gcp","name":"GCP3","plannedActual":"reference","status":"confirmed_source","contextOnly":true,"sourceFile":"Artsat_Drone_Project_Tracker.xlsx","sourceUrl":"https://docs.google.com/spreadsheets/d/1dbk0R5iHgwgPfa8gT25wN-NhtOVLjQUZ/edit?gid=991918308","sourceCrs":"EPSG:32646","displayCrs":"EPSG:4326","crsVerified":true,"easting":459323.438,"northing":5110198.419,"elevationM":1827.621,"dates":["2026-08-09"],"observationCount":1},"geometry":{"type":"Point","coordinates":[92.47331267,46.1441487]}},{"type":"Feature","id":"tracker-control:258","properties":{"project":"Artsat","projectKey":"artsat","area":"Арцат","licence":"XV-021395","sensor":"Base / Control","dataType":"control_reference_point","controlType":"gcp","name":"GCP4","plannedActual":"reference","status":"confirmed_source","contextOnly":true,"sourceFile":"Artsat_Drone_Project_Tracker.xlsx","sourceUrl":"https://docs.google.com/spreadsheets/d/1dbk0R5iHgwgPfa8gT25wN-NhtOVLjQUZ/edit?gid=991918308","sourceCrs":"EPSG:32646","displayCrs":"EPSG:4326","crsVerified":true,"easting":459914.806,"northing":5109936.245,"elevationM":1788.366,"dates":["2026-08-09"],"observationCount":1},"geometry":{"type":"Point","coordinates":[92.48099166,46.14182422]}},{"type":"Feature","id":"tracker-control:259","properties":{"project":"Artsat","projectKey":"artsat","area":"Арцат","licence":"XV-021395","sensor":"Base / Control","dataType":"control_reference_point","controlType":"gcp","name":"GCP05","plannedActual":"reference","status":"confirmed_source","contextOnly":true,"sourceFile":"Artsat_Drone_Project_Tracker.xlsx","sourceUrl":"https://docs.google.com/spreadsheets/d/1dbk0R5iHgwgPfa8gT25wN-NhtOVLjQUZ/edit?gid=991918308","sourceCrs":"EPSG:32646","displayCrs":"EPSG:4326","crsVerified":true,"easting":460253.322,"northing":5109672.797,"elevationM":1805.225,"dates":["2026-08-09"],"observationCount":1},"geometry":{"type":"Point","coordinates":[92.48539655,46.13947307]}},{"type":"Feature","id":"tracker-control:260","properties":{"project":"Artsat","projectKey":"artsat","area":"Арцат","licence":"XV-021395","sensor":"Base / Control","dataType":"control_reference_point","controlType":"gcp","name":"GCP06","plannedActual":"reference","status":"confirmed_source","contextOnly":true,"sourceFile":"Artsat_Drone_Project_Tracker.xlsx","sourceUrl":"https://docs.google.com/spreadsheets/d/1dbk0R5iHgwgPfa8gT25wN-NhtOVLjQUZ/edit?gid=991918308","sourceCrs":"EPSG:32646","displayCrs":"EPSG:4326","crsVerified":true,"easting":460182.993,"northing":5110011.173,"elevationM":1801.657,"dates":["2026-08-09"],"observationCount":1},"geometry":{"type":"Point","coordinates":[92.48445761,46.14251427]}},{"type":"Feature","id":"tracker-control:261","properties":{"project":"Artsat","projectKey":"artsat","area":"Арцат","licence":"XV-021395","sensor":"Base / Control","dataType":"control_reference_point","controlType":"gcp","name":"GCP08","plannedActual":"reference","status":"confirmed_source","contextOnly":true,"sourceFile":"Artsat_Drone_Project_Tracker.xlsx","sourceUrl":"https://docs.google.com/spreadsheets/d/1dbk0R5iHgwgPfa8gT25wN-NhtOVLjQUZ/edit?gid=991918308","sourceCrs":"EPSG:32646","displayCrs":"EPSG:4326","crsVerified":true,"easting":460888.263,"northing":5109933.756,"elevationM":1774.151,"dates":["2026-08-09"],"observationCount":1},"geometry":{"type":"Point","coordinates":[92.49359532,46.14185835]}},{"type":"Feature","id":"tracker-control:262","properties":{"project":"Artsat","projectKey":"artsat","area":"Арцат","licence":"XV-021395","sensor":"Base / Control","dataType":"control_reference_point","controlType":"gcp","name":"GCP09","plannedActual":"reference","status":"confirmed_source","contextOnly":true,"sourceFile":"Artsat_Drone_Project_Tracker.xlsx","sourceUrl":"https://docs.google.com/spreadsheets/d/1dbk0R5iHgwgPfa8gT25wN-NhtOVLjQUZ/edit?gid=991918308","sourceCrs":"EPSG:32646","displayCrs":"EPSG:4326","crsVerified":true,"easting":461119.499,"northing":5109952.493,"elevationM":1820.102,"dates":["2026-08-09"],"observationCount":1},"geometry":{"type":"Point","coordinates":[92.49658763,46.14204021]}},{"type":"Feature","id":"tracker-control:263","properties":{"project":"Artsat","projectKey":"artsat","area":"Арцат","licence":"XV-021395","sensor":"Base / Control","dataType":"control_reference_point","controlType":"gcp","name":"GCP10","plannedActual":"reference","status":"confirmed_source","contextOnly":true,"sourceFile":"Artsat_Drone_Project_Tracker.xlsx","sourceUrl":"https://docs.google.com/spreadsheets/d/1dbk0R5iHgwgPfa8gT25wN-NhtOVLjQUZ/edit?gid=991918308","sourceCrs":"EPSG:32646","displayCrs":"EPSG:4326","crsVerified":true,"easting":461395.188,"northing":5109484.497,"elevationM":1800.593,"dates":["2026-08-09"],"observationCount":1},"geometry":{"type":"Point","coordinates":[92.50019513,46.13784401]}},{"type":"Feature","id":"tracker-control:264","properties":{"project":"Artsat","projectKey":"artsat","area":"Арцат","licence":"XV-021395","sensor":"Base / Control","dataType":"control_reference_point","controlType":"gcp","name":"GCP11","plannedActual":"reference","status":"confirmed_source","contextOnly":true,"sourceFile":"Artsat_Drone_Project_Tracker.xlsx","sourceUrl":"https://docs.google.com/spreadsheets/d/1dbk0R5iHgwgPfa8gT25wN-NhtOVLjQUZ/edit?gid=991918308","sourceCrs":"EPSG:32646","displayCrs":"EPSG:4326","crsVerified":true,"easting":461858.671,"northing":5109926.416,"elevationM":1800.077,"dates":["2026-08-09"],"observationCount":1},"geometry":{"type":"Point","coordinates":[92.50615992,46.14184726]}},{"type":"Feature","id":"tracker-control:265","properties":{"project":"Artsat","projectKey":"artsat","area":"Арцат","licence":"XV-021395","sensor":"Base / Control","dataType":"control_reference_point","controlType":"gcp","name":"GCP12","plannedActual":"reference","status":"confirmed_source","contextOnly":true,"sourceFile":"Artsat_Drone_Project_Tracker.xlsx","sourceUrl":"https://docs.google.com/spreadsheets/d/1dbk0R5iHgwgPfa8gT25wN-NhtOVLjQUZ/edit?gid=991918308","sourceCrs":"EPSG:32646","displayCrs":"EPSG:4326","crsVerified":true,"easting":462419.435,"northing":5109681.785,"elevationM":1836.639,"dates":["2026-08-09"],"observationCount":1},"geometry":{"type":"Point","coordinates":[92.51343962,46.13967677]}},{"type":"Feature","id":"tracker-control:266","properties":{"project":"Artsat","projectKey":"artsat","area":"Арцат","licence":"XV-021395","sensor":"Base / Control","dataType":"control_reference_point","controlType":"gcp","name":"GCP13","plannedActual":"reference","status":"confirmed_source","contextOnly":true,"sourceFile":"Artsat_Drone_Project_Tracker.xlsx","sourceUrl":"https://docs.google.com/spreadsheets/d/1dbk0R5iHgwgPfa8gT25wN-NhtOVLjQUZ/edit?gid=991918308","sourceCrs":"EPSG:32646","displayCrs":"EPSG:4326","crsVerified":true,"easting":462798.216,"northing":5109919.695,"elevationM":1852.931,"dates":["2026-08-09"],"observationCount":1},"geometry":{"type":"Point","coordinates":[92.5183249,46.14183868]}},{"type":"Feature","id":"tracker-control:267","properties":{"project":"Artsat","projectKey":"artsat","area":"Арцат","licence":"XV-021395","sensor":"Base / Control","dataType":"control_reference_point","controlType":"gcp","name":"GCP14","plannedActual":"reference","status":"confirmed_source","contextOnly":true,"sourceFile":"Artsat_Drone_Project_Tracker.xlsx","sourceUrl":"https://docs.google.com/spreadsheets/d/1dbk0R5iHgwgPfa8gT25wN-NhtOVLjQUZ/edit?gid=991918308","sourceCrs":"EPSG:32646","displayCrs":"EPSG:4326","crsVerified":true,"easting":462318.266,"northing":5110211.175,"elevationM":1836.723,"dates":["2026-08-09"],"observationCount":1},"geometry":{"type":"Point","coordinates":[92.51208773,46.14443559]}},{"type":"Feature","id":"tracker-control:268","properties":{"project":"Artsat","projectKey":"artsat","area":"Арцат","licence":"XV-021395","sensor":"Base / Control","dataType":"control_reference_point","controlType":"gcp","name":"GCP15","plannedActual":"reference","status":"confirmed_source","contextOnly":true,"sourceFile":"Artsat_Drone_Project_Tracker.xlsx","sourceUrl":"https://docs.google.com/spreadsheets/d/1dbk0R5iHgwgPfa8gT25wN-NhtOVLjQUZ/edit?gid=991918308","sourceCrs":"EPSG:32646","displayCrs":"EPSG:4326","crsVerified":true,"easting":460220.884,"northing":5110835.158,"elevationM":1830.357,"dates":["2026-08-09"],"observationCount":1},"geometry":{"type":"Point","coordinates":[92.48487902,46.14993214]}},{"type":"Feature","id":"tracker-control:269","properties":{"project":"Artsat","projectKey":"artsat","area":"Арцат","licence":"XV-021395","sensor":"Base / Control","dataType":"control_reference_point","controlType":"gcp","name":"GCP16","plannedActual":"reference","status":"confirmed_source","contextOnly":true,"sourceFile":"Artsat_Drone_Project_Tracker.xlsx","sourceUrl":"https://docs.google.com/spreadsheets/d/1dbk0R5iHgwgPfa8gT25wN-NhtOVLjQUZ/edit?gid=991918308","sourceCrs":"EPSG:32646","displayCrs":"EPSG:4326","crsVerified":true,"easting":459922.453,"northing":5111171.707,"elevationM":1858.628,"dates":["2026-08-09"],"observationCount":1},"geometry":{"type":"Point","coordinates":[92.48098617,46.15294351]}},{"type":"Feature","id":"tracker-control:270","properties":{"project":"Artsat","projectKey":"artsat","area":"Арцат","licence":"XV-021395","sensor":"Base / Control","dataType":"control_reference_point","controlType":"gcp","name":"GCP17","plannedActual":"reference","status":"confirmed_source","contextOnly":true,"sourceFile":"Artsat_Drone_Project_Tracker.xlsx","sourceUrl":"https://docs.google.com/spreadsheets/d/1dbk0R5iHgwgPfa8gT25wN-NhtOVLjQUZ/edit?gid=991918308","sourceCrs":"EPSG:32646","displayCrs":"EPSG:4326","crsVerified":true,"easting":459597.618,"northing":5111088.502,"elevationM":1849.428,"dates":["2026-08-09"],"observationCount":1},"geometry":{"type":"Point","coordinates":[92.47678676,46.15217551]}},{"type":"Feature","id":"tracker-control:271","properties":{"project":"Artsat","projectKey":"artsat","area":"Арцат","licence":"XV-021395","sensor":"Base / Control","dataType":"control_reference_point","controlType":"gcp","name":"GCP18","plannedActual":"reference","status":"confirmed_source","contextOnly":true,"sourceFile":"Artsat_Drone_Project_Tracker.xlsx","sourceUrl":"https://docs.google.com/spreadsheets/d/1dbk0R5iHgwgPfa8gT25wN-NhtOVLjQUZ/edit?gid=991918308","sourceCrs":"EPSG:32646","displayCrs":"EPSG:4326","crsVerified":true,"easting":459047.506,"northing":5111175.876,"elevationM":1878.667,"dates":["2026-08-09"],"observationCount":1},"geometry":{"type":"Point","coordinates":[92.46965553,46.15292903]}},{"type":"Feature","id":"tracker-control:272","properties":{"project":"Artsat","projectKey":"artsat","area":"Арцат","licence":"XV-021395","sensor":"Base / Control","dataType":"control_reference_point","controlType":"gcp","name":"GCP19","plannedActual":"reference","status":"confirmed_source","contextOnly":true,"sourceFile":"Artsat_Drone_Project_Tracker.xlsx","sourceUrl":"https://docs.google.com/spreadsheets/d/1dbk0R5iHgwgPfa8gT25wN-NhtOVLjQUZ/edit?gid=991918308","sourceCrs":"EPSG:32646","displayCrs":"EPSG:4326","crsVerified":true,"easting":459675.111,"northing":5111425.067,"elevationM":1889.444,"dates":["2026-08-09"],"observationCount":1},"geometry":{"type":"Point","coordinates":[92.4777616,46.1552091]}},{"type":"Feature","id":"tracker-control:273","properties":{"project":"Artsat","projectKey":"artsat","area":"Арцат","licence":"XV-021395","sensor":"Base / Control","dataType":"control_reference_point","controlType":"gcp","name":"GCP20","plannedActual":"reference","status":"confirmed_source","contextOnly":true,"sourceFile":"Artsat_Drone_Project_Tracker.xlsx","sourceUrl":"https://docs.google.com/spreadsheets/d/1dbk0R5iHgwgPfa8gT25wN-NhtOVLjQUZ/edit?gid=991918308","sourceCrs":"EPSG:32646","displayCrs":"EPSG:4326","crsVerified":true,"easting":461411.835,"northing":5110873.521,"elevationM":1859.278,"dates":["2026-08-09"],"observationCount":1},"geometry":{"type":"Point","coordinates":[92.50029756,46.15034585]}},{"type":"Feature","id":"tracker-control:274","properties":{"project":"Artsat","projectKey":"artsat","area":"Арцат","licence":"XV-021395","sensor":"Base / Control","dataType":"control_reference_point","controlType":"gcp","name":"GCP21","plannedActual":"reference","status":"confirmed_source","contextOnly":true,"sourceFile":"Artsat_Drone_Project_Tracker.xlsx","sourceUrl":"https://docs.google.com/spreadsheets/d/1dbk0R5iHgwgPfa8gT25wN-NhtOVLjQUZ/edit?gid=991918308","sourceCrs":"EPSG:32646","displayCrs":"EPSG:4326","crsVerified":true,"easting":461456.181,"northing":5111512.885,"elevationM":1854.458,"dates":["2026-08-09"],"observationCount":1},"geometry":{"type":"Point","coordinates":[92.50081978,46.15610248]}},{"type":"Feature","id":"tracker-control:275","properties":{"project":"Artsat","projectKey":"artsat","area":"Арцат","licence":"XV-021395","sensor":"Base / Control","dataType":"control_reference_point","controlType":"gcp","name":"GCP22","plannedActual":"reference","status":"confirmed_source","contextOnly":true,"sourceFile":"Artsat_Drone_Project_Tracker.xlsx","sourceUrl":"https://docs.google.com/spreadsheets/d/1dbk0R5iHgwgPfa8gT25wN-NhtOVLjQUZ/edit?gid=991918308","sourceCrs":"EPSG:32646","displayCrs":"EPSG:4326","crsVerified":true,"easting":461868.9,"northing":5111158.399,"elevationM":1856.209,"dates":["2026-08-09"],"observationCount":1},"geometry":{"type":"Point","coordinates":[92.50619322,46.15293541]}},{"type":"Feature","id":"tracker-control:276","properties":{"project":"Artsat","projectKey":"artsat","area":"Арцат","licence":"XV-021395","sensor":"Base / Control","dataType":"control_reference_point","controlType":"gcp","name":"GCP23","plannedActual":"reference","status":"confirmed_source","contextOnly":true,"sourceFile":"Artsat_Drone_Project_Tracker.xlsx","sourceUrl":"https://docs.google.com/spreadsheets/d/1dbk0R5iHgwgPfa8gT25wN-NhtOVLjQUZ/edit?gid=991918308","sourceCrs":"EPSG:32646","displayCrs":"EPSG:4326","crsVerified":true,"easting":460895.357,"northing":5111167.507,"elevationM":1864.782,"dates":["2026-08-09"],"observationCount":1},"geometry":{"type":"Point","coordinates":[92.49358535,46.15296222]}},{"type":"Feature","id":"tracker-control:277","properties":{"project":"Artsat","projectKey":"artsat","area":"Арцат","licence":"XV-021395","sensor":"Base / Control","dataType":"control_reference_point","controlType":"gcp","name":"GCP24","plannedActual":"reference","status":"confirmed_source","contextOnly":true,"sourceFile":"Artsat_Drone_Project_Tracker.xlsx","sourceUrl":"https://docs.google.com/spreadsheets/d/1dbk0R5iHgwgPfa8gT25wN-NhtOVLjQUZ/edit?gid=991918308","sourceCrs":"EPSG:32646","displayCrs":"EPSG:4326","crsVerified":true,"easting":460690.653,"northing":5111400.495,"elevationM":1879.783,"dates":["2026-08-09"],"observationCount":1},"geometry":{"type":"Point","coordinates":[92.49091516,46.15504728]}},{"type":"Feature","id":"tracker-control:278","properties":{"project":"Artsat","projectKey":"artsat","area":"Арцат","licence":"XV-021395","sensor":"Base / Control","dataType":"control_reference_point","controlType":"gcp","name":"P1","plannedActual":"reference","status":"confirmed_source","contextOnly":true,"sourceFile":"Artsat_Drone_Project_Tracker.xlsx","sourceUrl":"https://docs.google.com/spreadsheets/d/1dbk0R5iHgwgPfa8gT25wN-NhtOVLjQUZ/edit?gid=991918308","sourceCrs":"EPSG:32646","displayCrs":"EPSG:4326","crsVerified":true,"easting":459598.978,"northing":5111089.135,"elevationM":1849.344,"dates":["2026-08-09"],"observationCount":1},"geometry":{"type":"Point","coordinates":[92.47680431,46.15218129]}},{"type":"Feature","id":"tracker-control:279","properties":{"project":"Artsat","projectKey":"artsat","area":"Арцат","licence":"XV-021395","sensor":"Base / Control","dataType":"control_reference_point","controlType":"gcp","name":"P2","plannedActual":"reference","status":"confirmed_source","contextOnly":true,"sourceFile":"Artsat_Drone_Project_Tracker.xlsx","sourceUrl":"https://docs.google.com/spreadsheets/d/1dbk0R5iHgwgPfa8gT25wN-NhtOVLjQUZ/edit?gid=991918308","sourceCrs":"EPSG:32646","displayCrs":"EPSG:4326","crsVerified":true,"easting":459604.235,"northing":5111093.528,"elevationM":1850.069,"dates":["2026-08-09"],"observationCount":1},"geometry":{"type":"Point","coordinates":[92.47687201,46.15222114]}},{"type":"Feature","id":"tracker-control:280","properties":{"project":"Artsat","projectKey":"artsat","area":"Арцат","licence":"XV-021395","sensor":"Base / Control","dataType":"control_reference_point","controlType":"gcp","name":"P3","plannedActual":"reference","status":"confirmed_source","contextOnly":true,"sourceFile":"Artsat_Drone_Project_Tracker.xlsx","sourceUrl":"https://docs.google.com/spreadsheets/d/1dbk0R5iHgwgPfa8gT25wN-NhtOVLjQUZ/edit?gid=991918308","sourceCrs":"EPSG:32646","displayCrs":"EPSG:4326","crsVerified":true,"easting":459611.111,"northing":5111097.966,"elevationM":1851.341,"dates":["2026-08-09"],"observationCount":1},"geometry":{"type":"Point","coordinates":[92.47696068,46.15226149]}},{"type":"Feature","id":"tracker-control:281","properties":{"project":"Artsat","projectKey":"artsat","area":"Арцат","licence":"XV-021395","sensor":"Base / Control","dataType":"control_reference_point","controlType":"gcp","name":"P4","plannedActual":"reference","status":"confirmed_source","contextOnly":true,"sourceFile":"Artsat_Drone_Project_Tracker.xlsx","sourceUrl":"https://docs.google.com/spreadsheets/d/1dbk0R5iHgwgPfa8gT25wN-NhtOVLjQUZ/edit?gid=991918308","sourceCrs":"EPSG:32646","displayCrs":"EPSG:4326","crsVerified":true,"easting":459618.178,"northing":5111101.513,"elevationM":1853.103,"dates":["2026-08-09"],"observationCount":1},"geometry":{"type":"Point","coordinates":[92.47705189,46.15229383]}},{"type":"Feature","id":"tracker-control:282","properties":{"project":"Artsat","projectKey":"artsat","area":"Арцат","licence":"XV-021395","sensor":"Base / Control","dataType":"control_reference_point","controlType":"gcp","name":"P5","plannedActual":"reference","status":"confirmed_source","contextOnly":true,"sourceFile":"Artsat_Drone_Project_Tracker.xlsx","sourceUrl":"https://docs.google.com/spreadsheets/d/1dbk0R5iHgwgPfa8gT25wN-NhtOVLjQUZ/edit?gid=991918308","sourceCrs":"EPSG:32646","displayCrs":"EPSG:4326","crsVerified":true,"easting":459625.102,"northing":5111106.222,"elevationM":1854.701,"dates":["2026-08-09"],"observationCount":1},"geometry":{"type":"Point","coordinates":[92.47714115,46.15233662]}},{"type":"Feature","id":"tracker-control:283","properties":{"project":"Artsat","projectKey":"artsat","area":"Арцат","licence":"XV-021395","sensor":"Base / Control","dataType":"control_reference_point","controlType":"gcp","name":"P6","plannedActual":"reference","status":"confirmed_source","contextOnly":true,"sourceFile":"Artsat_Drone_Project_Tracker.xlsx","sourceUrl":"https://docs.google.com/spreadsheets/d/1dbk0R5iHgwgPfa8gT25wN-NhtOVLjQUZ/edit?gid=991918308","sourceCrs":"EPSG:32646","displayCrs":"EPSG:4326","crsVerified":true,"easting":459632.044,"northing":5111110.561,"elevationM":1855.446,"dates":["2026-08-09"],"observationCount":1},"geometry":{"type":"Point","coordinates":[92.47723068,46.15237608]}},{"type":"Feature","id":"tracker-control:284","properties":{"project":"Artsat","projectKey":"artsat","area":"Арцат","licence":"XV-021395","sensor":"Base / Control","dataType":"control_reference_point","controlType":"gcp","name":"P7","plannedActual":"reference","status":"confirmed_source","contextOnly":true,"sourceFile":"Artsat_Drone_Project_Tracker.xlsx","sourceUrl":"https://docs.google.com/spreadsheets/d/1dbk0R5iHgwgPfa8gT25wN-NhtOVLjQUZ/edit?gid=991918308","sourceCrs":"EPSG:32646","displayCrs":"EPSG:4326","crsVerified":true,"easting":459052.273,"northing":5111178.142,"elevationM":1879.391,"dates":["2026-08-09"],"observationCount":1},"geometry":{"type":"Point","coordinates":[92.46971706,46.15294971]}},{"type":"Feature","id":"tracker-control:285","properties":{"project":"Artsat","projectKey":"artsat","area":"Арцат","licence":"XV-021395","sensor":"Base / Control","dataType":"control_reference_point","controlType":"gcp","name":"P8","plannedActual":"reference","status":"confirmed_source","contextOnly":true,"sourceFile":"Artsat_Drone_Project_Tracker.xlsx","sourceUrl":"https://docs.google.com/spreadsheets/d/1dbk0R5iHgwgPfa8gT25wN-NhtOVLjQUZ/edit?gid=991918308","sourceCrs":"EPSG:32646","displayCrs":"EPSG:4326","crsVerified":true,"easting":459060.052,"northing":5111173.882,"elevationM":1879.897,"dates":["2026-08-09"],"observationCount":1},"geometry":{"type":"Point","coordinates":[92.46981817,46.15291184]}},{"type":"Feature","id":"tracker-control:286","properties":{"project":"Artsat","projectKey":"artsat","area":"Арцат","licence":"XV-021395","sensor":"Base / Control","dataType":"control_reference_point","controlType":"gcp","name":"P9","plannedActual":"reference","status":"confirmed_source","contextOnly":true,"sourceFile":"Artsat_Drone_Project_Tracker.xlsx","sourceUrl":"https://docs.google.com/spreadsheets/d/1dbk0R5iHgwgPfa8gT25wN-NhtOVLjQUZ/edit?gid=991918308","sourceCrs":"EPSG:32646","displayCrs":"EPSG:4326","crsVerified":true,"easting":459068.517,"northing":5111169.355,"elevationM":1880.03,"dates":["2026-08-09"],"observationCount":1},"geometry":{"type":"Point","coordinates":[92.46992818,46.1528716]}},{"type":"Feature","id":"tracker-control:287","properties":{"project":"Artsat","projectKey":"artsat","area":"Арцат","licence":"XV-021395","sensor":"Base / Control","dataType":"control_reference_point","controlType":"gcp","name":"P10","plannedActual":"reference","status":"confirmed_source","contextOnly":true,"sourceFile":"Artsat_Drone_Project_Tracker.xlsx","sourceUrl":"https://docs.google.com/spreadsheets/d/1dbk0R5iHgwgPfa8gT25wN-NhtOVLjQUZ/edit?gid=991918308","sourceCrs":"EPSG:32646","displayCrs":"EPSG:4326","crsVerified":true,"easting":459076.632,"northing":5111164.458,"elevationM":1879.513,"dates":["2026-08-09"],"observationCount":1},"geometry":{"type":"Point","coordinates":[92.47003369,46.15282802]}},{"type":"Feature","id":"tracker-control:288","properties":{"project":"Artsat","projectKey":"artsat","area":"Арцат","licence":"XV-021395","sensor":"Base / Control","dataType":"control_reference_point","controlType":"gcp","name":"P11","plannedActual":"reference","status":"confirmed_source","contextOnly":true,"sourceFile":"Artsat_Drone_Project_Tracker.xlsx","sourceUrl":"https://docs.google.com/spreadsheets/d/1dbk0R5iHgwgPfa8gT25wN-NhtOVLjQUZ/edit?gid=991918308","sourceCrs":"EPSG:32646","displayCrs":"EPSG:4326","crsVerified":true,"easting":459084.517,"northing":5111160.129,"elevationM":1879.602,"dates":["2026-08-09"],"observationCount":1},"geometry":{"type":"Point","coordinates":[92.47013617,46.15278953]}},{"type":"Feature","id":"tracker-control:289","properties":{"project":"Artsat","projectKey":"artsat","area":"Арцат","licence":"XV-021395","sensor":"Base / Control","dataType":"control_reference_point","controlType":"gcp","name":"P12","plannedActual":"reference","status":"confirmed_source","contextOnly":true,"sourceFile":"Artsat_Drone_Project_Tracker.xlsx","sourceUrl":"https://docs.google.com/spreadsheets/d/1dbk0R5iHgwgPfa8gT25wN-NhtOVLjQUZ/edit?gid=991918308","sourceCrs":"EPSG:32646","displayCrs":"EPSG:4326","crsVerified":true,"easting":459093.739,"northing":5111157.215,"elevationM":1879.338,"dates":["2026-08-09"],"observationCount":1},"geometry":{"type":"Point","coordinates":[92.47025584,46.15276386]}},{"type":"Feature","id":"tracker-control:290","properties":{"project":"Artsat","projectKey":"artsat","area":"Арцат","licence":"XV-021395","sensor":"Base / Control","dataType":"control_reference_point","controlType":"gcp","name":"P13","plannedActual":"reference","status":"confirmed_source","contextOnly":true,"sourceFile":"Artsat_Drone_Project_Tracker.xlsx","sourceUrl":"https://docs.google.com/spreadsheets/d/1dbk0R5iHgwgPfa8gT25wN-NhtOVLjQUZ/edit?gid=991918308","sourceCrs":"EPSG:32646","displayCrs":"EPSG:4326","crsVerified":true,"easting":459675.392,"northing":5111424.935,"elevationM":1889.449,"dates":["2026-08-09"],"observationCount":1},"geometry":{"type":"Point","coordinates":[92.47776525,46.15520792]}},{"type":"Feature","id":"tracker-control:291","properties":{"project":"Artsat","projectKey":"artsat","area":"Арцат","licence":"XV-021395","sensor":"Base / Control","dataType":"control_reference_point","controlType":"gcp","name":"P14","plannedActual":"reference","status":"confirmed_source","contextOnly":true,"sourceFile":"Artsat_Drone_Project_Tracker.xlsx","sourceUrl":"https://docs.google.com/spreadsheets/d/1dbk0R5iHgwgPfa8gT25wN-NhtOVLjQUZ/edit?gid=991918308","sourceCrs":"EPSG:32646","displayCrs":"EPSG:4326","crsVerified":true,"easting":459679.245,"northing":5111417.844,"elevationM":1888.254,"dates":["2026-08-09"],"observationCount":1},"geometry":{"type":"Point","coordinates":[92.47781575,46.15514433]}},{"type":"Feature","id":"tracker-control:292","properties":{"project":"Artsat","projectKey":"artsat","area":"Арцат","licence":"XV-021395","sensor":"Base / Control","dataType":"control_reference_point","controlType":"gcp","name":"P15","plannedActual":"reference","status":"confirmed_source","contextOnly":true,"sourceFile":"Artsat_Drone_Project_Tracker.xlsx","sourceUrl":"https://docs.google.com/spreadsheets/d/1dbk0R5iHgwgPfa8gT25wN-NhtOVLjQUZ/edit?gid=991918308","sourceCrs":"EPSG:32646","displayCrs":"EPSG:4326","crsVerified":true,"easting":459684.096,"northing":5111412.468,"elevationM":1886.734,"dates":["2026-08-09"],"observationCount":1},"geometry":{"type":"Point","coordinates":[92.47787903,46.15509624]}},{"type":"Feature","id":"tracker-control:293","properties":{"project":"Artsat","projectKey":"artsat","area":"Арцат","licence":"XV-021395","sensor":"Base / Control","dataType":"control_reference_point","controlType":"gcp","name":"P16","plannedActual":"reference","status":"confirmed_source","contextOnly":true,"sourceFile":"Artsat_Drone_Project_Tracker.xlsx","sourceUrl":"https://docs.google.com/spreadsheets/d/1dbk0R5iHgwgPfa8gT25wN-NhtOVLjQUZ/edit?gid=991918308","sourceCrs":"EPSG:32646","displayCrs":"EPSG:4326","crsVerified":true,"easting":459689.556,"northing":5111405.58,"elevationM":1885.584,"dates":["2026-08-09"],"observationCount":1},"geometry":{"type":"Point","coordinates":[92.47795033,46.15503457]}},{"type":"Feature","id":"tracker-control:294","properties":{"project":"Artsat","projectKey":"artsat","area":"Арцат","licence":"XV-021395","sensor":"Base / Control","dataType":"control_reference_point","controlType":"gcp","name":"P17","plannedActual":"reference","status":"confirmed_source","contextOnly":true,"sourceFile":"Artsat_Drone_Project_Tracker.xlsx","sourceUrl":"https://docs.google.com/spreadsheets/d/1dbk0R5iHgwgPfa8gT25wN-NhtOVLjQUZ/edit?gid=991918308","sourceCrs":"EPSG:32646","displayCrs":"EPSG:4326","crsVerified":true,"easting":459693.759,"northing":5111398.824,"elevationM":1884.25,"dates":["2026-08-09"],"observationCount":1},"geometry":{"type":"Point","coordinates":[92.47800533,46.15497402]}},{"type":"Feature","id":"tracker-control:295","properties":{"project":"Artsat","projectKey":"artsat","area":"Арцат","licence":"XV-021395","sensor":"Base / Control","dataType":"control_reference_point","controlType":"gcp","name":"P18","plannedActual":"reference","status":"confirmed_source","contextOnly":true,"sourceFile":"Artsat_Drone_Project_Tracker.xlsx","sourceUrl":"https://docs.google.com/spreadsheets/d/1dbk0R5iHgwgPfa8gT25wN-NhtOVLjQUZ/edit?gid=991918308","sourceCrs":"EPSG:32646","displayCrs":"EPSG:4326","crsVerified":true,"easting":459697.569,"northing":5111391.984,"elevationM":1882.494,"dates":["2026-08-09"],"observationCount":1},"geometry":{"type":"Point","coordinates":[92.47805525,46.15491269]}},{"type":"Feature","id":"tracker-control:296","properties":{"project":"Artsat","projectKey":"artsat","area":"Арцат","licence":"XV-021395","sensor":"Base / Control","dataType":"control_reference_point","controlType":"gcp","name":"P19","plannedActual":"reference","status":"confirmed_source","contextOnly":true,"sourceFile":"Artsat_Drone_Project_Tracker.xlsx","sourceUrl":"https://docs.google.com/spreadsheets/d/1dbk0R5iHgwgPfa8gT25wN-NhtOVLjQUZ/edit?gid=991918308","sourceCrs":"EPSG:32646","displayCrs":"EPSG:4326","crsVerified":true,"easting":459700.757,"northing":5111384.499,"elevationM":1880.845,"dates":["2026-08-09"],"observationCount":1},"geometry":{"type":"Point","coordinates":[92.47809717,46.15484551]}},{"type":"Feature","id":"tracker-control:297","properties":{"project":"Artsat","projectKey":"artsat","area":"Арцат","licence":"XV-021395","sensor":"Base / Control","dataType":"control_reference_point","controlType":"gcp","name":"GCP25","plannedActual":"reference","status":"confirmed_source","contextOnly":true,"sourceFile":"Artsat_Drone_Project_Tracker.xlsx","sourceUrl":"https://docs.google.com/spreadsheets/d/1dbk0R5iHgwgPfa8gT25wN-NhtOVLjQUZ/edit?gid=991918308","sourceCrs":"EPSG:32646","displayCrs":"EPSG:4326","crsVerified":true,"easting":462310.105,"northing":5110770.902,"elevationM":1906.05,"dates":["2026-08-10"],"observationCount":1},"geometry":{"type":"Point","coordinates":[92.51193755,46.14947256]}},{"type":"Feature","id":"tracker-control:298","properties":{"project":"Artsat","projectKey":"artsat","area":"Арцат","licence":"XV-021395","sensor":"Base / Control","dataType":"control_reference_point","controlType":"gcp","name":"GCP26","plannedActual":"reference","status":"confirmed_source","contextOnly":true,"sourceFile":"Artsat_Drone_Project_Tracker.xlsx","sourceUrl":"https://docs.google.com/spreadsheets/d/1dbk0R5iHgwgPfa8gT25wN-NhtOVLjQUZ/edit?gid=991918308","sourceCrs":"EPSG:32646","displayCrs":"EPSG:4326","crsVerified":true,"easting":462720.474,"northing":5111156.31,"elevationM":2047.034,"dates":["2026-08-10"],"observationCount":1},"geometry":{"type":"Point","coordinates":[92.51722107,46.15296371]}},{"type":"Feature","id":"tracker-control:299","properties":{"project":"Artsat","projectKey":"artsat","area":"Арцат","licence":"XV-021395","sensor":"Base / Control","dataType":"control_reference_point","controlType":"gcp","name":"GCP27","plannedActual":"reference","status":"confirmed_source","contextOnly":true,"sourceFile":"Artsat_Drone_Project_Tracker.xlsx","sourceUrl":"https://docs.google.com/spreadsheets/d/1dbk0R5iHgwgPfa8gT25wN-NhtOVLjQUZ/edit?gid=991918308","sourceCrs":"EPSG:32646","displayCrs":"EPSG:4326","crsVerified":true,"easting":462574.674,"northing":5111429.617,"elevationM":2083.926,"dates":["2026-08-10"],"observationCount":1},"geometry":{"type":"Point","coordinates":[92.5153114,46.15541543]}},{"type":"Feature","id":"tracker-control:300","properties":{"project":"Artsat","projectKey":"artsat","area":"Арцат","licence":"XV-021395","sensor":"Base / Control","dataType":"control_reference_point","controlType":"gcp","name":"GCP28","plannedActual":"reference","status":"confirmed_source","contextOnly":true,"sourceFile":"Artsat_Drone_Project_Tracker.xlsx","sourceUrl":"https://docs.google.com/spreadsheets/d/1dbk0R5iHgwgPfa8gT25wN-NhtOVLjQUZ/edit?gid=991918308","sourceCrs":"EPSG:32646","displayCrs":"EPSG:4326","crsVerified":true,"easting":462265.433,"northing":5112084.275,"elevationM":2100.958,"dates":["2026-08-10"],"observationCount":1},"geometry":{"type":"Point","coordinates":[92.51125446,46.16129014]}},{"type":"Feature","id":"tracker-control:301","properties":{"project":"Artsat","projectKey":"artsat","area":"Арцат","licence":"XV-021395","sensor":"Base / Control","dataType":"control_reference_point","controlType":"gcp","name":"GCP29","plannedActual":"reference","status":"confirmed_source","contextOnly":true,"sourceFile":"Artsat_Drone_Project_Tracker.xlsx","sourceUrl":"https://docs.google.com/spreadsheets/d/1dbk0R5iHgwgPfa8gT25wN-NhtOVLjQUZ/edit?gid=991918308","sourceCrs":"EPSG:32646","displayCrs":"EPSG:4326","crsVerified":true,"easting":461876.807,"northing":5112395.466,"elevationM":2181.835,"dates":["2026-08-10"],"observationCount":1},"geometry":{"type":"Point","coordinates":[92.50619603,46.16406916]}},{"type":"Feature","id":"tracker-control:302","properties":{"project":"Artsat","projectKey":"artsat","area":"Арцат","licence":"XV-021395","sensor":"Base / Control","dataType":"control_reference_point","controlType":"gcp","name":"GCP30","plannedActual":"reference","status":"confirmed_source","contextOnly":true,"sourceFile":"Artsat_Drone_Project_Tracker.xlsx","sourceUrl":"https://docs.google.com/spreadsheets/d/1dbk0R5iHgwgPfa8gT25wN-NhtOVLjQUZ/edit?gid=991918308","sourceCrs":"EPSG:32646","displayCrs":"EPSG:4326","crsVerified":true,"easting":461354.378,"northing":5111977.49,"elevationM":1880.037,"dates":["2026-08-10"],"observationCount":1},"geometry":{"type":"Point","coordinates":[92.49946347,46.16027805]}},{"type":"Feature","id":"tracker-control:303","properties":{"project":"Artsat","projectKey":"artsat","area":"Арцат","licence":"XV-021395","sensor":"Base / Control","dataType":"control_reference_point","controlType":"gcp","name":"P20","plannedActual":"reference","status":"confirmed_source","contextOnly":true,"sourceFile":"Artsat_Drone_Project_Tracker.xlsx","sourceUrl":"https://docs.google.com/spreadsheets/d/1dbk0R5iHgwgPfa8gT25wN-NhtOVLjQUZ/edit?gid=991918308","sourceCrs":"EPSG:32646","displayCrs":"EPSG:4326","crsVerified":true,"easting":462579.699,"northing":5111428.844,"elevationM":2083.261,"dates":["2026-08-10"],"observationCount":1},"geometry":{"type":"Point","coordinates":[92.51537654,46.15540874]}},{"type":"Feature","id":"tracker-control:304","properties":{"project":"Artsat","projectKey":"artsat","area":"Арцат","licence":"XV-021395","sensor":"Base / Control","dataType":"control_reference_point","controlType":"gcp","name":"P21","plannedActual":"reference","status":"confirmed_source","contextOnly":true,"sourceFile":"Artsat_Drone_Project_Tracker.xlsx","sourceUrl":"https://docs.google.com/spreadsheets/d/1dbk0R5iHgwgPfa8gT25wN-NhtOVLjQUZ/edit?gid=991918308","sourceCrs":"EPSG:32646","displayCrs":"EPSG:4326","crsVerified":true,"easting":462587.068,"northing":5111428.924,"elevationM":2082.8,"dates":["2026-08-10"],"observationCount":1},"geometry":{"type":"Point","coordinates":[92.51547196,46.15540987]}},{"type":"Feature","id":"tracker-control:305","properties":{"project":"Artsat","projectKey":"artsat","area":"Арцат","licence":"XV-021395","sensor":"Base / Control","dataType":"control_reference_point","controlType":"gcp","name":"P22","plannedActual":"reference","status":"confirmed_source","contextOnly":true,"sourceFile":"Artsat_Drone_Project_Tracker.xlsx","sourceUrl":"https://docs.google.com/spreadsheets/d/1dbk0R5iHgwgPfa8gT25wN-NhtOVLjQUZ/edit?gid=991918308","sourceCrs":"EPSG:32646","displayCrs":"EPSG:4326","crsVerified":true,"easting":462595.969,"northing":5111429.369,"elevationM":2082.968,"dates":["2026-08-10"],"observationCount":1},"geometry":{"type":"Point","coordinates":[92.5155872,46.15541436]}},{"type":"Feature","id":"tracker-control:306","properties":{"project":"Artsat","projectKey":"artsat","area":"Арцат","licence":"XV-021395","sensor":"Base / Control","dataType":"control_reference_point","controlType":"gcp","name":"P23","plannedActual":"reference","status":"confirmed_source","contextOnly":true,"sourceFile":"Artsat_Drone_Project_Tracker.xlsx","sourceUrl":"https://docs.google.com/spreadsheets/d/1dbk0R5iHgwgPfa8gT25wN-NhtOVLjQUZ/edit?gid=991918308","sourceCrs":"EPSG:32646","displayCrs":"EPSG:4326","crsVerified":true,"easting":462605.091,"northing":5111429.966,"elevationM":2082.219,"dates":["2026-08-10"],"observationCount":1},"geometry":{"type":"Point","coordinates":[92.51570528,46.15542024]}},{"type":"Feature","id":"tracker-control:307","properties":{"project":"Artsat","projectKey":"artsat","area":"Арцат","licence":"XV-021395","sensor":"Base / Control","dataType":"control_reference_point","controlType":"gcp","name":"P24","plannedActual":"reference","status":"confirmed_source","contextOnly":true,"sourceFile":"Artsat_Drone_Project_Tracker.xlsx","sourceUrl":"https://docs.google.com/spreadsheets/d/1dbk0R5iHgwgPfa8gT25wN-NhtOVLjQUZ/edit?gid=991918308","sourceCrs":"EPSG:32646","displayCrs":"EPSG:4326","crsVerified":true,"easting":462615.825,"northing":5111429.354,"elevationM":2081.86,"dates":["2026-08-10"],"observationCount":1},"geometry":{"type":"Point","coordinates":[92.51584434,46.15541532]}},{"type":"Feature","id":"tracker-control:308","properties":{"project":"Artsat","projectKey":"artsat","area":"Арцат","licence":"XV-021395","sensor":"Base / Control","dataType":"control_reference_point","controlType":"gcp","name":"P25","plannedActual":"reference","status":"confirmed_source","contextOnly":true,"sourceFile":"Artsat_Drone_Project_Tracker.xlsx","sourceUrl":"https://docs.google.com/spreadsheets/d/1dbk0R5iHgwgPfa8gT25wN-NhtOVLjQUZ/edit?gid=991918308","sourceCrs":"EPSG:32646","displayCrs":"EPSG:4326","crsVerified":true,"easting":462625.416,"northing":5111431.065,"elevationM":2083.207,"dates":["2026-08-10"],"observationCount":1},"geometry":{"type":"Point","coordinates":[92.51596841,46.15543124]}},{"type":"Feature","id":"tracker-control:309","properties":{"project":"Artsat","projectKey":"artsat","area":"Арцат","licence":"XV-021395","sensor":"Base / Control","dataType":"control_reference_point","controlType":"gcp","name":"P26","plannedActual":"reference","status":"confirmed_source","contextOnly":true,"sourceFile":"Artsat_Drone_Project_Tracker.xlsx","sourceUrl":"https://docs.google.com/spreadsheets/d/1dbk0R5iHgwgPfa8gT25wN-NhtOVLjQUZ/edit?gid=991918308","sourceCrs":"EPSG:32646","displayCrs":"EPSG:4326","crsVerified":true,"easting":462641.369,"northing":5111430.46,"elevationM":2081.833,"dates":["2026-08-10"],"observationCount":1},"geometry":{"type":"Point","coordinates":[92.51617506,46.15542667]}},{"type":"Feature","id":"tracker-control:310","properties":{"project":"Artsat","projectKey":"artsat","area":"Арцат","licence":"XV-021395","sensor":"Base / Control","dataType":"control_reference_point","controlType":"gcp","name":"P27","plannedActual":"reference","status":"confirmed_source","contextOnly":true,"sourceFile":"Artsat_Drone_Project_Tracker.xlsx","sourceUrl":"https://docs.google.com/spreadsheets/d/1dbk0R5iHgwgPfa8gT25wN-NhtOVLjQUZ/edit?gid=991918308","sourceCrs":"EPSG:32646","displayCrs":"EPSG:4326","crsVerified":true,"easting":462266.028,"northing":5112087.751,"elevationM":2100.678,"dates":["2026-08-10"],"observationCount":1},"geometry":{"type":"Point","coordinates":[92.51126189,46.16132146]}},{"type":"Feature","id":"tracker-control:311","properties":{"project":"Artsat","projectKey":"artsat","area":"Арцат","licence":"XV-021395","sensor":"Base / Control","dataType":"control_reference_point","controlType":"gcp","name":"P28","plannedActual":"reference","status":"confirmed_source","contextOnly":true,"sourceFile":"Artsat_Drone_Project_Tracker.xlsx","sourceUrl":"https://docs.google.com/spreadsheets/d/1dbk0R5iHgwgPfa8gT25wN-NhtOVLjQUZ/edit?gid=991918308","sourceCrs":"EPSG:32646","displayCrs":"EPSG:4326","crsVerified":true,"easting":462265.051,"northing":5112095.288,"elevationM":2101.641,"dates":["2026-08-10"],"observationCount":1},"geometry":{"type":"Point","coordinates":[92.51124864,46.16138924]}},{"type":"Feature","id":"tracker-control:312","properties":{"project":"Artsat","projectKey":"artsat","area":"Арцат","licence":"XV-021395","sensor":"Base / Control","dataType":"control_reference_point","controlType":"gcp","name":"P29","plannedActual":"reference","status":"confirmed_source","contextOnly":true,"sourceFile":"Artsat_Drone_Project_Tracker.xlsx","sourceUrl":"https://docs.google.com/spreadsheets/d/1dbk0R5iHgwgPfa8gT25wN-NhtOVLjQUZ/edit?gid=991918308","sourceCrs":"EPSG:32646","displayCrs":"EPSG:4326","crsVerified":true,"easting":462263.724,"northing":5112102.992,"elevationM":2103.678,"dates":["2026-08-10"],"observationCount":1},"geometry":{"type":"Point","coordinates":[92.51123084,46.1614585]}},{"type":"Feature","id":"tracker-control:313","properties":{"project":"Artsat","projectKey":"artsat","area":"Арцат","licence":"XV-021395","sensor":"Base / Control","dataType":"control_reference_point","controlType":"gcp","name":"P30","plannedActual":"reference","status":"confirmed_source","contextOnly":true,"sourceFile":"Artsat_Drone_Project_Tracker.xlsx","sourceUrl":"https://docs.google.com/spreadsheets/d/1dbk0R5iHgwgPfa8gT25wN-NhtOVLjQUZ/edit?gid=991918308","sourceCrs":"EPSG:32646","displayCrs":"EPSG:4326","crsVerified":true,"easting":462261.808,"northing":5112112.366,"elevationM":2104.054,"dates":["2026-08-10"],"observationCount":1},"geometry":{"type":"Point","coordinates":[92.51120527,46.16154276]}},{"type":"Feature","id":"tracker-control:314","properties":{"project":"Artsat","projectKey":"artsat","area":"Арцат","licence":"XV-021395","sensor":"Base / Control","dataType":"control_reference_point","controlType":"gcp","name":"P31","plannedActual":"reference","status":"confirmed_source","contextOnly":true,"sourceFile":"Artsat_Drone_Project_Tracker.xlsx","sourceUrl":"https://docs.google.com/spreadsheets/d/1dbk0R5iHgwgPfa8gT25wN-NhtOVLjQUZ/edit?gid=991918308","sourceCrs":"EPSG:32646","displayCrs":"EPSG:4326","crsVerified":true,"easting":462258.604,"northing":5112125.361,"elevationM":2108.04,"dates":["2026-08-10"],"observationCount":1},"geometry":{"type":"Point","coordinates":[92.51116274,46.16165953]}},{"type":"Feature","id":"tracker-control:315","properties":{"project":"Artsat","projectKey":"artsat","area":"Арцат","licence":"XV-021395","sensor":"Base / Control","dataType":"control_reference_point","controlType":"gcp","name":"P32","plannedActual":"reference","status":"confirmed_source","contextOnly":true,"sourceFile":"Artsat_Drone_Project_Tracker.xlsx","sourceUrl":"https://docs.google.com/spreadsheets/d/1dbk0R5iHgwgPfa8gT25wN-NhtOVLjQUZ/edit?gid=991918308","sourceCrs":"EPSG:32646","displayCrs":"EPSG:4326","crsVerified":true,"easting":462255.413,"northing":5112132.615,"elevationM":2112.442,"dates":["2026-08-10"],"observationCount":1},"geometry":{"type":"Point","coordinates":[92.51112083,46.16172464]}},{"type":"Feature","id":"tracker-control:316","properties":{"project":"Artsat","projectKey":"artsat","area":"Арцат","licence":"XV-021395","sensor":"Base / Control","dataType":"control_reference_point","controlType":"gcp","name":"P33","plannedActual":"reference","status":"confirmed_source","contextOnly":true,"sourceFile":"Artsat_Drone_Project_Tracker.xlsx","sourceUrl":"https://docs.google.com/spreadsheets/d/1dbk0R5iHgwgPfa8gT25wN-NhtOVLjQUZ/edit?gid=991918308","sourceCrs":"EPSG:32646","displayCrs":"EPSG:4326","crsVerified":true,"easting":462258.041,"northing":5112142.757,"elevationM":2109.989,"dates":["2026-08-10"],"observationCount":1},"geometry":{"type":"Point","coordinates":[92.51115406,46.16181606]}},{"type":"Feature","id":"tracker-control:317","properties":{"project":"Artsat","projectKey":"artsat","area":"Арцат","licence":"XV-021395","sensor":"Base / Control","dataType":"control_reference_point","controlType":"gcp","name":"p34","plannedActual":"reference","status":"confirmed_source","contextOnly":true,"sourceFile":"Artsat_Drone_Project_Tracker.xlsx","sourceUrl":"https://docs.google.com/spreadsheets/d/1dbk0R5iHgwgPfa8gT25wN-NhtOVLjQUZ/edit?gid=991918308","sourceCrs":"EPSG:32646","displayCrs":"EPSG:4326","crsVerified":true,"easting":461354.455,"northing":5111968.099,"elevationM":1879.073,"dates":["2026-08-10"],"observationCount":1},"geometry":{"type":"Point","coordinates":[92.49946523,46.16019354]}},{"type":"Feature","id":"tracker-control:318","properties":{"project":"Artsat","projectKey":"artsat","area":"Арцат","licence":"XV-021395","sensor":"Base / Control","dataType":"control_reference_point","controlType":"gcp","name":"p35","plannedActual":"reference","status":"confirmed_source","contextOnly":true,"sourceFile":"Artsat_Drone_Project_Tracker.xlsx","sourceUrl":"https://docs.google.com/spreadsheets/d/1dbk0R5iHgwgPfa8gT25wN-NhtOVLjQUZ/edit?gid=991918308","sourceCrs":"EPSG:32646","displayCrs":"EPSG:4326","crsVerified":true,"easting":461349.933,"northing":5111948.984,"elevationM":1876.209,"dates":["2026-08-10"],"observationCount":1},"geometry":{"type":"Point","coordinates":[92.49940822,46.16002125]}},{"type":"Feature","id":"tracker-control:319","properties":{"project":"Artsat","projectKey":"artsat","area":"Арцат","licence":"XV-021395","sensor":"Base / Control","dataType":"control_reference_point","controlType":"gcp","name":"p36","plannedActual":"reference","status":"confirmed_source","contextOnly":true,"sourceFile":"Artsat_Drone_Project_Tracker.xlsx","sourceUrl":"https://docs.google.com/spreadsheets/d/1dbk0R5iHgwgPfa8gT25wN-NhtOVLjQUZ/edit?gid=991918308","sourceCrs":"EPSG:32646","displayCrs":"EPSG:4326","crsVerified":true,"easting":461339.964,"northing":5111928.322,"elevationM":1873.751,"dates":["2026-08-10"],"observationCount":1},"geometry":{"type":"Point","coordinates":[92.4992808,46.15983473]}},{"type":"Feature","id":"tracker-control:320","properties":{"project":"Artsat","projectKey":"artsat","area":"Арцат","licence":"XV-021395","sensor":"Base / Control","dataType":"control_reference_point","controlType":"gcp","name":"p37","plannedActual":"reference","status":"confirmed_source","contextOnly":true,"sourceFile":"Artsat_Drone_Project_Tracker.xlsx","sourceUrl":"https://docs.google.com/spreadsheets/d/1dbk0R5iHgwgPfa8gT25wN-NhtOVLjQUZ/edit?gid=991918308","sourceCrs":"EPSG:32646","displayCrs":"EPSG:4326","crsVerified":true,"easting":461333.911,"northing":5111912.202,"elevationM":1872.847,"dates":["2026-08-10"],"observationCount":1},"geometry":{"type":"Point","coordinates":[92.49920372,46.15968931]}},{"type":"Feature","id":"tracker-control:321","properties":{"project":"Artsat","projectKey":"artsat","area":"Арцат","licence":"XV-021395","sensor":"Base / Control","dataType":"control_reference_point","controlType":"gcp","name":"p38","plannedActual":"reference","status":"confirmed_source","contextOnly":true,"sourceFile":"Artsat_Drone_Project_Tracker.xlsx","sourceUrl":"https://docs.google.com/spreadsheets/d/1dbk0R5iHgwgPfa8gT25wN-NhtOVLjQUZ/edit?gid=991918308","sourceCrs":"EPSG:32646","displayCrs":"EPSG:4326","crsVerified":true,"easting":461333.621,"northing":5111886.641,"elevationM":1871.129,"dates":["2026-08-10"],"observationCount":1},"geometry":{"type":"Point","coordinates":[92.49920205,46.15945925]}},{"type":"Feature","id":"tracker-control:322","properties":{"project":"Artsat","projectKey":"artsat","area":"Арцат","licence":"XV-021395","sensor":"Base / Control","dataType":"control_reference_point","controlType":"gcp","name":"p39","plannedActual":"reference","status":"confirmed_source","contextOnly":true,"sourceFile":"Artsat_Drone_Project_Tracker.xlsx","sourceUrl":"https://docs.google.com/spreadsheets/d/1dbk0R5iHgwgPfa8gT25wN-NhtOVLjQUZ/edit?gid=991918308","sourceCrs":"EPSG:32646","displayCrs":"EPSG:4326","crsVerified":true,"easting":461337.424,"northing":5111877.076,"elevationM":1871.14,"dates":["2026-08-10"],"observationCount":1},"geometry":{"type":"Point","coordinates":[92.49925208,46.15937339]}},{"type":"Feature","id":"tracker-control:323","properties":{"project":"Artsat","projectKey":"artsat","area":"Арцат","licence":"XV-021395","sensor":"Base / Control","dataType":"control_reference_point","controlType":"gcp","name":"p40","plannedActual":"reference","status":"confirmed_source","contextOnly":true,"sourceFile":"Artsat_Drone_Project_Tracker.xlsx","sourceUrl":"https://docs.google.com/spreadsheets/d/1dbk0R5iHgwgPfa8gT25wN-NhtOVLjQUZ/edit?gid=991918308","sourceCrs":"EPSG:32646","displayCrs":"EPSG:4326","crsVerified":true,"easting":461352.242,"northing":5111849.107,"elevationM":1869.859,"dates":["2026-08-10"],"observationCount":1},"geometry":{"type":"Point","coordinates":[92.49944628,46.15912251]}},{"type":"Feature","id":"tracker-control:324","properties":{"project":"Artsat","projectKey":"artsat","area":"Арцат","licence":"XV-021395","sensor":"Base / Control","dataType":"control_reference_point","controlType":"gcp","name":"GCP31","plannedActual":"reference","status":"confirmed_source","contextOnly":true,"sourceFile":"Artsat_Drone_Project_Tracker.xlsx","sourceUrl":"https://docs.google.com/spreadsheets/d/1dbk0R5iHgwgPfa8gT25wN-NhtOVLjQUZ/edit?gid=991918308","sourceCrs":"EPSG:32646","displayCrs":"EPSG:4326","crsVerified":true,"easting":462803.097,"northing":5112602.574,"elevationM":2007.697,"dates":["2026-08-11"],"observationCount":1},"geometry":{"type":"Point","coordinates":[92.51817742,46.16598428]}},{"type":"Feature","id":"tracker-control:325","properties":{"project":"Artsat","projectKey":"artsat","area":"Арцат","licence":"XV-021395","sensor":"Base / Control","dataType":"control_reference_point","controlType":"gcp","name":"GCP32","plannedActual":"reference","status":"confirmed_source","contextOnly":true,"sourceFile":"Artsat_Drone_Project_Tracker.xlsx","sourceUrl":"https://docs.google.com/spreadsheets/d/1dbk0R5iHgwgPfa8gT25wN-NhtOVLjQUZ/edit?gid=991918308","sourceCrs":"EPSG:32646","displayCrs":"EPSG:4326","crsVerified":true,"easting":462625.869,"northing":5113007.648,"elevationM":1977.648,"dates":["2026-08-11"],"observationCount":1},"geometry":{"type":"Point","coordinates":[92.51584983,46.16962014]}},{"type":"Feature","id":"tracker-control:326","properties":{"project":"Artsat","projectKey":"artsat","area":"Арцат","licence":"XV-021395","sensor":"Base / Control","dataType":"control_reference_point","controlType":"gcp","name":"GCP33","plannedActual":"reference","status":"confirmed_source","contextOnly":true,"sourceFile":"Artsat_Drone_Project_Tracker.xlsx","sourceUrl":"https://docs.google.com/spreadsheets/d/1dbk0R5iHgwgPfa8gT25wN-NhtOVLjQUZ/edit?gid=991918308","sourceCrs":"EPSG:32646","displayCrs":"EPSG:4326","crsVerified":true,"easting":462695.824,"northing":5113622.982,"elevationM":2099.863,"dates":["2026-08-11"],"observationCount":1},"geometry":{"type":"Point","coordinates":[92.5167075,46.17516183]}},{"type":"Feature","id":"tracker-control:327","properties":{"project":"Artsat","projectKey":"artsat","area":"Арцат","licence":"XV-021395","sensor":"Base / Control","dataType":"control_reference_point","controlType":"gcp","name":"GCP34","plannedActual":"reference","status":"confirmed_source","contextOnly":true,"sourceFile":"Artsat_Drone_Project_Tracker.xlsx","sourceUrl":"https://docs.google.com/spreadsheets/d/1dbk0R5iHgwgPfa8gT25wN-NhtOVLjQUZ/edit?gid=991918308","sourceCrs":"EPSG:32646","displayCrs":"EPSG:4326","crsVerified":true,"easting":462418.807,"northing":5113769.015,"elevationM":2095.365,"dates":["2026-08-11"],"observationCount":1},"geometry":{"type":"Point","coordinates":[92.51310715,46.17646086]}},{"type":"Feature","id":"tracker-control:328","properties":{"project":"Artsat","projectKey":"artsat","area":"Арцат","licence":"XV-021395","sensor":"Base / Control","dataType":"control_reference_point","controlType":"gcp","name":"GCP35","plannedActual":"reference","status":"confirmed_source","contextOnly":true,"sourceFile":"Artsat_Drone_Project_Tracker.xlsx","sourceUrl":"https://docs.google.com/spreadsheets/d/1dbk0R5iHgwgPfa8gT25wN-NhtOVLjQUZ/edit?gid=991918308","sourceCrs":"EPSG:32646","displayCrs":"EPSG:4326","crsVerified":true,"easting":461886.278,"northing":5113627.346,"elevationM":2049.58,"dates":["2026-08-11"],"observationCount":1},"geometry":{"type":"Point","coordinates":[92.50621951,46.17515629]}},{"type":"Feature","id":"tracker-control:329","properties":{"project":"Artsat","projectKey":"artsat","area":"Арцат","licence":"XV-021395","sensor":"Base / Control","dataType":"control_reference_point","controlType":"gcp","name":"P41","plannedActual":"reference","status":"confirmed_source","contextOnly":true,"sourceFile":"Artsat_Drone_Project_Tracker.xlsx","sourceUrl":"https://docs.google.com/spreadsheets/d/1dbk0R5iHgwgPfa8gT25wN-NhtOVLjQUZ/edit?gid=991918308","sourceCrs":"EPSG:32646","displayCrs":"EPSG:4326","crsVerified":true,"easting":462797.279,"northing":5112616.797,"elevationM":2011.096,"dates":["2026-08-11"],"observationCount":1},"geometry":{"type":"Point","coordinates":[92.51810094,46.16611196]}},{"type":"Feature","id":"tracker-control:330","properties":{"project":"Artsat","projectKey":"artsat","area":"Арцат","licence":"XV-021395","sensor":"Base / Control","dataType":"control_reference_point","controlType":"gcp","name":"P42","plannedActual":"reference","status":"confirmed_source","contextOnly":true,"sourceFile":"Artsat_Drone_Project_Tracker.xlsx","sourceUrl":"https://docs.google.com/spreadsheets/d/1dbk0R5iHgwgPfa8gT25wN-NhtOVLjQUZ/edit?gid=991918308","sourceCrs":"EPSG:32646","displayCrs":"EPSG:4326","crsVerified":true,"easting":462789.442,"northing":5112611.743,"elevationM":2011.923,"dates":["2026-08-11"],"observationCount":1},"geometry":{"type":"Point","coordinates":[92.51799983,46.16606605]}},{"type":"Feature","id":"tracker-control:331","properties":{"project":"Artsat","projectKey":"artsat","area":"Арцат","licence":"XV-021395","sensor":"Base / Control","dataType":"control_reference_point","controlType":"gcp","name":"P43","plannedActual":"reference","status":"confirmed_source","contextOnly":true,"sourceFile":"Artsat_Drone_Project_Tracker.xlsx","sourceUrl":"https://docs.google.com/spreadsheets/d/1dbk0R5iHgwgPfa8gT25wN-NhtOVLjQUZ/edit?gid=991918308","sourceCrs":"EPSG:32646","displayCrs":"EPSG:4326","crsVerified":true,"easting":462782.54,"northing":5112606.372,"elevationM":2015.012,"dates":["2026-08-11"],"observationCount":1},"geometry":{"type":"Point","coordinates":[92.51791085,46.16601733]}},{"type":"Feature","id":"tracker-control:332","properties":{"project":"Artsat","projectKey":"artsat","area":"Арцат","licence":"XV-021395","sensor":"Base / Control","dataType":"control_reference_point","controlType":"gcp","name":"P44","plannedActual":"reference","status":"confirmed_source","contextOnly":true,"sourceFile":"Artsat_Drone_Project_Tracker.xlsx","sourceUrl":"https://docs.google.com/spreadsheets/d/1dbk0R5iHgwgPfa8gT25wN-NhtOVLjQUZ/edit?gid=991918308","sourceCrs":"EPSG:32646","displayCrs":"EPSG:4326","crsVerified":true,"easting":462774.717,"northing":5112601.896,"elevationM":2016.302,"dates":["2026-08-11"],"observationCount":1},"geometry":{"type":"Point","coordinates":[92.51780987,46.16597662]}},{"type":"Feature","id":"tracker-control:333","properties":{"project":"Artsat","projectKey":"artsat","area":"Арцат","licence":"XV-021395","sensor":"Base / Control","dataType":"control_reference_point","controlType":"gcp","name":"P45","plannedActual":"reference","status":"confirmed_source","contextOnly":true,"sourceFile":"Artsat_Drone_Project_Tracker.xlsx","sourceUrl":"https://docs.google.com/spreadsheets/d/1dbk0R5iHgwgPfa8gT25wN-NhtOVLjQUZ/edit?gid=991918308","sourceCrs":"EPSG:32646","displayCrs":"EPSG:4326","crsVerified":true,"easting":462764.23,"northing":5112597.07,"elevationM":2017.282,"dates":["2026-08-11"],"observationCount":1},"geometry":{"type":"Point","coordinates":[92.51767442,46.16593262]}},{"type":"Feature","id":"tracker-control:334","properties":{"project":"Artsat","projectKey":"artsat","area":"Арцат","licence":"XV-021395","sensor":"Base / Control","dataType":"control_reference_point","controlType":"gcp","name":"P46","plannedActual":"reference","status":"confirmed_source","contextOnly":true,"sourceFile":"Artsat_Drone_Project_Tracker.xlsx","sourceUrl":"https://docs.google.com/spreadsheets/d/1dbk0R5iHgwgPfa8gT25wN-NhtOVLjQUZ/edit?gid=991918308","sourceCrs":"EPSG:32646","displayCrs":"EPSG:4326","crsVerified":true,"easting":462754.88,"northing":5112592.341,"elevationM":2017.409,"dates":["2026-08-11"],"observationCount":1},"geometry":{"type":"Point","coordinates":[92.51755368,46.16588955]}},{"type":"Feature","id":"tracker-control:335","properties":{"project":"Artsat","projectKey":"artsat","area":"Арцат","licence":"XV-021395","sensor":"Base / Control","dataType":"control_reference_point","controlType":"gcp","name":"P47","plannedActual":"reference","status":"confirmed_source","contextOnly":true,"sourceFile":"Artsat_Drone_Project_Tracker.xlsx","sourceUrl":"https://docs.google.com/spreadsheets/d/1dbk0R5iHgwgPfa8gT25wN-NhtOVLjQUZ/edit?gid=991918308","sourceCrs":"EPSG:32646","displayCrs":"EPSG:4326","crsVerified":true,"easting":462746.815,"northing":5112587.127,"elevationM":2019.385,"dates":["2026-08-11"],"observationCount":1},"geometry":{"type":"Point","coordinates":[92.51744962,46.16584218]}},{"type":"Feature","id":"tracker-control:336","properties":{"project":"Artsat","projectKey":"artsat","area":"Арцат","licence":"XV-021395","sensor":"Base / Control","dataType":"control_reference_point","controlType":"gcp","name":"P48","plannedActual":"reference","status":"confirmed_source","contextOnly":true,"sourceFile":"Artsat_Drone_Project_Tracker.xlsx","sourceUrl":"https://docs.google.com/spreadsheets/d/1dbk0R5iHgwgPfa8gT25wN-NhtOVLjQUZ/edit?gid=991918308","sourceCrs":"EPSG:32646","displayCrs":"EPSG:4326","crsVerified":true,"easting":462739.237,"northing":5112582.83,"elevationM":2021.293,"dates":["2026-08-11"],"observationCount":1},"geometry":{"type":"Point","coordinates":[92.51735181,46.16580309]}},{"type":"Feature","id":"tracker-control:337","properties":{"project":"Artsat","projectKey":"artsat","area":"Арцат","licence":"XV-021395","sensor":"Base / Control","dataType":"control_reference_point","controlType":"gcp","name":"P49","plannedActual":"reference","status":"confirmed_source","contextOnly":true,"sourceFile":"Artsat_Drone_Project_Tracker.xlsx","sourceUrl":"https://docs.google.com/spreadsheets/d/1dbk0R5iHgwgPfa8gT25wN-NhtOVLjQUZ/edit?gid=991918308","sourceCrs":"EPSG:32646","displayCrs":"EPSG:4326","crsVerified":true,"easting":462730.712,"northing":5112579.43,"elevationM":2023.059,"dates":["2026-08-11"],"observationCount":1},"geometry":{"type":"Point","coordinates":[92.51724165,46.16577203]}},{"type":"Feature","id":"tracker-control:338","properties":{"project":"Artsat","projectKey":"artsat","area":"Арцат","licence":"XV-021395","sensor":"Base / Control","dataType":"control_reference_point","controlType":"gcp","name":"P50","plannedActual":"reference","status":"confirmed_source","contextOnly":true,"sourceFile":"Artsat_Drone_Project_Tracker.xlsx","sourceUrl":"https://docs.google.com/spreadsheets/d/1dbk0R5iHgwgPfa8gT25wN-NhtOVLjQUZ/edit?gid=991918308","sourceCrs":"EPSG:32646","displayCrs":"EPSG:4326","crsVerified":true,"easting":462723.425,"northing":5112577.827,"elevationM":2024.877,"dates":["2026-08-11"],"observationCount":1},"geometry":{"type":"Point","coordinates":[92.51714739,46.1657572]}},{"type":"Feature","id":"tracker-control:339","properties":{"project":"Artsat","projectKey":"artsat","area":"Арцат","licence":"XV-021395","sensor":"Base / Control","dataType":"control_reference_point","controlType":"gcp","name":"P51","plannedActual":"reference","status":"confirmed_source","contextOnly":true,"sourceFile":"Artsat_Drone_Project_Tracker.xlsx","sourceUrl":"https://docs.google.com/spreadsheets/d/1dbk0R5iHgwgPfa8gT25wN-NhtOVLjQUZ/edit?gid=991918308","sourceCrs":"EPSG:32646","displayCrs":"EPSG:4326","crsVerified":true,"easting":462620.681,"northing":5113016.867,"elevationM":1978.206,"dates":["2026-08-11"],"observationCount":1},"geometry":{"type":"Point","coordinates":[92.5157819,46.16970283]}},{"type":"Feature","id":"tracker-control:340","properties":{"project":"Artsat","projectKey":"artsat","area":"Арцат","licence":"XV-021395","sensor":"Base / Control","dataType":"control_reference_point","controlType":"gcp","name":"P52","plannedActual":"reference","status":"confirmed_source","contextOnly":true,"sourceFile":"Artsat_Drone_Project_Tracker.xlsx","sourceUrl":"https://docs.google.com/spreadsheets/d/1dbk0R5iHgwgPfa8gT25wN-NhtOVLjQUZ/edit?gid=991918308","sourceCrs":"EPSG:32646","displayCrs":"EPSG:4326","crsVerified":true,"easting":462620.19,"northing":5113028.231,"elevationM":1978.338,"dates":["2026-08-11"],"observationCount":1},"geometry":{"type":"Point","coordinates":[92.51577464,46.16980507]}},{"type":"Feature","id":"tracker-control:341","properties":{"project":"Artsat","projectKey":"artsat","area":"Арцат","licence":"XV-021395","sensor":"Base / Control","dataType":"control_reference_point","controlType":"gcp","name":"P53","plannedActual":"reference","status":"confirmed_source","contextOnly":true,"sourceFile":"Artsat_Drone_Project_Tracker.xlsx","sourceUrl":"https://docs.google.com/spreadsheets/d/1dbk0R5iHgwgPfa8gT25wN-NhtOVLjQUZ/edit?gid=991918308","sourceCrs":"EPSG:32646","displayCrs":"EPSG:4326","crsVerified":true,"easting":462634.984,"northing":5113038.724,"elevationM":1978.741,"dates":["2026-08-11"],"observationCount":1},"geometry":{"type":"Point","coordinates":[92.51596545,46.16990032]}},{"type":"Feature","id":"tracker-control:342","properties":{"project":"Artsat","projectKey":"artsat","area":"Арцат","licence":"XV-021395","sensor":"Base / Control","dataType":"control_reference_point","controlType":"gcp","name":"P54","plannedActual":"reference","status":"confirmed_source","contextOnly":true,"sourceFile":"Artsat_Drone_Project_Tracker.xlsx","sourceUrl":"https://docs.google.com/spreadsheets/d/1dbk0R5iHgwgPfa8gT25wN-NhtOVLjQUZ/edit?gid=991918308","sourceCrs":"EPSG:32646","displayCrs":"EPSG:4326","crsVerified":true,"easting":462637.352,"northing":5113053.241,"elevationM":1980.305,"dates":["2026-08-11"],"observationCount":1},"geometry":{"type":"Point","coordinates":[92.51599498,46.1700311]}},{"type":"Feature","id":"tracker-control:343","properties":{"project":"Artsat","projectKey":"artsat","area":"Арцат","licence":"XV-021395","sensor":"Base / Control","dataType":"control_reference_point","controlType":"gcp","name":"P55","plannedActual":"reference","status":"confirmed_source","contextOnly":true,"sourceFile":"Artsat_Drone_Project_Tracker.xlsx","sourceUrl":"https://docs.google.com/spreadsheets/d/1dbk0R5iHgwgPfa8gT25wN-NhtOVLjQUZ/edit?gid=991918308","sourceCrs":"EPSG:32646","displayCrs":"EPSG:4326","crsVerified":true,"easting":462634.862,"northing":5113069.446,"elevationM":1981.874,"dates":["2026-08-11"],"observationCount":1},"geometry":{"type":"Point","coordinates":[92.51596145,46.1701768]}},{"type":"Feature","id":"tracker-control:344","properties":{"project":"Artsat","projectKey":"artsat","area":"Арцат","licence":"XV-021395","sensor":"Base / Control","dataType":"control_reference_point","controlType":"gcp","name":"P56","plannedActual":"reference","status":"confirmed_source","contextOnly":true,"sourceFile":"Artsat_Drone_Project_Tracker.xlsx","sourceUrl":"https://docs.google.com/spreadsheets/d/1dbk0R5iHgwgPfa8gT25wN-NhtOVLjQUZ/edit?gid=991918308","sourceCrs":"EPSG:32646","displayCrs":"EPSG:4326","crsVerified":true,"easting":462636.721,"northing":5113083.063,"elevationM":1983.38,"dates":["2026-08-11"],"observationCount":1},"geometry":{"type":"Point","coordinates":[92.51598445,46.17029946]}},{"type":"Feature","id":"tracker-control:345","properties":{"project":"Artsat","projectKey":"artsat","area":"Арцат","licence":"XV-021395","sensor":"Base / Control","dataType":"control_reference_point","controlType":"gcp","name":"GCP36","plannedActual":"reference","status":"confirmed_source","contextOnly":true,"sourceFile":"Artsat_Drone_Project_Tracker.xlsx","sourceUrl":"https://docs.google.com/spreadsheets/d/1dbk0R5iHgwgPfa8gT25wN-NhtOVLjQUZ/edit?gid=991918308","sourceCrs":"EPSG:32646","displayCrs":"EPSG:4326","crsVerified":true,"easting":460903.57,"northing":5112401.877,"elevationM":1939.476,"dates":["2026-08-12"],"observationCount":1},"geometry":{"type":"Point","coordinates":[92.49358981,46.1640717]}},{"type":"Feature","id":"tracker-control:346","properties":{"project":"Artsat","projectKey":"artsat","area":"Арцат","licence":"XV-021395","sensor":"Base / Control","dataType":"control_reference_point","controlType":"gcp","name":"GCP37","plannedActual":"reference","status":"confirmed_source","contextOnly":true,"sourceFile":"Artsat_Drone_Project_Tracker.xlsx","sourceUrl":"https://docs.google.com/spreadsheets/d/1dbk0R5iHgwgPfa8gT25wN-NhtOVLjQUZ/edit?gid=991918308","sourceCrs":"EPSG:32646","displayCrs":"EPSG:4326","crsVerified":true,"easting":459272.497,"northing":5112039.74,"elevationM":1925.42,"dates":["2026-08-12"],"observationCount":1},"geometry":{"type":"Point","coordinates":[92.4724948,46.16071704]}},{"type":"Feature","id":"tracker-control:347","properties":{"project":"Artsat","projectKey":"artsat","area":"Арцат","licence":"XV-021395","sensor":"Base / Control","dataType":"control_reference_point","controlType":"gcp","name":"GCP38","plannedActual":"reference","status":"confirmed_source","contextOnly":true,"sourceFile":"Artsat_Drone_Project_Tracker.xlsx","sourceUrl":"https://docs.google.com/spreadsheets/d/1dbk0R5iHgwgPfa8gT25wN-NhtOVLjQUZ/edit?gid=991918308","sourceCrs":"EPSG:32646","displayCrs":"EPSG:4326","crsVerified":true,"easting":460061.817,"northing":5112405.305,"elevationM":2055.885,"dates":["2026-08-12"],"observationCount":1},"geometry":{"type":"Point","coordinates":[92.48268686,46.16405374]}},{"type":"Feature","id":"tracker-control:348","properties":{"project":"Artsat","projectKey":"artsat","area":"Арцат","licence":"XV-021395","sensor":"Base / Control","dataType":"control_reference_point","controlType":"gcp","name":"GCP39","plannedActual":"reference","status":"confirmed_source","contextOnly":true,"sourceFile":"Artsat_Drone_Project_Tracker.xlsx","sourceUrl":"https://docs.google.com/spreadsheets/d/1dbk0R5iHgwgPfa8gT25wN-NhtOVLjQUZ/edit?gid=991918308","sourceCrs":"EPSG:32646","displayCrs":"EPSG:4326","crsVerified":true,"easting":460238.026,"northing":5112637.132,"elevationM":2099.681,"dates":["2026-08-12"],"observationCount":1},"geometry":{"type":"Point","coordinates":[92.48494971,46.16615042]}},{"type":"Feature","id":"tracker-control:349","properties":{"project":"Artsat","projectKey":"artsat","area":"Арцат","licence":"XV-021395","sensor":"Base / Control","dataType":"control_reference_point","controlType":"gcp","name":"GCP40","plannedActual":"reference","status":"confirmed_source","contextOnly":true,"sourceFile":"Artsat_Drone_Project_Tracker.xlsx","sourceUrl":"https://docs.google.com/spreadsheets/d/1dbk0R5iHgwgPfa8gT25wN-NhtOVLjQUZ/edit?gid=991918308","sourceCrs":"EPSG:32646","displayCrs":"EPSG:4326","crsVerified":true,"easting":460449.573,"northing":5113103.682,"elevationM":2157.87,"dates":["2026-08-12"],"observationCount":1},"geometry":{"type":"Point","coordinates":[92.48765085,46.17036155]}},{"type":"Feature","id":"tracker-control:350","properties":{"project":"Artsat","projectKey":"artsat","area":"Арцат","licence":"XV-021395","sensor":"Base / Control","dataType":"control_reference_point","controlType":"gcp","name":"GCP41","plannedActual":"reference","status":"confirmed_source","contextOnly":true,"sourceFile":"Artsat_Drone_Project_Tracker.xlsx","sourceUrl":"https://docs.google.com/spreadsheets/d/1dbk0R5iHgwgPfa8gT25wN-NhtOVLjQUZ/edit?gid=991918308","sourceCrs":"EPSG:32646","displayCrs":"EPSG:4326","crsVerified":true,"easting":460910.338,"northing":5113635.774,"elevationM":2223.83,"dates":["2026-08-12"],"observationCount":1},"geometry":{"type":"Point","coordinates":[92.49357556,46.17517683]}},{"type":"Feature","id":"tracker-control:351","properties":{"project":"Artsat","projectKey":"artsat","area":"Арцат","licence":"XV-021395","sensor":"Base / Control","dataType":"control_reference_point","controlType":"gcp","name":"GCP42","plannedActual":"reference","status":"confirmed_source","contextOnly":true,"sourceFile":"Artsat_Drone_Project_Tracker.xlsx","sourceUrl":"https://docs.google.com/spreadsheets/d/1dbk0R5iHgwgPfa8gT25wN-NhtOVLjQUZ/edit?gid=991918308","sourceCrs":"EPSG:32646","displayCrs":"EPSG:4326","crsVerified":true,"easting":461059.957,"northing":5113395.42,"elevationM":2229.796,"dates":["2026-08-12"],"observationCount":1},"geometry":{"type":"Point","coordinates":[92.49553365,46.17302228]}},{"type":"Feature","id":"tracker-control:352","properties":{"project":"Artsat","projectKey":"artsat","area":"Арцат","licence":"XV-021395","sensor":"Base / Control","dataType":"control_reference_point","controlType":"gcp","name":"GCP43","plannedActual":"reference","status":"confirmed_source","contextOnly":true,"sourceFile":"Artsat_Drone_Project_Tracker.xlsx","sourceUrl":"https://docs.google.com/spreadsheets/d/1dbk0R5iHgwgPfa8gT25wN-NhtOVLjQUZ/edit?gid=991918308","sourceCrs":"EPSG:32646","displayCrs":"EPSG:4326","crsVerified":true,"easting":460508.056,"northing":5113866.243,"elevationM":2308.697,"dates":["2026-08-12"],"observationCount":1},"geometry":{"type":"Point","coordinates":[92.48834479,46.17722777]}},{"type":"Feature","id":"tracker-control:353","properties":{"project":"Artsat","projectKey":"artsat","area":"Арцат","licence":"XV-021395","sensor":"Base / Control","dataType":"control_reference_point","controlType":"gcp","name":"GCP44","plannedActual":"reference","status":"confirmed_source","contextOnly":true,"sourceFile":"Artsat_Drone_Project_Tracker.xlsx","sourceUrl":"https://docs.google.com/spreadsheets/d/1dbk0R5iHgwgPfa8gT25wN-NhtOVLjQUZ/edit?gid=991918308","sourceCrs":"EPSG:32646","displayCrs":"EPSG:4326","crsVerified":true,"easting":459943.722,"northing":5113641.189,"elevationM":2102.707,"dates":["2026-08-12"],"observationCount":1},"geometry":{"type":"Point","coordinates":[92.48105267,46.1751694]}},{"type":"Feature","id":"tracker-control:354","properties":{"project":"Artsat","projectKey":"artsat","area":"Арцат","licence":"XV-021395","sensor":"Base / Control","dataType":"control_reference_point","controlType":"gcp","name":"GCP45","plannedActual":"reference","status":"confirmed_source","contextOnly":true,"sourceFile":"Artsat_Drone_Project_Tracker.xlsx","sourceUrl":"https://docs.google.com/spreadsheets/d/1dbk0R5iHgwgPfa8gT25wN-NhtOVLjQUZ/edit?gid=991918308","sourceCrs":"EPSG:32646","displayCrs":"EPSG:4326","crsVerified":true,"easting":459538.479,"northing":5113339.486,"elevationM":1973.113,"dates":["2026-08-12"],"observationCount":1},"geometry":{"type":"Point","coordinates":[92.47582858,46.17243021]}},{"type":"Feature","id":"tracker-control:355","properties":{"project":"Artsat","projectKey":"artsat","area":"Арцат","licence":"XV-021395","sensor":"Base / Control","dataType":"control_reference_point","controlType":"gcp","name":"GCP46","plannedActual":"reference","status":"confirmed_source","contextOnly":true,"sourceFile":"Artsat_Drone_Project_Tracker.xlsx","sourceUrl":"https://docs.google.com/spreadsheets/d/1dbk0R5iHgwgPfa8gT25wN-NhtOVLjQUZ/edit?gid=991918308","sourceCrs":"EPSG:32646","displayCrs":"EPSG:4326","crsVerified":true,"easting":459435.157,"northing":5113031.226,"elevationM":1944.756,"dates":["2026-08-12"],"observationCount":1},"geometry":{"type":"Point","coordinates":[92.47451654,46.16964982]}},{"type":"Feature","id":"tracker-control:356","properties":{"project":"Artsat","projectKey":"artsat","area":"Арцат","licence":"XV-021395","sensor":"Base / Control","dataType":"control_reference_point","controlType":"gcp","name":"GCP47","plannedActual":"reference","status":"confirmed_source","contextOnly":true,"sourceFile":"Artsat_Drone_Project_Tracker.xlsx","sourceUrl":"https://docs.google.com/spreadsheets/d/1dbk0R5iHgwgPfa8gT25wN-NhtOVLjQUZ/edit?gid=991918308","sourceCrs":"EPSG:32646","displayCrs":"EPSG:4326","crsVerified":true,"easting":459414.592,"northing":5112668.483,"elevationM":1929.616,"dates":["2026-08-12"],"observationCount":1},"geometry":{"type":"Point","coordinates":[92.47428125,46.16638402]}},{"type":"Feature","id":"tracker-control:357","properties":{"project":"Artsat","projectKey":"artsat","area":"Арцат","licence":"XV-021395","sensor":"Base / Control","dataType":"control_reference_point","controlType":"gcp","name":"GCP48","plannedActual":"reference","status":"confirmed_source","contextOnly":true,"sourceFile":"Artsat_Drone_Project_Tracker.xlsx","sourceUrl":"https://docs.google.com/spreadsheets/d/1dbk0R5iHgwgPfa8gT25wN-NhtOVLjQUZ/edit?gid=991918308","sourceCrs":"EPSG:32646","displayCrs":"EPSG:4326","crsVerified":true,"easting":459132.854,"northing":5112646.289,"elevationM":1931.506,"dates":["2026-08-12"],"observationCount":1},"geometry":{"type":"Point","coordinates":[92.47063386,46.16616744]}},{"type":"Feature","id":"tracker-control:358","properties":{"project":"Artsat","projectKey":"artsat","area":"Арцат","licence":"XV-021395","sensor":"Base / Control","dataType":"control_reference_point","controlType":"gcp","name":"GCP49","plannedActual":"reference","status":"confirmed_source","contextOnly":true,"sourceFile":"Artsat_Drone_Project_Tracker.xlsx","sourceUrl":"https://docs.google.com/spreadsheets/d/1dbk0R5iHgwgPfa8gT25wN-NhtOVLjQUZ/edit?gid=991918308","sourceCrs":"EPSG:32646","displayCrs":"EPSG:4326","crsVerified":true,"easting":459205.874,"northing":5112414.975,"elevationM":1912.274,"dates":["2026-08-12"],"observationCount":1},"geometry":{"type":"Point","coordinates":[92.47159961,46.16409006]}},{"type":"Feature","id":"tracker-control:359","properties":{"project":"Artsat","projectKey":"artsat","area":"Арцат","licence":"XV-021395","sensor":"Base / Control","dataType":"control_reference_point","controlType":"gcp","name":"GCP50","plannedActual":"reference","status":"confirmed_source","contextOnly":true,"sourceFile":"Artsat_Drone_Project_Tracker.xlsx","sourceUrl":"https://docs.google.com/spreadsheets/d/1dbk0R5iHgwgPfa8gT25wN-NhtOVLjQUZ/edit?gid=991918308","sourceCrs":"EPSG:32646","displayCrs":"EPSG:4326","crsVerified":true,"easting":459927.17,"northing":5111790.806,"elevationM":1896.877,"dates":["2026-08-12"],"observationCount":1},"geometry":{"type":"Point","coordinates":[92.48099488,46.15851551]}},{"type":"Feature","id":"tracker-control:360","properties":{"project":"Artsat","projectKey":"artsat","area":"Арцат","licence":"XV-021395","sensor":"Base / Control","dataType":"control_reference_point","controlType":"gcp","name":"P57","plannedActual":"reference","status":"confirmed_source","contextOnly":true,"sourceFile":"Artsat_Drone_Project_Tracker.xlsx","sourceUrl":"https://docs.google.com/spreadsheets/d/1dbk0R5iHgwgPfa8gT25wN-NhtOVLjQUZ/edit?gid=991918308","sourceCrs":"EPSG:32646","displayCrs":"EPSG:4326","crsVerified":true,"easting":459285.231,"northing":5112030.65,"elevationM":1926.915,"dates":["2026-08-12"],"observationCount":1},"geometry":{"type":"Point","coordinates":[92.47266051,46.16063599]}},{"type":"Feature","id":"tracker-control:361","properties":{"project":"Artsat","projectKey":"artsat","area":"Арцат","licence":"XV-021395","sensor":"Base / Control","dataType":"control_reference_point","controlType":"gcp","name":"P58","plannedActual":"reference","status":"confirmed_source","contextOnly":true,"sourceFile":"Artsat_Drone_Project_Tracker.xlsx","sourceUrl":"https://docs.google.com/spreadsheets/d/1dbk0R5iHgwgPfa8gT25wN-NhtOVLjQUZ/edit?gid=991918308","sourceCrs":"EPSG:32646","displayCrs":"EPSG:4326","crsVerified":true,"easting":459298.969,"northing":5112022.675,"elevationM":1928.914,"dates":["2026-08-12"],"observationCount":1},"geometry":{"type":"Point","coordinates":[92.47283912,46.16056504]}},{"type":"Feature","id":"tracker-control:362","properties":{"project":"Artsat","projectKey":"artsat","area":"Арцат","licence":"XV-021395","sensor":"Base / Control","dataType":"control_reference_point","controlType":"gcp","name":"P59","plannedActual":"reference","status":"confirmed_source","contextOnly":true,"sourceFile":"Artsat_Drone_Project_Tracker.xlsx","sourceUrl":"https://docs.google.com/spreadsheets/d/1dbk0R5iHgwgPfa8gT25wN-NhtOVLjQUZ/edit?gid=991918308","sourceCrs":"EPSG:32646","displayCrs":"EPSG:4326","crsVerified":true,"easting":459314.135,"northing":5112016.751,"elevationM":1930.092,"dates":["2026-08-12"],"observationCount":1},"geometry":{"type":"Point","coordinates":[92.47303605,46.16051263]}},{"type":"Feature","id":"tracker-control:363","properties":{"project":"Artsat","projectKey":"artsat","area":"Арцат","licence":"XV-021395","sensor":"Base / Control","dataType":"control_reference_point","controlType":"gcp","name":"P60","plannedActual":"reference","status":"confirmed_source","contextOnly":true,"sourceFile":"Artsat_Drone_Project_Tracker.xlsx","sourceUrl":"https://docs.google.com/spreadsheets/d/1dbk0R5iHgwgPfa8gT25wN-NhtOVLjQUZ/edit?gid=991918308","sourceCrs":"EPSG:32646","displayCrs":"EPSG:4326","crsVerified":true,"easting":459326.913,"northing":5112015.767,"elevationM":1929.941,"dates":["2026-08-12"],"observationCount":1},"geometry":{"type":"Point","coordinates":[92.47320163,46.16050454]}},{"type":"Feature","id":"tracker-control:364","properties":{"project":"Artsat","projectKey":"artsat","area":"Арцат","licence":"XV-021395","sensor":"Base / Control","dataType":"control_reference_point","controlType":"gcp","name":"P61","plannedActual":"reference","status":"confirmed_source","contextOnly":true,"sourceFile":"Artsat_Drone_Project_Tracker.xlsx","sourceUrl":"https://docs.google.com/spreadsheets/d/1dbk0R5iHgwgPfa8gT25wN-NhtOVLjQUZ/edit?gid=991918308","sourceCrs":"EPSG:32646","displayCrs":"EPSG:4326","crsVerified":true,"easting":459345.042,"northing":5112028.152,"elevationM":1928.95,"dates":["2026-08-12"],"observationCount":1},"geometry":{"type":"Point","coordinates":[92.47343536,46.16061708]}},{"type":"Feature","id":"tracker-control:365","properties":{"project":"Artsat","projectKey":"artsat","area":"Арцат","licence":"XV-021395","sensor":"Base / Control","dataType":"control_reference_point","controlType":"gcp","name":"P62","plannedActual":"reference","status":"confirmed_source","contextOnly":true,"sourceFile":"Artsat_Drone_Project_Tracker.xlsx","sourceUrl":"https://docs.google.com/spreadsheets/d/1dbk0R5iHgwgPfa8gT25wN-NhtOVLjQUZ/edit?gid=991918308","sourceCrs":"EPSG:32646","displayCrs":"EPSG:4326","crsVerified":true,"easting":460381.465,"northing":5112991.226,"elevationM":2176.591,"dates":["2026-08-12"],"observationCount":1},"geometry":{"type":"Point","coordinates":[92.48677801,46.16934552]}},{"type":"Feature","id":"tracker-control:366","properties":{"project":"Artsat","projectKey":"artsat","area":"Арцат","licence":"XV-021395","sensor":"Base / Control","dataType":"control_reference_point","controlType":"gcp","name":"P63","plannedActual":"reference","status":"confirmed_source","contextOnly":true,"sourceFile":"Artsat_Drone_Project_Tracker.xlsx","sourceUrl":"https://docs.google.com/spreadsheets/d/1dbk0R5iHgwgPfa8gT25wN-NhtOVLjQUZ/edit?gid=991918308","sourceCrs":"EPSG:32646","displayCrs":"EPSG:4326","crsVerified":true,"easting":460377.243,"northing":5112994.763,"elevationM":2176.755,"dates":["2026-08-12"],"observationCount":1},"geometry":{"type":"Point","coordinates":[92.48672302,46.16937711]}},{"type":"Feature","id":"tracker-control:367","properties":{"project":"Artsat","projectKey":"artsat","area":"Арцат","licence":"XV-021395","sensor":"Base / Control","dataType":"control_reference_point","controlType":"gcp","name":"P64","plannedActual":"reference","status":"confirmed_source","contextOnly":true,"sourceFile":"Artsat_Drone_Project_Tracker.xlsx","sourceUrl":"https://docs.google.com/spreadsheets/d/1dbk0R5iHgwgPfa8gT25wN-NhtOVLjQUZ/edit?gid=991918308","sourceCrs":"EPSG:32646","displayCrs":"EPSG:4326","crsVerified":true,"easting":460690.317,"northing":5113249.326,"elevationM":2237.664,"dates":["2026-08-12"],"observationCount":1},"geometry":{"type":"Point","coordinates":[92.49075731,46.17168624]}},{"type":"Feature","id":"tracker-control:368","properties":{"project":"Artsat","projectKey":"artsat","area":"Арцат","licence":"XV-021395","sensor":"Base / Control","dataType":"control_reference_point","controlType":"gcp","name":"P65","plannedActual":"reference","status":"confirmed_source","contextOnly":true,"sourceFile":"Artsat_Drone_Project_Tracker.xlsx","sourceUrl":"https://docs.google.com/spreadsheets/d/1dbk0R5iHgwgPfa8gT25wN-NhtOVLjQUZ/edit?gid=991918308","sourceCrs":"EPSG:32646","displayCrs":"EPSG:4326","crsVerified":true,"easting":460693.605,"northing":5113241.183,"elevationM":2237.172,"dates":["2026-08-12"],"observationCount":1},"geometry":{"type":"Point","coordinates":[92.49080057,46.17161315]}},{"type":"Feature","id":"tracker-control:369","properties":{"project":"Artsat","projectKey":"artsat","area":"Арцат","licence":"XV-021395","sensor":"Base / Control","dataType":"control_reference_point","controlType":"gcp","name":"P66","plannedActual":"reference","status":"confirmed_source","contextOnly":true,"sourceFile":"Artsat_Drone_Project_Tracker.xlsx","sourceUrl":"https://docs.google.com/spreadsheets/d/1dbk0R5iHgwgPfa8gT25wN-NhtOVLjQUZ/edit?gid=991918308","sourceCrs":"EPSG:32646","displayCrs":"EPSG:4326","crsVerified":true,"easting":460713.483,"northing":5113213.65,"elevationM":2235.843,"dates":["2026-08-12"],"observationCount":1},"geometry":{"type":"Point","coordinates":[92.49106036,46.1713665]}},{"type":"Feature","id":"tracker-control:370","properties":{"project":"Artsat","projectKey":"artsat","area":"Арцат","licence":"XV-021395","sensor":"Base / Control","dataType":"control_reference_point","controlType":"gcp","name":"P67","plannedActual":"reference","status":"confirmed_source","contextOnly":true,"sourceFile":"Artsat_Drone_Project_Tracker.xlsx","sourceUrl":"https://docs.google.com/spreadsheets/d/1dbk0R5iHgwgPfa8gT25wN-NhtOVLjQUZ/edit?gid=991918308","sourceCrs":"EPSG:32646","displayCrs":"EPSG:4326","crsVerified":true,"easting":460720.315,"northing":5113207.081,"elevationM":2236.276,"dates":["2026-08-12"],"observationCount":1},"geometry":{"type":"Point","coordinates":[92.49114941,46.17130778]}},{"type":"Feature","id":"tracker-control:371","properties":{"project":"Artsat","projectKey":"artsat","area":"Арцат","licence":"XV-021395","sensor":"Base / Control","dataType":"control_reference_point","controlType":"gcp","name":"P68","plannedActual":"reference","status":"confirmed_source","contextOnly":true,"sourceFile":"Artsat_Drone_Project_Tracker.xlsx","sourceUrl":"https://docs.google.com/spreadsheets/d/1dbk0R5iHgwgPfa8gT25wN-NhtOVLjQUZ/edit?gid=991918308","sourceCrs":"EPSG:32646","displayCrs":"EPSG:4326","crsVerified":true,"easting":460438.503,"northing":5113879.804,"elevationM":2299.3,"dates":["2026-08-12"],"observationCount":1},"geometry":{"type":"Point","coordinates":[92.48744257,46.17734578]}},{"type":"Feature","id":"tracker-control:372","properties":{"project":"Artsat","projectKey":"artsat","area":"Арцат","licence":"XV-021395","sensor":"Base / Control","dataType":"control_reference_point","controlType":"gcp","name":"P69","plannedActual":"reference","status":"confirmed_source","contextOnly":true,"sourceFile":"Artsat_Drone_Project_Tracker.xlsx","sourceUrl":"https://docs.google.com/spreadsheets/d/1dbk0R5iHgwgPfa8gT25wN-NhtOVLjQUZ/edit?gid=991918308","sourceCrs":"EPSG:32646","displayCrs":"EPSG:4326","crsVerified":true,"easting":460408.398,"northing":5113880.598,"elevationM":2295.953,"dates":["2026-08-12"],"observationCount":1},"geometry":{"type":"Point","coordinates":[92.48705248,46.17735118]}},{"type":"Feature","id":"tracker-control:373","properties":{"project":"Artsat","projectKey":"artsat","area":"Арцат","licence":"XV-021395","sensor":"Base / Control","dataType":"control_reference_point","controlType":"gcp","name":"P70","plannedActual":"reference","status":"confirmed_source","contextOnly":true,"sourceFile":"Artsat_Drone_Project_Tracker.xlsx","sourceUrl":"https://docs.google.com/spreadsheets/d/1dbk0R5iHgwgPfa8gT25wN-NhtOVLjQUZ/edit?gid=991918308","sourceCrs":"EPSG:32646","displayCrs":"EPSG:4326","crsVerified":true,"easting":460327.444,"northing":5113857.361,"elevationM":2299.152,"dates":["2026-08-12"],"observationCount":1},"geometry":{"type":"Point","coordinates":[92.48600563,46.17713734]}},{"type":"Feature","id":"tracker-control:374","properties":{"project":"Artsat","projectKey":"artsat","area":"Арцат","licence":"XV-021395","sensor":"Base / Control","dataType":"control_reference_point","controlType":"gcp","name":"P71","plannedActual":"reference","status":"confirmed_source","contextOnly":true,"sourceFile":"Artsat_Drone_Project_Tracker.xlsx","sourceUrl":"https://docs.google.com/spreadsheets/d/1dbk0R5iHgwgPfa8gT25wN-NhtOVLjQUZ/edit?gid=991918308","sourceCrs":"EPSG:32646","displayCrs":"EPSG:4326","crsVerified":true,"easting":460150.047,"northing":5113821.251,"elevationM":2227.768,"dates":["2026-08-12"],"observationCount":1},"geometry":{"type":"Point","coordinates":[92.48371042,46.176802]}},{"type":"Feature","id":"tracker-control:375","properties":{"project":"Artsat","projectKey":"artsat","area":"Арцат","licence":"XV-021395","sensor":"Base / Control","dataType":"control_reference_point","controlType":"gcp","name":"P72","plannedActual":"reference","status":"confirmed_source","contextOnly":true,"sourceFile":"Artsat_Drone_Project_Tracker.xlsx","sourceUrl":"https://docs.google.com/spreadsheets/d/1dbk0R5iHgwgPfa8gT25wN-NhtOVLjQUZ/edit?gid=991918308","sourceCrs":"EPSG:32646","displayCrs":"EPSG:4326","crsVerified":true,"easting":459734.061,"northing":5113472.202,"elevationM":2003.484,"dates":["2026-08-12"],"observationCount":1},"geometry":{"type":"Point","coordinates":[92.47835091,46.1736362]}},{"type":"Feature","id":"tracker-control:376","properties":{"project":"Artsat","projectKey":"artsat","area":"Арцат","licence":"XV-021395","sensor":"Base / Control","dataType":"control_reference_point","controlType":"gcp","name":"P73","plannedActual":"reference","status":"confirmed_source","contextOnly":true,"sourceFile":"Artsat_Drone_Project_Tracker.xlsx","sourceUrl":"https://docs.google.com/spreadsheets/d/1dbk0R5iHgwgPfa8gT25wN-NhtOVLjQUZ/edit?gid=991918308","sourceCrs":"EPSG:32646","displayCrs":"EPSG:4326","crsVerified":true,"easting":459706.933,"northing":5113450.929,"elevationM":1998.131,"dates":["2026-08-12"],"observationCount":1},"geometry":{"type":"Point","coordinates":[92.47800129,46.17344315]}},{"type":"Feature","id":"tracker-control:377","properties":{"project":"Artsat","projectKey":"artsat","area":"Арцат","licence":"XV-021395","sensor":"Base / Control","dataType":"control_reference_point","controlType":"gcp","name":"P74","plannedActual":"reference","status":"confirmed_source","contextOnly":true,"sourceFile":"Artsat_Drone_Project_Tracker.xlsx","sourceUrl":"https://docs.google.com/spreadsheets/d/1dbk0R5iHgwgPfa8gT25wN-NhtOVLjQUZ/edit?gid=991918308","sourceCrs":"EPSG:32646","displayCrs":"EPSG:4326","crsVerified":true,"easting":459669.977,"northing":5113390.645,"elevationM":1989.879,"dates":["2026-08-12"],"observationCount":1},"geometry":{"type":"Point","coordinates":[92.47752768,46.17289842]}},{"type":"Feature","id":"tracker-control:378","properties":{"project":"Artsat","projectKey":"artsat","area":"Арцат","licence":"XV-021395","sensor":"Base / Control","dataType":"control_reference_point","controlType":"gcp","name":"P75","plannedActual":"reference","status":"confirmed_source","contextOnly":true,"sourceFile":"Artsat_Drone_Project_Tracker.xlsx","sourceUrl":"https://docs.google.com/spreadsheets/d/1dbk0R5iHgwgPfa8gT25wN-NhtOVLjQUZ/edit?gid=991918308","sourceCrs":"EPSG:32646","displayCrs":"EPSG:4326","crsVerified":true,"easting":459459.596,"northing":5113133.975,"elevationM":1953.459,"dates":["2026-08-12"],"observationCount":1},"geometry":{"type":"Point","coordinates":[92.47482431,46.17057598]}},{"type":"Feature","id":"tracker-control:379","properties":{"project":"Artsat","projectKey":"artsat","area":"Арцат","licence":"XV-021395","sensor":"Base / Control","dataType":"control_reference_point","controlType":"gcp","name":"P76","plannedActual":"reference","status":"confirmed_source","contextOnly":true,"sourceFile":"Artsat_Drone_Project_Tracker.xlsx","sourceUrl":"https://docs.google.com/spreadsheets/d/1dbk0R5iHgwgPfa8gT25wN-NhtOVLjQUZ/edit?gid=991918308","sourceCrs":"EPSG:32646","displayCrs":"EPSG:4326","crsVerified":true,"easting":459420.534,"northing":5112913.399,"elevationM":1941.081,"dates":["2026-08-12"],"observationCount":1},"geometry":{"type":"Point","coordinates":[92.47433722,46.16858854]}},{"type":"Feature","id":"tracker-control:380","properties":{"project":"Artsat","projectKey":"artsat","area":"Арцат","licence":"XV-021395","sensor":"Base / Control","dataType":"control_reference_point","controlType":"gcp","name":"P77","plannedActual":"reference","status":"confirmed_source","contextOnly":true,"sourceFile":"Artsat_Drone_Project_Tracker.xlsx","sourceUrl":"https://docs.google.com/spreadsheets/d/1dbk0R5iHgwgPfa8gT25wN-NhtOVLjQUZ/edit?gid=991918308","sourceCrs":"EPSG:32646","displayCrs":"EPSG:4326","crsVerified":true,"easting":459443.656,"northing":5112834.283,"elevationM":1935.564,"dates":["2026-08-12"],"observationCount":1},"geometry":{"type":"Point","coordinates":[92.47464351,46.1678779]}},{"type":"Feature","id":"tracker-control:381","properties":{"project":"Artsat","projectKey":"artsat","area":"Арцат","licence":"XV-021395","sensor":"Base / Control","dataType":"control_reference_point","controlType":"gcp","name":"P78","plannedActual":"reference","status":"confirmed_source","contextOnly":true,"sourceFile":"Artsat_Drone_Project_Tracker.xlsx","sourceUrl":"https://docs.google.com/spreadsheets/d/1dbk0R5iHgwgPfa8gT25wN-NhtOVLjQUZ/edit?gid=991918308","sourceCrs":"EPSG:32646","displayCrs":"EPSG:4326","crsVerified":true,"easting":459415.969,"northing":5112678.365,"elevationM":1930.272,"dates":["2026-08-12"],"observationCount":1},"geometry":{"type":"Point","coordinates":[92.47429824,46.16647303]}},{"type":"Feature","id":"tracker-control:382","properties":{"project":"Artsat","projectKey":"artsat","area":"Арцат","licence":"XV-021395","sensor":"Base / Control","dataType":"control_reference_point","controlType":"gcp","name":"P79","plannedActual":"reference","status":"confirmed_source","contextOnly":true,"sourceFile":"Artsat_Drone_Project_Tracker.xlsx","sourceUrl":"https://docs.google.com/spreadsheets/d/1dbk0R5iHgwgPfa8gT25wN-NhtOVLjQUZ/edit?gid=991918308","sourceCrs":"EPSG:32646","displayCrs":"EPSG:4326","crsVerified":true,"easting":460284.548,"northing":5114268.139,"elevationM":2239.58,"dates":["2026-08-13"],"observationCount":1},"geometry":{"type":"Point","coordinates":[92.48541541,46.18083172]}},{"type":"Feature","id":"tracker-control:383","properties":{"project":"Artsat","projectKey":"artsat","area":"Арцат","licence":"XV-021395","sensor":"Base / Control","dataType":"control_reference_point","controlType":"gcp","name":"P80","plannedActual":"reference","status":"confirmed_source","contextOnly":true,"sourceFile":"Artsat_Drone_Project_Tracker.xlsx","sourceUrl":"https://docs.google.com/spreadsheets/d/1dbk0R5iHgwgPfa8gT25wN-NhtOVLjQUZ/edit?gid=991918308","sourceCrs":"EPSG:32646","displayCrs":"EPSG:4326","crsVerified":true,"easting":460292.061,"northing":5114279.94,"elevationM":2240.676,"dates":["2026-08-13"],"observationCount":1},"geometry":{"type":"Point","coordinates":[92.48551176,46.18093836]}},{"type":"Feature","id":"tracker-control:384","properties":{"project":"Artsat","projectKey":"artsat","area":"Арцат","licence":"XV-021395","sensor":"Base / Control","dataType":"control_reference_point","controlType":"gcp","name":"P81","plannedActual":"reference","status":"confirmed_source","contextOnly":true,"sourceFile":"Artsat_Drone_Project_Tracker.xlsx","sourceUrl":"https://docs.google.com/spreadsheets/d/1dbk0R5iHgwgPfa8gT25wN-NhtOVLjQUZ/edit?gid=991918308","sourceCrs":"EPSG:32646","displayCrs":"EPSG:4326","crsVerified":true,"easting":460299.052,"northing":5114291.975,"elevationM":2241.048,"dates":["2026-08-13"],"observationCount":1},"geometry":{"type":"Point","coordinates":[92.48560133,46.18104708]}},{"type":"Feature","id":"tracker-control:385","properties":{"project":"Artsat","projectKey":"artsat","area":"Арцат","licence":"XV-021395","sensor":"Base / Control","dataType":"control_reference_point","controlType":"gcp","name":"P82","plannedActual":"reference","status":"confirmed_source","contextOnly":true,"sourceFile":"Artsat_Drone_Project_Tracker.xlsx","sourceUrl":"https://docs.google.com/spreadsheets/d/1dbk0R5iHgwgPfa8gT25wN-NhtOVLjQUZ/edit?gid=991918308","sourceCrs":"EPSG:32646","displayCrs":"EPSG:4326","crsVerified":true,"easting":460307.117,"northing":5114301.424,"elevationM":2244.24,"dates":["2026-08-13"],"observationCount":1},"geometry":{"type":"Point","coordinates":[92.48570503,46.18113259]}},{"type":"Feature","id":"tracker-control:386","properties":{"project":"Artsat","projectKey":"artsat","area":"Арцат","licence":"XV-021395","sensor":"Base / Control","dataType":"control_reference_point","controlType":"gcp","name":"P83","plannedActual":"reference","status":"confirmed_source","contextOnly":true,"sourceFile":"Artsat_Drone_Project_Tracker.xlsx","sourceUrl":"https://docs.google.com/spreadsheets/d/1dbk0R5iHgwgPfa8gT25wN-NhtOVLjQUZ/edit?gid=991918308","sourceCrs":"EPSG:32646","displayCrs":"EPSG:4326","crsVerified":true,"easting":460314.414,"northing":5114310.216,"elevationM":2249.002,"dates":["2026-08-13"],"observationCount":1},"geometry":{"type":"Point","coordinates":[92.48579883,46.18121214]}},{"type":"Feature","id":"tracker-control:387","properties":{"project":"Artsat","projectKey":"artsat","area":"Арцат","licence":"XV-021395","sensor":"Base / Control","dataType":"control_reference_point","controlType":"gcp","name":"P84","plannedActual":"reference","status":"confirmed_source","contextOnly":true,"sourceFile":"Artsat_Drone_Project_Tracker.xlsx","sourceUrl":"https://docs.google.com/spreadsheets/d/1dbk0R5iHgwgPfa8gT25wN-NhtOVLjQUZ/edit?gid=991918308","sourceCrs":"EPSG:32646","displayCrs":"EPSG:4326","crsVerified":true,"easting":460320.357,"northing":5114318.826,"elevationM":2252.022,"dates":["2026-08-13"],"observationCount":1},"geometry":{"type":"Point","coordinates":[92.48587511,46.18128997]}},{"type":"Feature","id":"tracker-control:388","properties":{"project":"Artsat","projectKey":"artsat","area":"Арцат","licence":"XV-021395","sensor":"Base / Control","dataType":"control_reference_point","controlType":"gcp","name":"P85","plannedActual":"reference","status":"confirmed_source","contextOnly":true,"sourceFile":"Artsat_Drone_Project_Tracker.xlsx","sourceUrl":"https://docs.google.com/spreadsheets/d/1dbk0R5iHgwgPfa8gT25wN-NhtOVLjQUZ/edit?gid=991918308","sourceCrs":"EPSG:32646","displayCrs":"EPSG:4326","crsVerified":true,"easting":460328.286,"northing":5114333.632,"elevationM":2254.955,"dates":["2026-08-13"],"observationCount":1},"geometry":{"type":"Point","coordinates":[92.4859766,46.18142368]}},{"type":"Feature","id":"tracker-control:389","properties":{"project":"Artsat","projectKey":"artsat","area":"Арцат","licence":"XV-021395","sensor":"Base / Control","dataType":"control_reference_point","controlType":"gcp","name":"P86","plannedActual":"reference","status":"confirmed_source","contextOnly":true,"sourceFile":"Artsat_Drone_Project_Tracker.xlsx","sourceUrl":"https://docs.google.com/spreadsheets/d/1dbk0R5iHgwgPfa8gT25wN-NhtOVLjQUZ/edit?gid=991918308","sourceCrs":"EPSG:32646","displayCrs":"EPSG:4326","crsVerified":true,"easting":460335.154,"northing":5114346.181,"elevationM":2259.323,"dates":["2026-08-13"],"observationCount":1},"geometry":{"type":"Point","coordinates":[92.48606453,46.18153702]}},{"type":"Feature","id":"tracker-control:390","properties":{"project":"Artsat","projectKey":"artsat","area":"Арцат","licence":"XV-021395","sensor":"Base / Control","dataType":"control_reference_point","controlType":"gcp","name":"P87","plannedActual":"reference","status":"confirmed_source","contextOnly":true,"sourceFile":"Artsat_Drone_Project_Tracker.xlsx","sourceUrl":"https://docs.google.com/spreadsheets/d/1dbk0R5iHgwgPfa8gT25wN-NhtOVLjQUZ/edit?gid=991918308","sourceCrs":"EPSG:32646","displayCrs":"EPSG:4326","crsVerified":true,"easting":459937.05,"northing":5114249.759,"elevationM":2216.355,"dates":["2026-08-13"],"observationCount":1},"geometry":{"type":"Point","coordinates":[92.4809147,46.18064595]}},{"type":"Feature","id":"tracker-control:391","properties":{"project":"Artsat","projectKey":"artsat","area":"Арцат","licence":"XV-021395","sensor":"Base / Control","dataType":"control_reference_point","controlType":"gcp","name":"P88","plannedActual":"reference","status":"confirmed_source","contextOnly":true,"sourceFile":"Artsat_Drone_Project_Tracker.xlsx","sourceUrl":"https://docs.google.com/spreadsheets/d/1dbk0R5iHgwgPfa8gT25wN-NhtOVLjQUZ/edit?gid=991918308","sourceCrs":"EPSG:32646","displayCrs":"EPSG:4326","crsVerified":true,"easting":459933.185,"northing":5114241.288,"elevationM":2220.775,"dates":["2026-08-13"],"observationCount":1},"geometry":{"type":"Point","coordinates":[92.48086534,46.18056948]}},{"type":"Feature","id":"tracker-control:392","properties":{"project":"Artsat","projectKey":"artsat","area":"Арцат","licence":"XV-021395","sensor":"Base / Control","dataType":"control_reference_point","controlType":"gcp","name":"P89","plannedActual":"reference","status":"confirmed_source","contextOnly":true,"sourceFile":"Artsat_Drone_Project_Tracker.xlsx","sourceUrl":"https://docs.google.com/spreadsheets/d/1dbk0R5iHgwgPfa8gT25wN-NhtOVLjQUZ/edit?gid=991918308","sourceCrs":"EPSG:32646","displayCrs":"EPSG:4326","crsVerified":true,"easting":459929.014,"northing":5114232.667,"elevationM":2226.105,"dates":["2026-08-13"],"observationCount":1},"geometry":{"type":"Point","coordinates":[92.48081203,46.18049165]}},{"type":"Feature","id":"tracker-control:393","properties":{"project":"Artsat","projectKey":"artsat","area":"Арцат","licence":"XV-021395","sensor":"Base / Control","dataType":"control_reference_point","controlType":"gcp","name":"P90","plannedActual":"reference","status":"confirmed_source","contextOnly":true,"sourceFile":"Artsat_Drone_Project_Tracker.xlsx","sourceUrl":"https://docs.google.com/spreadsheets/d/1dbk0R5iHgwgPfa8gT25wN-NhtOVLjQUZ/edit?gid=991918308","sourceCrs":"EPSG:32646","displayCrs":"EPSG:4326","crsVerified":true,"easting":459925.293,"northing":5114222.268,"elevationM":2234.256,"dates":["2026-08-13"],"observationCount":1},"geometry":{"type":"Point","coordinates":[92.4807647,46.18039785]}},{"type":"Feature","id":"tracker-control:394","properties":{"project":"Artsat","projectKey":"artsat","area":"Арцат","licence":"XV-021395","sensor":"Base / Control","dataType":"control_reference_point","controlType":"gcp","name":"P91","plannedActual":"reference","status":"confirmed_source","contextOnly":true,"sourceFile":"Artsat_Drone_Project_Tracker.xlsx","sourceUrl":"https://docs.google.com/spreadsheets/d/1dbk0R5iHgwgPfa8gT25wN-NhtOVLjQUZ/edit?gid=991918308","sourceCrs":"EPSG:32646","displayCrs":"EPSG:4326","crsVerified":true,"easting":459921.903,"northing":5114212.544,"elevationM":2241.309,"dates":["2026-08-13"],"observationCount":1},"geometry":{"type":"Point","coordinates":[92.4807216,46.18031013]}},{"type":"Feature","id":"tracker-control:395","properties":{"project":"Artsat","projectKey":"artsat","area":"Арцат","licence":"XV-021395","sensor":"Base / Control","dataType":"control_reference_point","controlType":"gcp","name":"P92","plannedActual":"reference","status":"confirmed_source","contextOnly":true,"sourceFile":"Artsat_Drone_Project_Tracker.xlsx","sourceUrl":"https://docs.google.com/spreadsheets/d/1dbk0R5iHgwgPfa8gT25wN-NhtOVLjQUZ/edit?gid=991918308","sourceCrs":"EPSG:32646","displayCrs":"EPSG:4326","crsVerified":true,"easting":459916.766,"northing":5114204.618,"elevationM":2247.752,"dates":["2026-08-13"],"observationCount":1},"geometry":{"type":"Point","coordinates":[92.48065572,46.1802385]}},{"type":"Feature","id":"tracker-control:396","properties":{"project":"Artsat","projectKey":"artsat","area":"Арцат","licence":"XV-021395","sensor":"Base / Control","dataType":"control_reference_point","controlType":"gcp","name":"P93","plannedActual":"reference","status":"confirmed_source","contextOnly":true,"sourceFile":"Artsat_Drone_Project_Tracker.xlsx","sourceUrl":"https://docs.google.com/spreadsheets/d/1dbk0R5iHgwgPfa8gT25wN-NhtOVLjQUZ/edit?gid=991918308","sourceCrs":"EPSG:32646","displayCrs":"EPSG:4326","crsVerified":true,"easting":459905.017,"northing":5114198.101,"elevationM":2252.015,"dates":["2026-08-13"],"observationCount":1},"geometry":{"type":"Point","coordinates":[92.48050405,46.18017916]}},{"type":"Feature","id":"tracker-control:397","properties":{"project":"Artsat","projectKey":"artsat","area":"Арцат","licence":"XV-021395","sensor":"Base / Control","dataType":"control_reference_point","controlType":"gcp","name":"P94","plannedActual":"reference","status":"confirmed_source","contextOnly":true,"sourceFile":"Artsat_Drone_Project_Tracker.xlsx","sourceUrl":"https://docs.google.com/spreadsheets/d/1dbk0R5iHgwgPfa8gT25wN-NhtOVLjQUZ/edit?gid=991918308","sourceCrs":"EPSG:32646","displayCrs":"EPSG:4326","crsVerified":true,"easting":459886.42,"northing":5114188.072,"elevationM":2247.377,"dates":["2026-08-13"],"observationCount":1},"geometry":{"type":"Point","coordinates":[92.48026395,46.1800878]}},{"type":"Feature","id":"tracker-control:398","properties":{"project":"Artsat","projectKey":"artsat","area":"Арцат","licence":"XV-021395","sensor":"Base / Control","dataType":"control_reference_point","controlType":"gcp","name":"P95","plannedActual":"reference","status":"confirmed_source","contextOnly":true,"sourceFile":"Artsat_Drone_Project_Tracker.xlsx","sourceUrl":"https://docs.google.com/spreadsheets/d/1dbk0R5iHgwgPfa8gT25wN-NhtOVLjQUZ/edit?gid=991918308","sourceCrs":"EPSG:32646","displayCrs":"EPSG:4326","crsVerified":true,"easting":459870.812,"northing":5114181.585,"elevationM":2244.394,"dates":["2026-08-13"],"observationCount":1},"geometry":{"type":"Point","coordinates":[92.48006229,46.1800285]}},{"type":"Feature","id":"tracker-control:399","properties":{"project":"Artsat","projectKey":"artsat","area":"Арцат","licence":"XV-021395","sensor":"Base / Control","dataType":"control_reference_point","controlType":"gcp","name":"P96","plannedActual":"reference","status":"confirmed_source","contextOnly":true,"sourceFile":"Artsat_Drone_Project_Tracker.xlsx","sourceUrl":"https://docs.google.com/spreadsheets/d/1dbk0R5iHgwgPfa8gT25wN-NhtOVLjQUZ/edit?gid=991918308","sourceCrs":"EPSG:32646","displayCrs":"EPSG:4326","crsVerified":true,"easting":459625.702,"northing":5114304.964,"elevationM":2134.329,"dates":["2026-08-13"],"observationCount":1},"geometry":{"type":"Point","coordinates":[92.4768761,46.18112439]}},{"type":"Feature","id":"tracker-control:400","properties":{"project":"Artsat","projectKey":"artsat","area":"Арцат","licence":"XV-021395","sensor":"Base / Control","dataType":"control_reference_point","controlType":"gcp","name":"P97","plannedActual":"reference","status":"confirmed_source","contextOnly":true,"sourceFile":"Artsat_Drone_Project_Tracker.xlsx","sourceUrl":"https://docs.google.com/spreadsheets/d/1dbk0R5iHgwgPfa8gT25wN-NhtOVLjQUZ/edit?gid=991918308","sourceCrs":"EPSG:32646","displayCrs":"EPSG:4326","crsVerified":true,"easting":459625.541,"northing":5114316.817,"elevationM":2128.125,"dates":["2026-08-13"],"observationCount":1},"geometry":{"type":"Point","coordinates":[92.476873,46.18123105]}},{"type":"Feature","id":"tracker-control:401","properties":{"project":"Artsat","projectKey":"artsat","area":"Арцат","licence":"XV-021395","sensor":"Base / Control","dataType":"control_reference_point","controlType":"gcp","name":"P98","plannedActual":"reference","status":"confirmed_source","contextOnly":true,"sourceFile":"Artsat_Drone_Project_Tracker.xlsx","sourceUrl":"https://docs.google.com/spreadsheets/d/1dbk0R5iHgwgPfa8gT25wN-NhtOVLjQUZ/edit?gid=991918308","sourceCrs":"EPSG:32646","displayCrs":"EPSG:4326","crsVerified":true,"easting":459627.071,"northing":5114329.53,"elevationM":2122.822,"dates":["2026-08-13"],"observationCount":1},"geometry":{"type":"Point","coordinates":[92.47689174,46.18134556]}},{"type":"Feature","id":"tracker-control:402","properties":{"project":"Artsat","projectKey":"artsat","area":"Арцат","licence":"XV-021395","sensor":"Base / Control","dataType":"control_reference_point","controlType":"gcp","name":"P99","plannedActual":"reference","status":"confirmed_source","contextOnly":true,"sourceFile":"Artsat_Drone_Project_Tracker.xlsx","sourceUrl":"https://docs.google.com/spreadsheets/d/1dbk0R5iHgwgPfa8gT25wN-NhtOVLjQUZ/edit?gid=991918308","sourceCrs":"EPSG:32646","displayCrs":"EPSG:4326","crsVerified":true,"easting":459632.917,"northing":5114347.861,"elevationM":2115.467,"dates":["2026-08-13"],"observationCount":1},"geometry":{"type":"Point","coordinates":[92.47696592,46.18151087]}},{"type":"Feature","id":"tracker-control:403","properties":{"project":"Artsat","projectKey":"artsat","area":"Арцат","licence":"XV-021395","sensor":"Base / Control","dataType":"control_reference_point","controlType":"gcp","name":"P100","plannedActual":"reference","status":"confirmed_source","contextOnly":true,"sourceFile":"Artsat_Drone_Project_Tracker.xlsx","sourceUrl":"https://docs.google.com/spreadsheets/d/1dbk0R5iHgwgPfa8gT25wN-NhtOVLjQUZ/edit?gid=991918308","sourceCrs":"EPSG:32646","displayCrs":"EPSG:4326","crsVerified":true,"easting":459648.901,"northing":5114369.703,"elevationM":2109.99,"dates":["2026-08-13"],"observationCount":1},"geometry":{"type":"Point","coordinates":[92.47717115,46.18170839]}},{"type":"Feature","id":"tracker-control:404","properties":{"project":"Artsat","projectKey":"artsat","area":"Арцат","licence":"XV-021395","sensor":"Base / Control","dataType":"control_reference_point","controlType":"gcp","name":"P101","plannedActual":"reference","status":"confirmed_source","contextOnly":true,"sourceFile":"Artsat_Drone_Project_Tracker.xlsx","sourceUrl":"https://docs.google.com/spreadsheets/d/1dbk0R5iHgwgPfa8gT25wN-NhtOVLjQUZ/edit?gid=991918308","sourceCrs":"EPSG:32646","displayCrs":"EPSG:4326","crsVerified":true,"easting":459664.338,"northing":5114382.369,"elevationM":2098.718,"dates":["2026-08-13"],"observationCount":1},"geometry":{"type":"Point","coordinates":[92.47737008,46.1818233]}},{"type":"Feature","id":"tracker-control:405","properties":{"project":"Artsat","projectKey":"artsat","area":"Арцат","licence":"XV-021395","sensor":"Base / Control","dataType":"control_reference_point","controlType":"gcp","name":"P102","plannedActual":"reference","status":"confirmed_source","contextOnly":true,"sourceFile":"Artsat_Drone_Project_Tracker.xlsx","sourceUrl":"https://docs.google.com/spreadsheets/d/1dbk0R5iHgwgPfa8gT25wN-NhtOVLjQUZ/edit?gid=991918308","sourceCrs":"EPSG:32646","displayCrs":"EPSG:4326","crsVerified":true,"easting":459689.634,"northing":5114396.033,"elevationM":2091.884,"dates":["2026-08-13"],"observationCount":1},"geometry":{"type":"Point","coordinates":[92.47769666,46.18194777]}},{"type":"Feature","id":"tracker-control:406","properties":{"project":"Artsat","projectKey":"artsat","area":"Арцат","licence":"XV-021395","sensor":"Base / Control","dataType":"control_reference_point","controlType":"gcp","name":"P103","plannedActual":"reference","status":"confirmed_source","contextOnly":true,"sourceFile":"Artsat_Drone_Project_Tracker.xlsx","sourceUrl":"https://docs.google.com/spreadsheets/d/1dbk0R5iHgwgPfa8gT25wN-NhtOVLjQUZ/edit?gid=991918308","sourceCrs":"EPSG:32646","displayCrs":"EPSG:4326","crsVerified":true,"easting":459719.254,"northing":5114414.97,"elevationM":2095.686,"dates":["2026-08-13"],"observationCount":1},"geometry":{"type":"Point","coordinates":[92.47807882,46.18211995]}},{"type":"Feature","id":"tracker-control:407","properties":{"project":"Artsat","projectKey":"artsat","area":"Арцат","licence":"XV-021395","sensor":"Base / Control","dataType":"control_reference_point","controlType":"gcp","name":"P104","plannedActual":"reference","status":"confirmed_source","contextOnly":true,"sourceFile":"Artsat_Drone_Project_Tracker.xlsx","sourceUrl":"https://docs.google.com/spreadsheets/d/1dbk0R5iHgwgPfa8gT25wN-NhtOVLjQUZ/edit?gid=991918308","sourceCrs":"EPSG:32646","displayCrs":"EPSG:4326","crsVerified":true,"easting":461003.707,"northing":5114399.903,"elevationM":2344.469,"dates":["2026-08-13"],"observationCount":1},"geometry":{"type":"Point","coordinates":[92.49472216,46.18205912]}},{"type":"Feature","id":"tracker-control:408","properties":{"project":"Artsat","projectKey":"artsat","area":"Арцат","licence":"XV-021395","sensor":"Base / Control","dataType":"control_reference_point","controlType":"gcp","name":"P105","plannedActual":"reference","status":"confirmed_source","contextOnly":true,"sourceFile":"Artsat_Drone_Project_Tracker.xlsx","sourceUrl":"https://docs.google.com/spreadsheets/d/1dbk0R5iHgwgPfa8gT25wN-NhtOVLjQUZ/edit?gid=991918308","sourceCrs":"EPSG:32646","displayCrs":"EPSG:4326","crsVerified":true,"easting":461012.448,"northing":5114396.32,"elevationM":2340.164,"dates":["2026-08-13"],"observationCount":1},"geometry":{"type":"Point","coordinates":[92.49483571,46.18202737]}},{"type":"Feature","id":"tracker-control:409","properties":{"project":"Artsat","projectKey":"artsat","area":"Арцат","licence":"XV-021395","sensor":"Base / Control","dataType":"control_reference_point","controlType":"gcp","name":"P106","plannedActual":"reference","status":"confirmed_source","contextOnly":true,"sourceFile":"Artsat_Drone_Project_Tracker.xlsx","sourceUrl":"https://docs.google.com/spreadsheets/d/1dbk0R5iHgwgPfa8gT25wN-NhtOVLjQUZ/edit?gid=991918308","sourceCrs":"EPSG:32646","displayCrs":"EPSG:4326","crsVerified":true,"easting":461025.203,"northing":5114391.369,"elevationM":2333.163,"dates":["2026-08-13"],"observationCount":1},"geometry":{"type":"Point","coordinates":[92.49500138,46.18198355]}},{"type":"Feature","id":"tracker-control:410","properties":{"project":"Artsat","projectKey":"artsat","area":"Арцат","licence":"XV-021395","sensor":"Base / Control","dataType":"control_reference_point","controlType":"gcp","name":"P107","plannedActual":"reference","status":"confirmed_source","contextOnly":true,"sourceFile":"Artsat_Drone_Project_Tracker.xlsx","sourceUrl":"https://docs.google.com/spreadsheets/d/1dbk0R5iHgwgPfa8gT25wN-NhtOVLjQUZ/edit?gid=991918308","sourceCrs":"EPSG:32646","displayCrs":"EPSG:4326","crsVerified":true,"easting":461045.325,"northing":5114395.018,"elevationM":2325.238,"dates":["2026-08-13"],"observationCount":1},"geometry":{"type":"Point","coordinates":[92.49526179,46.18201754]}},{"type":"Feature","id":"tracker-control:411","properties":{"project":"Artsat","projectKey":"artsat","area":"Арцат","licence":"XV-021395","sensor":"Base / Control","dataType":"control_reference_point","controlType":"gcp","name":"P108","plannedActual":"reference","status":"confirmed_source","contextOnly":true,"sourceFile":"Artsat_Drone_Project_Tracker.xlsx","sourceUrl":"https://docs.google.com/spreadsheets/d/1dbk0R5iHgwgPfa8gT25wN-NhtOVLjQUZ/edit?gid=991918308","sourceCrs":"EPSG:32646","displayCrs":"EPSG:4326","crsVerified":true,"easting":461054.843,"northing":5114394.622,"elevationM":2318.193,"dates":["2026-08-13"],"observationCount":1},"geometry":{"type":"Point","coordinates":[92.49538515,46.18201452]}},{"type":"Feature","id":"tracker-control:412","properties":{"project":"Artsat","projectKey":"artsat","area":"Арцат","licence":"XV-021395","sensor":"Base / Control","dataType":"control_reference_point","controlType":"gcp","name":"P109","plannedActual":"reference","status":"confirmed_source","contextOnly":true,"sourceFile":"Artsat_Drone_Project_Tracker.xlsx","sourceUrl":"https://docs.google.com/spreadsheets/d/1dbk0R5iHgwgPfa8gT25wN-NhtOVLjQUZ/edit?gid=991918308","sourceCrs":"EPSG:32646","displayCrs":"EPSG:4326","crsVerified":true,"easting":461068.17,"northing":5114397.256,"elevationM":2310.666,"dates":["2026-08-13"],"observationCount":1},"geometry":{"type":"Point","coordinates":[92.4955576,46.18203898]}},{"type":"Feature","id":"tracker-control:413","properties":{"project":"Artsat","projectKey":"artsat","area":"Арцат","licence":"XV-021395","sensor":"Base / Control","dataType":"control_reference_point","controlType":"gcp","name":"P110","plannedActual":"reference","status":"confirmed_source","contextOnly":true,"sourceFile":"Artsat_Drone_Project_Tracker.xlsx","sourceUrl":"https://docs.google.com/spreadsheets/d/1dbk0R5iHgwgPfa8gT25wN-NhtOVLjQUZ/edit?gid=991918308","sourceCrs":"EPSG:32646","displayCrs":"EPSG:4326","crsVerified":true,"easting":461085.776,"northing":5114400.649,"elevationM":2302.509,"dates":["2026-08-13"],"observationCount":1},"geometry":{"type":"Point","coordinates":[92.49578543,46.18207053]}},{"type":"Feature","id":"tracker-control:414","properties":{"project":"Artsat","projectKey":"artsat","area":"Арцат","licence":"XV-021395","sensor":"Base / Control","dataType":"control_reference_point","controlType":"gcp","name":"P111","plannedActual":"reference","status":"confirmed_source","contextOnly":true,"sourceFile":"Artsat_Drone_Project_Tracker.xlsx","sourceUrl":"https://docs.google.com/spreadsheets/d/1dbk0R5iHgwgPfa8gT25wN-NhtOVLjQUZ/edit?gid=991918308","sourceCrs":"EPSG:32646","displayCrs":"EPSG:4326","crsVerified":true,"easting":461534.066,"northing":5114230.116,"elevationM":2137.56,"dates":["2026-08-13"],"observationCount":1},"geometry":{"type":"Point","coordinates":[92.50160761,46.18056125]}},{"type":"Feature","id":"tracker-control:415","properties":{"project":"Artsat","projectKey":"artsat","area":"Арцат","licence":"XV-021395","sensor":"Base / Control","dataType":"control_reference_point","controlType":"gcp","name":"P112","plannedActual":"reference","status":"confirmed_source","contextOnly":true,"sourceFile":"Artsat_Drone_Project_Tracker.xlsx","sourceUrl":"https://docs.google.com/spreadsheets/d/1dbk0R5iHgwgPfa8gT25wN-NhtOVLjQUZ/edit?gid=991918308","sourceCrs":"EPSG:32646","displayCrs":"EPSG:4326","crsVerified":true,"easting":461544.547,"northing":5114227.022,"elevationM":2136.097,"dates":["2026-08-13"],"observationCount":1},"geometry":{"type":"Point","coordinates":[92.50174365,46.180534]}},{"type":"Feature","id":"tracker-control:416","properties":{"project":"Artsat","projectKey":"artsat","area":"Арцат","licence":"XV-021395","sensor":"Base / Control","dataType":"control_reference_point","controlType":"gcp","name":"P113","plannedActual":"reference","status":"confirmed_source","contextOnly":true,"sourceFile":"Artsat_Drone_Project_Tracker.xlsx","sourceUrl":"https://docs.google.com/spreadsheets/d/1dbk0R5iHgwgPfa8gT25wN-NhtOVLjQUZ/edit?gid=991918308","sourceCrs":"EPSG:32646","displayCrs":"EPSG:4326","crsVerified":true,"easting":461558.189,"northing":5114221.319,"elevationM":2134.099,"dates":["2026-08-13"],"observationCount":1},"geometry":{"type":"Point","coordinates":[92.50192086,46.18048344]}},{"type":"Feature","id":"tracker-control:417","properties":{"project":"Artsat","projectKey":"artsat","area":"Арцат","licence":"XV-021395","sensor":"Base / Control","dataType":"control_reference_point","controlType":"gcp","name":"P114","plannedActual":"reference","status":"confirmed_source","contextOnly":true,"sourceFile":"Artsat_Drone_Project_Tracker.xlsx","sourceUrl":"https://docs.google.com/spreadsheets/d/1dbk0R5iHgwgPfa8gT25wN-NhtOVLjQUZ/edit?gid=991918308","sourceCrs":"EPSG:32646","displayCrs":"EPSG:4326","crsVerified":true,"easting":461567.864,"northing":5114212.39,"elevationM":2131.712,"dates":["2026-08-13"],"observationCount":1},"geometry":{"type":"Point","coordinates":[92.50204694,46.18040363]}},{"type":"Feature","id":"tracker-control:418","properties":{"project":"Artsat","projectKey":"artsat","area":"Арцат","licence":"XV-021395","sensor":"Base / Control","dataType":"control_reference_point","controlType":"gcp","name":"P115","plannedActual":"reference","status":"confirmed_source","contextOnly":true,"sourceFile":"Artsat_Drone_Project_Tracker.xlsx","sourceUrl":"https://docs.google.com/spreadsheets/d/1dbk0R5iHgwgPfa8gT25wN-NhtOVLjQUZ/edit?gid=991918308","sourceCrs":"EPSG:32646","displayCrs":"EPSG:4326","crsVerified":true,"easting":461581.636,"northing":5114204.688,"elevationM":2128.759,"dates":["2026-08-13"],"observationCount":1},"geometry":{"type":"Point","coordinates":[92.502226,46.18033509]}},{"type":"Feature","id":"tracker-control:419","properties":{"project":"Artsat","projectKey":"artsat","area":"Арцат","licence":"XV-021395","sensor":"Base / Control","dataType":"control_reference_point","controlType":"gcp","name":"P116","plannedActual":"reference","status":"confirmed_source","contextOnly":true,"sourceFile":"Artsat_Drone_Project_Tracker.xlsx","sourceUrl":"https://docs.google.com/spreadsheets/d/1dbk0R5iHgwgPfa8gT25wN-NhtOVLjQUZ/edit?gid=991918308","sourceCrs":"EPSG:32646","displayCrs":"EPSG:4326","crsVerified":true,"easting":461602.262,"northing":5114190.982,"elevationM":2125.222,"dates":["2026-08-13"],"observationCount":1},"geometry":{"type":"Point","coordinates":[92.50249435,46.1802129]}},{"type":"Feature","id":"tracker-control:420","properties":{"project":"Artsat","projectKey":"artsat","area":"Арцат","licence":"XV-021395","sensor":"Base / Control","dataType":"control_reference_point","controlType":"gcp","name":"P117","plannedActual":"reference","status":"confirmed_source","contextOnly":true,"sourceFile":"Artsat_Drone_Project_Tracker.xlsx","sourceUrl":"https://docs.google.com/spreadsheets/d/1dbk0R5iHgwgPfa8gT25wN-NhtOVLjQUZ/edit?gid=991918308","sourceCrs":"EPSG:32646","displayCrs":"EPSG:4326","crsVerified":true,"easting":461629.36,"northing":5114166.806,"elevationM":2120.053,"dates":["2026-08-13"],"observationCount":1},"geometry":{"type":"Point","coordinates":[92.50284739,46.17999685]}},{"type":"Feature","id":"tracker-control:421","properties":{"project":"Artsat","projectKey":"artsat","area":"Арцат","licence":"XV-021395","sensor":"Base / Control","dataType":"control_reference_point","controlType":"gcp","name":"P118","plannedActual":"reference","status":"confirmed_source","contextOnly":true,"sourceFile":"Artsat_Drone_Project_Tracker.xlsx","sourceUrl":"https://docs.google.com/spreadsheets/d/1dbk0R5iHgwgPfa8gT25wN-NhtOVLjQUZ/edit?gid=991918308","sourceCrs":"EPSG:32646","displayCrs":"EPSG:4326","crsVerified":true,"easting":461655.308,"northing":5114146.423,"elevationM":2119.072,"dates":["2026-08-13"],"observationCount":1},"geometry":{"type":"Point","coordinates":[92.50318523,46.17981487]}},{"type":"Feature","id":"tracker-control:422","properties":{"project":"Artsat","projectKey":"artsat","area":"Арцат","licence":"XV-021395","sensor":"Base / Control","dataType":"control_reference_point","controlType":"gcp","name":"P119","plannedActual":"reference","status":"confirmed_source","contextOnly":true,"sourceFile":"Artsat_Drone_Project_Tracker.xlsx","sourceUrl":"https://docs.google.com/spreadsheets/d/1dbk0R5iHgwgPfa8gT25wN-NhtOVLjQUZ/edit?gid=991918308","sourceCrs":"EPSG:32646","displayCrs":"EPSG:4326","crsVerified":true,"easting":462156.43,"northing":5114442.043,"elevationM":2387.136,"dates":["2026-08-13"],"observationCount":1},"geometry":{"type":"Point","coordinates":[92.50965415,46.1825034]}},{"type":"Feature","id":"tracker-control:423","properties":{"project":"Artsat","projectKey":"artsat","area":"Арцат","licence":"XV-021395","sensor":"Base / Control","dataType":"control_reference_point","controlType":"gcp","name":"P120","plannedActual":"reference","status":"confirmed_source","contextOnly":true,"sourceFile":"Artsat_Drone_Project_Tracker.xlsx","sourceUrl":"https://docs.google.com/spreadsheets/d/1dbk0R5iHgwgPfa8gT25wN-NhtOVLjQUZ/edit?gid=991918308","sourceCrs":"EPSG:32646","displayCrs":"EPSG:4326","crsVerified":true,"easting":462197.077,"northing":5114423.949,"elevationM":2388.28,"dates":["2026-08-13"],"observationCount":1},"geometry":{"type":"Point","coordinates":[92.51018224,46.18234282]}},{"type":"Feature","id":"tracker-control:424","properties":{"project":"Artsat","projectKey":"artsat","area":"Арцат","licence":"XV-021395","sensor":"Base / Control","dataType":"control_reference_point","controlType":"gcp","name":"P121","plannedActual":"reference","status":"confirmed_source","contextOnly":true,"sourceFile":"Artsat_Drone_Project_Tracker.xlsx","sourceUrl":"https://docs.google.com/spreadsheets/d/1dbk0R5iHgwgPfa8gT25wN-NhtOVLjQUZ/edit?gid=991918308","sourceCrs":"EPSG:32646","displayCrs":"EPSG:4326","crsVerified":true,"easting":462232.25,"northing":5114404.902,"elevationM":2389.706,"dates":["2026-08-13"],"observationCount":1},"geometry":{"type":"Point","coordinates":[92.51063949,46.18217336]}},{"type":"Feature","id":"tracker-control:425","properties":{"project":"Artsat","projectKey":"artsat","area":"Арцат","licence":"XV-021395","sensor":"Base / Control","dataType":"control_reference_point","controlType":"gcp","name":"P122","plannedActual":"reference","status":"confirmed_source","contextOnly":true,"sourceFile":"Artsat_Drone_Project_Tracker.xlsx","sourceUrl":"https://docs.google.com/spreadsheets/d/1dbk0R5iHgwgPfa8gT25wN-NhtOVLjQUZ/edit?gid=991918308","sourceCrs":"EPSG:32646","displayCrs":"EPSG:4326","crsVerified":true,"easting":462276.15,"northing":5114399.655,"elevationM":2387.292,"dates":["2026-08-13"],"observationCount":1},"geometry":{"type":"Point","coordinates":[92.5112087,46.18212857]}},{"type":"Feature","id":"tracker-control:426","properties":{"project":"Artsat","projectKey":"artsat","area":"Арцат","licence":"XV-021395","sensor":"Base / Control","dataType":"control_reference_point","controlType":"gcp","name":"P123","plannedActual":"reference","status":"confirmed_source","contextOnly":true,"sourceFile":"Artsat_Drone_Project_Tracker.xlsx","sourceUrl":"https://docs.google.com/spreadsheets/d/1dbk0R5iHgwgPfa8gT25wN-NhtOVLjQUZ/edit?gid=991918308","sourceCrs":"EPSG:32646","displayCrs":"EPSG:4326","crsVerified":true,"easting":462330.373,"northing":5114389.108,"elevationM":2387.512,"dates":["2026-08-13"],"observationCount":1},"geometry":{"type":"Point","coordinates":[92.51191209,46.18203665]}},{"type":"Feature","id":"tracker-control:427","properties":{"project":"Artsat","projectKey":"artsat","area":"Арцат","licence":"XV-021395","sensor":"Base / Control","dataType":"control_reference_point","controlType":"gcp","name":"P124","plannedActual":"reference","status":"confirmed_source","contextOnly":true,"sourceFile":"Artsat_Drone_Project_Tracker.xlsx","sourceUrl":"https://docs.google.com/spreadsheets/d/1dbk0R5iHgwgPfa8gT25wN-NhtOVLjQUZ/edit?gid=991918308","sourceCrs":"EPSG:32646","displayCrs":"EPSG:4326","crsVerified":true,"easting":462390.061,"northing":5114402.688,"elevationM":2379.388,"dates":["2026-08-13"],"observationCount":1},"geometry":{"type":"Point","coordinates":[92.51268436,46.18216216]}},{"type":"Feature","id":"tracker-control:428","properties":{"project":"Artsat","projectKey":"artsat","area":"Арцат","licence":"XV-021395","sensor":"Base / Control","dataType":"control_reference_point","controlType":"gcp","name":"GCP51","plannedActual":"reference","status":"confirmed_source","contextOnly":true,"sourceFile":"Artsat_Drone_Project_Tracker.xlsx","sourceUrl":"https://docs.google.com/spreadsheets/d/1dbk0R5iHgwgPfa8gT25wN-NhtOVLjQUZ/edit?gid=991918308","sourceCrs":"EPSG:32646","displayCrs":"EPSG:4326","crsVerified":true,"easting":460347.0,"northing":5114367.723,"elevationM":2264.243,"dates":["2026-08-13"],"observationCount":1},"geometry":{"type":"Point","coordinates":[92.4862162,46.18173158]}},{"type":"Feature","id":"tracker-control:429","properties":{"project":"Artsat","projectKey":"artsat","area":"Арцат","licence":"XV-021395","sensor":"Base / Control","dataType":"control_reference_point","controlType":"gcp","name":"GCP52","plannedActual":"reference","status":"confirmed_source","contextOnly":true,"sourceFile":"Artsat_Drone_Project_Tracker.xlsx","sourceUrl":"https://docs.google.com/spreadsheets/d/1dbk0R5iHgwgPfa8gT25wN-NhtOVLjQUZ/edit?gid=991918308","sourceCrs":"EPSG:32646","displayCrs":"EPSG:4326","crsVerified":true,"easting":459943.222,"northing":5114259.827,"elevationM":2213.238,"dates":["2026-08-13"],"observationCount":1},"geometry":{"type":"Point","coordinates":[92.48099381,46.18073692]}},{"type":"Feature","id":"tracker-control:430","properties":{"project":"Artsat","projectKey":"artsat","area":"Арцат","licence":"XV-021395","sensor":"Base / Control","dataType":"control_reference_point","controlType":"gcp","name":"GCP53","plannedActual":"reference","status":"confirmed_source","contextOnly":true,"sourceFile":"Artsat_Drone_Project_Tracker.xlsx","sourceUrl":"https://docs.google.com/spreadsheets/d/1dbk0R5iHgwgPfa8gT25wN-NhtOVLjQUZ/edit?gid=991918308","sourceCrs":"EPSG:32646","displayCrs":"EPSG:4326","crsVerified":true,"easting":459621.984,"northing":5114261.681,"elevationM":2156.483,"dates":["2026-08-13"],"observationCount":1},"geometry":{"type":"Point","coordinates":[92.47683162,46.18073463]}},{"type":"Feature","id":"tracker-control:431","properties":{"project":"Artsat","projectKey":"artsat","area":"Арцат","licence":"XV-021395","sensor":"Base / Control","dataType":"control_reference_point","controlType":"gcp","name":"GCP54","plannedActual":"reference","status":"confirmed_source","contextOnly":true,"sourceFile":"Artsat_Drone_Project_Tracker.xlsx","sourceUrl":"https://docs.google.com/spreadsheets/d/1dbk0R5iHgwgPfa8gT25wN-NhtOVLjQUZ/edit?gid=991918308","sourceCrs":"EPSG:32646","displayCrs":"EPSG:4326","crsVerified":true,"easting":459945.46,"northing":5114508.277,"elevationM":2128.032,"dates":["2026-08-13"],"observationCount":1},"geometry":{"type":"Point","coordinates":[92.48100176,46.18297302]}},{"type":"Feature","id":"tracker-control:432","properties":{"project":"Artsat","projectKey":"artsat","area":"Арцат","licence":"XV-021395","sensor":"Base / Control","dataType":"control_reference_point","controlType":"gcp","name":"GCP55","plannedActual":"reference","status":"confirmed_source","contextOnly":true,"sourceFile":"Artsat_Drone_Project_Tracker.xlsx","sourceUrl":"https://docs.google.com/spreadsheets/d/1dbk0R5iHgwgPfa8gT25wN-NhtOVLjQUZ/edit?gid=991918308","sourceCrs":"EPSG:32646","displayCrs":"EPSG:4326","crsVerified":true,"easting":460913.697,"northing":5114252.734,"elevationM":2235.927,"dates":["2026-08-13"],"observationCount":1},"geometry":{"type":"Point","coordinates":[92.4935681,46.18072948]}},{"type":"Feature","id":"tracker-control:433","properties":{"project":"Artsat","projectKey":"artsat","area":"Арцат","licence":"XV-021395","sensor":"Base / Control","dataType":"control_reference_point","controlType":"gcp","name":"GCP56","plannedActual":"reference","status":"confirmed_source","contextOnly":true,"sourceFile":"Artsat_Drone_Project_Tracker.xlsx","sourceUrl":"https://docs.google.com/spreadsheets/d/1dbk0R5iHgwgPfa8gT25wN-NhtOVLjQUZ/edit?gid=991918308","sourceCrs":"EPSG:32646","displayCrs":"EPSG:4326","crsVerified":true,"easting":461100.216,"northing":5114406.83,"elevationM":2293.253,"dates":["2026-08-13"],"observationCount":1},"geometry":{"type":"Point","coordinates":[92.49597202,46.18212698]}},{"type":"Feature","id":"tracker-control:434","properties":{"project":"Artsat","projectKey":"artsat","area":"Арцат","licence":"XV-021395","sensor":"Base / Control","dataType":"control_reference_point","controlType":"gcp","name":"CGP57","plannedActual":"reference","status":"confirmed_source","contextOnly":true,"sourceFile":"Artsat_Drone_Project_Tracker.xlsx","sourceUrl":"https://docs.google.com/spreadsheets/d/1dbk0R5iHgwgPfa8gT25wN-NhtOVLjQUZ/edit?gid=991918308","sourceCrs":"EPSG:32646","displayCrs":"EPSG:4326","crsVerified":true,"easting":461886.978,"northing":5114248.248,"elevationM":2260.099,"dates":["2026-08-13"],"observationCount":1},"geometry":{"type":"Point","coordinates":[92.50617855,46.18074428]}},{"type":"Feature","id":"tracker-control:435","properties":{"project":"Artsat","projectKey":"artsat","area":"Арцат","licence":"XV-021395","sensor":"Base / Control","dataType":"control_reference_point","controlType":"gcp","name":"CGP58","plannedActual":"reference","status":"confirmed_source","contextOnly":true,"sourceFile":"Artsat_Drone_Project_Tracker.xlsx","sourceUrl":"https://docs.google.com/spreadsheets/d/1dbk0R5iHgwgPfa8gT25wN-NhtOVLjQUZ/edit?gid=991918308","sourceCrs":"EPSG:32646","displayCrs":"EPSG:4326","crsVerified":true,"easting":462044.507,"northing":5114506.496,"elevationM":2409.56,"dates":["2026-08-13"],"observationCount":1},"geometry":{"type":"Point","coordinates":[92.50819882,46.18307723]}},{"type":"Feature","id":"tracker-control:436","properties":{"project":"Artsat","projectKey":"artsat","area":"Арцат","licence":"XV-021395","sensor":"Base / Control","dataType":"control_reference_point","controlType":"gcp","name":"GCP59","plannedActual":"reference","status":"confirmed_source","contextOnly":true,"sourceFile":"Artsat_Drone_Project_Tracker.xlsx","sourceUrl":"https://docs.google.com/spreadsheets/d/1dbk0R5iHgwgPfa8gT25wN-NhtOVLjQUZ/edit?gid=991918308","sourceCrs":"EPSG:32646","displayCrs":"EPSG:4326","crsVerified":true,"easting":462426.194,"northing":5114431.97,"elevationM":2371.64,"dates":["2026-08-13"],"observationCount":1},"geometry":{"type":"Point","coordinates":[92.5131502,46.18242769]}},{"type":"Feature","id":"tracker-control:437","properties":{"project":"Artsat","projectKey":"artsat","area":"Арцат","licence":"XV-021395","sensor":"Base / Control","dataType":"control_reference_point","controlType":"gcp","name":"GCP60","plannedActual":"reference","status":"confirmed_source","contextOnly":true,"sourceFile":"Artsat_Drone_Project_Tracker.xlsx","sourceUrl":"https://docs.google.com/spreadsheets/d/1dbk0R5iHgwgPfa8gT25wN-NhtOVLjQUZ/edit?gid=991918308","sourceCrs":"EPSG:32646","displayCrs":"EPSG:4326","crsVerified":true,"easting":462559.459,"northing":5114244.957,"elevationM":2304.059,"dates":["2026-08-13"],"observationCount":1},"geometry":{"type":"Point","coordinates":[92.51489167,46.18075196]}},{"type":"Feature","id":"tracker-control:438","properties":{"project":"Artsat","projectKey":"artsat","area":"Арцат","licence":"XV-021395","sensor":"Base / Control","dataType":"control_reference_point","controlType":"gcp","name":"GCP1","plannedActual":"reference","status":"confirmed_source","contextOnly":true,"sourceFile":"Artsat_Drone_Project_Tracker.xlsx","sourceUrl":"https://docs.google.com/spreadsheets/d/1dbk0R5iHgwgPfa8gT25wN-NhtOVLjQUZ/edit?gid=991918308","sourceCrs":"EPSG:32646","displayCrs":"EPSG:4326","crsVerified":true,"easting":461284.597,"northing":5110257.563,"elevationM":1818.312,"dates":["2026-08-15"],"observationCount":1},"geometry":{"type":"Point","coordinates":[92.49870026,46.14479516]}},{"type":"Feature","id":"tracker-control:439","properties":{"project":"Artsat","projectKey":"artsat","area":"Арцат","licence":"XV-021395","sensor":"Base / Control","dataType":"control_reference_point","controlType":"gcp","name":"GCP2","plannedActual":"reference","status":"confirmed_source","contextOnly":true,"sourceFile":"Artsat_Drone_Project_Tracker.xlsx","sourceUrl":"https://docs.google.com/spreadsheets/d/1dbk0R5iHgwgPfa8gT25wN-NhtOVLjQUZ/edit?gid=991918308","sourceCrs":"EPSG:32646","displayCrs":"EPSG:4326","crsVerified":true,"easting":461371.74,"northing":5110257.168,"elevationM":1816.146,"dates":["2026-08-15"],"observationCount":1},"geometry":{"type":"Point","coordinates":[92.4998286,46.14479655]}},{"type":"Feature","id":"tracker-control:440","properties":{"project":"Artsat","projectKey":"artsat","area":"Арцат","licence":"XV-021395","sensor":"Base / Control","dataType":"control_reference_point","controlType":"gcp","name":"GCP3","plannedActual":"reference","status":"confirmed_source","contextOnly":true,"sourceFile":"Artsat_Drone_Project_Tracker.xlsx","sourceUrl":"https://docs.google.com/spreadsheets/d/1dbk0R5iHgwgPfa8gT25wN-NhtOVLjQUZ/edit?gid=991918308","sourceCrs":"EPSG:32646","displayCrs":"EPSG:4326","crsVerified":true,"easting":461474.074,"northing":5110253.585,"elevationM":1809.252,"dates":["2026-08-15"],"observationCount":1},"geometry":{"type":"Point","coordinates":[92.5011539,46.14477009]}},{"type":"Feature","id":"tracker-control:441","properties":{"project":"Artsat","projectKey":"artsat","area":"Арцат","licence":"XV-021395","sensor":"Base / Control","dataType":"control_reference_point","controlType":"gcp","name":"GCP4","plannedActual":"reference","status":"confirmed_source","contextOnly":true,"sourceFile":"Artsat_Drone_Project_Tracker.xlsx","sourceUrl":"https://docs.google.com/spreadsheets/d/1dbk0R5iHgwgPfa8gT25wN-NhtOVLjQUZ/edit?gid=991918308","sourceCrs":"EPSG:32646","displayCrs":"EPSG:4326","crsVerified":true,"easting":461571.848,"northing":5110253.231,"elevationM":1826.732,"dates":["2026-08-15"],"observationCount":1},"geometry":{"type":"Point","coordinates":[92.50241989,46.14477242]}},{"type":"Feature","id":"tracker-control:442","properties":{"project":"Artsat","projectKey":"artsat","area":"Арцат","licence":"XV-021395","sensor":"Base / Control","dataType":"control_reference_point","controlType":"gcp","name":"GCP5","plannedActual":"reference","status":"confirmed_source","contextOnly":true,"sourceFile":"Artsat_Drone_Project_Tracker.xlsx","sourceUrl":"https://docs.google.com/spreadsheets/d/1dbk0R5iHgwgPfa8gT25wN-NhtOVLjQUZ/edit?gid=991918308","sourceCrs":"EPSG:32646","displayCrs":"EPSG:4326","crsVerified":true,"easting":461673.879,"northing":5110252.74,"elevationM":1837.787,"dates":["2026-08-15"],"observationCount":1},"geometry":{"type":"Point","coordinates":[92.50374101,46.14477375]}},{"type":"Feature","id":"tracker-control:443","properties":{"project":"Artsat","projectKey":"artsat","area":"Арцат","licence":"XV-021395","sensor":"Base / Control","dataType":"control_reference_point","controlType":"gcp","name":"GCP6","plannedActual":"reference","status":"confirmed_source","contextOnly":true,"sourceFile":"Artsat_Drone_Project_Tracker.xlsx","sourceUrl":"https://docs.google.com/spreadsheets/d/1dbk0R5iHgwgPfa8gT25wN-NhtOVLjQUZ/edit?gid=991918308","sourceCrs":"EPSG:32646","displayCrs":"EPSG:4326","crsVerified":true,"easting":461774.71,"northing":5110251.058,"elevationM":1839.776,"dates":["2026-08-15"],"observationCount":1},"geometry":{"type":"Point","coordinates":[92.50504669,46.14476427]}},{"type":"Feature","id":"tracker-control:444","properties":{"project":"Artsat","projectKey":"artsat","area":"Арцат","licence":"XV-021395","sensor":"Base / Control","dataType":"control_reference_point","controlType":"gcp","name":"GCP7","plannedActual":"reference","status":"confirmed_source","contextOnly":true,"sourceFile":"Artsat_Drone_Project_Tracker.xlsx","sourceUrl":"https://docs.google.com/spreadsheets/d/1dbk0R5iHgwgPfa8gT25wN-NhtOVLjQUZ/edit?gid=991918308","sourceCrs":"EPSG:32646","displayCrs":"EPSG:4326","crsVerified":true,"easting":461874.101,"northing":5110252.728,"elevationM":1856.144,"dates":["2026-08-15"],"observationCount":1},"geometry":{"type":"Point","coordinates":[92.50633345,46.14478486]}},{"type":"Feature","id":"tracker-control:445","properties":{"project":"Artsat","projectKey":"artsat","area":"Арцат","licence":"XV-021395","sensor":"Base / Control","dataType":"control_reference_point","controlType":"gcp","name":"GCP8","plannedActual":"reference","status":"confirmed_source","contextOnly":true,"sourceFile":"Artsat_Drone_Project_Tracker.xlsx","sourceUrl":"https://docs.google.com/spreadsheets/d/1dbk0R5iHgwgPfa8gT25wN-NhtOVLjQUZ/edit?gid=991918308","sourceCrs":"EPSG:32646","displayCrs":"EPSG:4326","crsVerified":true,"easting":461975.386,"northing":5110247.89,"elevationM":1888.526,"dates":["2026-08-15"],"observationCount":1},"geometry":{"type":"Point","coordinates":[92.50764526,46.14474698]}},{"type":"Feature","id":"tracker-control:446","properties":{"project":"Artsat","projectKey":"artsat","area":"Арцат","licence":"XV-021395","sensor":"Base / Control","dataType":"control_reference_point","controlType":"gcp","name":"GCP9","plannedActual":"reference","status":"confirmed_source","contextOnly":true,"sourceFile":"Artsat_Drone_Project_Tracker.xlsx","sourceUrl":"https://docs.google.com/spreadsheets/d/1dbk0R5iHgwgPfa8gT25wN-NhtOVLjQUZ/edit?gid=991918308","sourceCrs":"EPSG:32646","displayCrs":"EPSG:4326","crsVerified":true,"easting":462076.215,"northing":5110245.177,"elevationM":1857.95,"dates":["2026-08-15"],"observationCount":1},"geometry":{"type":"Point","coordinates":[92.50895099,46.14472818]}},{"type":"Feature","id":"tracker-control:447","properties":{"project":"Artsat","projectKey":"artsat","area":"Арцат","licence":"XV-021395","sensor":"Base / Control","dataType":"control_reference_point","controlType":"gcp","name":"GCP10","plannedActual":"reference","status":"confirmed_source","contextOnly":true,"sourceFile":"Artsat_Drone_Project_Tracker.xlsx","sourceUrl":"https://docs.google.com/spreadsheets/d/1dbk0R5iHgwgPfa8gT25wN-NhtOVLjQUZ/edit?gid=991918308","sourceCrs":"EPSG:32646","displayCrs":"EPSG:4326","crsVerified":true,"easting":462167.745,"northing":5110246.55,"elevationM":1847.524,"dates":["2026-08-15"],"observationCount":1},"geometry":{"type":"Point","coordinates":[92.510136,46.14474562]}},{"type":"Feature","id":"tracker-control:448","properties":{"project":"Artsat","projectKey":"artsat","area":"Арцат","licence":"XV-021395","sensor":"Base / Control","dataType":"control_reference_point","controlType":"gcp","name":"GCP11","plannedActual":"reference","status":"confirmed_source","contextOnly":true,"sourceFile":"Artsat_Drone_Project_Tracker.xlsx","sourceUrl":"https://docs.google.com/spreadsheets/d/1dbk0R5iHgwgPfa8gT25wN-NhtOVLjQUZ/edit?gid=991918308","sourceCrs":"EPSG:32646","displayCrs":"EPSG:4326","crsVerified":true,"easting":462159.458,"northing":5110048.134,"elevationM":1831.831,"dates":["2026-08-15"],"observationCount":1},"geometry":{"type":"Point","coordinates":[92.51004454,46.14295946]}},{"type":"Feature","id":"tracker-control:449","properties":{"project":"Artsat","projectKey":"artsat","area":"Арцат","licence":"XV-021395","sensor":"Base / Control","dataType":"control_reference_point","controlType":"gcp","name":"GCP12","plannedActual":"reference","status":"confirmed_source","contextOnly":true,"sourceFile":"Artsat_Drone_Project_Tracker.xlsx","sourceUrl":"https://docs.google.com/spreadsheets/d/1dbk0R5iHgwgPfa8gT25wN-NhtOVLjQUZ/edit?gid=991918308","sourceCrs":"EPSG:32646","displayCrs":"EPSG:4326","crsVerified":true,"easting":462073.764,"northing":5110048.672,"elevationM":1828.574,"dates":["2026-08-15"],"observationCount":1},"geometry":{"type":"Point","coordinates":[92.50893498,46.14295954]}},{"type":"Feature","id":"tracker-control:450","properties":{"project":"Artsat","projectKey":"artsat","area":"Арцат","licence":"XV-021395","sensor":"Base / Control","dataType":"control_reference_point","controlType":"gcp","name":"GCP13","plannedActual":"reference","status":"confirmed_source","contextOnly":true,"sourceFile":"Artsat_Drone_Project_Tracker.xlsx","sourceUrl":"https://docs.google.com/spreadsheets/d/1dbk0R5iHgwgPfa8gT25wN-NhtOVLjQUZ/edit?gid=991918308","sourceCrs":"EPSG:32646","displayCrs":"EPSG:4326","crsVerified":true,"easting":461981.174,"northing":5110050.158,"elevationM":1818.028,"dates":["2026-08-15"],"observationCount":1},"geometry":{"type":"Point","coordinates":[92.50773606,46.14296776]}},{"type":"Feature","id":"tracker-control:451","properties":{"project":"Artsat","projectKey":"artsat","area":"Арцат","licence":"XV-021395","sensor":"Base / Control","dataType":"control_reference_point","controlType":"gcp","name":"GCP14","plannedActual":"reference","status":"confirmed_source","contextOnly":true,"sourceFile":"Artsat_Drone_Project_Tracker.xlsx","sourceUrl":"https://docs.google.com/spreadsheets/d/1dbk0R5iHgwgPfa8gT25wN-NhtOVLjQUZ/edit?gid=991918308","sourceCrs":"EPSG:32646","displayCrs":"EPSG:4326","crsVerified":true,"easting":461883.921,"northing":5110051.575,"elevationM":1808.743,"dates":["2026-08-15"],"observationCount":1},"geometry":{"type":"Point","coordinates":[92.50647678,46.14297508]}},{"type":"Feature","id":"tracker-control:452","properties":{"project":"Artsat","projectKey":"artsat","area":"Арцат","licence":"XV-021395","sensor":"Base / Control","dataType":"control_reference_point","controlType":"gcp","name":"GCP15","plannedActual":"reference","status":"confirmed_source","contextOnly":true,"sourceFile":"Artsat_Drone_Project_Tracker.xlsx","sourceUrl":"https://docs.google.com/spreadsheets/d/1dbk0R5iHgwgPfa8gT25wN-NhtOVLjQUZ/edit?gid=991918308","sourceCrs":"EPSG:32646","displayCrs":"EPSG:4326","crsVerified":true,"easting":461852.021,"northing":5110051.703,"elevationM":1810.879,"dates":["2026-08-15"],"observationCount":1},"geometry":{"type":"Point","coordinates":[92.50606374,46.14297445]}},{"type":"Feature","id":"tracker-control:453","properties":{"project":"Artsat","projectKey":"artsat","area":"Арцат","licence":"XV-021395","sensor":"Base / Control","dataType":"control_reference_point","controlType":"gcp","name":"GCP16","plannedActual":"reference","status":"confirmed_source","contextOnly":true,"sourceFile":"Artsat_Drone_Project_Tracker.xlsx","sourceUrl":"https://docs.google.com/spreadsheets/d/1dbk0R5iHgwgPfa8gT25wN-NhtOVLjQUZ/edit?gid=991918308","sourceCrs":"EPSG:32646","displayCrs":"EPSG:4326","crsVerified":true,"easting":461771.37,"northing":5110050.588,"elevationM":1820.054,"dates":["2026-08-15"],"observationCount":1},"geometry":{"type":"Point","coordinates":[92.50501961,46.1429599]}},{"type":"Feature","id":"tracker-control:454","properties":{"project":"Artsat","projectKey":"artsat","area":"Арцат","licence":"XV-021395","sensor":"Base / Control","dataType":"control_reference_point","controlType":"gcp","name":"GCP17","plannedActual":"reference","status":"confirmed_source","contextOnly":true,"sourceFile":"Artsat_Drone_Project_Tracker.xlsx","sourceUrl":"https://docs.google.com/spreadsheets/d/1dbk0R5iHgwgPfa8gT25wN-NhtOVLjQUZ/edit?gid=991918308","sourceCrs":"EPSG:32646","displayCrs":"EPSG:4326","crsVerified":true,"easting":461674.117,"northing":5110053.208,"elevationM":1821.517,"dates":["2026-08-15"],"observationCount":1},"geometry":{"type":"Point","coordinates":[92.50376023,46.14297802]}},{"type":"Feature","id":"tracker-control:455","properties":{"project":"Artsat","projectKey":"artsat","area":"Арцат","licence":"XV-021395","sensor":"Base / Control","dataType":"control_reference_point","controlType":"gcp","name":"GCP18","plannedActual":"reference","status":"confirmed_source","contextOnly":true,"sourceFile":"Artsat_Drone_Project_Tracker.xlsx","sourceUrl":"https://docs.google.com/spreadsheets/d/1dbk0R5iHgwgPfa8gT25wN-NhtOVLjQUZ/edit?gid=991918308","sourceCrs":"EPSG:32646","displayCrs":"EPSG:4326","crsVerified":true,"easting":461573.148,"northing":5110055.453,"elevationM":1812.846,"dates":["2026-08-15"],"observationCount":1},"geometry":{"type":"Point","coordinates":[92.50245276,46.14299254]}},{"type":"Feature","id":"tracker-control:456","properties":{"project":"Artsat","projectKey":"artsat","area":"Арцат","licence":"XV-021395","sensor":"Base / Control","dataType":"control_reference_point","controlType":"gcp","name":"GCP19","plannedActual":"reference","status":"confirmed_source","contextOnly":true,"sourceFile":"Artsat_Drone_Project_Tracker.xlsx","sourceUrl":"https://docs.google.com/spreadsheets/d/1dbk0R5iHgwgPfa8gT25wN-NhtOVLjQUZ/edit?gid=991918308","sourceCrs":"EPSG:32646","displayCrs":"EPSG:4326","crsVerified":true,"easting":461470.622,"northing":5110054.659,"elevationM":1800.014,"dates":["2026-08-15"],"observationCount":1},"geometry":{"type":"Point","coordinates":[92.50112537,46.14297961]}},{"type":"Feature","id":"tracker-control:457","properties":{"project":"Artsat","projectKey":"artsat","area":"Арцат","licence":"XV-021395","sensor":"Base / Control","dataType":"control_reference_point","controlType":"gcp","name":"GCP20","plannedActual":"reference","status":"confirmed_source","contextOnly":true,"sourceFile":"Artsat_Drone_Project_Tracker.xlsx","sourceUrl":"https://docs.google.com/spreadsheets/d/1dbk0R5iHgwgPfa8gT25wN-NhtOVLjQUZ/edit?gid=991918308","sourceCrs":"EPSG:32646","displayCrs":"EPSG:4326","crsVerified":true,"easting":461371.335,"northing":5110055.42,"elevationM":1811.851,"dates":["2026-08-15"],"observationCount":1},"geometry":{"type":"Point","coordinates":[92.4998398,46.14298084]}},{"type":"Feature","id":"tracker-control:458","properties":{"project":"Artsat","projectKey":"artsat","area":"Арцат","licence":"XV-021395","sensor":"Base / Control","dataType":"control_reference_point","controlType":"gcp","name":"GCP21","plannedActual":"reference","status":"confirmed_source","contextOnly":true,"sourceFile":"Artsat_Drone_Project_Tracker.xlsx","sourceUrl":"https://docs.google.com/spreadsheets/d/1dbk0R5iHgwgPfa8gT25wN-NhtOVLjQUZ/edit?gid=991918308","sourceCrs":"EPSG:32646","displayCrs":"EPSG:4326","crsVerified":true,"easting":461272.401,"northing":5110058.389,"elevationM":1821.511,"dates":["2026-08-16"],"observationCount":1},"geometry":{"type":"Point","coordinates":[92.49855862,46.14300195]}},{"type":"Feature","id":"tracker-control:459","properties":{"project":"Artsat","projectKey":"artsat","area":"Арцат","licence":"XV-021395","sensor":"Base / Control","dataType":"control_reference_point","controlType":"gcp","name":"GCP22","plannedActual":"reference","status":"confirmed_source","contextOnly":true,"sourceFile":"Artsat_Drone_Project_Tracker.xlsx","sourceUrl":"https://docs.google.com/spreadsheets/d/1dbk0R5iHgwgPfa8gT25wN-NhtOVLjQUZ/edit?gid=991918308","sourceCrs":"EPSG:32646","displayCrs":"EPSG:4326","crsVerified":true,"easting":461273.425,"northing":5109858.944,"elevationM":1811.474,"dates":["2026-08-16"],"observationCount":1},"geometry":{"type":"Point","coordinates":[92.49858818,46.14120704]}},{"type":"Feature","id":"tracker-control:460","properties":{"project":"Artsat","projectKey":"artsat","area":"Арцат","licence":"XV-021395","sensor":"Base / Control","dataType":"control_reference_point","controlType":"gcp","name":"GCP23","plannedActual":"reference","status":"confirmed_source","contextOnly":true,"sourceFile":"Artsat_Drone_Project_Tracker.xlsx","sourceUrl":"https://docs.google.com/spreadsheets/d/1dbk0R5iHgwgPfa8gT25wN-NhtOVLjQUZ/edit?gid=991918308","sourceCrs":"EPSG:32646","displayCrs":"EPSG:4326","crsVerified":true,"easting":461370.153,"northing":5109857.521,"elevationM":1804.633,"dates":["2026-08-16"],"observationCount":1},"geometry":{"type":"Point","coordinates":[92.49984063,46.14119972]}},{"type":"Feature","id":"tracker-control:461","properties":{"project":"Artsat","projectKey":"artsat","area":"Арцат","licence":"XV-021395","sensor":"Base / Control","dataType":"control_reference_point","controlType":"gcp","name":"GCP24","plannedActual":"reference","status":"confirmed_source","contextOnly":true,"sourceFile":"Artsat_Drone_Project_Tracker.xlsx","sourceUrl":"https://docs.google.com/spreadsheets/d/1dbk0R5iHgwgPfa8gT25wN-NhtOVLjQUZ/edit?gid=991918308","sourceCrs":"EPSG:32646","displayCrs":"EPSG:4326","crsVerified":true,"easting":461468.709,"northing":5109856.979,"elevationM":1803.3,"dates":["2026-08-16"],"observationCount":1},"geometry":{"type":"Point","coordinates":[92.50111668,46.14120042]}},{"type":"Feature","id":"tracker-control:462","properties":{"project":"Artsat","projectKey":"artsat","area":"Арцат","licence":"XV-021395","sensor":"Base / Control","dataType":"control_reference_point","controlType":"gcp","name":"GCP25","plannedActual":"reference","status":"confirmed_source","contextOnly":true,"sourceFile":"Artsat_Drone_Project_Tracker.xlsx","sourceUrl":"https://docs.google.com/spreadsheets/d/1dbk0R5iHgwgPfa8gT25wN-NhtOVLjQUZ/edit?gid=991918308","sourceCrs":"EPSG:32646","displayCrs":"EPSG:4326","crsVerified":true,"easting":461570.185,"northing":5109856.689,"elevationM":1800.53,"dates":["2026-08-16"],"observationCount":1},"geometry":{"type":"Point","coordinates":[92.50243051,46.14120354]}},{"type":"Feature","id":"tracker-control:463","properties":{"project":"Artsat","projectKey":"artsat","area":"Арцат","licence":"XV-021395","sensor":"Base / Control","dataType":"control_reference_point","controlType":"gcp","name":"GCP26","plannedActual":"reference","status":"confirmed_source","contextOnly":true,"sourceFile":"Artsat_Drone_Project_Tracker.xlsx","sourceUrl":"https://docs.google.com/spreadsheets/d/1dbk0R5iHgwgPfa8gT25wN-NhtOVLjQUZ/edit?gid=991918308","sourceCrs":"EPSG:32646","displayCrs":"EPSG:4326","crsVerified":true,"easting":461669.01,"northing":5109854.48,"elevationM":1785.84,"dates":["2026-08-16"],"observationCount":1},"geometry":{"type":"Point","coordinates":[92.50371017,46.14118922]}},{"type":"Feature","id":"tracker-control:464","properties":{"project":"Artsat","projectKey":"artsat","area":"Арцат","licence":"XV-021395","sensor":"Base / Control","dataType":"control_reference_point","controlType":"gcp","name":"GCP27","plannedActual":"reference","status":"confirmed_source","contextOnly":true,"sourceFile":"Artsat_Drone_Project_Tracker.xlsx","sourceUrl":"https://docs.google.com/spreadsheets/d/1dbk0R5iHgwgPfa8gT25wN-NhtOVLjQUZ/edit?gid=991918308","sourceCrs":"EPSG:32646","displayCrs":"EPSG:4326","crsVerified":true,"easting":461769.878,"northing":5109855.108,"elevationM":1804.632,"dates":["2026-08-16"],"observationCount":1},"geometry":{"type":"Point","coordinates":[92.50501606,46.14120054]}},{"type":"Feature","id":"tracker-control:465","properties":{"project":"Artsat","projectKey":"artsat","area":"Арцат","licence":"XV-021395","sensor":"Base / Control","dataType":"control_reference_point","controlType":"gcp","name":"GCP28","plannedActual":"reference","status":"confirmed_source","contextOnly":true,"sourceFile":"Artsat_Drone_Project_Tracker.xlsx","sourceUrl":"https://docs.google.com/spreadsheets/d/1dbk0R5iHgwgPfa8gT25wN-NhtOVLjQUZ/edit?gid=991918308","sourceCrs":"EPSG:32646","displayCrs":"EPSG:4326","crsVerified":true,"easting":461868.16,"northing":5109851.876,"elevationM":1801.663,"dates":["2026-08-16"],"observationCount":1},"geometry":{"type":"Point","coordinates":[92.50628878,46.14117695]}},{"type":"Feature","id":"tracker-control:466","properties":{"project":"Artsat","projectKey":"artsat","area":"Арцат","licence":"XV-021395","sensor":"Base / Control","dataType":"control_reference_point","controlType":"gcp","name":"GCP29","plannedActual":"reference","status":"confirmed_source","contextOnly":true,"sourceFile":"Artsat_Drone_Project_Tracker.xlsx","sourceUrl":"https://docs.google.com/spreadsheets/d/1dbk0R5iHgwgPfa8gT25wN-NhtOVLjQUZ/edit?gid=991918308","sourceCrs":"EPSG:32646","displayCrs":"EPSG:4326","crsVerified":true,"easting":461970.081,"northing":5109851.285,"elevationM":1805.635,"dates":["2026-08-16"],"observationCount":1},"geometry":{"type":"Point","coordinates":[92.50760839,46.14117732]}},{"type":"Feature","id":"tracker-control:467","properties":{"project":"Artsat","projectKey":"artsat","area":"Арцат","licence":"XV-021395","sensor":"Base / Control","dataType":"control_reference_point","controlType":"gcp","name":"GCP30","plannedActual":"reference","status":"confirmed_source","contextOnly":true,"sourceFile":"Artsat_Drone_Project_Tracker.xlsx","sourceUrl":"https://docs.google.com/spreadsheets/d/1dbk0R5iHgwgPfa8gT25wN-NhtOVLjQUZ/edit?gid=991918308","sourceCrs":"EPSG:32646","displayCrs":"EPSG:4326","crsVerified":true,"easting":462068.571,"northing":5109849.744,"elevationM":1808.973,"dates":["2026-08-16"],"observationCount":1},"geometry":{"type":"Point","coordinates":[92.50888367,46.14116894]}},{"type":"Feature","id":"tracker-control:468","properties":{"project":"Artsat","projectKey":"artsat","area":"Арцат","licence":"XV-021395","sensor":"Base / Control","dataType":"control_reference_point","controlType":"gcp","name":"GCP31","plannedActual":"reference","status":"confirmed_source","contextOnly":true,"sourceFile":"Artsat_Drone_Project_Tracker.xlsx","sourceUrl":"https://docs.google.com/spreadsheets/d/1dbk0R5iHgwgPfa8gT25wN-NhtOVLjQUZ/edit?gid=991918308","sourceCrs":"EPSG:32646","displayCrs":"EPSG:4326","crsVerified":true,"easting":462163.775,"northing":5109849.687,"elevationM":1811.849,"dates":["2026-08-16"],"observationCount":1},"geometry":{"type":"Point","coordinates":[92.51011628,46.14117372]}},{"type":"Feature","id":"tracker-control:469","properties":{"project":"Artsat","projectKey":"artsat","area":"Арцат","licence":"XV-021395","sensor":"Base / Control","dataType":"control_reference_point","controlType":"gcp","name":"GCP32","plannedActual":"reference","status":"confirmed_source","contextOnly":true,"sourceFile":"Artsat_Drone_Project_Tracker.xlsx","sourceUrl":"https://docs.google.com/spreadsheets/d/1dbk0R5iHgwgPfa8gT25wN-NhtOVLjQUZ/edit?gid=991918308","sourceCrs":"EPSG:32646","displayCrs":"EPSG:4326","crsVerified":true,"easting":462151.534,"northing":5109648.409,"elevationM":1806.675,"dates":["2026-08-16"],"observationCount":1},"geometry":{"type":"Point","coordinates":[92.50997386,46.13936158]}},{"type":"Feature","id":"tracker-control:470","properties":{"project":"Artsat","projectKey":"artsat","area":"Арцат","licence":"XV-021395","sensor":"Base / Control","dataType":"control_reference_point","controlType":"gcp","name":"GCP33","plannedActual":"reference","status":"confirmed_source","contextOnly":true,"sourceFile":"Artsat_Drone_Project_Tracker.xlsx","sourceUrl":"https://docs.google.com/spreadsheets/d/1dbk0R5iHgwgPfa8gT25wN-NhtOVLjQUZ/edit?gid=991918308","sourceCrs":"EPSG:32646","displayCrs":"EPSG:4326","crsVerified":true,"easting":461968.762,"northing":5109650.572,"elevationM":1799.575,"dates":["2026-08-16"],"observationCount":1},"geometry":{"type":"Point","coordinates":[92.50760742,46.13937088]}},{"type":"Feature","id":"tracker-control:471","properties":{"project":"Artsat","projectKey":"artsat","area":"Арцат","licence":"XV-021395","sensor":"Base / Control","dataType":"control_reference_point","controlType":"gcp","name":"GCP34","plannedActual":"reference","status":"confirmed_source","contextOnly":true,"sourceFile":"Artsat_Drone_Project_Tracker.xlsx","sourceUrl":"https://docs.google.com/spreadsheets/d/1dbk0R5iHgwgPfa8gT25wN-NhtOVLjQUZ/edit?gid=991918308","sourceCrs":"EPSG:32646","displayCrs":"EPSG:4326","crsVerified":true,"easting":461866.472,"northing":5109650.364,"elevationM":1786.045,"dates":["2026-08-16"],"observationCount":1},"geometry":{"type":"Point","coordinates":[92.50628313,46.13936329]}},{"type":"Feature","id":"tracker-control:472","properties":{"project":"Artsat","projectKey":"artsat","area":"Арцат","licence":"XV-021395","sensor":"Base / Control","dataType":"control_reference_point","controlType":"gcp","name":"GCP35","plannedActual":"reference","status":"confirmed_source","contextOnly":true,"sourceFile":"Artsat_Drone_Project_Tracker.xlsx","sourceUrl":"https://docs.google.com/spreadsheets/d/1dbk0R5iHgwgPfa8gT25wN-NhtOVLjQUZ/edit?gid=991918308","sourceCrs":"EPSG:32646","displayCrs":"EPSG:4326","crsVerified":true,"easting":461768.466,"northing":5109653.088,"elevationM":1803.234,"dates":["2026-08-16"],"observationCount":1},"geometry":{"type":"Point","coordinates":[92.50501407,46.13938232]}},{"type":"Feature","id":"tracker-control:473","properties":{"project":"Artsat","projectKey":"artsat","area":"Арцат","licence":"XV-021395","sensor":"Base / Control","dataType":"control_reference_point","controlType":"gcp","name":"GCP36","plannedActual":"reference","status":"confirmed_source","contextOnly":true,"sourceFile":"Artsat_Drone_Project_Tracker.xlsx","sourceUrl":"https://docs.google.com/spreadsheets/d/1dbk0R5iHgwgPfa8gT25wN-NhtOVLjQUZ/edit?gid=991918308","sourceCrs":"EPSG:32646","displayCrs":"EPSG:4326","crsVerified":true,"easting":461667.951,"northing":5109653.232,"elevationM":1781.209,"dates":["2026-08-16"],"observationCount":1},"geometry":{"type":"Point","coordinates":[92.50371274,46.13937797]}},{"type":"Feature","id":"tracker-control:474","properties":{"project":"Artsat","projectKey":"artsat","area":"Арцат","licence":"XV-021395","sensor":"Base / Control","dataType":"control_reference_point","controlType":"gcp","name":"GCP37","plannedActual":"reference","status":"confirmed_source","contextOnly":true,"sourceFile":"Artsat_Drone_Project_Tracker.xlsx","sourceUrl":"https://docs.google.com/spreadsheets/d/1dbk0R5iHgwgPfa8gT25wN-NhtOVLjQUZ/edit?gid=991918308","sourceCrs":"EPSG:32646","displayCrs":"EPSG:4326","crsVerified":true,"easting":461566.895,"northing":5109654.974,"elevationM":1780.71,"dates":["2026-08-16"],"observationCount":1},"geometry":{"type":"Point","coordinates":[92.50240427,46.13938796]}},{"type":"Feature","id":"tracker-control:475","properties":{"project":"Artsat","projectKey":"artsat","area":"Арцат","licence":"XV-021395","sensor":"Base / Control","dataType":"control_reference_point","controlType":"gcp","name":"GCP38","plannedActual":"reference","status":"confirmed_source","contextOnly":true,"sourceFile":"Artsat_Drone_Project_Tracker.xlsx","sourceUrl":"https://docs.google.com/spreadsheets/d/1dbk0R5iHgwgPfa8gT25wN-NhtOVLjQUZ/edit?gid=991918308","sourceCrs":"EPSG:32646","displayCrs":"EPSG:4326","crsVerified":true,"easting":461468.251,"northing":5109654.387,"elevationM":1780.256,"dates":["2026-08-16"],"observationCount":1},"geometry":{"type":"Point","coordinates":[92.50112721,46.13937711]}},{"type":"Feature","id":"tracker-control:476","properties":{"project":"Artsat","projectKey":"artsat","area":"Арцат","licence":"XV-021395","sensor":"Base / Control","dataType":"control_reference_point","controlType":"gcp","name":"GCP39","plannedActual":"reference","status":"confirmed_source","contextOnly":true,"sourceFile":"Artsat_Drone_Project_Tracker.xlsx","sourceUrl":"https://docs.google.com/spreadsheets/d/1dbk0R5iHgwgPfa8gT25wN-NhtOVLjQUZ/edit?gid=991918308","sourceCrs":"EPSG:32646","displayCrs":"EPSG:4326","crsVerified":true,"easting":461366.233,"northing":5109656.607,"elevationM":1790.195,"dates":["2026-08-16"],"observationCount":1},"geometry":{"type":"Point","coordinates":[92.49980625,46.13939132]}},{"type":"Feature","id":"tracker-control:477","properties":{"project":"Artsat","projectKey":"artsat","area":"Арцат","licence":"XV-021395","sensor":"Base / Control","dataType":"control_reference_point","controlType":"gcp","name":"GCP40","plannedActual":"reference","status":"confirmed_source","contextOnly":true,"sourceFile":"Artsat_Drone_Project_Tracker.xlsx","sourceUrl":"https://docs.google.com/spreadsheets/d/1dbk0R5iHgwgPfa8gT25wN-NhtOVLjQUZ/edit?gid=991918308","sourceCrs":"EPSG:32646","displayCrs":"EPSG:4326","crsVerified":true,"easting":461291.019,"northing":5109658.075,"elevationM":1803.898,"dates":["2026-08-17"],"observationCount":1},"geometry":{"type":"Point","coordinates":[92.49883237,46.13940027]}},{"type":"Feature","id":"tracker-control:478","properties":{"project":"Artsat","projectKey":"artsat","area":"Арцат","licence":"XV-021395","sensor":"Base / Control","dataType":"control_reference_point","controlType":"gcp","name":"GCP41","plannedActual":"reference","status":"confirmed_source","contextOnly":true,"sourceFile":"Artsat_Drone_Project_Tracker.xlsx","sourceUrl":"https://docs.google.com/spreadsheets/d/1dbk0R5iHgwgPfa8gT25wN-NhtOVLjQUZ/edit?gid=991918308","sourceCrs":"EPSG:32646","displayCrs":"EPSG:4326","crsVerified":true,"easting":461465.651,"northing":5109459.939,"elevationM":1787.552,"dates":["2026-08-17"],"observationCount":1},"geometry":{"type":"Point","coordinates":[92.50110936,46.13762698]}},{"type":"Feature","id":"tracker-control:479","properties":{"project":"Artsat","projectKey":"artsat","area":"Арцат","licence":"XV-021395","sensor":"Base / Control","dataType":"control_reference_point","controlType":"gcp","name":"GCP42","plannedActual":"reference","status":"confirmed_source","contextOnly":true,"sourceFile":"Artsat_Drone_Project_Tracker.xlsx","sourceUrl":"https://docs.google.com/spreadsheets/d/1dbk0R5iHgwgPfa8gT25wN-NhtOVLjQUZ/edit?gid=991918308","sourceCrs":"EPSG:32646","displayCrs":"EPSG:4326","crsVerified":true,"easting":461563.617,"northing":5109456.336,"elevationM":1775.353,"dates":["2026-08-17"],"observationCount":1},"geometry":{"type":"Point","coordinates":[92.50237793,46.13760008]}},{"type":"Feature","id":"tracker-control:480","properties":{"project":"Artsat","projectKey":"artsat","area":"Арцат","licence":"XV-021395","sensor":"Base / Control","dataType":"control_reference_point","controlType":"gcp","name":"GCP43","plannedActual":"reference","status":"confirmed_source","contextOnly":true,"sourceFile":"Artsat_Drone_Project_Tracker.xlsx","sourceUrl":"https://docs.google.com/spreadsheets/d/1dbk0R5iHgwgPfa8gT25wN-NhtOVLjQUZ/edit?gid=991918308","sourceCrs":"EPSG:32646","displayCrs":"EPSG:4326","crsVerified":true,"easting":461664.202,"northing":5109453.249,"elevationM":1792.85,"dates":["2026-08-17"],"observationCount":1},"geometry":{"type":"Point","coordinates":[92.50368037,46.13757796]}},{"type":"Feature","id":"tracker-control:481","properties":{"project":"Artsat","projectKey":"artsat","area":"Арцат","licence":"XV-021395","sensor":"Base / Control","dataType":"control_reference_point","controlType":"gcp","name":"GCP44","plannedActual":"reference","status":"confirmed_source","contextOnly":true,"sourceFile":"Artsat_Drone_Project_Tracker.xlsx","sourceUrl":"https://docs.google.com/spreadsheets/d/1dbk0R5iHgwgPfa8gT25wN-NhtOVLjQUZ/edit?gid=991918308","sourceCrs":"EPSG:32646","displayCrs":"EPSG:4326","crsVerified":true,"easting":461763.156,"northing":5109450.227,"elevationM":1800.304,"dates":["2026-08-17"],"observationCount":1},"geometry":{"type":"Point","coordinates":[92.50496169,46.13755632]}},{"type":"Feature","id":"tracker-control:482","properties":{"project":"Artsat","projectKey":"artsat","area":"Арцат","licence":"XV-021395","sensor":"Base / Control","dataType":"control_reference_point","controlType":"gcp","name":"GCP45","plannedActual":"reference","status":"confirmed_source","contextOnly":true,"sourceFile":"Artsat_Drone_Project_Tracker.xlsx","sourceUrl":"https://docs.google.com/spreadsheets/d/1dbk0R5iHgwgPfa8gT25wN-NhtOVLjQUZ/edit?gid=991918308","sourceCrs":"EPSG:32646","displayCrs":"EPSG:4326","crsVerified":true,"easting":461865.4,"northing":5109451.376,"elevationM":1773.333,"dates":["2026-08-17"],"observationCount":1},"geometry":{"type":"Point","coordinates":[92.50628526,46.13757238]}},{"type":"Feature","id":"tracker-control:483","properties":{"project":"Artsat","projectKey":"artsat","area":"Арцат","licence":"XV-021395","sensor":"Base / Control","dataType":"control_reference_point","controlType":"gcp","name":"GCP46","plannedActual":"reference","status":"confirmed_source","contextOnly":true,"sourceFile":"Artsat_Drone_Project_Tracker.xlsx","sourceUrl":"https://docs.google.com/spreadsheets/d/1dbk0R5iHgwgPfa8gT25wN-NhtOVLjQUZ/edit?gid=991918308","sourceCrs":"EPSG:32646","displayCrs":"EPSG:4326","crsVerified":true,"easting":461964.737,"northing":5109451.018,"elevationM":1793.453,"dates":["2026-08-17"],"observationCount":1},"geometry":{"type":"Point","coordinates":[92.50757132,46.13757471]}},{"type":"Feature","id":"tracker-control:484","properties":{"project":"Artsat","projectKey":"artsat","area":"Арцат","licence":"XV-021395","sensor":"Base / Control","dataType":"control_reference_point","controlType":"gcp","name":"GCP47","plannedActual":"reference","status":"confirmed_source","contextOnly":true,"sourceFile":"Artsat_Drone_Project_Tracker.xlsx","sourceUrl":"https://docs.google.com/spreadsheets/d/1dbk0R5iHgwgPfa8gT25wN-NhtOVLjQUZ/edit?gid=991918308","sourceCrs":"EPSG:32646","displayCrs":"EPSG:4326","crsVerified":true,"easting":462063.946,"northing":5109448.902,"elevationM":1792.9,"dates":["2026-08-17"],"observationCount":1},"geometry":{"type":"Point","coordinates":[92.50885586,46.13756119]}},{"type":"Feature","id":"tracker-control:485","properties":{"project":"Artsat","projectKey":"artsat","area":"Арцат","licence":"XV-021395","sensor":"Base / Control","dataType":"control_reference_point","controlType":"gcp","name":"GCP48","plannedActual":"reference","status":"confirmed_source","contextOnly":true,"sourceFile":"Artsat_Drone_Project_Tracker.xlsx","sourceUrl":"https://docs.google.com/spreadsheets/d/1dbk0R5iHgwgPfa8gT25wN-NhtOVLjQUZ/edit?gid=991918308","sourceCrs":"EPSG:32646","displayCrs":"EPSG:4326","crsVerified":true,"easting":462164.856,"northing":5109448.927,"elevationM":1805.167,"dates":["2026-08-17"],"observationCount":1},"geometry":{"type":"Point","coordinates":[92.51016226,46.13756702]}},{"type":"Feature","id":"tracker-control:486","properties":{"project":"Artsat","projectKey":"artsat","area":"Арцат","licence":"XV-021395","sensor":"Base / Control","dataType":"control_reference_point","controlType":"gcp","name":"GCP49","plannedActual":"reference","status":"confirmed_source","contextOnly":true,"sourceFile":"Artsat_Drone_Project_Tracker.xlsx","sourceUrl":"https://docs.google.com/spreadsheets/d/1dbk0R5iHgwgPfa8gT25wN-NhtOVLjQUZ/edit?gid=991918308","sourceCrs":"EPSG:32646","displayCrs":"EPSG:4326","crsVerified":true,"easting":462067.549,"northing":5109648.161,"elevationM":1813.512,"dates":["2026-08-17"],"observationCount":1},"geometry":{"type":"Point","coordinates":[92.50888657,46.13935468]}},{"type":"Feature","id":"tracker-control:487","properties":{"project":"Buduunkhad","projectKey":"buduunkhad","area":"Бүдүүн хад","licence":"XV-023222","sensor":"Base / Control","dataType":"control_reference_point","controlType":"gcp","name":"mark-1","plannedActual":"reference","status":"confirmed_source","contextOnly":true,"sourceFile":"Buduunkhad_Drone_Project_Tracker.xlsx","sourceUrl":"https://docs.google.com/spreadsheets/d/1DwydImVmcQvj7s4loVRk_4K9-VQ7szXz/edit?gid=991918308","sourceCrs":"EPSG:32647","displayCrs":"EPSG:4326","crsVerified":true,"easting":323529.368,"northing":5091386.561,"elevationM":1734.081,"dates":["2026-06-03"],"observationCount":1},"geometry":{"type":"Point","coordinates":[96.72286256,45.95335846]}},{"type":"Feature","id":"tracker-control:488","properties":{"project":"Buduunkhad","projectKey":"buduunkhad","area":"Бүдүүн хад","licence":"XV-023222","sensor":"Base / Control","dataType":"control_reference_point","controlType":"gcp","name":"mark-2","plannedActual":"reference","status":"confirmed_source","contextOnly":true,"sourceFile":"Buduunkhad_Drone_Project_Tracker.xlsx","sourceUrl":"https://docs.google.com/spreadsheets/d/1DwydImVmcQvj7s4loVRk_4K9-VQ7szXz/edit?gid=991918308","sourceCrs":"EPSG:32647","displayCrs":"EPSG:4326","crsVerified":true,"easting":323468.494,"northing":5092400.438,"elevationM":1764.157,"dates":["2026-06-03"],"observationCount":1},"geometry":{"type":"Point","coordinates":[96.72170384,45.9624609]}},{"type":"Feature","id":"tracker-control:489","properties":{"project":"Buduunkhad","projectKey":"buduunkhad","area":"Бүдүүн хад","licence":"XV-023222","sensor":"Base / Control","dataType":"control_reference_point","controlType":"gcp","name":"mark-3","plannedActual":"reference","status":"confirmed_source","contextOnly":true,"sourceFile":"Buduunkhad_Drone_Project_Tracker.xlsx","sourceUrl":"https://docs.google.com/spreadsheets/d/1DwydImVmcQvj7s4loVRk_4K9-VQ7szXz/edit?gid=991918308","sourceCrs":"EPSG:32647","displayCrs":"EPSG:4326","crsVerified":true,"easting":322283.808,"northing":5094441.28,"elevationM":1861.213,"dates":["2026-06-03"],"observationCount":1},"geometry":{"type":"Point","coordinates":[96.70566866,45.98050879]}},{"type":"Feature","id":"tracker-control:490","properties":{"project":"Buduunkhad","projectKey":"buduunkhad","area":"Бүдүүн хад","licence":"XV-023222","sensor":"Base / Control","dataType":"control_reference_point","controlType":"gcp","name":"mark-4","plannedActual":"reference","status":"confirmed_source","contextOnly":true,"sourceFile":"Buduunkhad_Drone_Project_Tracker.xlsx","sourceUrl":"https://docs.google.com/spreadsheets/d/1DwydImVmcQvj7s4loVRk_4K9-VQ7szXz/edit?gid=991918308","sourceCrs":"EPSG:32647","displayCrs":"EPSG:4326","crsVerified":true,"easting":323432.282,"northing":5094510.362,"elevationM":1791.845,"dates":["2026-06-03"],"observationCount":1},"geometry":{"type":"Point","coordinates":[96.72045813,45.98142668]}},{"type":"Feature","id":"tracker-control:491","properties":{"project":"Buduunkhad","projectKey":"buduunkhad","area":"Бүдүүн хад","licence":"XV-023222","sensor":"Base / Control","dataType":"control_reference_point","controlType":"gcp","name":"mark-5","plannedActual":"reference","status":"confirmed_source","contextOnly":true,"sourceFile":"Buduunkhad_Drone_Project_Tracker.xlsx","sourceUrl":"https://docs.google.com/spreadsheets/d/1DwydImVmcQvj7s4loVRk_4K9-VQ7szXz/edit?gid=991918308","sourceCrs":"EPSG:32647","displayCrs":"EPSG:4326","crsVerified":true,"easting":322532.057,"northing":5096196.189,"elevationM":1774.429,"dates":["2026-06-03"],"observationCount":1},"geometry":{"type":"Point","coordinates":[96.7082194,45.99635524]}},{"type":"Feature","id":"tracker-control:492","properties":{"project":"Buduunkhad","projectKey":"buduunkhad","area":"Бүдүүн хад","licence":"XV-023222","sensor":"Base / Control","dataType":"control_reference_point","controlType":"gcp","name":"mark-6","plannedActual":"reference","status":"confirmed_source","contextOnly":true,"sourceFile":"Buduunkhad_Drone_Project_Tracker.xlsx","sourceUrl":"https://docs.google.com/spreadsheets/d/1DwydImVmcQvj7s4loVRk_4K9-VQ7szXz/edit?gid=991918308","sourceCrs":"EPSG:32647","displayCrs":"EPSG:4326","crsVerified":true,"easting":321412.999,"northing":5096501.136,"elevationM":1803.285,"dates":["2026-06-03"],"observationCount":1},"geometry":{"type":"Point","coordinates":[96.69366597,45.99880702]}},{"type":"Feature","id":"tracker-control:493","properties":{"project":"Buduunkhad","projectKey":"buduunkhad","area":"Бүдүүн хад","licence":"XV-023222","sensor":"Base / Control","dataType":"control_reference_point","controlType":"gcp","name":"mark-7","plannedActual":"reference","status":"confirmed_source","contextOnly":true,"sourceFile":"Buduunkhad_Drone_Project_Tracker.xlsx","sourceUrl":"https://docs.google.com/spreadsheets/d/1DwydImVmcQvj7s4loVRk_4K9-VQ7szXz/edit?gid=991918308","sourceCrs":"EPSG:32647","displayCrs":"EPSG:4326","crsVerified":true,"easting":323453.049,"northing":5096536.333,"elevationM":1756.344,"dates":["2026-06-03"],"observationCount":1},"geometry":{"type":"Point","coordinates":[96.71997762,45.99965204]}},{"type":"Feature","id":"tracker-control:494","properties":{"project":"Buduunkhad","projectKey":"buduunkhad","area":"Бүдүүн хад","licence":"XV-023222","sensor":"Base / Control","dataType":"control_reference_point","controlType":"gcp","name":"mark-8","plannedActual":"reference","status":"confirmed_source","contextOnly":true,"sourceFile":"Buduunkhad_Drone_Project_Tracker.xlsx","sourceUrl":"https://docs.google.com/spreadsheets/d/1DwydImVmcQvj7s4loVRk_4K9-VQ7szXz/edit?gid=991918308","sourceCrs":"EPSG:32647","displayCrs":"EPSG:4326","crsVerified":true,"easting":320420.103,"northing":5096765.348,"elevationM":1857.672,"dates":["2026-06-03"],"observationCount":1},"geometry":{"type":"Point","coordinates":[96.68075465,46.00092367]}},{"type":"Feature","id":"tracker-control:495","properties":{"project":"Buduunkhad","projectKey":"buduunkhad","area":"Бүдүүн хад","licence":"XV-023222","sensor":"Base / Control","dataType":"control_reference_point","controlType":"gcp","name":"mark-9","plannedActual":"reference","status":"confirmed_source","contextOnly":true,"sourceFile":"Buduunkhad_Drone_Project_Tracker.xlsx","sourceUrl":"https://docs.google.com/spreadsheets/d/1DwydImVmcQvj7s4loVRk_4K9-VQ7szXz/edit?gid=991918308","sourceCrs":"EPSG:32647","displayCrs":"EPSG:4326","crsVerified":true,"easting":319794.625,"northing":5096071.761,"elevationM":2022.364,"dates":["2026-06-03"],"observationCount":1},"geometry":{"type":"Point","coordinates":[96.67294505,45.99452214]}},{"type":"Feature","id":"tracker-control:496","properties":{"project":"Buduunkhad","projectKey":"buduunkhad","area":"Бүдүүн хад","licence":"XV-023222","sensor":"Base / Control","dataType":"control_reference_point","controlType":"gcp","name":"mark-10","plannedActual":"reference","status":"confirmed_source","contextOnly":true,"sourceFile":"Buduunkhad_Drone_Project_Tracker.xlsx","sourceUrl":"https://docs.google.com/spreadsheets/d/1DwydImVmcQvj7s4loVRk_4K9-VQ7szXz/edit?gid=991918308","sourceCrs":"EPSG:32647","displayCrs":"EPSG:4326","crsVerified":true,"easting":319847.165,"northing":5096108.375,"elevationM":2010.208,"dates":["2026-06-03"],"observationCount":1},"geometry":{"type":"Point","coordinates":[96.67360915,45.99486522]}},{"type":"Feature","id":"tracker-control:497","properties":{"project":"Buduunkhad","projectKey":"buduunkhad","area":"Бүдүүн хад","licence":"XV-023222","sensor":"Base / Control","dataType":"control_reference_point","controlType":"gcp","name":"mark-11","plannedActual":"reference","status":"confirmed_source","contextOnly":true,"sourceFile":"Buduunkhad_Drone_Project_Tracker.xlsx","sourceUrl":"https://docs.google.com/spreadsheets/d/1DwydImVmcQvj7s4loVRk_4K9-VQ7szXz/edit?gid=991918308","sourceCrs":"EPSG:32647","displayCrs":"EPSG:4326","crsVerified":true,"easting":320640.751,"northing":5095408.913,"elevationM":1948.821,"dates":["2026-06-03"],"observationCount":1},"geometry":{"type":"Point","coordinates":[96.68411109,45.98878304]}},{"type":"Feature","id":"tracker-control:498","properties":{"project":"Buduunkhad","projectKey":"buduunkhad","area":"Бүдүүн хад","licence":"XV-023222","sensor":"Base / Control","dataType":"control_reference_point","controlType":"gcp","name":"mark-13","plannedActual":"reference","status":"confirmed_source","contextOnly":true,"sourceFile":"Buduunkhad_Drone_Project_Tracker.xlsx","sourceUrl":"https://docs.google.com/spreadsheets/d/1DwydImVmcQvj7s4loVRk_4K9-VQ7szXz/edit?gid=991918308","sourceCrs":"EPSG:32647","displayCrs":"EPSG:4326","crsVerified":true,"easting":321645.483,"northing":5093018.677,"elevationM":1787.967,"dates":["2026-06-03"],"observationCount":1},"geometry":{"type":"Point","coordinates":[96.69796498,45.96754948]}},{"type":"Feature","id":"tracker-control:499","properties":{"project":"Buduunkhad","projectKey":"buduunkhad","area":"Бүдүүн хад","licence":"XV-023222","sensor":"Base / Control","dataType":"control_reference_point","controlType":"gcp","name":"mark-14","plannedActual":"reference","status":"confirmed_source","contextOnly":true,"sourceFile":"Buduunkhad_Drone_Project_Tracker.xlsx","sourceUrl":"https://docs.google.com/spreadsheets/d/1DwydImVmcQvj7s4loVRk_4K9-VQ7szXz/edit?gid=991918308","sourceCrs":"EPSG:32647","displayCrs":"EPSG:4326","crsVerified":true,"easting":321727.934,"northing":5091194.811,"elevationM":1695.346,"dates":["2026-06-03"],"observationCount":1},"geometry":{"type":"Point","coordinates":[96.69970751,45.95116862]}},{"type":"Feature","id":"tracker-control:500","properties":{"project":"Buduunkhad","projectKey":"buduunkhad","area":"Бүдүүн хад","licence":"XV-023222","sensor":"Base / Control","dataType":"control_reference_point","controlType":"gcp","name":"mark-15","plannedActual":"reference","status":"confirmed_source","contextOnly":true,"sourceFile":"Buduunkhad_Drone_Project_Tracker.xlsx","sourceUrl":"https://docs.google.com/spreadsheets/d/1DwydImVmcQvj7s4loVRk_4K9-VQ7szXz/edit?gid=991918308","sourceCrs":"EPSG:32647","displayCrs":"EPSG:4326","crsVerified":true,"easting":322549.492,"northing":5091069.062,"elevationM":1777.007,"dates":["2026-06-03"],"observationCount":1},"geometry":{"type":"Point","coordinates":[96.7103463,45.95025056]}},{"type":"Feature","id":"tracker-control:501","properties":{"project":"Buduunkhad","projectKey":"buduunkhad","area":"Бүдүүн хад","licence":"XV-023222","sensor":"Base / Control","dataType":"control_reference_point","controlType":"gcp","name":"mark-16","plannedActual":"reference","status":"confirmed_source","contextOnly":true,"sourceFile":"Buduunkhad_Drone_Project_Tracker.xlsx","sourceUrl":"https://docs.google.com/spreadsheets/d/1DwydImVmcQvj7s4loVRk_4K9-VQ7szXz/edit?gid=991918308","sourceCrs":"EPSG:32647","displayCrs":"EPSG:4326","crsVerified":true,"easting":322406.348,"northing":5092391.983,"elevationM":1823.952,"dates":["2026-06-03"],"observationCount":1},"geometry":{"type":"Point","coordinates":[96.7080101,45.96211084]}},{"type":"Feature","id":"tracker-control:502","properties":{"project":"Buduunkhad","projectKey":"buduunkhad","area":"Бүдүүн хад","licence":"XV-023222","sensor":"Base / Control","dataType":"control_reference_point","controlType":"gcp","name":"mark-17","plannedActual":"reference","status":"confirmed_source","contextOnly":true,"sourceFile":"Buduunkhad_Drone_Project_Tracker.xlsx","sourceUrl":"https://docs.google.com/spreadsheets/d/1DwydImVmcQvj7s4loVRk_4K9-VQ7szXz/edit?gid=991918308","sourceCrs":"EPSG:32647","displayCrs":"EPSG:4326","crsVerified":true,"easting":320133.162,"northing":5092596.212,"elevationM":1725.599,"dates":["2026-06-03"],"observationCount":1},"geometry":{"type":"Point","coordinates":[96.67862027,45.96335552]}},{"type":"Feature","id":"tracker-control:503","properties":{"project":"Buduunkhad","projectKey":"buduunkhad","area":"Бүдүүн хад","licence":"XV-023222","sensor":"Base / Control","dataType":"control_reference_point","controlType":"gcp","name":"mark-18","plannedActual":"reference","status":"confirmed_source","contextOnly":true,"sourceFile":"Buduunkhad_Drone_Project_Tracker.xlsx","sourceUrl":"https://docs.google.com/spreadsheets/d/1DwydImVmcQvj7s4loVRk_4K9-VQ7szXz/edit?gid=991918308","sourceCrs":"EPSG:32647","displayCrs":"EPSG:4326","crsVerified":true,"easting":319030.98,"northing":5093065.251,"elevationM":1785.837,"dates":["2026-06-03"],"observationCount":1},"geometry":{"type":"Point","coordinates":[96.66422996,45.9672838]}},{"type":"Feature","id":"tracker-control:504","properties":{"project":"Buduunkhad","projectKey":"buduunkhad","area":"Бүдүүн хад","licence":"XV-023222","sensor":"Base / Control","dataType":"control_reference_point","controlType":"gcp","name":"mark-19","plannedActual":"reference","status":"confirmed_source","contextOnly":true,"sourceFile":"Buduunkhad_Drone_Project_Tracker.xlsx","sourceUrl":"https://docs.google.com/spreadsheets/d/1DwydImVmcQvj7s4loVRk_4K9-VQ7szXz/edit?gid=991918308","sourceCrs":"EPSG:32647","displayCrs":"EPSG:4326","crsVerified":true,"easting":318891.536,"northing":5094461.224,"elevationM":1942.076,"dates":["2026-06-03"],"observationCount":1},"geometry":{"type":"Point","coordinates":[96.66190315,45.97980083]}},{"type":"Feature","id":"tracker-control:505","properties":{"project":"Buduunkhad","projectKey":"buduunkhad","area":"Бүдүүн хад","licence":"XV-023222","sensor":"Base / Control","dataType":"control_reference_point","controlType":"gcp","name":"ПК-1","plannedActual":"reference","status":"confirmed_source","contextOnly":true,"sourceFile":"Buduunkhad_Drone_Project_Tracker.xlsx","sourceUrl":"https://docs.google.com/spreadsheets/d/1DwydImVmcQvj7s4loVRk_4K9-VQ7szXz/edit?gid=991918308","sourceCrs":"EPSG:32647","displayCrs":"EPSG:4326","crsVerified":true,"easting":323566.125,"northing":5091198.987,"elevationM":1729.178,"dates":["2026-06-03"],"observationCount":1},"geometry":{"type":"Point","coordinates":[96.7234056,45.951681]}},{"type":"Feature","id":"tracker-control:506","properties":{"project":"Buduunkhad","projectKey":"buduunkhad","area":"Бүдүүн хад","licence":"XV-023222","sensor":"Base / Control","dataType":"control_reference_point","controlType":"gcp","name":"ПК-2","plannedActual":"reference","status":"confirmed_source","contextOnly":true,"sourceFile":"Buduunkhad_Drone_Project_Tracker.xlsx","sourceUrl":"https://docs.google.com/spreadsheets/d/1DwydImVmcQvj7s4loVRk_4K9-VQ7szXz/edit?gid=991918308","sourceCrs":"EPSG:32647","displayCrs":"EPSG:4326","crsVerified":true,"easting":323549.015,"northing":5091234.552,"elevationM":1729.895,"dates":["2026-06-03"],"observationCount":1},"geometry":{"type":"Point","coordinates":[96.72317189,45.95199645]}},{"type":"Feature","id":"tracker-control:507","properties":{"project":"Buduunkhad","projectKey":"buduunkhad","area":"Бүдүүн хад","licence":"XV-023222","sensor":"Base / Control","dataType":"control_reference_point","controlType":"gcp","name":"ПК-3","plannedActual":"reference","status":"confirmed_source","contextOnly":true,"sourceFile":"Buduunkhad_Drone_Project_Tracker.xlsx","sourceUrl":"https://docs.google.com/spreadsheets/d/1DwydImVmcQvj7s4loVRk_4K9-VQ7szXz/edit?gid=991918308","sourceCrs":"EPSG:32647","displayCrs":"EPSG:4326","crsVerified":true,"easting":323537.249,"northing":5091261.271,"elevationM":1731.062,"dates":["2026-06-03"],"observationCount":1},"geometry":{"type":"Point","coordinates":[96.72301034,45.95223372]}},{"type":"Feature","id":"tracker-control:508","properties":{"project":"Buduunkhad","projectKey":"buduunkhad","area":"Бүдүүн хад","licence":"XV-023222","sensor":"Base / Control","dataType":"control_reference_point","controlType":"gcp","name":"ПК-4","plannedActual":"reference","status":"confirmed_source","contextOnly":true,"sourceFile":"Buduunkhad_Drone_Project_Tracker.xlsx","sourceUrl":"https://docs.google.com/spreadsheets/d/1DwydImVmcQvj7s4loVRk_4K9-VQ7szXz/edit?gid=991918308","sourceCrs":"EPSG:32647","displayCrs":"EPSG:4326","crsVerified":true,"easting":323523.476,"northing":5091291.412,"elevationM":1732.331,"dates":["2026-06-03"],"observationCount":1},"geometry":{"type":"Point","coordinates":[96.72282166,45.95250125]}},{"type":"Feature","id":"tracker-control:509","properties":{"project":"Buduunkhad","projectKey":"buduunkhad","area":"Бүдүүн хад","licence":"XV-023222","sensor":"Base / Control","dataType":"control_reference_point","controlType":"gcp","name":"ПК-5","plannedActual":"reference","status":"confirmed_source","contextOnly":true,"sourceFile":"Buduunkhad_Drone_Project_Tracker.xlsx","sourceUrl":"https://docs.google.com/spreadsheets/d/1DwydImVmcQvj7s4loVRk_4K9-VQ7szXz/edit?gid=991918308","sourceCrs":"EPSG:32647","displayCrs":"EPSG:4326","crsVerified":true,"easting":323510.455,"northing":5091317.532,"elevationM":1733.587,"dates":["2026-06-03"],"observationCount":1},"geometry":{"type":"Point","coordinates":[96.72264415,45.9527328]}},{"type":"Feature","id":"tracker-control:510","properties":{"project":"Buduunkhad","projectKey":"buduunkhad","area":"Бүдүүн хад","licence":"XV-023222","sensor":"Base / Control","dataType":"control_reference_point","controlType":"gcp","name":"ПК-6","plannedActual":"reference","status":"confirmed_source","contextOnly":true,"sourceFile":"Buduunkhad_Drone_Project_Tracker.xlsx","sourceUrl":"https://docs.google.com/spreadsheets/d/1DwydImVmcQvj7s4loVRk_4K9-VQ7szXz/edit?gid=991918308","sourceCrs":"EPSG:32647","displayCrs":"EPSG:4326","crsVerified":true,"easting":323494.703,"northing":5091344.443,"elevationM":1735.625,"dates":["2026-06-03"],"observationCount":1},"geometry":{"type":"Point","coordinates":[96.72243114,45.95297077]}},{"type":"Feature","id":"tracker-control:511","properties":{"project":"Buduunkhad","projectKey":"buduunkhad","area":"Бүдүүн хад","licence":"XV-023222","sensor":"Base / Control","dataType":"control_reference_point","controlType":"gcp","name":"ПК-7","plannedActual":"reference","status":"confirmed_source","contextOnly":true,"sourceFile":"Buduunkhad_Drone_Project_Tracker.xlsx","sourceUrl":"https://docs.google.com/spreadsheets/d/1DwydImVmcQvj7s4loVRk_4K9-VQ7szXz/edit?gid=991918308","sourceCrs":"EPSG:32647","displayCrs":"EPSG:4326","crsVerified":true,"easting":323474.816,"northing":5091376.842,"elevationM":1736.043,"dates":["2026-06-03"],"observationCount":1},"geometry":{"type":"Point","coordinates":[96.72216278,45.95325703]}},{"type":"Feature","id":"tracker-control:512","properties":{"project":"Buduunkhad","projectKey":"buduunkhad","area":"Бүдүүн хад","licence":"XV-023222","sensor":"Base / Control","dataType":"control_reference_point","controlType":"gcp","name":"ПК-8","plannedActual":"reference","status":"confirmed_source","contextOnly":true,"sourceFile":"Buduunkhad_Drone_Project_Tracker.xlsx","sourceUrl":"https://docs.google.com/spreadsheets/d/1DwydImVmcQvj7s4loVRk_4K9-VQ7szXz/edit?gid=991918308","sourceCrs":"EPSG:32647","displayCrs":"EPSG:4326","crsVerified":true,"easting":323464.486,"northing":5091394.832,"elevationM":1736.221,"dates":["2026-06-03"],"observationCount":1},"geometry":{"type":"Point","coordinates":[96.72202296,45.95341617]}},{"type":"Feature","id":"tracker-control:513","properties":{"project":"Buduunkhad","projectKey":"buduunkhad","area":"Бүдүүн хад","licence":"XV-023222","sensor":"Base / Control","dataType":"control_reference_point","controlType":"gcp","name":"ПК-9","plannedActual":"reference","status":"confirmed_source","contextOnly":true,"sourceFile":"Buduunkhad_Drone_Project_Tracker.xlsx","sourceUrl":"https://docs.google.com/spreadsheets/d/1DwydImVmcQvj7s4loVRk_4K9-VQ7szXz/edit?gid=991918308","sourceCrs":"EPSG:32647","displayCrs":"EPSG:4326","crsVerified":true,"easting":323443.169,"northing":5091415.359,"elevationM":1736.683,"dates":["2026-06-03"],"observationCount":1},"geometry":{"type":"Point","coordinates":[96.72174054,45.95359529]}},{"type":"Feature","id":"tracker-control:514","properties":{"project":"Buduunkhad","projectKey":"buduunkhad","area":"Бүдүүн хад","licence":"XV-023222","sensor":"Base / Control","dataType":"control_reference_point","controlType":"gcp","name":"ПК-10","plannedActual":"reference","status":"confirmed_source","contextOnly":true,"sourceFile":"Buduunkhad_Drone_Project_Tracker.xlsx","sourceUrl":"https://docs.google.com/spreadsheets/d/1DwydImVmcQvj7s4loVRk_4K9-VQ7szXz/edit?gid=991918308","sourceCrs":"EPSG:32647","displayCrs":"EPSG:4326","crsVerified":true,"easting":323420.768,"northing":5091441.232,"elevationM":1737.943,"dates":["2026-06-03"],"observationCount":1},"geometry":{"type":"Point","coordinates":[96.72144217,45.95382221]}},{"type":"Feature","id":"tracker-control:515","properties":{"project":"Buduunkhad","projectKey":"buduunkhad","area":"Бүдүүн хад","licence":"XV-023222","sensor":"Base / Control","dataType":"control_reference_point","controlType":"gcp","name":"ПК-11","plannedActual":"reference","status":"confirmed_source","contextOnly":true,"sourceFile":"Buduunkhad_Drone_Project_Tracker.xlsx","sourceUrl":"https://docs.google.com/spreadsheets/d/1DwydImVmcQvj7s4loVRk_4K9-VQ7szXz/edit?gid=991918308","sourceCrs":"EPSG:32647","displayCrs":"EPSG:4326","crsVerified":true,"easting":323399.669,"northing":5091464.062,"elevationM":1739.252,"dates":["2026-06-03"],"observationCount":1},"geometry":{"type":"Point","coordinates":[96.72116171,45.9540221]}},{"type":"Feature","id":"tracker-control:516","properties":{"project":"Buduunkhad","projectKey":"buduunkhad","area":"Бүдүүн хад","licence":"XV-023222","sensor":"Base / Control","dataType":"control_reference_point","controlType":"gcp","name":"ПК-12","plannedActual":"reference","status":"confirmed_source","contextOnly":true,"sourceFile":"Buduunkhad_Drone_Project_Tracker.xlsx","sourceUrl":"https://docs.google.com/spreadsheets/d/1DwydImVmcQvj7s4loVRk_4K9-VQ7szXz/edit?gid=991918308","sourceCrs":"EPSG:32647","displayCrs":"EPSG:4326","crsVerified":true,"easting":323380.564,"northing":5091477.936,"elevationM":1739.992,"dates":["2026-06-03"],"observationCount":1},"geometry":{"type":"Point","coordinates":[96.72091026,45.95414196]}},{"type":"Feature","id":"tracker-control:517","properties":{"project":"Buduunkhad","projectKey":"buduunkhad","area":"Бүдүүн хад","licence":"XV-023222","sensor":"Base / Control","dataType":"control_reference_point","controlType":"gcp","name":"ПК-13","plannedActual":"reference","status":"confirmed_source","contextOnly":true,"sourceFile":"Buduunkhad_Drone_Project_Tracker.xlsx","sourceUrl":"https://docs.google.com/spreadsheets/d/1DwydImVmcQvj7s4loVRk_4K9-VQ7szXz/edit?gid=991918308","sourceCrs":"EPSG:32647","displayCrs":"EPSG:4326","crsVerified":true,"easting":323354.378,"northing":5091493.794,"elevationM":1741.209,"dates":["2026-06-03"],"observationCount":1},"geometry":{"type":"Point","coordinates":[96.72056678,45.95427784]}},{"type":"Feature","id":"tracker-control:518","properties":{"project":"Buduunkhad","projectKey":"buduunkhad","area":"Бүдүүн хад","licence":"XV-023222","sensor":"Base / Control","dataType":"control_reference_point","controlType":"gcp","name":"ПК-14","plannedActual":"reference","status":"confirmed_source","contextOnly":true,"sourceFile":"Buduunkhad_Drone_Project_Tracker.xlsx","sourceUrl":"https://docs.google.com/spreadsheets/d/1DwydImVmcQvj7s4loVRk_4K9-VQ7szXz/edit?gid=991918308","sourceCrs":"EPSG:32647","displayCrs":"EPSG:4326","crsVerified":true,"easting":323328.964,"northing":5091512.512,"elevationM":1742.549,"dates":["2026-06-03"],"observationCount":1},"geometry":{"type":"Point","coordinates":[96.7202322,45.95443964]}},{"type":"Feature","id":"tracker-control:519","properties":{"project":"Buduunkhad","projectKey":"buduunkhad","area":"Бүдүүн хад","licence":"XV-023222","sensor":"Base / Control","dataType":"control_reference_point","controlType":"gcp","name":"ПК-15","plannedActual":"reference","status":"confirmed_source","contextOnly":true,"sourceFile":"Buduunkhad_Drone_Project_Tracker.xlsx","sourceUrl":"https://docs.google.com/spreadsheets/d/1DwydImVmcQvj7s4loVRk_4K9-VQ7szXz/edit?gid=991918308","sourceCrs":"EPSG:32647","displayCrs":"EPSG:4326","crsVerified":true,"easting":323301.386,"northing":5091529.97,"elevationM":1743.829,"dates":["2026-06-03"],"observationCount":1},"geometry":{"type":"Point","coordinates":[96.71987017,45.95458954]}},{"type":"Feature","id":"tracker-control:520","properties":{"project":"Buduunkhad","projectKey":"buduunkhad","area":"Бүдүүн хад","licence":"XV-023222","sensor":"Base / Control","dataType":"control_reference_point","controlType":"gcp","name":"ПК-16","plannedActual":"reference","status":"confirmed_source","contextOnly":true,"sourceFile":"Buduunkhad_Drone_Project_Tracker.xlsx","sourceUrl":"https://docs.google.com/spreadsheets/d/1DwydImVmcQvj7s4loVRk_4K9-VQ7szXz/edit?gid=991918308","sourceCrs":"EPSG:32647","displayCrs":"EPSG:4326","crsVerified":true,"easting":323281.542,"northing":5091549.041,"elevationM":1744.436,"dates":["2026-06-03"],"observationCount":1},"geometry":{"type":"Point","coordinates":[96.71960727,45.95475595]}},{"type":"Feature","id":"tracker-control:521","properties":{"project":"Buduunkhad","projectKey":"buduunkhad","area":"Бүдүүн хад","licence":"XV-023222","sensor":"Base / Control","dataType":"control_reference_point","controlType":"gcp","name":"ПК-17","plannedActual":"reference","status":"confirmed_source","contextOnly":true,"sourceFile":"Buduunkhad_Drone_Project_Tracker.xlsx","sourceUrl":"https://docs.google.com/spreadsheets/d/1DwydImVmcQvj7s4loVRk_4K9-VQ7szXz/edit?gid=991918308","sourceCrs":"EPSG:32647","displayCrs":"EPSG:4326","crsVerified":true,"easting":323255.513,"northing":5091564.434,"elevationM":1745.54,"dates":["2026-06-03"],"observationCount":1},"geometry":{"type":"Point","coordinates":[96.71926598,45.95488768]}},{"type":"Feature","id":"tracker-control:522","properties":{"project":"Buduunkhad","projectKey":"buduunkhad","area":"Бүдүүн хад","licence":"XV-023222","sensor":"Base / Control","dataType":"control_reference_point","controlType":"gcp","name":"ПК-18","plannedActual":"reference","status":"confirmed_source","contextOnly":true,"sourceFile":"Buduunkhad_Drone_Project_Tracker.xlsx","sourceUrl":"https://docs.google.com/spreadsheets/d/1DwydImVmcQvj7s4loVRk_4K9-VQ7szXz/edit?gid=991918308","sourceCrs":"EPSG:32647","displayCrs":"EPSG:4326","crsVerified":true,"easting":323232.035,"northing":5091579.502,"elevationM":1746.589,"dates":["2026-06-03"],"observationCount":1},"geometry":{"type":"Point","coordinates":[96.71895769,45.95501714]}},{"type":"Feature","id":"tracker-control:523","properties":{"project":"Buduunkhad","projectKey":"buduunkhad","area":"Бүдүүн хад","licence":"XV-023222","sensor":"Base / Control","dataType":"control_reference_point","controlType":"gcp","name":"ПК-19","plannedActual":"reference","status":"confirmed_source","contextOnly":true,"sourceFile":"Buduunkhad_Drone_Project_Tracker.xlsx","sourceUrl":"https://docs.google.com/spreadsheets/d/1DwydImVmcQvj7s4loVRk_4K9-VQ7szXz/edit?gid=991918308","sourceCrs":"EPSG:32647","displayCrs":"EPSG:4326","crsVerified":true,"easting":323206.065,"northing":5091599.731,"elevationM":1747.756,"dates":["2026-06-03"],"observationCount":1},"geometry":{"type":"Point","coordinates":[96.71861537,45.95519238]}},{"type":"Feature","id":"tracker-control:524","properties":{"project":"Buduunkhad","projectKey":"buduunkhad","area":"Бүдүүн хад","licence":"XV-023222","sensor":"Base / Control","dataType":"control_reference_point","controlType":"gcp","name":"ПК-20","plannedActual":"reference","status":"confirmed_source","contextOnly":true,"sourceFile":"Buduunkhad_Drone_Project_Tracker.xlsx","sourceUrl":"https://docs.google.com/spreadsheets/d/1DwydImVmcQvj7s4loVRk_4K9-VQ7szXz/edit?gid=991918308","sourceCrs":"EPSG:32647","displayCrs":"EPSG:4326","crsVerified":true,"easting":323183.561,"northing":5091615.253,"elevationM":1748.942,"dates":["2026-06-03"],"observationCount":1},"geometry":{"type":"Point","coordinates":[96.71831948,45.95532618]}},{"type":"Feature","id":"tracker-control:525","properties":{"project":"Buduunkhad","projectKey":"buduunkhad","area":"Бүдүүн хад","licence":"XV-023222","sensor":"Base / Control","dataType":"control_reference_point","controlType":"gcp","name":"mark-20","plannedActual":"reference","status":"confirmed_source","contextOnly":true,"sourceFile":"Buduunkhad_Drone_Project_Tracker.xlsx","sourceUrl":"https://docs.google.com/spreadsheets/d/1DwydImVmcQvj7s4loVRk_4K9-VQ7szXz/edit?gid=991918308","sourceCrs":"EPSG:32647","displayCrs":"EPSG:4326","crsVerified":true,"easting":321723.692,"northing":5093451.787,"elevationM":1885.577,"dates":["2026-06-03"],"observationCount":1},"geometry":{"type":"Point","coordinates":[96.69881222,45.97146482]}},{"type":"Feature","id":"tracker-control:526","properties":{"project":"Buduunkhad","projectKey":"buduunkhad","area":"Бүдүүн хад","licence":"XV-023222","sensor":"Base / Control","dataType":"control_reference_point","controlType":"gcp","name":"mark-20","plannedActual":"reference","status":"confirmed_source","contextOnly":true,"sourceFile":"Buduunkhad_Drone_Project_Tracker.xlsx","sourceUrl":"https://docs.google.com/spreadsheets/d/1DwydImVmcQvj7s4loVRk_4K9-VQ7szXz/edit?gid=991918308","sourceCrs":"EPSG:32647","displayCrs":"EPSG:4326","crsVerified":true,"easting":320761.032,"northing":5092023.13,"elevationM":1680.228,"dates":["2026-06-04"],"observationCount":1},"geometry":{"type":"Point","coordinates":[96.68693151,45.95836602]}},{"type":"Feature","id":"tracker-control:527","properties":{"project":"Buduunkhad","projectKey":"buduunkhad","area":"Бүдүүн хад","licence":"XV-023222","sensor":"Base / Control","dataType":"control_reference_point","controlType":"gcp","name":"mark-21","plannedActual":"reference","status":"confirmed_source","contextOnly":true,"sourceFile":"Buduunkhad_Drone_Project_Tracker.xlsx","sourceUrl":"https://docs.google.com/spreadsheets/d/1DwydImVmcQvj7s4loVRk_4K9-VQ7szXz/edit?gid=991918308","sourceCrs":"EPSG:32647","displayCrs":"EPSG:4326","crsVerified":true,"easting":318626.782,"northing":5091739.822,"elevationM":1690.045,"dates":["2026-06-04"],"observationCount":1},"geometry":{"type":"Point","coordinates":[96.65951958,45.95525766]}},{"type":"Feature","id":"tracker-control:528","properties":{"project":"Buduunkhad","projectKey":"buduunkhad","area":"Бүдүүн хад","licence":"XV-023222","sensor":"Base / Control","dataType":"control_reference_point","controlType":"gcp","name":"mark-22","plannedActual":"reference","status":"confirmed_source","contextOnly":true,"sourceFile":"Buduunkhad_Drone_Project_Tracker.xlsx","sourceUrl":"https://docs.google.com/spreadsheets/d/1DwydImVmcQvj7s4loVRk_4K9-VQ7szXz/edit?gid=991918308","sourceCrs":"EPSG:32647","displayCrs":"EPSG:4326","crsVerified":true,"easting":318772.549,"northing":5092617.08,"elevationM":1738.23,"dates":["2026-06-04"],"observationCount":1},"geometry":{"type":"Point","coordinates":[96.66106691,45.96318525]}},{"type":"Feature","id":"tracker-control:529","properties":{"project":"Buduunkhad","projectKey":"buduunkhad","area":"Бүдүүн хад","licence":"XV-023222","sensor":"Base / Control","dataType":"control_reference_point","controlType":"gcp","name":"mark-23","plannedActual":"reference","status":"confirmed_source","contextOnly":true,"sourceFile":"Buduunkhad_Drone_Project_Tracker.xlsx","sourceUrl":"https://docs.google.com/spreadsheets/d/1DwydImVmcQvj7s4loVRk_4K9-VQ7szXz/edit?gid=991918308","sourceCrs":"EPSG:32647","displayCrs":"EPSG:4326","crsVerified":true,"easting":316317.143,"northing":5093281.275,"elevationM":1758.479,"dates":["2026-06-04"],"observationCount":1},"geometry":{"type":"Point","coordinates":[96.62914962,45.96850539]}},{"type":"Feature","id":"tracker-control:530","properties":{"project":"Buduunkhad","projectKey":"buduunkhad","area":"Бүдүүн хад","licence":"XV-023222","sensor":"Base / Control","dataType":"control_reference_point","controlType":"gcp","name":"mark-24","plannedActual":"reference","status":"confirmed_source","contextOnly":true,"sourceFile":"Buduunkhad_Drone_Project_Tracker.xlsx","sourceUrl":"https://docs.google.com/spreadsheets/d/1DwydImVmcQvj7s4loVRk_4K9-VQ7szXz/edit?gid=991918308","sourceCrs":"EPSG:32647","displayCrs":"EPSG:4326","crsVerified":true,"easting":316504.043,"northing":5094056.188,"elevationM":1776.38,"dates":["2026-06-04"],"observationCount":1},"geometry":{"type":"Point","coordinates":[96.63126269,45.97552394]}},{"type":"Feature","id":"tracker-control:531","properties":{"project":"Buduunkhad","projectKey":"buduunkhad","area":"Бүдүүн хад","licence":"XV-023222","sensor":"Base / Control","dataType":"control_reference_point","controlType":"gcp","name":"mark-25","plannedActual":"reference","status":"confirmed_source","contextOnly":true,"sourceFile":"Buduunkhad_Drone_Project_Tracker.xlsx","sourceUrl":"https://docs.google.com/spreadsheets/d/1DwydImVmcQvj7s4loVRk_4K9-VQ7szXz/edit?gid=991918308","sourceCrs":"EPSG:32647","displayCrs":"EPSG:4326","crsVerified":true,"easting":316499.888,"northing":5094047.361,"elevationM":1776.506,"dates":["2026-06-04"],"observationCount":1},"geometry":{"type":"Point","coordinates":[96.63121248,45.97544345]}},{"type":"Feature","id":"tracker-control:532","properties":{"project":"Buduunkhad","projectKey":"buduunkhad","area":"Бүдүүн хад","licence":"XV-023222","sensor":"Base / Control","dataType":"control_reference_point","controlType":"gcp","name":"mark-29","plannedActual":"reference","status":"confirmed_source","contextOnly":true,"sourceFile":"Buduunkhad_Drone_Project_Tracker.xlsx","sourceUrl":"https://docs.google.com/spreadsheets/d/1DwydImVmcQvj7s4loVRk_4K9-VQ7szXz/edit?gid=991918308","sourceCrs":"EPSG:32647","displayCrs":"EPSG:4326","crsVerified":true,"easting":316970.573,"northing":5094764.633,"elevationM":1839.418,"dates":["2026-06-04"],"observationCount":1},"geometry":{"type":"Point","coordinates":[96.63700876,45.98201941]}},{"type":"Feature","id":"tracker-control:533","properties":{"project":"Buduunkhad","projectKey":"buduunkhad","area":"Бүдүүн хад","licence":"XV-023222","sensor":"Base / Control","dataType":"control_reference_point","controlType":"gcp","name":"mark-30","plannedActual":"reference","status":"confirmed_source","contextOnly":true,"sourceFile":"Buduunkhad_Drone_Project_Tracker.xlsx","sourceUrl":"https://docs.google.com/spreadsheets/d/1DwydImVmcQvj7s4loVRk_4K9-VQ7szXz/edit?gid=991918308","sourceCrs":"EPSG:32647","displayCrs":"EPSG:4326","crsVerified":true,"easting":318572.742,"northing":5093753.011,"elevationM":1813.673,"dates":["2026-06-04"],"observationCount":1},"geometry":{"type":"Point","coordinates":[96.65805967,45.97334773]}},{"type":"Feature","id":"tracker-control:534","properties":{"project":"Buduunkhad","projectKey":"buduunkhad","area":"Бүдүүн хад","licence":"XV-023222","sensor":"Base / Control","dataType":"control_reference_point","controlType":"gcp","name":"ПК-30","plannedActual":"reference","status":"confirmed_source","contextOnly":true,"sourceFile":"Buduunkhad_Drone_Project_Tracker.xlsx","sourceUrl":"https://docs.google.com/spreadsheets/d/1DwydImVmcQvj7s4loVRk_4K9-VQ7szXz/edit?gid=991918308","sourceCrs":"EPSG:32647","displayCrs":"EPSG:4326","crsVerified":true,"easting":315982.107,"northing":5094286.115,"elevationM":1799.178,"dates":["2026-06-04"],"observationCount":1},"geometry":{"type":"Point","coordinates":[96.62444244,45.97745179]}},{"type":"Feature","id":"tracker-control:535","properties":{"project":"Buduunkhad","projectKey":"buduunkhad","area":"Бүдүүн хад","licence":"XV-023222","sensor":"Base / Control","dataType":"control_reference_point","controlType":"gcp","name":"ПК-31","plannedActual":"reference","status":"confirmed_source","contextOnly":true,"sourceFile":"Buduunkhad_Drone_Project_Tracker.xlsx","sourceUrl":"https://docs.google.com/spreadsheets/d/1DwydImVmcQvj7s4loVRk_4K9-VQ7szXz/edit?gid=991918308","sourceCrs":"EPSG:32647","displayCrs":"EPSG:4326","crsVerified":true,"easting":316004.254,"northing":5094277.147,"elevationM":1798.128,"dates":["2026-06-04"],"observationCount":1},"geometry":{"type":"Point","coordinates":[96.62473155,45.97737708]}},{"type":"Feature","id":"tracker-control:536","properties":{"project":"Buduunkhad","projectKey":"buduunkhad","area":"Бүдүүн хад","licence":"XV-023222","sensor":"Base / Control","dataType":"control_reference_point","controlType":"gcp","name":"ПК-32","plannedActual":"reference","status":"confirmed_source","contextOnly":true,"sourceFile":"Buduunkhad_Drone_Project_Tracker.xlsx","sourceUrl":"https://docs.google.com/spreadsheets/d/1DwydImVmcQvj7s4loVRk_4K9-VQ7szXz/edit?gid=991918308","sourceCrs":"EPSG:32647","displayCrs":"EPSG:4326","crsVerified":true,"easting":316025.144,"northing":5094267.697,"elevationM":1797.317,"dates":["2026-06-04"],"observationCount":1},"geometry":{"type":"Point","coordinates":[96.62500462,45.9772977]}},{"type":"Feature","id":"tracker-control:537","properties":{"project":"Buduunkhad","projectKey":"buduunkhad","area":"Бүдүүн хад","licence":"XV-023222","sensor":"Base / Control","dataType":"control_reference_point","controlType":"gcp","name":"ПК-33","plannedActual":"reference","status":"confirmed_source","contextOnly":true,"sourceFile":"Buduunkhad_Drone_Project_Tracker.xlsx","sourceUrl":"https://docs.google.com/spreadsheets/d/1DwydImVmcQvj7s4loVRk_4K9-VQ7szXz/edit?gid=991918308","sourceCrs":"EPSG:32647","displayCrs":"EPSG:4326","crsVerified":true,"easting":316046.221,"northing":5094258.871,"elevationM":1796.382,"dates":["2026-06-04"],"observationCount":1},"geometry":{"type":"Point","coordinates":[96.62527987,45.97722399]}},{"type":"Feature","id":"tracker-control:538","properties":{"project":"Buduunkhad","projectKey":"buduunkhad","area":"Бүдүүн хад","licence":"XV-023222","sensor":"Base / Control","dataType":"control_reference_point","controlType":"gcp","name":"ПК-34","plannedActual":"reference","status":"confirmed_source","contextOnly":true,"sourceFile":"Buduunkhad_Drone_Project_Tracker.xlsx","sourceUrl":"https://docs.google.com/spreadsheets/d/1DwydImVmcQvj7s4loVRk_4K9-VQ7szXz/edit?gid=991918308","sourceCrs":"EPSG:32647","displayCrs":"EPSG:4326","crsVerified":true,"easting":316067.599,"northing":5094249.537,"elevationM":1795.406,"dates":["2026-06-04"],"observationCount":1},"geometry":{"type":"Point","coordinates":[96.6255592,45.97714578]}},{"type":"Feature","id":"tracker-control:539","properties":{"project":"Buduunkhad","projectKey":"buduunkhad","area":"Бүдүүн хад","licence":"XV-023222","sensor":"Base / Control","dataType":"control_reference_point","controlType":"gcp","name":"ПК-35","plannedActual":"reference","status":"confirmed_source","contextOnly":true,"sourceFile":"Buduunkhad_Drone_Project_Tracker.xlsx","sourceUrl":"https://docs.google.com/spreadsheets/d/1DwydImVmcQvj7s4loVRk_4K9-VQ7szXz/edit?gid=991918308","sourceCrs":"EPSG:32647","displayCrs":"EPSG:4326","crsVerified":true,"easting":316088.374,"northing":5094240.002,"elevationM":1794.353,"dates":["2026-06-04"],"observationCount":1},"geometry":{"type":"Point","coordinates":[96.62583082,45.97706561]}},{"type":"Feature","id":"tracker-control:540","properties":{"project":"Buduunkhad","projectKey":"buduunkhad","area":"Бүдүүн хад","licence":"XV-023222","sensor":"Base / Control","dataType":"control_reference_point","controlType":"gcp","name":"ПК-36","plannedActual":"reference","status":"confirmed_source","contextOnly":true,"sourceFile":"Buduunkhad_Drone_Project_Tracker.xlsx","sourceUrl":"https://docs.google.com/spreadsheets/d/1DwydImVmcQvj7s4loVRk_4K9-VQ7szXz/edit?gid=991918308","sourceCrs":"EPSG:32647","displayCrs":"EPSG:4326","crsVerified":true,"easting":316109.251,"northing":5094230.503,"elevationM":1793.249,"dates":["2026-06-04"],"observationCount":1},"geometry":{"type":"Point","coordinates":[96.62610375,45.97698578]}},{"type":"Feature","id":"tracker-control:541","properties":{"project":"Buduunkhad","projectKey":"buduunkhad","area":"Бүдүүн хад","licence":"XV-023222","sensor":"Base / Control","dataType":"control_reference_point","controlType":"gcp","name":"ПК-37","plannedActual":"reference","status":"confirmed_source","contextOnly":true,"sourceFile":"Buduunkhad_Drone_Project_Tracker.xlsx","sourceUrl":"https://docs.google.com/spreadsheets/d/1DwydImVmcQvj7s4loVRk_4K9-VQ7szXz/edit?gid=991918308","sourceCrs":"EPSG:32647","displayCrs":"EPSG:4326","crsVerified":true,"easting":316130.511,"northing":5094221.707,"elevationM":1792.579,"dates":["2026-06-04"],"observationCount":1},"geometry":{"type":"Point","coordinates":[96.62638134,45.97691238]}},{"type":"Feature","id":"tracker-control:542","properties":{"project":"Buduunkhad","projectKey":"buduunkhad","area":"Бүдүүн хад","licence":"XV-023222","sensor":"Base / Control","dataType":"control_reference_point","controlType":"gcp","name":"ПК-38","plannedActual":"reference","status":"confirmed_source","contextOnly":true,"sourceFile":"Buduunkhad_Drone_Project_Tracker.xlsx","sourceUrl":"https://docs.google.com/spreadsheets/d/1DwydImVmcQvj7s4loVRk_4K9-VQ7szXz/edit?gid=991918308","sourceCrs":"EPSG:32647","displayCrs":"EPSG:4326","crsVerified":true,"easting":316150.628,"northing":5094211.341,"elevationM":1791.556,"dates":["2026-06-04"],"observationCount":1},"geometry":{"type":"Point","coordinates":[96.6266448,45.97682456]}},{"type":"Feature","id":"tracker-control:543","properties":{"project":"Buduunkhad","projectKey":"buduunkhad","area":"Бүдүүн хад","licence":"XV-023222","sensor":"Base / Control","dataType":"control_reference_point","controlType":"gcp","name":"ПК-39","plannedActual":"reference","status":"confirmed_source","contextOnly":true,"sourceFile":"Buduunkhad_Drone_Project_Tracker.xlsx","sourceUrl":"https://docs.google.com/spreadsheets/d/1DwydImVmcQvj7s4loVRk_4K9-VQ7szXz/edit?gid=991918308","sourceCrs":"EPSG:32647","displayCrs":"EPSG:4326","crsVerified":true,"easting":316171.161,"northing":5094202.784,"elevationM":1790.793,"dates":["2026-06-04"],"observationCount":1},"geometry":{"type":"Point","coordinates":[96.62691292,45.97675311]}},{"type":"Feature","id":"tracker-control:544","properties":{"project":"Buduunkhad","projectKey":"buduunkhad","area":"Бүдүүн хад","licence":"XV-023222","sensor":"Base / Control","dataType":"control_reference_point","controlType":"gcp","name":"ПК-40","plannedActual":"reference","status":"confirmed_source","contextOnly":true,"sourceFile":"Buduunkhad_Drone_Project_Tracker.xlsx","sourceUrl":"https://docs.google.com/spreadsheets/d/1DwydImVmcQvj7s4loVRk_4K9-VQ7szXz/edit?gid=991918308","sourceCrs":"EPSG:32647","displayCrs":"EPSG:4326","crsVerified":true,"easting":316195.539,"northing":5094193.458,"elevationM":1789.983,"dates":["2026-06-04"],"observationCount":1},"geometry":{"type":"Point","coordinates":[96.62723093,45.97667577]}},{"type":"Feature","id":"tracker-control:545","properties":{"project":"Buduunkhad","projectKey":"buduunkhad","area":"Бүдүүн хад","licence":"XV-023222","sensor":"Base / Control","dataType":"control_reference_point","controlType":"gcp","name":"ПК-41","plannedActual":"reference","status":"confirmed_source","contextOnly":true,"sourceFile":"Buduunkhad_Drone_Project_Tracker.xlsx","sourceUrl":"https://docs.google.com/spreadsheets/d/1DwydImVmcQvj7s4loVRk_4K9-VQ7szXz/edit?gid=991918308","sourceCrs":"EPSG:32647","displayCrs":"EPSG:4326","crsVerified":true,"easting":316216.747,"northing":5094184.56,"elevationM":1789.172,"dates":["2026-06-04"],"observationCount":1},"geometry":{"type":"Point","coordinates":[96.62750789,45.97660144]}},{"type":"Feature","id":"tracker-control:546","properties":{"project":"Buduunkhad","projectKey":"buduunkhad","area":"Бүдүүн хад","licence":"XV-023222","sensor":"Base / Control","dataType":"control_reference_point","controlType":"gcp","name":"ПК-42","plannedActual":"reference","status":"confirmed_source","contextOnly":true,"sourceFile":"Buduunkhad_Drone_Project_Tracker.xlsx","sourceUrl":"https://docs.google.com/spreadsheets/d/1DwydImVmcQvj7s4loVRk_4K9-VQ7szXz/edit?gid=991918308","sourceCrs":"EPSG:32647","displayCrs":"EPSG:4326","crsVerified":true,"easting":316236.954,"northing":5094175.2,"elevationM":1788.122,"dates":["2026-06-04"],"observationCount":1},"geometry":{"type":"Point","coordinates":[96.62777212,45.97652268]}},{"type":"Feature","id":"tracker-control:547","properties":{"project":"Buduunkhad","projectKey":"buduunkhad","area":"Бүдүүн хад","licence":"XV-023222","sensor":"Base / Control","dataType":"control_reference_point","controlType":"gcp","name":"ПК-43","plannedActual":"reference","status":"confirmed_source","contextOnly":true,"sourceFile":"Buduunkhad_Drone_Project_Tracker.xlsx","sourceUrl":"https://docs.google.com/spreadsheets/d/1DwydImVmcQvj7s4loVRk_4K9-VQ7szXz/edit?gid=991918308","sourceCrs":"EPSG:32647","displayCrs":"EPSG:4326","crsVerified":true,"easting":316258.098,"northing":5094165.665,"elevationM":1787.044,"dates":["2026-06-04"],"observationCount":1},"geometry":{"type":"Point","coordinates":[96.6280485,45.9764426]}},{"type":"Feature","id":"tracker-control:548","properties":{"project":"Buduunkhad","projectKey":"buduunkhad","area":"Бүдүүн хад","licence":"XV-023222","sensor":"Base / Control","dataType":"control_reference_point","controlType":"gcp","name":"ПК-44","plannedActual":"reference","status":"confirmed_source","contextOnly":true,"sourceFile":"Buduunkhad_Drone_Project_Tracker.xlsx","sourceUrl":"https://docs.google.com/spreadsheets/d/1DwydImVmcQvj7s4loVRk_4K9-VQ7szXz/edit?gid=991918308","sourceCrs":"EPSG:32647","displayCrs":"EPSG:4326","crsVerified":true,"easting":316278.465,"northing":5094156.239,"elevationM":1786.176,"dates":["2026-06-04"],"observationCount":1},"geometry":{"type":"Point","coordinates":[96.62831481,45.97636329]}},{"type":"Feature","id":"tracker-control:549","properties":{"project":"Buduunkhad","projectKey":"buduunkhad","area":"Бүдүүн хад","licence":"XV-023222","sensor":"Base / Control","dataType":"control_reference_point","controlType":"gcp","name":"ПК-45","plannedActual":"reference","status":"confirmed_source","contextOnly":true,"sourceFile":"Buduunkhad_Drone_Project_Tracker.xlsx","sourceUrl":"https://docs.google.com/spreadsheets/d/1DwydImVmcQvj7s4loVRk_4K9-VQ7szXz/edit?gid=991918308","sourceCrs":"EPSG:32647","displayCrs":"EPSG:4326","crsVerified":true,"easting":316299.978,"northing":5094146.641,"elevationM":1785.37,"dates":["2026-06-04"],"observationCount":1},"geometry":{"type":"Point","coordinates":[96.62859597,45.97628274]}},{"type":"Feature","id":"tracker-control:550","properties":{"project":"Buduunkhad","projectKey":"buduunkhad","area":"Бүдүүн хад","licence":"XV-023222","sensor":"Base / Control","dataType":"control_reference_point","controlType":"gcp","name":"ПК-46","plannedActual":"reference","status":"confirmed_source","contextOnly":true,"sourceFile":"Buduunkhad_Drone_Project_Tracker.xlsx","sourceUrl":"https://docs.google.com/spreadsheets/d/1DwydImVmcQvj7s4loVRk_4K9-VQ7szXz/edit?gid=991918308","sourceCrs":"EPSG:32647","displayCrs":"EPSG:4326","crsVerified":true,"easting":316320.097,"northing":5094136.948,"elevationM":1784.529,"dates":["2026-06-04"],"observationCount":1},"geometry":{"type":"Point","coordinates":[96.62885918,45.97620096]}},{"type":"Feature","id":"tracker-control:551","properties":{"project":"Buduunkhad","projectKey":"buduunkhad","area":"Бүдүүн хад","licence":"XV-023222","sensor":"Base / Control","dataType":"control_reference_point","controlType":"gcp","name":"ПК-47","plannedActual":"reference","status":"confirmed_source","contextOnly":true,"sourceFile":"Buduunkhad_Drone_Project_Tracker.xlsx","sourceUrl":"https://docs.google.com/spreadsheets/d/1DwydImVmcQvj7s4loVRk_4K9-VQ7szXz/edit?gid=991918308","sourceCrs":"EPSG:32647","displayCrs":"EPSG:4326","crsVerified":true,"easting":316340.776,"northing":5094127.924,"elevationM":1783.599,"dates":["2026-06-04"],"observationCount":1},"geometry":{"type":"Point","coordinates":[96.62912936,45.97612535]}},{"type":"Feature","id":"tracker-control:552","properties":{"project":"Buduunkhad","projectKey":"buduunkhad","area":"Бүдүүн хад","licence":"XV-023222","sensor":"Base / Control","dataType":"control_reference_point","controlType":"gcp","name":"ПК-48","plannedActual":"reference","status":"confirmed_source","contextOnly":true,"sourceFile":"Buduunkhad_Drone_Project_Tracker.xlsx","sourceUrl":"https://docs.google.com/spreadsheets/d/1DwydImVmcQvj7s4loVRk_4K9-VQ7szXz/edit?gid=991918308","sourceCrs":"EPSG:32647","displayCrs":"EPSG:4326","crsVerified":true,"easting":316369.659,"northing":5094114.766,"elevationM":1782.364,"dates":["2026-06-04"],"observationCount":1},"geometry":{"type":"Point","coordinates":[96.62950695,45.97601476]}},{"type":"Feature","id":"tracker-control:553","properties":{"project":"Buduunkhad","projectKey":"buduunkhad","area":"Бүдүүн хад","licence":"XV-023222","sensor":"Base / Control","dataType":"control_reference_point","controlType":"gcp","name":"ПК-49","plannedActual":"reference","status":"confirmed_source","contextOnly":true,"sourceFile":"Buduunkhad_Drone_Project_Tracker.xlsx","sourceUrl":"https://docs.google.com/spreadsheets/d/1DwydImVmcQvj7s4loVRk_4K9-VQ7szXz/edit?gid=991918308","sourceCrs":"EPSG:32647","displayCrs":"EPSG:4326","crsVerified":true,"easting":316389.691,"northing":5094106.452,"elevationM":1781.403,"dates":["2026-06-04"],"observationCount":1},"geometry":{"type":"Point","coordinates":[96.62976851,45.97594535]}},{"type":"Feature","id":"tracker-control:554","properties":{"project":"Buduunkhad","projectKey":"buduunkhad","area":"Бүдүүн хад","licence":"XV-023222","sensor":"Base / Control","dataType":"control_reference_point","controlType":"gcp","name":"ПК-50","plannedActual":"reference","status":"confirmed_source","contextOnly":true,"sourceFile":"Buduunkhad_Drone_Project_Tracker.xlsx","sourceUrl":"https://docs.google.com/spreadsheets/d/1DwydImVmcQvj7s4loVRk_4K9-VQ7szXz/edit?gid=991918308","sourceCrs":"EPSG:32647","displayCrs":"EPSG:4326","crsVerified":true,"easting":316409.91,"northing":5094097.986,"elevationM":1780.514,"dates":["2026-06-04"],"observationCount":1},"geometry":{"type":"Point","coordinates":[96.63003254,45.97587463]}},{"type":"Feature","id":"tracker-control:555","properties":{"project":"Buduunkhad","projectKey":"buduunkhad","area":"Бүдүүн хад","licence":"XV-023222","sensor":"Base / Control","dataType":"control_reference_point","controlType":"gcp","name":"ПК-51","plannedActual":"reference","status":"confirmed_source","contextOnly":true,"sourceFile":"Buduunkhad_Drone_Project_Tracker.xlsx","sourceUrl":"https://docs.google.com/spreadsheets/d/1DwydImVmcQvj7s4loVRk_4K9-VQ7szXz/edit?gid=991918308","sourceCrs":"EPSG:32647","displayCrs":"EPSG:4326","crsVerified":true,"easting":316430.225,"northing":5094088.344,"elevationM":1779.838,"dates":["2026-06-04"],"observationCount":1},"geometry":{"type":"Point","coordinates":[96.63029826,45.97579336]}},{"type":"Feature","id":"tracker-control:556","properties":{"project":"Buduunkhad","projectKey":"buduunkhad","area":"Бүдүүн хад","licence":"XV-023222","sensor":"Base / Control","dataType":"control_reference_point","controlType":"gcp","name":"ПК-52","plannedActual":"reference","status":"confirmed_source","contextOnly":true,"sourceFile":"Buduunkhad_Drone_Project_Tracker.xlsx","sourceUrl":"https://docs.google.com/spreadsheets/d/1DwydImVmcQvj7s4loVRk_4K9-VQ7szXz/edit?gid=991918308","sourceCrs":"EPSG:32647","displayCrs":"EPSG:4326","crsVerified":true,"easting":316450.644,"northing":5094077.944,"elevationM":1778.886,"dates":["2026-06-04"],"observationCount":1},"geometry":{"type":"Point","coordinates":[96.63056561,45.9757053]}},{"type":"Feature","id":"tracker-control:557","properties":{"project":"Buduunkhad","projectKey":"buduunkhad","area":"Бүдүүн хад","licence":"XV-023222","sensor":"Base / Control","dataType":"control_reference_point","controlType":"gcp","name":"ПК-53","plannedActual":"reference","status":"confirmed_source","contextOnly":true,"sourceFile":"Buduunkhad_Drone_Project_Tracker.xlsx","sourceUrl":"https://docs.google.com/spreadsheets/d/1DwydImVmcQvj7s4loVRk_4K9-VQ7szXz/edit?gid=991918308","sourceCrs":"EPSG:32647","displayCrs":"EPSG:4326","crsVerified":true,"easting":316471.688,"northing":5094067.642,"elevationM":1777.847,"dates":["2026-06-04"],"observationCount":1},"geometry":{"type":"Point","coordinates":[96.63084099,45.97561829]}},{"type":"Feature","id":"tracker-control:558","properties":{"project":"Buduunkhad","projectKey":"buduunkhad","area":"Бүдүүн хад","licence":"XV-023222","sensor":"Base / Control","dataType":"control_reference_point","controlType":"gcp","name":"ПК-54","plannedActual":"reference","status":"confirmed_source","contextOnly":true,"sourceFile":"Buduunkhad_Drone_Project_Tracker.xlsx","sourceUrl":"https://docs.google.com/spreadsheets/d/1DwydImVmcQvj7s4loVRk_4K9-VQ7szXz/edit?gid=991918308","sourceCrs":"EPSG:32647","displayCrs":"EPSG:4326","crsVerified":true,"easting":316491.102,"northing":5094055.781,"elevationM":1776.933,"dates":["2026-06-04"],"observationCount":1},"geometry":{"type":"Point","coordinates":[96.63109593,45.97551682]}},{"type":"Feature","id":"tracker-control:559","properties":{"project":"Buduunkhad","projectKey":"buduunkhad","area":"Бүдүүн хад","licence":"XV-023222","sensor":"Base / Control","dataType":"control_reference_point","controlType":"gcp","name":"mark-32","plannedActual":"reference","status":"confirmed_source","contextOnly":true,"sourceFile":"Buduunkhad_Drone_Project_Tracker.xlsx","sourceUrl":"https://docs.google.com/spreadsheets/d/1DwydImVmcQvj7s4loVRk_4K9-VQ7szXz/edit?gid=991918308","sourceCrs":"EPSG:32647","displayCrs":"EPSG:4326","crsVerified":true,"easting":314834.396,"northing":5096788.568,"elevationM":1976.564,"dates":["2026-06-04"],"observationCount":1},"geometry":{"type":"Point","coordinates":[96.60866981,45.9996463]}},{"type":"Feature","id":"tracker-control:560","properties":{"project":"Buduunkhad","projectKey":"buduunkhad","area":"Бүдүүн хад","licence":"XV-023222","sensor":"Base / Control","dataType":"control_reference_point","controlType":"gcp","name":"mark-33","plannedActual":"reference","status":"confirmed_source","contextOnly":true,"sourceFile":"Buduunkhad_Drone_Project_Tracker.xlsx","sourceUrl":"https://docs.google.com/spreadsheets/d/1DwydImVmcQvj7s4loVRk_4K9-VQ7szXz/edit?gid=991918308","sourceCrs":"EPSG:32647","displayCrs":"EPSG:4326","crsVerified":true,"easting":318460.508,"northing":5094653.766,"elevationM":1877.958,"dates":["2026-06-04"],"observationCount":1},"geometry":{"type":"Point","coordinates":[96.65627022,45.98141839]}},{"type":"Feature","id":"tracker-control:561","properties":{"project":"Buduunkhad","projectKey":"buduunkhad","area":"Бүдүүн хад","licence":"XV-023222","sensor":"Base / Control","dataType":"control_reference_point","controlType":"gcp","name":"mark-34","plannedActual":"reference","status":"confirmed_source","contextOnly":true,"sourceFile":"Buduunkhad_Drone_Project_Tracker.xlsx","sourceUrl":"https://docs.google.com/spreadsheets/d/1DwydImVmcQvj7s4loVRk_4K9-VQ7szXz/edit?gid=991918308","sourceCrs":"EPSG:32647","displayCrs":"EPSG:4326","crsVerified":true,"easting":318208.672,"northing":5095568.666,"elevationM":1939.229,"dates":["2026-06-04"],"observationCount":1},"geometry":{"type":"Point","coordinates":[96.65267379,45.9895792]}},{"type":"Feature","id":"tracker-control:562","properties":{"project":"Buduunkhad","projectKey":"buduunkhad","area":"Бүдүүн хад","licence":"XV-023222","sensor":"Base / Control","dataType":"control_reference_point","controlType":"gcp","name":"mark-35","plannedActual":"reference","status":"confirmed_source","contextOnly":true,"sourceFile":"Buduunkhad_Drone_Project_Tracker.xlsx","sourceUrl":"https://docs.google.com/spreadsheets/d/1DwydImVmcQvj7s4loVRk_4K9-VQ7szXz/edit?gid=991918308","sourceCrs":"EPSG:32647","displayCrs":"EPSG:4326","crsVerified":true,"easting":317604.121,"northing":5096295.354,"elevationM":2042.982,"dates":["2026-06-04"],"observationCount":1},"geometry":{"type":"Point","coordinates":[96.64459701,45.99595357]}},{"type":"Feature","id":"tracker-control:563","properties":{"project":"Buduunkhad","projectKey":"buduunkhad","area":"Бүдүүн хад","licence":"XV-023222","sensor":"Base / Control","dataType":"control_reference_point","controlType":"gcp","name":"ПК-60","plannedActual":"reference","status":"confirmed_source","contextOnly":true,"sourceFile":"Buduunkhad_Drone_Project_Tracker.xlsx","sourceUrl":"https://docs.google.com/spreadsheets/d/1DwydImVmcQvj7s4loVRk_4K9-VQ7szXz/edit?gid=991918308","sourceCrs":"EPSG:32647","displayCrs":"EPSG:4326","crsVerified":true,"easting":318465.317,"northing":5094311.002,"elevationM":1853.081,"dates":["2026-06-04"],"observationCount":1},"geometry":{"type":"Point","coordinates":[96.65646237,45.97833724]}},{"type":"Feature","id":"tracker-control:564","properties":{"project":"Buduunkhad","projectKey":"buduunkhad","area":"Бүдүүн хад","licence":"XV-023222","sensor":"Base / Control","dataType":"control_reference_point","controlType":"gcp","name":"ПК-61","plannedActual":"reference","status":"confirmed_source","contextOnly":true,"sourceFile":"Buduunkhad_Drone_Project_Tracker.xlsx","sourceUrl":"https://docs.google.com/spreadsheets/d/1DwydImVmcQvj7s4loVRk_4K9-VQ7szXz/edit?gid=991918308","sourceCrs":"EPSG:32647","displayCrs":"EPSG:4326","crsVerified":true,"easting":318462.6,"northing":5094282.273,"elevationM":1851.062,"dates":["2026-06-04"],"observationCount":1},"geometry":{"type":"Point","coordinates":[96.65643823,45.97807817]}},{"type":"Feature","id":"tracker-control:565","properties":{"project":"Buduunkhad","projectKey":"buduunkhad","area":"Бүдүүн хад","licence":"XV-023222","sensor":"Base / Control","dataType":"control_reference_point","controlType":"gcp","name":"ПК-62","plannedActual":"reference","status":"confirmed_source","contextOnly":true,"sourceFile":"Buduunkhad_Drone_Project_Tracker.xlsx","sourceUrl":"https://docs.google.com/spreadsheets/d/1DwydImVmcQvj7s4loVRk_4K9-VQ7szXz/edit?gid=991918308","sourceCrs":"EPSG:32647","displayCrs":"EPSG:4326","crsVerified":true,"easting":318451.98,"northing":5094243.086,"elevationM":1848.318,"dates":["2026-06-04"],"observationCount":1},"geometry":{"type":"Point","coordinates":[96.65631612,45.97772295]}},{"type":"Feature","id":"tracker-control:566","properties":{"project":"Buduunkhad","projectKey":"buduunkhad","area":"Бүдүүн хад","licence":"XV-023222","sensor":"Base / Control","dataType":"control_reference_point","controlType":"gcp","name":"ПК-63","plannedActual":"reference","status":"confirmed_source","contextOnly":true,"sourceFile":"Buduunkhad_Drone_Project_Tracker.xlsx","sourceUrl":"https://docs.google.com/spreadsheets/d/1DwydImVmcQvj7s4loVRk_4K9-VQ7szXz/edit?gid=991918308","sourceCrs":"EPSG:32647","displayCrs":"EPSG:4326","crsVerified":true,"easting":318444.575,"northing":5094216.728,"elevationM":1846.429,"dates":["2026-06-04"],"observationCount":1},"geometry":{"type":"Point","coordinates":[96.65623062,45.97748396]}},{"type":"Feature","id":"tracker-control:567","properties":{"project":"Buduunkhad","projectKey":"buduunkhad","area":"Бүдүүн хад","licence":"XV-023222","sensor":"Base / Control","dataType":"control_reference_point","controlType":"gcp","name":"ПК-64","plannedActual":"reference","status":"confirmed_source","contextOnly":true,"sourceFile":"Buduunkhad_Drone_Project_Tracker.xlsx","sourceUrl":"https://docs.google.com/spreadsheets/d/1DwydImVmcQvj7s4loVRk_4K9-VQ7szXz/edit?gid=991918308","sourceCrs":"EPSG:32647","displayCrs":"EPSG:4326","crsVerified":true,"easting":318438.351,"northing":5094182.648,"elevationM":1844.08,"dates":["2026-06-04"],"observationCount":1},"geometry":{"type":"Point","coordinates":[96.65616328,45.97717584]}},{"type":"Feature","id":"tracker-control:568","properties":{"project":"Buduunkhad","projectKey":"buduunkhad","area":"Бүдүүн хад","licence":"XV-023222","sensor":"Base / Control","dataType":"control_reference_point","controlType":"gcp","name":"ПК-65","plannedActual":"reference","status":"confirmed_source","contextOnly":true,"sourceFile":"Buduunkhad_Drone_Project_Tracker.xlsx","sourceUrl":"https://docs.google.com/spreadsheets/d/1DwydImVmcQvj7s4loVRk_4K9-VQ7szXz/edit?gid=991918308","sourceCrs":"EPSG:32647","displayCrs":"EPSG:4326","crsVerified":true,"easting":318451.038,"northing":5094031.866,"elevationM":1834.107,"dates":["2026-06-04"],"observationCount":1},"geometry":{"type":"Point","coordinates":[96.65638415,45.97582324]}},{"type":"Feature","id":"tracker-control:569","properties":{"project":"Buduunkhad","projectKey":"buduunkhad","area":"Бүдүүн хад","licence":"XV-023222","sensor":"Base / Control","dataType":"control_reference_point","controlType":"gcp","name":"ПК-66","plannedActual":"reference","status":"confirmed_source","contextOnly":true,"sourceFile":"Buduunkhad_Drone_Project_Tracker.xlsx","sourceUrl":"https://docs.google.com/spreadsheets/d/1DwydImVmcQvj7s4loVRk_4K9-VQ7szXz/edit?gid=991918308","sourceCrs":"EPSG:32647","displayCrs":"EPSG:4326","crsVerified":true,"easting":318462.186,"northing":5094007.705,"elevationM":1832.39,"dates":["2026-06-04"],"observationCount":1},"geometry":{"type":"Point","coordinates":[96.65653711,45.97560891]}},{"type":"Feature","id":"tracker-control:570","properties":{"project":"Buduunkhad","projectKey":"buduunkhad","area":"Бүдүүн хад","licence":"XV-023222","sensor":"Base / Control","dataType":"control_reference_point","controlType":"gcp","name":"ПК-67","plannedActual":"reference","status":"confirmed_source","contextOnly":true,"sourceFile":"Buduunkhad_Drone_Project_Tracker.xlsx","sourceUrl":"https://docs.google.com/spreadsheets/d/1DwydImVmcQvj7s4loVRk_4K9-VQ7szXz/edit?gid=991918308","sourceCrs":"EPSG:32647","displayCrs":"EPSG:4326","crsVerified":true,"easting":318513.566,"northing":5093953.838,"elevationM":1827.489,"dates":["2026-06-04"],"observationCount":1},"geometry":{"type":"Point","coordinates":[96.65722025,45.97513809]}},{"type":"Feature","id":"tracker-control:571","properties":{"project":"Buduunkhad","projectKey":"buduunkhad","area":"Бүдүүн хад","licence":"XV-023222","sensor":"Base / Control","dataType":"control_reference_point","controlType":"gcp","name":"ПК-68","plannedActual":"reference","status":"confirmed_source","contextOnly":true,"sourceFile":"Buduunkhad_Drone_Project_Tracker.xlsx","sourceUrl":"https://docs.google.com/spreadsheets/d/1DwydImVmcQvj7s4loVRk_4K9-VQ7szXz/edit?gid=991918308","sourceCrs":"EPSG:32647","displayCrs":"EPSG:4326","crsVerified":true,"easting":318542.12,"northing":5093918.04,"elevationM":1824.356,"dates":["2026-06-04"],"observationCount":1},"geometry":{"type":"Point","coordinates":[96.65760212,45.97482371]}},{"type":"Feature","id":"tracker-control:572","properties":{"project":"Buduunkhad","projectKey":"buduunkhad","area":"Бүдүүн хад","licence":"XV-023222","sensor":"Base / Control","dataType":"control_reference_point","controlType":"gcp","name":"ПК-69","plannedActual":"reference","status":"confirmed_source","contextOnly":true,"sourceFile":"Buduunkhad_Drone_Project_Tracker.xlsx","sourceUrl":"https://docs.google.com/spreadsheets/d/1DwydImVmcQvj7s4loVRk_4K9-VQ7szXz/edit?gid=991918308","sourceCrs":"EPSG:32647","displayCrs":"EPSG:4326","crsVerified":true,"easting":318552.421,"northing":5093867.789,"elevationM":1820.803,"dates":["2026-06-04"],"observationCount":1},"geometry":{"type":"Point","coordinates":[96.65775404,45.97437454]}},{"type":"Feature","id":"tracker-control:573","properties":{"project":"Buduunkhad","projectKey":"buduunkhad","area":"Бүдүүн хад","licence":"XV-023222","sensor":"Base / Control","dataType":"control_reference_point","controlType":"gcp","name":"ПК-70","plannedActual":"reference","status":"confirmed_source","contextOnly":true,"sourceFile":"Buduunkhad_Drone_Project_Tracker.xlsx","sourceUrl":"https://docs.google.com/spreadsheets/d/1DwydImVmcQvj7s4loVRk_4K9-VQ7szXz/edit?gid=991918308","sourceCrs":"EPSG:32647","displayCrs":"EPSG:4326","crsVerified":true,"easting":318559.385,"northing":5093820.761,"elevationM":1817.809,"dates":["2026-06-04"],"observationCount":1},"geometry":{"type":"Point","coordinates":[96.6578617,45.97395347]}},{"type":"Feature","id":"tracker-control:574","properties":{"project":"Buduunkhad","projectKey":"buduunkhad","area":"Бүдүүн хад","licence":"XV-023222","sensor":"Base / Control","dataType":"control_reference_point","controlType":"gcp","name":"ПК-71","plannedActual":"reference","status":"confirmed_source","contextOnly":true,"sourceFile":"Buduunkhad_Drone_Project_Tracker.xlsx","sourceUrl":"https://docs.google.com/spreadsheets/d/1DwydImVmcQvj7s4loVRk_4K9-VQ7szXz/edit?gid=991918308","sourceCrs":"EPSG:32647","displayCrs":"EPSG:4326","crsVerified":true,"easting":318567.417,"northing":5093764.59,"elevationM":1814.118,"dates":["2026-06-04"],"observationCount":1},"geometry":{"type":"Point","coordinates":[96.65798659,45.97345045]}},{"type":"Feature","id":"tracker-control:575","properties":{"project":"Buduunkhad","projectKey":"buduunkhad","area":"Бүдүүн хад","licence":"XV-023222","sensor":"Base / Control","dataType":"control_reference_point","controlType":"gcp","name":"ПК-72","plannedActual":"reference","status":"confirmed_source","contextOnly":true,"sourceFile":"Buduunkhad_Drone_Project_Tracker.xlsx","sourceUrl":"https://docs.google.com/spreadsheets/d/1DwydImVmcQvj7s4loVRk_4K9-VQ7szXz/edit?gid=991918308","sourceCrs":"EPSG:32647","displayCrs":"EPSG:4326","crsVerified":true,"easting":318564.479,"northing":5093721.216,"elevationM":1811.015,"dates":["2026-06-04"],"observationCount":1},"geometry":{"type":"Point","coordinates":[96.65796515,45.97305962]}},{"type":"Feature","id":"tracker-control:576","properties":{"project":"Buduunkhad","projectKey":"buduunkhad","area":"Бүдүүн хад","licence":"XV-023222","sensor":"Base / Control","dataType":"control_reference_point","controlType":"gcp","name":"ПК-73","plannedActual":"reference","status":"confirmed_source","contextOnly":true,"sourceFile":"Buduunkhad_Drone_Project_Tracker.xlsx","sourceUrl":"https://docs.google.com/spreadsheets/d/1DwydImVmcQvj7s4loVRk_4K9-VQ7szXz/edit?gid=991918308","sourceCrs":"EPSG:32647","displayCrs":"EPSG:4326","crsVerified":true,"easting":318562.455,"northing":5093687.38,"elevationM":1808.937,"dates":["2026-06-04"],"observationCount":1},"geometry":{"type":"Point","coordinates":[96.65795188,45.9727548]}},{"type":"Feature","id":"tracker-control:577","properties":{"project":"Buduunkhad","projectKey":"buduunkhad","area":"Бүдүүн хад","licence":"XV-023222","sensor":"Base / Control","dataType":"control_reference_point","controlType":"gcp","name":"ПК-74","plannedActual":"reference","status":"confirmed_source","contextOnly":true,"sourceFile":"Buduunkhad_Drone_Project_Tracker.xlsx","sourceUrl":"https://docs.google.com/spreadsheets/d/1DwydImVmcQvj7s4loVRk_4K9-VQ7szXz/edit?gid=991918308","sourceCrs":"EPSG:32647","displayCrs":"EPSG:4326","crsVerified":true,"easting":318564.46,"northing":5093653.18,"elevationM":1806.412,"dates":["2026-06-04"],"observationCount":1},"geometry":{"type":"Point","coordinates":[96.65799071,45.97244778]}},{"type":"Feature","id":"tracker-control:578","properties":{"project":"Buduunkhad","projectKey":"buduunkhad","area":"Бүдүүн хад","licence":"XV-023222","sensor":"Base / Control","dataType":"control_reference_point","controlType":"gcp","name":"ПК-75","plannedActual":"reference","status":"confirmed_source","contextOnly":true,"sourceFile":"Buduunkhad_Drone_Project_Tracker.xlsx","sourceUrl":"https://docs.google.com/spreadsheets/d/1DwydImVmcQvj7s4loVRk_4K9-VQ7szXz/edit?gid=991918308","sourceCrs":"EPSG:32647","displayCrs":"EPSG:4326","crsVerified":true,"easting":318553.283,"northing":5093616.076,"elevationM":1804.073,"dates":["2026-06-04"],"observationCount":1},"geometry":{"type":"Point","coordinates":[96.65786063,45.97211115]}},{"type":"Feature","id":"tracker-control:579","properties":{"project":"Buduunkhad","projectKey":"buduunkhad","area":"Бүдүүн хад","licence":"XV-023222","sensor":"Base / Control","dataType":"control_reference_point","controlType":"gcp","name":"ПК-76","plannedActual":"reference","status":"confirmed_source","contextOnly":true,"sourceFile":"Buduunkhad_Drone_Project_Tracker.xlsx","sourceUrl":"https://docs.google.com/spreadsheets/d/1DwydImVmcQvj7s4loVRk_4K9-VQ7szXz/edit?gid=991918308","sourceCrs":"EPSG:32647","displayCrs":"EPSG:4326","crsVerified":true,"easting":320610.943,"northing":5092164.816,"elevationM":1702.913,"dates":["2026-06-04"],"observationCount":1},"geometry":{"type":"Point","coordinates":[96.68494313,45.959601]}},{"type":"Feature","id":"tracker-control:580","properties":{"project":"Buduunkhad","projectKey":"buduunkhad","area":"Бүдүүн хад","licence":"XV-023222","sensor":"Base / Control","dataType":"control_reference_point","controlType":"gcp","name":"mark-36","plannedActual":"reference","status":"confirmed_source","contextOnly":true,"sourceFile":"Buduunkhad_Drone_Project_Tracker.xlsx","sourceUrl":"https://docs.google.com/spreadsheets/d/1DwydImVmcQvj7s4loVRk_4K9-VQ7szXz/edit?gid=991918308","sourceCrs":"EPSG:32647","displayCrs":"EPSG:4326","crsVerified":true,"easting":317799.873,"northing":5095402.854,"elevationM":2065.674,"dates":["2026-06-06"],"observationCount":1},"geometry":{"type":"Point","coordinates":[96.647463,45.98797959]}},{"type":"Feature","id":"tracker-control:581","properties":{"project":"Buduunkhad","projectKey":"buduunkhad","area":"Бүдүүн хад","licence":"XV-023222","sensor":"Base / Control","dataType":"control_reference_point","controlType":"gcp","name":"Mark1","plannedActual":"reference","status":"confirmed_source","contextOnly":true,"sourceFile":"Buduunkhad_Drone_Project_Tracker.xlsx","sourceUrl":"https://docs.google.com/spreadsheets/d/1DwydImVmcQvj7s4loVRk_4K9-VQ7szXz/edit?gid=991918308","sourceCrs":"EPSG:32647","displayCrs":"EPSG:4326","crsVerified":true,"easting":323145.672,"northing":5091512.865,"elevationM":1773.507,"dates":["2026-06-16"],"observationCount":1},"geometry":{"type":"Point","coordinates":[96.71786876,45.95439562]}},{"type":"Feature","id":"tracker-control:582","properties":{"project":"Buduunkhad","projectKey":"buduunkhad","area":"Бүдүүн хад","licence":"XV-023222","sensor":"Base / Control","dataType":"control_reference_point","controlType":"gcp","name":"GCP3","plannedActual":"reference","status":"confirmed_source","contextOnly":true,"sourceFile":"Buduunkhad_Drone_Project_Tracker.xlsx","sourceUrl":"https://docs.google.com/spreadsheets/d/1DwydImVmcQvj7s4loVRk_4K9-VQ7szXz/edit?gid=991918308","sourceCrs":"EPSG:32647","displayCrs":"EPSG:4326","crsVerified":true,"easting":320734.123,"northing":5091873.839,"elevationM":1671.671,"dates":["2026-06-19"],"observationCount":1},"geometry":{"type":"Point","coordinates":[96.68664044,45.95701641]}},{"type":"Feature","id":"tracker-control:583","properties":{"project":"Buduunkhad","projectKey":"buduunkhad","area":"Бүдүүн хад","licence":"XV-023222","sensor":"Base / Control","dataType":"control_reference_point","controlType":"gcp","name":"GCP2","plannedActual":"reference","status":"confirmed_source","contextOnly":true,"sourceFile":"Buduunkhad_Drone_Project_Tracker.xlsx","sourceUrl":"https://docs.google.com/spreadsheets/d/1DwydImVmcQvj7s4loVRk_4K9-VQ7szXz/edit?gid=991918308","sourceCrs":"EPSG:32647","displayCrs":"EPSG:4326","crsVerified":true,"easting":320730.372,"northing":5091458.601,"elevationM":1656.926,"dates":["2026-06-19"],"observationCount":1},"geometry":{"type":"Point","coordinates":[96.68674754,45.95328117]}},{"type":"Feature","id":"tracker-control:584","properties":{"project":"Buduunkhad","projectKey":"buduunkhad","area":"Бүдүүн хад","licence":"XV-023222","sensor":"Base / Control","dataType":"control_reference_point","controlType":"gcp","name":"GCP1","plannedActual":"reference","status":"confirmed_source","contextOnly":true,"sourceFile":"Buduunkhad_Drone_Project_Tracker.xlsx","sourceUrl":"https://docs.google.com/spreadsheets/d/1DwydImVmcQvj7s4loVRk_4K9-VQ7szXz/edit?gid=991918308","sourceCrs":"EPSG:32647","displayCrs":"EPSG:4326","crsVerified":true,"easting":321436.723,"northing":5091161.67,"elevationM":1672.818,"dates":["2026-06-19"],"observationCount":1},"geometry":{"type":"Point","coordinates":[96.69596536,45.9507949]}},{"type":"Feature","id":"tracker-control:585","properties":{"project":"Buduunkhad","projectKey":"buduunkhad","area":"Бүдүүн хад","licence":"XV-023222","sensor":"Base / Control","dataType":"control_reference_point","controlType":"gcp","name":"GCP4","plannedActual":"reference","status":"confirmed_source","contextOnly":true,"sourceFile":"Buduunkhad_Drone_Project_Tracker.xlsx","sourceUrl":"https://docs.google.com/spreadsheets/d/1DwydImVmcQvj7s4loVRk_4K9-VQ7szXz/edit?gid=991918308","sourceCrs":"EPSG:32647","displayCrs":"EPSG:4326","crsVerified":true,"easting":319235.038,"northing":5091881.017,"elevationM":1689.474,"dates":["2026-06-20"],"observationCount":1},"geometry":{"type":"Point","coordinates":[96.66730875,45.95668785]}},{"type":"Feature","id":"tracker-control:586","properties":{"project":"Buduunkhad","projectKey":"buduunkhad","area":"Бүдүүн хад","licence":"XV-023222","sensor":"Base / Control","dataType":"control_reference_point","controlType":"gcp","name":"gcp-1","plannedActual":"reference","status":"confirmed_source","contextOnly":true,"sourceFile":"Buduunkhad_Drone_Project_Tracker.xlsx","sourceUrl":"https://docs.google.com/spreadsheets/d/1DwydImVmcQvj7s4loVRk_4K9-VQ7szXz/edit?gid=991918308","sourceCrs":"EPSG:32647","displayCrs":"EPSG:4326","crsVerified":true,"easting":319343.594,"northing":5092607.333,"elevationM":1720.601,"dates":["2026-06-22"],"observationCount":1},"geometry":{"type":"Point","coordinates":[96.66843435,45.96324814]}},{"type":"Feature","id":"tracker-control:587","properties":{"project":"Buduunkhad","projectKey":"buduunkhad","area":"Бүдүүн хад","licence":"XV-023222","sensor":"Base / Control","dataType":"control_reference_point","controlType":"gcp","name":"gcp-2","plannedActual":"reference","status":"confirmed_source","contextOnly":true,"sourceFile":"Buduunkhad_Drone_Project_Tracker.xlsx","sourceUrl":"https://docs.google.com/spreadsheets/d/1DwydImVmcQvj7s4loVRk_4K9-VQ7szXz/edit?gid=991918308","sourceCrs":"EPSG:32647","displayCrs":"EPSG:4326","crsVerified":true,"easting":317939.757,"northing":5092631.173,"elevationM":1714.685,"dates":["2026-06-22"],"observationCount":1},"geometry":{"type":"Point","coordinates":[96.65032261,45.96309157]}},{"type":"Feature","id":"tracker-control:588","properties":{"project":"Buduunkhad","projectKey":"buduunkhad","area":"Бүдүүн хад","licence":"XV-023222","sensor":"Base / Control","dataType":"control_reference_point","controlType":"gcp","name":"gcp-3","plannedActual":"reference","status":"confirmed_source","contextOnly":true,"sourceFile":"Buduunkhad_Drone_Project_Tracker.xlsx","sourceUrl":"https://docs.google.com/spreadsheets/d/1DwydImVmcQvj7s4loVRk_4K9-VQ7szXz/edit?gid=991918308","sourceCrs":"EPSG:32647","displayCrs":"EPSG:4326","crsVerified":true,"easting":318608.335,"northing":5092600.927,"elevationM":1737.224,"dates":["2026-06-22"],"observationCount":1},"geometry":{"type":"Point","coordinates":[96.65895546,45.9629966]}},{"type":"Feature","id":"tracker-control:589","properties":{"project":"Buduunkhad","projectKey":"buduunkhad","area":"Бүдүүн хад","licence":"XV-023222","sensor":"Base / Control","dataType":"control_reference_point","controlType":"gcp","name":"gcp-4","plannedActual":"reference","status":"confirmed_source","contextOnly":true,"sourceFile":"Buduunkhad_Drone_Project_Tracker.xlsx","sourceUrl":"https://docs.google.com/spreadsheets/d/1DwydImVmcQvj7s4loVRk_4K9-VQ7szXz/edit?gid=991918308","sourceCrs":"EPSG:32647","displayCrs":"EPSG:4326","crsVerified":true,"easting":318644.821,"northing":5093334.339,"elevationM":1784.264,"dates":["2026-06-22"],"observationCount":1},"geometry":{"type":"Point","coordinates":[96.65914801,45.96960173]}},{"type":"Feature","id":"tracker-control:590","properties":{"project":"Buduunkhad","projectKey":"buduunkhad","area":"Бүдүүн хад","licence":"XV-023222","sensor":"Base / Control","dataType":"control_reference_point","controlType":"gcp","name":"gcp-5","plannedActual":"reference","status":"confirmed_source","contextOnly":true,"sourceFile":"Buduunkhad_Drone_Project_Tracker.xlsx","sourceUrl":"https://docs.google.com/spreadsheets/d/1DwydImVmcQvj7s4loVRk_4K9-VQ7szXz/edit?gid=991918308","sourceCrs":"EPSG:32647","displayCrs":"EPSG:4326","crsVerified":true,"easting":317243.569,"northing":5093360.316,"elevationM":1741.482,"dates":["2026-06-22"],"observationCount":1},"geometry":{"type":"Point","coordinates":[96.64106681,45.96946355]}},{"type":"Feature","id":"tracker-control:591","properties":{"project":"Buduunkhad","projectKey":"buduunkhad","area":"Бүдүүн хад","licence":"XV-023222","sensor":"Base / Control","dataType":"control_reference_point","controlType":"gcp","name":"gcp-6","plannedActual":"reference","status":"confirmed_source","contextOnly":true,"sourceFile":"Buduunkhad_Drone_Project_Tracker.xlsx","sourceUrl":"https://docs.google.com/spreadsheets/d/1DwydImVmcQvj7s4loVRk_4K9-VQ7szXz/edit?gid=991918308","sourceCrs":"EPSG:32647","displayCrs":"EPSG:4326","crsVerified":true,"easting":317268.093,"northing":5094036.302,"elevationM":1791.194,"dates":["2026-06-22"],"observationCount":1},"geometry":{"type":"Point","coordinates":[96.64112488,45.97554905]}},{"type":"Feature","id":"tracker-control:592","properties":{"project":"Buduunkhad","projectKey":"buduunkhad","area":"Бүдүүн хад","licence":"XV-023222","sensor":"Base / Control","dataType":"control_reference_point","controlType":"gcp","name":"gcp-7","plannedActual":"reference","status":"confirmed_source","contextOnly":true,"sourceFile":"Buduunkhad_Drone_Project_Tracker.xlsx","sourceUrl":"https://docs.google.com/spreadsheets/d/1DwydImVmcQvj7s4loVRk_4K9-VQ7szXz/edit?gid=991918308","sourceCrs":"EPSG:32647","displayCrs":"EPSG:4326","crsVerified":true,"easting":316573.118,"northing":5094083.494,"elevationM":1776.643,"dates":["2026-06-23"],"observationCount":1},"geometry":{"type":"Point","coordinates":[96.63214313,45.97578797]}},{"type":"Feature","id":"tracker-control:593","properties":{"project":"Buduunkhad","projectKey":"buduunkhad","area":"Бүдүүн хад","licence":"XV-023222","sensor":"Base / Control","dataType":"control_reference_point","controlType":"gcp","name":"gcp-8","plannedActual":"reference","status":"confirmed_source","contextOnly":true,"sourceFile":"Buduunkhad_Drone_Project_Tracker.xlsx","sourceUrl":"https://docs.google.com/spreadsheets/d/1DwydImVmcQvj7s4loVRk_4K9-VQ7szXz/edit?gid=991918308","sourceCrs":"EPSG:32647","displayCrs":"EPSG:4326","crsVerified":true,"easting":316587.519,"northing":5094806.98,"elevationM":1816.04,"dates":["2026-06-23"],"observationCount":1},"geometry":{"type":"Point","coordinates":[96.63205139,45.9822979]}},{"type":"Feature","id":"tracker-control:594","properties":{"project":"Buduunkhad","projectKey":"buduunkhad","area":"Бүдүүн хад","licence":"XV-023222","sensor":"Base / Control","dataType":"control_reference_point","controlType":"gcp","name":"gcp-9","plannedActual":"reference","status":"confirmed_source","contextOnly":true,"sourceFile":"Buduunkhad_Drone_Project_Tracker.xlsx","sourceUrl":"https://docs.google.com/spreadsheets/d/1DwydImVmcQvj7s4loVRk_4K9-VQ7szXz/edit?gid=991918308","sourceCrs":"EPSG:32647","displayCrs":"EPSG:4326","crsVerified":true,"easting":315157.303,"northing":5094801.128,"elevationM":1835.982,"dates":["2026-06-23"],"observationCount":1},"geometry":{"type":"Point","coordinates":[96.61360499,45.98186132]}},{"type":"Feature","id":"tracker-control:595","properties":{"project":"Buduunkhad","projectKey":"buduunkhad","area":"Бүдүүн хад","licence":"XV-023222","sensor":"Base / Control","dataType":"control_reference_point","controlType":"gcp","name":"gcp-10","plannedActual":"reference","status":"confirmed_source","contextOnly":true,"sourceFile":"Buduunkhad_Drone_Project_Tracker.xlsx","sourceUrl":"https://docs.google.com/spreadsheets/d/1DwydImVmcQvj7s4loVRk_4K9-VQ7szXz/edit?gid=991918308","sourceCrs":"EPSG:32647","displayCrs":"EPSG:4326","crsVerified":true,"easting":316669.698,"northing":5093719.559,"elevationM":1763.739,"dates":["2026-06-23"],"observationCount":1},"geometry":{"type":"Point","coordinates":[96.63352828,45.97254103]}},{"type":"Feature","id":"tracker-control:596","properties":{"project":"Buduunkhad","projectKey":"buduunkhad","area":"Бүдүүн хад","licence":"XV-023222","sensor":"Base / Control","dataType":"control_reference_point","controlType":"gcp","name":"gcp-11","plannedActual":"reference","status":"confirmed_source","contextOnly":true,"sourceFile":"Buduunkhad_Drone_Project_Tracker.xlsx","sourceUrl":"https://docs.google.com/spreadsheets/d/1DwydImVmcQvj7s4loVRk_4K9-VQ7szXz/edit?gid=991918308","sourceCrs":"EPSG:32647","displayCrs":"EPSG:4326","crsVerified":true,"easting":315823.131,"northing":5094366.436,"elevationM":1805.586,"dates":["2026-06-23"],"observationCount":1},"geometry":{"type":"Point","coordinates":[96.62236102,45.97813142]}},{"type":"Feature","id":"tracker-control:597","properties":{"project":"Buduunkhad","projectKey":"buduunkhad","area":"Бүдүүн хад","licence":"XV-023222","sensor":"Base / Control","dataType":"control_reference_point","controlType":"gcp","name":"gcp-12","plannedActual":"reference","status":"confirmed_source","contextOnly":true,"sourceFile":"Buduunkhad_Drone_Project_Tracker.xlsx","sourceUrl":"https://docs.google.com/spreadsheets/d/1DwydImVmcQvj7s4loVRk_4K9-VQ7szXz/edit?gid=991918308","sourceCrs":"EPSG:32647","displayCrs":"EPSG:4326","crsVerified":true,"easting":314892.099,"northing":5095194.183,"elevationM":1855.352,"dates":["2026-06-23"],"observationCount":1},"geometry":{"type":"Point","coordinates":[96.61003194,45.98532435]}},{"type":"Feature","id":"tracker-control:598","properties":{"project":"Buduunkhad","projectKey":"buduunkhad","area":"Бүдүүн хад","licence":"XV-023222","sensor":"Base / Control","dataType":"control_reference_point","controlType":"gcp","name":"gcp-13","plannedActual":"reference","status":"confirmed_source","contextOnly":true,"sourceFile":"Buduunkhad_Drone_Project_Tracker.xlsx","sourceUrl":"https://docs.google.com/spreadsheets/d/1DwydImVmcQvj7s4loVRk_4K9-VQ7szXz/edit?gid=991918308","sourceCrs":"EPSG:32647","displayCrs":"EPSG:4326","crsVerified":true,"easting":314705.478,"northing":5095541.586,"elevationM":1871.588,"dates":["2026-06-23"],"observationCount":1},"geometry":{"type":"Point","coordinates":[96.6074899,45.98839798]}},{"type":"Feature","id":"tracker-control:599","properties":{"project":"Buduunkhad","projectKey":"buduunkhad","area":"Бүдүүн хад","licence":"XV-023222","sensor":"Base / Control","dataType":"control_reference_point","controlType":"gcp","name":"gcp-14","plannedActual":"reference","status":"confirmed_source","contextOnly":true,"sourceFile":"Buduunkhad_Drone_Project_Tracker.xlsx","sourceUrl":"https://docs.google.com/spreadsheets/d/1DwydImVmcQvj7s4loVRk_4K9-VQ7szXz/edit?gid=991918308","sourceCrs":"EPSG:32647","displayCrs":"EPSG:4326","crsVerified":true,"easting":315169.912,"northing":5095531.844,"elevationM":1869.704,"dates":["2026-06-23"],"observationCount":1},"geometry":{"type":"Point","coordinates":[96.61348513,45.98843572]}},{"type":"Feature","id":"tracker-control:600","properties":{"project":"Buduunkhad","projectKey":"buduunkhad","area":"Бүдүүн хад","licence":"XV-023222","sensor":"Base / Control","dataType":"control_reference_point","controlType":"gcp","name":"GCP1","plannedActual":"reference","status":"confirmed_source","contextOnly":true,"sourceFile":"Buduunkhad_Drone_Project_Tracker.xlsx","sourceUrl":"https://docs.google.com/spreadsheets/d/1DwydImVmcQvj7s4loVRk_4K9-VQ7szXz/edit?gid=991918308","sourceCrs":"EPSG:32647","displayCrs":"EPSG:4326","crsVerified":true,"easting":320745.461,"northing":5091868.075,"elevationM":1671.22,"dates":["2026-06-25"],"observationCount":1},"geometry":{"type":"Point","coordinates":[96.68678879,45.95696753]}},{"type":"Feature","id":"tracker-control:601","properties":{"project":"Buduunkhad","projectKey":"buduunkhad","area":"Бүдүүн хад","licence":"XV-023222","sensor":"Base / Control","dataType":"control_reference_point","controlType":"gcp","name":"GCP2","plannedActual":"reference","status":"confirmed_source","contextOnly":true,"sourceFile":"Buduunkhad_Drone_Project_Tracker.xlsx","sourceUrl":"https://docs.google.com/spreadsheets/d/1DwydImVmcQvj7s4loVRk_4K9-VQ7szXz/edit?gid=991918308","sourceCrs":"EPSG:32647","displayCrs":"EPSG:4326","crsVerified":true,"easting":320038.836,"northing":5091870.406,"elevationM":1675.393,"dates":["2026-06-25"],"observationCount":1},"geometry":{"type":"Point","coordinates":[96.67767675,45.95680361]}},{"type":"Feature","id":"tracker-control:602","properties":{"project":"Buduunkhad","projectKey":"buduunkhad","area":"Бүдүүн хад","licence":"XV-023222","sensor":"Base / Control","dataType":"control_reference_point","controlType":"gcp","name":"GCP3","plannedActual":"reference","status":"confirmed_source","contextOnly":true,"sourceFile":"Buduunkhad_Drone_Project_Tracker.xlsx","sourceUrl":"https://docs.google.com/spreadsheets/d/1DwydImVmcQvj7s4loVRk_4K9-VQ7szXz/edit?gid=991918308","sourceCrs":"EPSG:32647","displayCrs":"EPSG:4326","crsVerified":true,"easting":320054.346,"northing":5092574.548,"elevationM":1707.477,"dates":["2026-06-25"],"observationCount":1},"geometry":{"type":"Point","coordinates":[96.67761205,45.96314003]}},{"type":"Feature","id":"tracker-control:603","properties":{"project":"Buduunkhad","projectKey":"buduunkhad","area":"Бүдүүн хад","licence":"XV-023222","sensor":"Base / Control","dataType":"control_reference_point","controlType":"gcp","name":"GCP4","plannedActual":"reference","status":"confirmed_source","contextOnly":true,"sourceFile":"Buduunkhad_Drone_Project_Tracker.xlsx","sourceUrl":"https://docs.google.com/spreadsheets/d/1DwydImVmcQvj7s4loVRk_4K9-VQ7szXz/edit?gid=991918308","sourceCrs":"EPSG:32647","displayCrs":"EPSG:4326","crsVerified":true,"easting":322784.315,"northing":5092720.663,"elevationM":1818.664,"dates":["2026-06-26"],"observationCount":1},"geometry":{"type":"Point","coordinates":[96.71276243,45.96516443]}},{"type":"Feature","id":"tracker-control:604","properties":{"project":"Buduunkhad","projectKey":"buduunkhad","area":"Бүдүүн хад","licence":"XV-023222","sensor":"Base / Control","dataType":"control_reference_point","controlType":"gcp","name":"GCP5","plannedActual":"reference","status":"confirmed_source","contextOnly":true,"sourceFile":"Buduunkhad_Drone_Project_Tracker.xlsx","sourceUrl":"https://docs.google.com/spreadsheets/d/1DwydImVmcQvj7s4loVRk_4K9-VQ7szXz/edit?gid=991918308","sourceCrs":"EPSG:32647","displayCrs":"EPSG:4326","crsVerified":true,"easting":322885.454,"northing":5093116.555,"elevationM":1819.259,"dates":["2026-06-26"],"observationCount":1},"geometry":{"type":"Point","coordinates":[96.7139202,45.96875089]}},{"type":"Feature","id":"tracker-control:605","properties":{"project":"Buduunkhad","projectKey":"buduunkhad","area":"Бүдүүн хад","licence":"XV-023222","sensor":"Base / Control","dataType":"control_reference_point","controlType":"gcp","name":"GCP6","plannedActual":"reference","status":"confirmed_source","contextOnly":true,"sourceFile":"Buduunkhad_Drone_Project_Tracker.xlsx","sourceUrl":"https://docs.google.com/spreadsheets/d/1DwydImVmcQvj7s4loVRk_4K9-VQ7szXz/edit?gid=991918308","sourceCrs":"EPSG:32647","displayCrs":"EPSG:4326","crsVerified":true,"easting":322244.697,"northing":5093901.957,"elevationM":1839.574,"dates":["2026-06-26"],"observationCount":1},"geometry":{"type":"Point","coordinates":[96.7053646,45.97564845]}},{"type":"Feature","id":"tracker-control:606","properties":{"project":"Buduunkhad","projectKey":"buduunkhad","area":"Бүдүүн хад","licence":"XV-023222","sensor":"Base / Control","dataType":"control_reference_point","controlType":"gcp","name":"GCP7","plannedActual":"reference","status":"confirmed_source","contextOnly":true,"sourceFile":"Buduunkhad_Drone_Project_Tracker.xlsx","sourceUrl":"https://docs.google.com/spreadsheets/d/1DwydImVmcQvj7s4loVRk_4K9-VQ7szXz/edit?gid=991918308","sourceCrs":"EPSG:32647","displayCrs":"EPSG:4326","crsVerified":true,"easting":322605.367,"northing":5094494.431,"elevationM":1843.49,"dates":["2026-06-26"],"observationCount":1},"geometry":{"type":"Point","coordinates":[96.70979693,45.98107003]}},{"type":"Feature","id":"tracker-control:607","properties":{"project":"Buduunkhad","projectKey":"buduunkhad","area":"Бүдүүн хад","licence":"XV-023222","sensor":"Base / Control","dataType":"control_reference_point","controlType":"gcp","name":"GCP8","plannedActual":"reference","status":"confirmed_source","contextOnly":true,"sourceFile":"Buduunkhad_Drone_Project_Tracker.xlsx","sourceUrl":"https://docs.google.com/spreadsheets/d/1DwydImVmcQvj7s4loVRk_4K9-VQ7szXz/edit?gid=991918308","sourceCrs":"EPSG:32647","displayCrs":"EPSG:4326","crsVerified":true,"easting":322341.836,"northing":5094694.733,"elevationM":1854.483,"dates":["2026-06-26"],"observationCount":1},"geometry":{"type":"Point","coordinates":[96.70632302,45.98280317]}},{"type":"Feature","id":"tracker-control:608","properties":{"project":"Buduunkhad","projectKey":"buduunkhad","area":"Бүдүүн хад","licence":"XV-023222","sensor":"Base / Control","dataType":"control_reference_point","controlType":"gcp","name":"GCP9","plannedActual":"reference","status":"confirmed_source","contextOnly":true,"sourceFile":"Buduunkhad_Drone_Project_Tracker.xlsx","sourceUrl":"https://docs.google.com/spreadsheets/d/1DwydImVmcQvj7s4loVRk_4K9-VQ7szXz/edit?gid=991918308","sourceCrs":"EPSG:32647","displayCrs":"EPSG:4326","crsVerified":true,"easting":322928.678,"northing":5095343.958,"elevationM":1837.393,"dates":["2026-06-26","2026-06-29"],"observationCount":2},"geometry":{"type":"Point","coordinates":[96.71365292,45.98879354]}},{"type":"Feature","id":"tracker-control:609","properties":{"project":"Buduunkhad","projectKey":"buduunkhad","area":"Бүдүүн хад","licence":"XV-023222","sensor":"Base / Control","dataType":"control_reference_point","controlType":"gcp","name":"gcp1","plannedActual":"reference","status":"confirmed_source","contextOnly":true,"sourceFile":"Buduunkhad_Drone_Project_Tracker.xlsx","sourceUrl":"https://docs.google.com/spreadsheets/d/1DwydImVmcQvj7s4loVRk_4K9-VQ7szXz/edit?gid=991918308","sourceCrs":"EPSG:32647","displayCrs":"EPSG:4326","crsVerified":true,"easting":323241.624,"northing":5094086.149,"elevationM":1816.334,"dates":["2026-06-29"],"observationCount":1},"geometry":{"type":"Point","coordinates":[96.71815545,45.97756252]}},{"type":"Feature","id":"tracker-control:610","properties":{"project":"Buduunkhad","projectKey":"buduunkhad","area":"Бүдүүн хад","licence":"XV-023222","sensor":"Base / Control","dataType":"control_reference_point","controlType":"gcp","name":"gcp2","plannedActual":"reference","status":"confirmed_source","contextOnly":true,"sourceFile":"Buduunkhad_Drone_Project_Tracker.xlsx","sourceUrl":"https://docs.google.com/spreadsheets/d/1DwydImVmcQvj7s4loVRk_4K9-VQ7szXz/edit?gid=991918308","sourceCrs":"EPSG:32647","displayCrs":"EPSG:4326","crsVerified":true,"easting":323548.792,"northing":5094097.689,"elevationM":1796.745,"dates":["2026-06-29"],"observationCount":1},"geometry":{"type":"Point","coordinates":[96.72211337,45.97774539]}},{"type":"Feature","id":"tracker-control:611","properties":{"project":"Buduunkhad","projectKey":"buduunkhad","area":"Бүдүүн хад","licence":"XV-023222","sensor":"Base / Control","dataType":"control_reference_point","controlType":"gcp","name":"gcp3","plannedActual":"reference","status":"confirmed_source","contextOnly":true,"sourceFile":"Buduunkhad_Drone_Project_Tracker.xlsx","sourceUrl":"https://docs.google.com/spreadsheets/d/1DwydImVmcQvj7s4loVRk_4K9-VQ7szXz/edit?gid=991918308","sourceCrs":"EPSG:32647","displayCrs":"EPSG:4326","crsVerified":true,"easting":323512.317,"northing":5094585.425,"elevationM":1792.189,"dates":["2026-06-29"],"observationCount":1},"geometry":{"type":"Point","coordinates":[96.72146287,45.98212234]}},{"type":"Feature","id":"tracker-control:612","properties":{"project":"Buduunkhad","projectKey":"buduunkhad","area":"Бүдүүн хад","licence":"XV-023222","sensor":"Base / Control","dataType":"control_reference_point","controlType":"gcp","name":"GCP10","plannedActual":"reference","status":"confirmed_source","contextOnly":true,"sourceFile":"Buduunkhad_Drone_Project_Tracker.xlsx","sourceUrl":"https://docs.google.com/spreadsheets/d/1DwydImVmcQvj7s4loVRk_4K9-VQ7szXz/edit?gid=991918308","sourceCrs":"EPSG:32647","displayCrs":"EPSG:4326","crsVerified":true,"easting":323599.81,"northing":5094884.498,"elevationM":1808.782,"dates":["2026-06-29"],"observationCount":1},"geometry":{"type":"Point","coordinates":[96.72248119,45.98483448]}},{"type":"Feature","id":"tracker-control:613","properties":{"project":"Buduunkhad","projectKey":"buduunkhad","area":"Бүдүүн хад","licence":"XV-023222","sensor":"Base / Control","dataType":"control_reference_point","controlType":"gcp","name":"cgp1","plannedActual":"reference","status":"confirmed_source","contextOnly":true,"sourceFile":"Buduunkhad_Drone_Project_Tracker.xlsx","sourceUrl":"https://docs.google.com/spreadsheets/d/1DwydImVmcQvj7s4loVRk_4K9-VQ7szXz/edit?gid=991918308","sourceCrs":"EPSG:32647","displayCrs":"EPSG:4326","crsVerified":true,"easting":323253.38,"northing":5095443.721,"elevationM":1813.139,"dates":["2026-06-30"],"observationCount":1},"geometry":{"type":"Point","coordinates":[96.71780522,45.9897745]}},{"type":"Feature","id":"tracker-control:614","properties":{"project":"Buduunkhad","projectKey":"buduunkhad","area":"Бүдүүн хад","licence":"XV-023222","sensor":"Base / Control","dataType":"control_reference_point","controlType":"gcp","name":"gcp2","plannedActual":"reference","status":"confirmed_source","contextOnly":true,"sourceFile":"Buduunkhad_Drone_Project_Tracker.xlsx","sourceUrl":"https://docs.google.com/spreadsheets/d/1DwydImVmcQvj7s4loVRk_4K9-VQ7szXz/edit?gid=991918308","sourceCrs":"EPSG:32647","displayCrs":"EPSG:4326","crsVerified":true,"easting":322247.497,"northing":5096058.373,"elevationM":1784.508,"dates":["2026-06-30"],"observationCount":1},"geometry":{"type":"Point","coordinates":[96.70459891,45.99504212]}},{"type":"Feature","id":"tracker-control:615","properties":{"project":"Buduunkhad","projectKey":"buduunkhad","area":"Бүдүүн хад","licence":"XV-023222","sensor":"Base / Control","dataType":"control_reference_point","controlType":"gcp","name":"gcp3","plannedActual":"reference","status":"confirmed_source","contextOnly":true,"sourceFile":"Buduunkhad_Drone_Project_Tracker.xlsx","sourceUrl":"https://docs.google.com/spreadsheets/d/1DwydImVmcQvj7s4loVRk_4K9-VQ7szXz/edit?gid=991918308","sourceCrs":"EPSG:32647","displayCrs":"EPSG:4326","crsVerified":true,"easting":322945.129,"northing":5096051.856,"elevationM":1765.412,"dates":["2026-06-30"],"observationCount":1},"geometry":{"type":"Point","coordinates":[96.7136029,45.99516404]}},{"type":"Feature","id":"tracker-control:616","properties":{"project":"Buduunkhad","projectKey":"buduunkhad","area":"Бүдүүн хад","licence":"XV-023222","sensor":"Base / Control","dataType":"control_reference_point","controlType":"gcp","name":"gcp4","plannedActual":"reference","status":"confirmed_source","contextOnly":true,"sourceFile":"Buduunkhad_Drone_Project_Tracker.xlsx","sourceUrl":"https://docs.google.com/spreadsheets/d/1DwydImVmcQvj7s4loVRk_4K9-VQ7szXz/edit?gid=991918308","sourceCrs":"EPSG:32647","displayCrs":"EPSG:4326","crsVerified":true,"easting":323527.489,"northing":5096010.264,"elevationM":1750.393,"dates":["2026-06-30"],"observationCount":1},"geometry":{"type":"Point","coordinates":[96.72113253,45.99494015]}},{"type":"Feature","id":"tracker-control:617","properties":{"project":"Buduunkhad","projectKey":"buduunkhad","area":"Бүдүүн хад","licence":"XV-023222","sensor":"Base / Control","dataType":"control_reference_point","controlType":"gcp","name":"gcp5","plannedActual":"reference","status":"confirmed_source","contextOnly":true,"sourceFile":"Buduunkhad_Drone_Project_Tracker.xlsx","sourceUrl":"https://docs.google.com/spreadsheets/d/1DwydImVmcQvj7s4loVRk_4K9-VQ7szXz/edit?gid=991918308","sourceCrs":"EPSG:32647","displayCrs":"EPSG:4326","crsVerified":true,"easting":323289.494,"northing":5096527.759,"elevationM":1760.03,"dates":["2026-06-30"],"observationCount":1},"geometry":{"type":"Point","coordinates":[96.71787025,45.99953278]}},{"type":"Feature","id":"tracker-control:618","properties":{"project":"Buduunkhad","projectKey":"buduunkhad","area":"Бүдүүн хад","licence":"XV-023222","sensor":"Base / Control","dataType":"control_reference_point","controlType":"gcp","name":"gcp6","plannedActual":"reference","status":"confirmed_source","contextOnly":true,"sourceFile":"Buduunkhad_Drone_Project_Tracker.xlsx","sourceUrl":"https://docs.google.com/spreadsheets/d/1DwydImVmcQvj7s4loVRk_4K9-VQ7szXz/edit?gid=991918308","sourceCrs":"EPSG:32647","displayCrs":"EPSG:4326","crsVerified":true,"easting":322628.644,"northing":5096592.319,"elevationM":1774.355,"dates":["2026-06-30"],"observationCount":1},"geometry":{"type":"Point","coordinates":[96.70931862,45.99994269]}},{"type":"Feature","id":"tracker-control:619","properties":{"project":"Buduunkhad","projectKey":"buduunkhad","area":"Бүдүүн хад","licence":"XV-023222","sensor":"Base / Control","dataType":"control_reference_point","controlType":"gcp","name":"gcp7","plannedActual":"reference","status":"confirmed_source","contextOnly":true,"sourceFile":"Buduunkhad_Drone_Project_Tracker.xlsx","sourceUrl":"https://docs.google.com/spreadsheets/d/1DwydImVmcQvj7s4loVRk_4K9-VQ7szXz/edit?gid=991918308","sourceCrs":"EPSG:32647","displayCrs":"EPSG:4326","crsVerified":true,"easting":322277.811,"northing":5096689.741,"elevationM":1783.758,"dates":["2026-06-30"],"observationCount":1},"geometry":{"type":"Point","coordinates":[96.70475518,46.00072794]}},{"type":"Feature","id":"tracker-control:620","properties":{"project":"Buduunkhad","projectKey":"buduunkhad","area":"Бүдүүн хад","licence":"XV-023222","sensor":"Base / Control","dataType":"control_reference_point","controlType":"gcp","name":"gcp8","plannedActual":"reference","status":"confirmed_source","contextOnly":true,"sourceFile":"Buduunkhad_Drone_Project_Tracker.xlsx","sourceUrl":"https://docs.google.com/spreadsheets/d/1DwydImVmcQvj7s4loVRk_4K9-VQ7szXz/edit?gid=991918308","sourceCrs":"EPSG:32647","displayCrs":"EPSG:4326","crsVerified":true,"easting":321577.285,"northing":5096770.613,"elevationM":1798.616,"dates":["2026-06-30"],"observationCount":1},"geometry":{"type":"Point","coordinates":[96.69568522,46.00127323]}},{"type":"Feature","id":"tracker-control:621","properties":{"project":"Buduunkhad","projectKey":"buduunkhad","area":"Бүдүүн хад","licence":"XV-023222","sensor":"Base / Control","dataType":"control_reference_point","controlType":"gcp","name":"gcp9","plannedActual":"reference","status":"confirmed_source","contextOnly":true,"sourceFile":"Buduunkhad_Drone_Project_Tracker.xlsx","sourceUrl":"https://docs.google.com/spreadsheets/d/1DwydImVmcQvj7s4loVRk_4K9-VQ7szXz/edit?gid=991918308","sourceCrs":"EPSG:32647","displayCrs":"EPSG:4326","crsVerified":true,"easting":321552.63,"northing":5096217.81,"elevationM":1812.656,"dates":["2026-06-30"],"observationCount":1},"geometry":{"type":"Point","coordinates":[96.69557356,45.99629542]}},{"type":"Feature","id":"tracker-control:622","properties":{"project":"Buduunkhad","projectKey":"buduunkhad","area":"Бүдүүн хад","licence":"XV-023222","sensor":"Base / Control","dataType":"control_reference_point","controlType":"gcp","name":"gcp10","plannedActual":"reference","status":"confirmed_source","contextOnly":true,"sourceFile":"Buduunkhad_Drone_Project_Tracker.xlsx","sourceUrl":"https://docs.google.com/spreadsheets/d/1DwydImVmcQvj7s4loVRk_4K9-VQ7szXz/edit?gid=991918308","sourceCrs":"EPSG:32647","displayCrs":"EPSG:4326","crsVerified":true,"easting":321030.673,"northing":5096305.392,"elevationM":1848.41,"dates":["2026-06-30"],"observationCount":1},"geometry":{"type":"Point","coordinates":[96.68880587,45.99694698]}},{"type":"Feature","id":"tracker-control:623","properties":{"project":"Buduunkhad","projectKey":"buduunkhad","area":"Бүдүүн хад","licence":"XV-023222","sensor":"Base / Control","dataType":"control_reference_point","controlType":"gcp","name":"gcp1","plannedActual":"reference","status":"confirmed_source","contextOnly":true,"sourceFile":"Buduunkhad_Drone_Project_Tracker.xlsx","sourceUrl":"https://docs.google.com/spreadsheets/d/1DwydImVmcQvj7s4loVRk_4K9-VQ7szXz/edit?gid=991918308","sourceCrs":"EPSG:32647","displayCrs":"EPSG:4326","crsVerified":true,"easting":318447.615,"northing":5094107.119,"elevationM":1838.814,"dates":["2026-07-01"],"observationCount":1},"geometry":{"type":"Point","coordinates":[96.65631144,45.97649907]}},{"type":"Feature","id":"tracker-control:624","properties":{"project":"Buduunkhad","projectKey":"buduunkhad","area":"Бүдүүн хад","licence":"XV-023222","sensor":"Base / Control","dataType":"control_reference_point","controlType":"gcp","name":"gcp2","plannedActual":"reference","status":"confirmed_source","contextOnly":true,"sourceFile":"Buduunkhad_Drone_Project_Tracker.xlsx","sourceUrl":"https://docs.google.com/spreadsheets/d/1DwydImVmcQvj7s4loVRk_4K9-VQ7szXz/edit?gid=991918308","sourceCrs":"EPSG:32647","displayCrs":"EPSG:4326","crsVerified":true,"easting":318440.673,"northing":5094734.828,"elevationM":1882.3,"dates":["2026-07-01"],"observationCount":1},"geometry":{"type":"Point","coordinates":[96.65598358,45.98214212]}},{"type":"Feature","id":"tracker-control:625","properties":{"project":"Buduunkhad","projectKey":"buduunkhad","area":"Бүдүүн хад","licence":"XV-023222","sensor":"Base / Control","dataType":"control_reference_point","controlType":"gcp","name":"gcp3","plannedActual":"reference","status":"confirmed_source","contextOnly":true,"sourceFile":"Buduunkhad_Drone_Project_Tracker.xlsx","sourceUrl":"https://docs.google.com/spreadsheets/d/1DwydImVmcQvj7s4loVRk_4K9-VQ7szXz/edit?gid=991918308","sourceCrs":"EPSG:32647","displayCrs":"EPSG:4326","crsVerified":true,"easting":317948.815,"northing":5094028.095,"elevationM":1829.591,"dates":["2026-07-01"],"observationCount":1},"geometry":{"type":"Point","coordinates":[96.6499079,45.97565623]}},{"type":"Feature","id":"tracker-control:626","properties":{"project":"Buduunkhad","projectKey":"buduunkhad","area":"Бүдүүн хад","licence":"XV-023222","sensor":"Base / Control","dataType":"control_reference_point","controlType":"gcp","name":"gcp4","plannedActual":"reference","status":"confirmed_source","contextOnly":true,"sourceFile":"Buduunkhad_Drone_Project_Tracker.xlsx","sourceUrl":"https://docs.google.com/spreadsheets/d/1DwydImVmcQvj7s4loVRk_4K9-VQ7szXz/edit?gid=991918308","sourceCrs":"EPSG:32647","displayCrs":"EPSG:4326","crsVerified":true,"easting":317274.593,"northing":5094144.413,"elevationM":1799.351,"dates":["2026-07-01"],"observationCount":1},"geometry":{"type":"Point","coordinates":[96.64116741,45.976523]}},{"type":"Feature","id":"tracker-control:627","properties":{"project":"Buduunkhad","projectKey":"buduunkhad","area":"Бүдүүн хад","licence":"XV-023222","sensor":"Base / Control","dataType":"control_reference_point","controlType":"gcp","name":"gcp5","plannedActual":"reference","status":"confirmed_source","contextOnly":true,"sourceFile":"Buduunkhad_Drone_Project_Tracker.xlsx","sourceUrl":"https://docs.google.com/spreadsheets/d/1DwydImVmcQvj7s4loVRk_4K9-VQ7szXz/edit?gid=991918308","sourceCrs":"EPSG:32647","displayCrs":"EPSG:4326","crsVerified":true,"easting":317499.502,"northing":5094520.011,"elevationM":1871.989,"dates":["2026-07-01"],"observationCount":1},"geometry":{"type":"Point","coordinates":[96.64392498,45.97996053]}},{"type":"Feature","id":"tracker-control:628","properties":{"project":"Buduunkhad","projectKey":"buduunkhad","area":"Бүдүүн хад","licence":"XV-023222","sensor":"Base / Control","dataType":"control_reference_point","controlType":"gcp","name":"gcp6","plannedActual":"reference","status":"confirmed_source","contextOnly":true,"sourceFile":"Buduunkhad_Drone_Project_Tracker.xlsx","sourceUrl":"https://docs.google.com/spreadsheets/d/1DwydImVmcQvj7s4loVRk_4K9-VQ7szXz/edit?gid=991918308","sourceCrs":"EPSG:32647","displayCrs":"EPSG:4326","crsVerified":true,"easting":317889.824,"northing":5094918.069,"elevationM":1985.142,"dates":["2026-07-01"],"observationCount":1},"geometry":{"type":"Point","coordinates":[96.64880812,45.98364392]}},{"type":"Feature","id":"tracker-control:629","properties":{"project":"Buduunkhad","projectKey":"buduunkhad","area":"Бүдүүн хад","licence":"XV-023222","sensor":"Base / Control","dataType":"control_reference_point","controlType":"gcp","name":"gcp7","plannedActual":"reference","status":"confirmed_source","contextOnly":true,"sourceFile":"Buduunkhad_Drone_Project_Tracker.xlsx","sourceUrl":"https://docs.google.com/spreadsheets/d/1DwydImVmcQvj7s4loVRk_4K9-VQ7szXz/edit?gid=991918308","sourceCrs":"EPSG:32647","displayCrs":"EPSG:4326","crsVerified":true,"easting":317981.834,"northing":5095093.644,"elevationM":2015.124,"dates":["2026-07-01"],"observationCount":1},"geometry":{"type":"Point","coordinates":[96.64992819,45.98524726]}},{"type":"Feature","id":"tracker-control:630","properties":{"project":"Buduunkhad","projectKey":"buduunkhad","area":"Бүдүүн хад","licence":"XV-023222","sensor":"Base / Control","dataType":"control_reference_point","controlType":"gcp","name":"gcp8","plannedActual":"reference","status":"confirmed_source","contextOnly":true,"sourceFile":"Buduunkhad_Drone_Project_Tracker.xlsx","sourceUrl":"https://docs.google.com/spreadsheets/d/1DwydImVmcQvj7s4loVRk_4K9-VQ7szXz/edit?gid=991918308","sourceCrs":"EPSG:32647","displayCrs":"EPSG:4326","crsVerified":true,"easting":318001.605,"northing":5095309.337,"elevationM":2043.597,"dates":["2026-07-01"],"observationCount":1},"geometry":{"type":"Point","coordinates":[96.65010112,45.98719218]}},{"type":"Feature","id":"tracker-control:631","properties":{"project":"Buduunkhad","projectKey":"buduunkhad","area":"Бүдүүн хад","licence":"XV-023222","sensor":"Base / Control","dataType":"control_reference_point","controlType":"gcp","name":"gcp1","plannedActual":"reference","status":"confirmed_source","contextOnly":true,"sourceFile":"Buduunkhad_Drone_Project_Tracker.xlsx","sourceUrl":"https://docs.google.com/spreadsheets/d/1DwydImVmcQvj7s4loVRk_4K9-VQ7szXz/edit?gid=991918308","sourceCrs":"EPSG:32647","displayCrs":"EPSG:4326","crsVerified":true,"easting":320756.478,"northing":5092005.082,"elevationM":1679.113,"dates":["2026-07-02"],"observationCount":1},"geometry":{"type":"Point","coordinates":[96.68687955,45.95820252]}},{"type":"Feature","id":"tracker-control:632","properties":{"project":"Buduunkhad","projectKey":"buduunkhad","area":"Бүдүүн хад","licence":"XV-023222","sensor":"Base / Control","dataType":"control_reference_point","controlType":"gcp","name":"gcp2","plannedActual":"reference","status":"confirmed_source","contextOnly":true,"sourceFile":"Buduunkhad_Drone_Project_Tracker.xlsx","sourceUrl":"https://docs.google.com/spreadsheets/d/1DwydImVmcQvj7s4loVRk_4K9-VQ7szXz/edit?gid=991918308","sourceCrs":"EPSG:32647","displayCrs":"EPSG:4326","crsVerified":true,"easting":319583.107,"northing":5092989.644,"elevationM":1747.453,"dates":["2026-07-02"],"observationCount":1},"geometry":{"type":"Point","coordinates":[96.67137881,45.96674925]}},{"type":"Feature","id":"tracker-control:633","properties":{"project":"Buduunkhad","projectKey":"buduunkhad","area":"Бүдүүн хад","licence":"XV-023222","sensor":"Base / Control","dataType":"control_reference_point","controlType":"gcp","name":"gcp3","plannedActual":"reference","status":"confirmed_source","contextOnly":true,"sourceFile":"Buduunkhad_Drone_Project_Tracker.xlsx","sourceUrl":"https://docs.google.com/spreadsheets/d/1DwydImVmcQvj7s4loVRk_4K9-VQ7szXz/edit?gid=991918308","sourceCrs":"EPSG:32647","displayCrs":"EPSG:4326","crsVerified":true,"easting":320041.631,"northing":5092584.137,"elevationM":1708.779,"dates":["2026-07-02"],"observationCount":1},"geometry":{"type":"Point","coordinates":[96.67744448,45.96322293]}},{"type":"Feature","id":"tracker-control:634","properties":{"project":"Buduunkhad","projectKey":"buduunkhad","area":"Бүдүүн хад","licence":"XV-023222","sensor":"Base / Control","dataType":"control_reference_point","controlType":"gcp","name":"gcp4","plannedActual":"reference","status":"confirmed_source","contextOnly":true,"sourceFile":"Buduunkhad_Drone_Project_Tracker.xlsx","sourceUrl":"https://docs.google.com/spreadsheets/d/1DwydImVmcQvj7s4loVRk_4K9-VQ7szXz/edit?gid=991918308","sourceCrs":"EPSG:32647","displayCrs":"EPSG:4326","crsVerified":true,"easting":320734.246,"northing":5092536.852,"elevationM":1742.046,"dates":["2026-07-02"],"observationCount":1},"geometry":{"type":"Point","coordinates":[96.68639374,45.96297896]}},{"type":"Feature","id":"tracker-control:635","properties":{"project":"Buduunkhad","projectKey":"buduunkhad","area":"Бүдүүн хад","licence":"XV-023222","sensor":"Base / Control","dataType":"control_reference_point","controlType":"gcp","name":"gcp5","plannedActual":"reference","status":"confirmed_source","contextOnly":true,"sourceFile":"Buduunkhad_Drone_Project_Tracker.xlsx","sourceUrl":"https://docs.google.com/spreadsheets/d/1DwydImVmcQvj7s4loVRk_4K9-VQ7szXz/edit?gid=991918308","sourceCrs":"EPSG:32647","displayCrs":"EPSG:4326","crsVerified":true,"easting":321205.982,"northing":5092585.309,"elevationM":1853.747,"dates":["2026-07-02"],"observationCount":1},"geometry":{"type":"Point","coordinates":[96.69245886,45.96353779]}},{"type":"Feature","id":"tracker-control:636","properties":{"project":"Buduunkhad","projectKey":"buduunkhad","area":"Бүдүүн хад","licence":"XV-023222","sensor":"Base / Control","dataType":"control_reference_point","controlType":"gcp","name":"gcp6","plannedActual":"reference","status":"confirmed_source","contextOnly":true,"sourceFile":"Buduunkhad_Drone_Project_Tracker.xlsx","sourceUrl":"https://docs.google.com/spreadsheets/d/1DwydImVmcQvj7s4loVRk_4K9-VQ7szXz/edit?gid=991918308","sourceCrs":"EPSG:32647","displayCrs":"EPSG:4326","crsVerified":true,"easting":321033.137,"northing":5092530.669,"elevationM":1811.88,"dates":["2026-07-02"],"observationCount":1},"geometry":{"type":"Point","coordinates":[96.69025037,45.96300136]}},{"type":"Feature","id":"tracker-control:637","properties":{"project":"Buduunkhad","projectKey":"buduunkhad","area":"Бүдүүн хад","licence":"XV-023222","sensor":"Base / Control","dataType":"control_reference_point","controlType":"gcp","name":"gcp7","plannedActual":"reference","status":"confirmed_source","contextOnly":true,"sourceFile":"Buduunkhad_Drone_Project_Tracker.xlsx","sourceUrl":"https://docs.google.com/spreadsheets/d/1DwydImVmcQvj7s4loVRk_4K9-VQ7szXz/edit?gid=991918308","sourceCrs":"EPSG:32647","displayCrs":"EPSG:4326","crsVerified":true,"easting":320997.078,"northing":5092360.413,"elevationM":1811.766,"dates":["2026-07-02"],"observationCount":1},"geometry":{"type":"Point","coordinates":[96.68984904,45.96146083]}},{"type":"Feature","id":"tracker-control:638","properties":{"project":"Buduunkhad","projectKey":"buduunkhad","area":"Бүдүүн хад","licence":"XV-023222","sensor":"Base / Control","dataType":"control_reference_point","controlType":"gcp","name":"GCP1","plannedActual":"reference","status":"confirmed_source","contextOnly":true,"sourceFile":"Buduunkhad_Drone_Project_Tracker.xlsx","sourceUrl":"https://docs.google.com/spreadsheets/d/1DwydImVmcQvj7s4loVRk_4K9-VQ7szXz/edit?gid=991918308","sourceCrs":"EPSG:32647","displayCrs":"EPSG:4326","crsVerified":true,"easting":318237.333,"northing":5095471.175,"elevationM":1931.995,"dates":["2026-07-03"],"observationCount":1},"geometry":{"type":"Point","coordinates":[96.65308063,45.98871008]}},{"type":"Feature","id":"tracker-control:639","properties":{"project":"Buduunkhad","projectKey":"buduunkhad","area":"Бүдүүн хад","licence":"XV-023222","sensor":"Base / Control","dataType":"control_reference_point","controlType":"gcp","name":"GCP2","plannedActual":"reference","status":"confirmed_source","contextOnly":true,"sourceFile":"Buduunkhad_Drone_Project_Tracker.xlsx","sourceUrl":"https://docs.google.com/spreadsheets/d/1DwydImVmcQvj7s4loVRk_4K9-VQ7szXz/edit?gid=991918308","sourceCrs":"EPSG:32647","displayCrs":"EPSG:4326","crsVerified":true,"easting":317941.752,"northing":5095963.218,"elevationM":1973.516,"dates":["2026-07-03"],"observationCount":1},"geometry":{"type":"Point","coordinates":[96.6490799,45.9930565]}},{"type":"Feature","id":"tracker-control:640","properties":{"project":"Buduunkhad","projectKey":"buduunkhad","area":"Бүдүүн хад","licence":"XV-023222","sensor":"Base / Control","dataType":"control_reference_point","controlType":"gcp","name":"GCP3","plannedActual":"reference","status":"confirmed_source","contextOnly":true,"sourceFile":"Buduunkhad_Drone_Project_Tracker.xlsx","sourceUrl":"https://docs.google.com/spreadsheets/d/1DwydImVmcQvj7s4loVRk_4K9-VQ7szXz/edit?gid=991918308","sourceCrs":"EPSG:32647","displayCrs":"EPSG:4326","crsVerified":true,"easting":317728.753,"northing":5096260.78,"elevationM":1999.948,"dates":["2026-07-03"],"observationCount":1},"geometry":{"type":"Point","coordinates":[96.64621829,45.99567581]}},{"type":"Feature","id":"tracker-control:641","properties":{"project":"Buduunkhad","projectKey":"buduunkhad","area":"Бүдүүн хад","licence":"XV-023222","sensor":"Base / Control","dataType":"control_reference_point","controlType":"gcp","name":"GCP4","plannedActual":"reference","status":"confirmed_source","contextOnly":true,"sourceFile":"Buduunkhad_Drone_Project_Tracker.xlsx","sourceUrl":"https://docs.google.com/spreadsheets/d/1DwydImVmcQvj7s4loVRk_4K9-VQ7szXz/edit?gid=991918308","sourceCrs":"EPSG:32647","displayCrs":"EPSG:4326","crsVerified":true,"easting":317454.223,"northing":5096546.063,"elevationM":2029.414,"dates":["2026-07-03"],"observationCount":1},"geometry":{"type":"Point","coordinates":[96.64256715,45.99816823]}},{"type":"Feature","id":"tracker-control:642","properties":{"project":"Buduunkhad","projectKey":"buduunkhad","area":"Бүдүүн хад","licence":"XV-023222","sensor":"Base / Control","dataType":"control_reference_point","controlType":"gcp","name":"GCP5","plannedActual":"reference","status":"confirmed_source","contextOnly":true,"sourceFile":"Buduunkhad_Drone_Project_Tracker.xlsx","sourceUrl":"https://docs.google.com/spreadsheets/d/1DwydImVmcQvj7s4loVRk_4K9-VQ7szXz/edit?gid=991918308","sourceCrs":"EPSG:32647","displayCrs":"EPSG:4326","crsVerified":true,"easting":318502.514,"northing":5095618.985,"elevationM":2077.123,"dates":["2026-07-03"],"observationCount":1},"geometry":{"type":"Point","coordinates":[96.65644562,45.99010955]}},{"type":"Feature","id":"tracker-control:643","properties":{"project":"Buduunkhad","projectKey":"buduunkhad","area":"Бүдүүн хад","licence":"XV-023222","sensor":"Base / Control","dataType":"control_reference_point","controlType":"gcp","name":"Gcp6","plannedActual":"reference","status":"confirmed_source","contextOnly":true,"sourceFile":"Buduunkhad_Drone_Project_Tracker.xlsx","sourceUrl":"https://docs.google.com/spreadsheets/d/1DwydImVmcQvj7s4loVRk_4K9-VQ7szXz/edit?gid=991918308","sourceCrs":"EPSG:32647","displayCrs":"EPSG:4326","crsVerified":true,"easting":318317.073,"northing":5096013.291,"elevationM":1974.697,"dates":["2026-07-03"],"observationCount":1},"geometry":{"type":"Point","coordinates":[96.65390327,45.99360636]}},{"type":"Feature","id":"tracker-control:644","properties":{"project":"Buduunkhad","projectKey":"buduunkhad","area":"Бүдүүн хад","licence":"XV-023222","sensor":"Base / Control","dataType":"control_reference_point","controlType":"gcp","name":"Gcp7","plannedActual":"reference","status":"confirmed_source","contextOnly":true,"sourceFile":"Buduunkhad_Drone_Project_Tracker.xlsx","sourceUrl":"https://docs.google.com/spreadsheets/d/1DwydImVmcQvj7s4loVRk_4K9-VQ7szXz/edit?gid=991918308","sourceCrs":"EPSG:32647","displayCrs":"EPSG:4326","crsVerified":true,"easting":318263.662,"northing":5096175.295,"elevationM":1984.7,"dates":["2026-07-03"],"observationCount":1},"geometry":{"type":"Point","coordinates":[96.65315254,45.99504907]}},{"type":"Feature","id":"tracker-control:645","properties":{"project":"Buduunkhad","projectKey":"buduunkhad","area":"Бүдүүн хад","licence":"XV-023222","sensor":"Base / Control","dataType":"control_reference_point","controlType":"gcp","name":"Gcp8","plannedActual":"reference","status":"confirmed_source","contextOnly":true,"sourceFile":"Buduunkhad_Drone_Project_Tracker.xlsx","sourceUrl":"https://docs.google.com/spreadsheets/d/1DwydImVmcQvj7s4loVRk_4K9-VQ7szXz/edit?gid=991918308","sourceCrs":"EPSG:32647","displayCrs":"EPSG:4326","crsVerified":true,"easting":318191.145,"northing":5096285.736,"elevationM":1994.174,"dates":["2026-07-03"],"observationCount":1},"geometry":{"type":"Point","coordinates":[96.65217486,45.99602302]}},{"type":"Feature","id":"tracker-control:646","properties":{"project":"Buduunkhad","projectKey":"buduunkhad","area":"Бүдүүн хад","licence":"XV-023222","sensor":"Base / Control","dataType":"control_reference_point","controlType":"gcp","name":"pk1","plannedActual":"reference","status":"confirmed_source","contextOnly":true,"sourceFile":"Buduunkhad_Drone_Project_Tracker.xlsx","sourceUrl":"https://docs.google.com/spreadsheets/d/1DwydImVmcQvj7s4loVRk_4K9-VQ7szXz/edit?gid=991918308","sourceCrs":"EPSG:32647","displayCrs":"EPSG:4326","crsVerified":true,"easting":318153.688,"northing":5096334.834,"elevationM":1998.731,"dates":["2026-07-03"],"observationCount":1},"geometry":{"type":"Point","coordinates":[96.65167288,45.99645461]}},{"type":"Feature","id":"tracker-control:647","properties":{"project":"Buduunkhad","projectKey":"buduunkhad","area":"Бүдүүн хад","licence":"XV-023222","sensor":"Base / Control","dataType":"control_reference_point","controlType":"gcp","name":"pk2","plannedActual":"reference","status":"confirmed_source","contextOnly":true,"sourceFile":"Buduunkhad_Drone_Project_Tracker.xlsx","sourceUrl":"https://docs.google.com/spreadsheets/d/1DwydImVmcQvj7s4loVRk_4K9-VQ7szXz/edit?gid=991918308","sourceCrs":"EPSG:32647","displayCrs":"EPSG:4326","crsVerified":true,"easting":318170.209,"northing":5096317.933,"elevationM":1996.673,"dates":["2026-07-03"],"observationCount":1},"geometry":{"type":"Point","coordinates":[96.65189248,45.996307]}},{"type":"Feature","id":"tracker-control:648","properties":{"project":"Buduunkhad","projectKey":"buduunkhad","area":"Бүдүүн хад","licence":"XV-023222","sensor":"Base / Control","dataType":"control_reference_point","controlType":"gcp","name":"pk3","plannedActual":"reference","status":"confirmed_source","contextOnly":true,"sourceFile":"Buduunkhad_Drone_Project_Tracker.xlsx","sourceUrl":"https://docs.google.com/spreadsheets/d/1DwydImVmcQvj7s4loVRk_4K9-VQ7szXz/edit?gid=991918308","sourceCrs":"EPSG:32647","displayCrs":"EPSG:4326","crsVerified":true,"easting":318181.965,"northing":5096297.857,"elevationM":1994.946,"dates":["2026-07-03"],"observationCount":1},"geometry":{"type":"Point","coordinates":[96.6520518,45.99612958]}},{"type":"Feature","id":"tracker-control:649","properties":{"project":"Buduunkhad","projectKey":"buduunkhad","area":"Бүдүүн хад","licence":"XV-023222","sensor":"Base / Control","dataType":"control_reference_point","controlType":"gcp","name":"pk4","plannedActual":"reference","status":"confirmed_source","contextOnly":true,"sourceFile":"Buduunkhad_Drone_Project_Tracker.xlsx","sourceUrl":"https://docs.google.com/spreadsheets/d/1DwydImVmcQvj7s4loVRk_4K9-VQ7szXz/edit?gid=991918308","sourceCrs":"EPSG:32647","displayCrs":"EPSG:4326","crsVerified":true,"easting":318190.936,"northing":5096276.357,"elevationM":1993.678,"dates":["2026-07-03"],"observationCount":1},"geometry":{"type":"Point","coordinates":[96.65217574,45.99593862]}},{"type":"Feature","id":"tracker-control:650","properties":{"project":"Buduunkhad","projectKey":"buduunkhad","area":"Бүдүүн хад","licence":"XV-023222","sensor":"Base / Control","dataType":"control_reference_point","controlType":"gcp","name":"pk5","plannedActual":"reference","status":"confirmed_source","contextOnly":true,"sourceFile":"Buduunkhad_Drone_Project_Tracker.xlsx","sourceUrl":"https://docs.google.com/spreadsheets/d/1DwydImVmcQvj7s4loVRk_4K9-VQ7szXz/edit?gid=991918308","sourceCrs":"EPSG:32647","displayCrs":"EPSG:4326","crsVerified":true,"easting":318201.436,"northing":5096256.099,"elevationM":1991.823,"dates":["2026-07-03"],"observationCount":1},"geometry":{"type":"Point","coordinates":[96.65231892,45.99575923]}},{"type":"Feature","id":"tracker-control:651","properties":{"project":"Buduunkhad","projectKey":"buduunkhad","area":"Бүдүүн хад","licence":"XV-023222","sensor":"Base / Control","dataType":"control_reference_point","controlType":"gcp","name":"pk6","plannedActual":"reference","status":"confirmed_source","contextOnly":true,"sourceFile":"Buduunkhad_Drone_Project_Tracker.xlsx","sourceUrl":"https://docs.google.com/spreadsheets/d/1DwydImVmcQvj7s4loVRk_4K9-VQ7szXz/edit?gid=991918308","sourceCrs":"EPSG:32647","displayCrs":"EPSG:4326","crsVerified":true,"easting":318216.785,"northing":5096239.059,"elevationM":1990.205,"dates":["2026-07-03"],"observationCount":1},"geometry":{"type":"Point","coordinates":[96.65252345,45.99561006]}},{"type":"Feature","id":"tracker-control:652","properties":{"project":"Buduunkhad","projectKey":"buduunkhad","area":"Бүдүүн хад","licence":"XV-023222","sensor":"Base / Control","dataType":"control_reference_point","controlType":"gcp","name":"pk7","plannedActual":"reference","status":"confirmed_source","contextOnly":true,"sourceFile":"Buduunkhad_Drone_Project_Tracker.xlsx","sourceUrl":"https://docs.google.com/spreadsheets/d/1DwydImVmcQvj7s4loVRk_4K9-VQ7szXz/edit?gid=991918308","sourceCrs":"EPSG:32647","displayCrs":"EPSG:4326","crsVerified":true,"easting":318230.929,"northing":5096221.587,"elevationM":1988.897,"dates":["2026-07-03"],"observationCount":1},"geometry":{"type":"Point","coordinates":[96.65271259,45.99545669]}},{"type":"Feature","id":"tracker-control:653","properties":{"project":"Buduunkhad","projectKey":"buduunkhad","area":"Бүдүүн хад","licence":"XV-023222","sensor":"Base / Control","dataType":"control_reference_point","controlType":"gcp","name":"gcp9","plannedActual":"reference","status":"confirmed_source","contextOnly":true,"sourceFile":"Buduunkhad_Drone_Project_Tracker.xlsx","sourceUrl":"https://docs.google.com/spreadsheets/d/1DwydImVmcQvj7s4loVRk_4K9-VQ7szXz/edit?gid=991918308","sourceCrs":"EPSG:32647","displayCrs":"EPSG:4326","crsVerified":true,"easting":317798.449,"northing":5096123.909,"elevationM":1988.673,"dates":["2026-07-03"],"observationCount":1},"geometry":{"type":"Point","coordinates":[96.64716974,45.99446349]}},{"type":"Feature","id":"tracker-control:654","properties":{"project":"Buduunkhad","projectKey":"buduunkhad","area":"Бүдүүн хад","licence":"XV-023222","sensor":"Base / Control","dataType":"control_reference_point","controlType":"gcp","name":"pk8","plannedActual":"reference","status":"confirmed_source","contextOnly":true,"sourceFile":"Buduunkhad_Drone_Project_Tracker.xlsx","sourceUrl":"https://docs.google.com/spreadsheets/d/1DwydImVmcQvj7s4loVRk_4K9-VQ7szXz/edit?gid=991918308","sourceCrs":"EPSG:32647","displayCrs":"EPSG:4326","crsVerified":true,"easting":317796.845,"northing":5096121.622,"elevationM":1988.537,"dates":["2026-07-03"],"observationCount":1},"geometry":{"type":"Point","coordinates":[96.64714991,45.99444249]}},{"type":"Feature","id":"tracker-control:655","properties":{"project":"Buduunkhad","projectKey":"buduunkhad","area":"Бүдүүн хад","licence":"XV-023222","sensor":"Base / Control","dataType":"control_reference_point","controlType":"gcp","name":"pk9","plannedActual":"reference","status":"confirmed_source","contextOnly":true,"sourceFile":"Buduunkhad_Drone_Project_Tracker.xlsx","sourceUrl":"https://docs.google.com/spreadsheets/d/1DwydImVmcQvj7s4loVRk_4K9-VQ7szXz/edit?gid=991918308","sourceCrs":"EPSG:32647","displayCrs":"EPSG:4326","crsVerified":true,"easting":317802.893,"northing":5096106.099,"elevationM":1987.433,"dates":["2026-07-03"],"observationCount":1},"geometry":{"type":"Point","coordinates":[96.64723387,45.99430451]}},{"type":"Feature","id":"tracker-control:656","properties":{"project":"Buduunkhad","projectKey":"buduunkhad","area":"Бүдүүн хад","licence":"XV-023222","sensor":"Base / Control","dataType":"control_reference_point","controlType":"gcp","name":"pk10","plannedActual":"reference","status":"confirmed_source","contextOnly":true,"sourceFile":"Buduunkhad_Drone_Project_Tracker.xlsx","sourceUrl":"https://docs.google.com/spreadsheets/d/1DwydImVmcQvj7s4loVRk_4K9-VQ7szXz/edit?gid=991918308","sourceCrs":"EPSG:32647","displayCrs":"EPSG:4326","crsVerified":true,"easting":317813.708,"northing":5096093.198,"elevationM":1986.09,"dates":["2026-07-03"],"observationCount":1},"geometry":{"type":"Point","coordinates":[96.64737832,45.99419137]}},{"type":"Feature","id":"tracker-control:657","properties":{"project":"Buduunkhad","projectKey":"buduunkhad","area":"Бүдүүн хад","licence":"XV-023222","sensor":"Base / Control","dataType":"control_reference_point","controlType":"gcp","name":"pk11","plannedActual":"reference","status":"confirmed_source","contextOnly":true,"sourceFile":"Buduunkhad_Drone_Project_Tracker.xlsx","sourceUrl":"https://docs.google.com/spreadsheets/d/1DwydImVmcQvj7s4loVRk_4K9-VQ7szXz/edit?gid=991918308","sourceCrs":"EPSG:32647","displayCrs":"EPSG:4326","crsVerified":true,"easting":317825.845,"northing":5096082.035,"elevationM":1985.082,"dates":["2026-07-03"],"observationCount":1},"geometry":{"type":"Point","coordinates":[96.64753917,45.99409421]}},{"type":"Feature","id":"tracker-control:658","properties":{"project":"Buduunkhad","projectKey":"buduunkhad","area":"Бүдүүн хад","licence":"XV-023222","sensor":"Base / Control","dataType":"control_reference_point","controlType":"gcp","name":"pk12","plannedActual":"reference","status":"confirmed_source","contextOnly":true,"sourceFile":"Buduunkhad_Drone_Project_Tracker.xlsx","sourceUrl":"https://docs.google.com/spreadsheets/d/1DwydImVmcQvj7s4loVRk_4K9-VQ7szXz/edit?gid=991918308","sourceCrs":"EPSG:32647","displayCrs":"EPSG:4326","crsVerified":true,"easting":317837.501,"northing":5096075.427,"elevationM":1983.978,"dates":["2026-07-03"],"observationCount":1},"geometry":{"type":"Point","coordinates":[96.64769208,45.99403788]}},{"type":"Feature","id":"tracker-control:659","properties":{"project":"Buduunkhad","projectKey":"buduunkhad","area":"Бүдүүн хад","licence":"XV-023222","sensor":"Base / Control","dataType":"control_reference_point","controlType":"gcp","name":"pk13","plannedActual":"reference","status":"confirmed_source","contextOnly":true,"sourceFile":"Buduunkhad_Drone_Project_Tracker.xlsx","sourceUrl":"https://docs.google.com/spreadsheets/d/1DwydImVmcQvj7s4loVRk_4K9-VQ7szXz/edit?gid=991918308","sourceCrs":"EPSG:32647","displayCrs":"EPSG:4326","crsVerified":true,"easting":317848.827,"northing":5096063.692,"elevationM":1982.812,"dates":["2026-07-03"],"observationCount":1},"geometry":{"type":"Point","coordinates":[96.64784269,45.99393536]}},{"type":"Feature","id":"tracker-control:660","properties":{"project":"Buduunkhad","projectKey":"buduunkhad","area":"Бүдүүн хад","licence":"XV-023222","sensor":"Base / Control","dataType":"control_reference_point","controlType":"gcp","name":"pk14","plannedActual":"reference","status":"confirmed_source","contextOnly":true,"sourceFile":"Buduunkhad_Drone_Project_Tracker.xlsx","sourceUrl":"https://docs.google.com/spreadsheets/d/1DwydImVmcQvj7s4loVRk_4K9-VQ7szXz/edit?gid=991918308","sourceCrs":"EPSG:32647","displayCrs":"EPSG:4326","crsVerified":true,"easting":317866.523,"northing":5096051.92,"elevationM":1981.145,"dates":["2026-07-03"],"observationCount":1},"geometry":{"type":"Point","coordinates":[96.64807549,45.9938342]}},{"type":"Feature","id":"tracker-control:661","properties":{"project":"Buduunkhad","projectKey":"buduunkhad","area":"Бүдүүн хад","licence":"XV-023222","sensor":"Base / Control","dataType":"control_reference_point","controlType":"gcp","name":"gcp10","plannedActual":"reference","status":"confirmed_source","contextOnly":true,"sourceFile":"Buduunkhad_Drone_Project_Tracker.xlsx","sourceUrl":"https://docs.google.com/spreadsheets/d/1DwydImVmcQvj7s4loVRk_4K9-VQ7szXz/edit?gid=991918308","sourceCrs":"EPSG:32647","displayCrs":"EPSG:4326","crsVerified":true,"easting":318562.921,"northing":5093824.192,"elevationM":1817.871,"dates":["2026-07-03"],"observationCount":1},"geometry":{"type":"Point","coordinates":[96.657906,45.97398525]}},{"type":"Feature","id":"tracker-control:662","properties":{"project":"Buduunkhad","projectKey":"buduunkhad","area":"Бүдүүн хад","licence":"XV-023222","sensor":"Base / Control","dataType":"control_reference_point","controlType":"gcp","name":"gcp11","plannedActual":"reference","status":"confirmed_source","contextOnly":true,"sourceFile":"Buduunkhad_Drone_Project_Tracker.xlsx","sourceUrl":"https://docs.google.com/spreadsheets/d/1DwydImVmcQvj7s4loVRk_4K9-VQ7szXz/edit?gid=991918308","sourceCrs":"EPSG:32647","displayCrs":"EPSG:4326","crsVerified":true,"easting":318144.159,"northing":5093397.906,"elevationM":1753.039,"dates":["2026-07-03"],"observationCount":1},"geometry":{"type":"Point","coordinates":[96.65266701,45.97004086]}},{"type":"Feature","id":"tracker-control:663","properties":{"project":"Buduunkhad","projectKey":"buduunkhad","area":"Бүдүүн хад","licence":"XV-023222","sensor":"Base / Control","dataType":"control_reference_point","controlType":"gcp","name":"gcp12","plannedActual":"reference","status":"confirmed_source","contextOnly":true,"sourceFile":"Buduunkhad_Drone_Project_Tracker.xlsx","sourceUrl":"https://docs.google.com/spreadsheets/d/1DwydImVmcQvj7s4loVRk_4K9-VQ7szXz/edit?gid=991918308","sourceCrs":"EPSG:32647","displayCrs":"EPSG:4326","crsVerified":true,"easting":317834.938,"northing":5093542.145,"elevationM":1754.808,"dates":["2026-07-03"],"observationCount":1},"geometry":{"type":"Point","coordinates":[96.64862417,45.97125595]}},{"type":"Feature","id":"tracker-control:664","properties":{"project":"Buduunkhad","projectKey":"buduunkhad","area":"Бүдүүн хад","licence":"XV-023222","sensor":"Base / Control","dataType":"control_reference_point","controlType":"gcp","name":"gcp13","plannedActual":"reference","status":"confirmed_source","contextOnly":true,"sourceFile":"Buduunkhad_Drone_Project_Tracker.xlsx","sourceUrl":"https://docs.google.com/spreadsheets/d/1DwydImVmcQvj7s4loVRk_4K9-VQ7szXz/edit?gid=991918308","sourceCrs":"EPSG:32647","displayCrs":"EPSG:4326","crsVerified":true,"easting":317401.838,"northing":5093845.126,"elevationM":1771.946,"dates":["2026-07-03"],"observationCount":1},"geometry":{"type":"Point","coordinates":[96.64292288,45.97386546]}},{"type":"Feature","id":"tracker-control:665","properties":{"project":"Buduunkhad","projectKey":"buduunkhad","area":"Бүдүүн хад","licence":"XV-023222","sensor":"Base / Control","dataType":"control_reference_point","controlType":"gcp","name":"DRtk3(нэрийг нь солилгүй хэмжсэн юм шиг байна)","plannedActual":"reference","status":"confirmed_source","contextOnly":true,"sourceFile":"Buduunkhad_Drone_Project_Tracker.xlsx","sourceUrl":"https://docs.google.com/spreadsheets/d/1DwydImVmcQvj7s4loVRk_4K9-VQ7szXz/edit?gid=991918308","sourceCrs":"EPSG:32647","displayCrs":"EPSG:4326","crsVerified":true,"easting":317274.452,"northing":5094134.574,"elevationM":1797.089,"dates":["2026-07-04"],"observationCount":1},"geometry":{"type":"Point","coordinates":[96.64116935,45.97643448]}},{"type":"Feature","id":"tracker-control:666","properties":{"project":"Buduunkhad","projectKey":"buduunkhad","area":"Бүдүүн хад","licence":"XV-023222","sensor":"Base / Control","dataType":"control_reference_point","controlType":"gcp","name":"GCP3","plannedActual":"reference","status":"confirmed_source","contextOnly":true,"sourceFile":"Buduunkhad_Drone_Project_Tracker.xlsx","sourceUrl":"https://docs.google.com/spreadsheets/d/1DwydImVmcQvj7s4loVRk_4K9-VQ7szXz/edit?gid=991918308","sourceCrs":"EPSG:32647","displayCrs":"EPSG:4326","crsVerified":true,"easting":317273.796,"northing":5094133.347,"elevationM":1798.368,"dates":["2026-07-04"],"observationCount":1},"geometry":{"type":"Point","coordinates":[96.64116136,45.97642327]}},{"type":"Feature","id":"tracker-control:667","properties":{"project":"Buduunkhad","projectKey":"buduunkhad","area":"Бүдүүн хад","licence":"XV-023222","sensor":"Base / Control","dataType":"control_reference_point","controlType":"gcp","name":"GCP4","plannedActual":"reference","status":"confirmed_source","contextOnly":true,"sourceFile":"Buduunkhad_Drone_Project_Tracker.xlsx","sourceUrl":"https://docs.google.com/spreadsheets/d/1DwydImVmcQvj7s4loVRk_4K9-VQ7szXz/edit?gid=991918308","sourceCrs":"EPSG:32647","displayCrs":"EPSG:4326","crsVerified":true,"easting":316543.051,"northing":5094454.886,"elevationM":1794.498,"dates":["2026-07-04"],"observationCount":1},"geometry":{"type":"Point","coordinates":[96.63161287,45.97911974]}},{"type":"Feature","id":"tracker-control:668","properties":{"project":"Buduunkhad","projectKey":"buduunkhad","area":"Бүдүүн хад","licence":"XV-023222","sensor":"Base / Control","dataType":"control_reference_point","controlType":"gcp","name":"GCP5","plannedActual":"reference","status":"confirmed_source","contextOnly":true,"sourceFile":"Buduunkhad_Drone_Project_Tracker.xlsx","sourceUrl":"https://docs.google.com/spreadsheets/d/1DwydImVmcQvj7s4loVRk_4K9-VQ7szXz/edit?gid=991918308","sourceCrs":"EPSG:32647","displayCrs":"EPSG:4326","crsVerified":true,"easting":316574.854,"northing":5094736.281,"elevationM":1810.702,"dates":["2026-07-04"],"observationCount":1},"geometry":{"type":"Point","coordinates":[96.63191515,45.98165874]}},{"type":"Feature","id":"tracker-control:669","properties":{"project":"Buduunkhad","projectKey":"buduunkhad","area":"Бүдүүн хад","licence":"XV-023222","sensor":"Base / Control","dataType":"control_reference_point","controlType":"gcp","name":"GCP6","plannedActual":"reference","status":"confirmed_source","contextOnly":true,"sourceFile":"Buduunkhad_Drone_Project_Tracker.xlsx","sourceUrl":"https://docs.google.com/spreadsheets/d/1DwydImVmcQvj7s4loVRk_4K9-VQ7szXz/edit?gid=991918308","sourceCrs":"EPSG:32647","displayCrs":"EPSG:4326","crsVerified":true,"easting":315886.176,"northing":5095198.851,"elevationM":1851.24,"dates":["2026-07-04"],"observationCount":1},"geometry":{"type":"Point","coordinates":[96.62285367,45.98563393]}},{"type":"Feature","id":"tracker-control:670","properties":{"project":"Buduunkhad","projectKey":"buduunkhad","area":"Бүдүүн хад","licence":"XV-023222","sensor":"Base / Control","dataType":"control_reference_point","controlType":"gcp","name":"GCP7","plannedActual":"reference","status":"confirmed_source","contextOnly":true,"sourceFile":"Buduunkhad_Drone_Project_Tracker.xlsx","sourceUrl":"https://docs.google.com/spreadsheets/d/1DwydImVmcQvj7s4loVRk_4K9-VQ7szXz/edit?gid=991918308","sourceCrs":"EPSG:32647","displayCrs":"EPSG:4326","crsVerified":true,"easting":315134.517,"northing":5095158.358,"elevationM":1849.093,"dates":["2026-07-04"],"observationCount":1},"geometry":{"type":"Point","coordinates":[96.61317295,45.98506759]}},{"type":"Feature","id":"tracker-control:671","properties":{"project":"Buduunkhad","projectKey":"buduunkhad","area":"Бүдүүн хад","licence":"XV-023222","sensor":"Base / Control","dataType":"control_reference_point","controlType":"gcp","name":"gcp10","plannedActual":"reference","status":"confirmed_source","contextOnly":true,"sourceFile":"Buduunkhad_Drone_Project_Tracker.xlsx","sourceUrl":"https://docs.google.com/spreadsheets/d/1DwydImVmcQvj7s4loVRk_4K9-VQ7szXz/edit?gid=991918308","sourceCrs":"EPSG:32647","displayCrs":"EPSG:4326","crsVerified":true,"easting":321879.87,"northing":5091842.985,"elevationM":1732.504,"dates":["2026-07-05"],"observationCount":1},"geometry":{"type":"Point","coordinates":[96.70142528,45.95703719]}},{"type":"Feature","id":"tracker-control:672","properties":{"project":"Buduunkhad","projectKey":"buduunkhad","area":"Бүдүүн хад","licence":"XV-023222","sensor":"Base / Control","dataType":"control_reference_point","controlType":"gcp","name":"gcp11","plannedActual":"reference","status":"confirmed_source","contextOnly":true,"sourceFile":"Buduunkhad_Drone_Project_Tracker.xlsx","sourceUrl":"https://docs.google.com/spreadsheets/d/1DwydImVmcQvj7s4loVRk_4K9-VQ7szXz/edit?gid=991918308","sourceCrs":"EPSG:32647","displayCrs":"EPSG:4326","crsVerified":true,"easting":321813.482,"northing":5092532.82,"elevationM":1764.99,"dates":["2026-07-05"],"observationCount":1},"geometry":{"type":"Point","coordinates":[96.70031248,45.96322375]}},{"type":"Feature","id":"tracker-control:673","properties":{"project":"Buduunkhad","projectKey":"buduunkhad","area":"Бүдүүн хад","licence":"XV-023222","sensor":"Base / Control","dataType":"control_reference_point","controlType":"gcp","name":"gcp12","plannedActual":"reference","status":"confirmed_source","contextOnly":true,"sourceFile":"Buduunkhad_Drone_Project_Tracker.xlsx","sourceUrl":"https://docs.google.com/spreadsheets/d/1DwydImVmcQvj7s4loVRk_4K9-VQ7szXz/edit?gid=991918308","sourceCrs":"EPSG:32647","displayCrs":"EPSG:4326","crsVerified":true,"easting":321619.914,"northing":5093241.519,"elevationM":1797.588,"dates":["2026-07-05"],"observationCount":1},"geometry":{"type":"Point","coordinates":[96.69755215,45.96954688]}},{"type":"Feature","id":"tracker-control:674","properties":{"project":"Buduunkhad","projectKey":"buduunkhad","area":"Бүдүүн хад","licence":"XV-023222","sensor":"Base / Control","dataType":"control_reference_point","controlType":"gcp","name":"gcp13","plannedActual":"reference","status":"confirmed_source","contextOnly":true,"sourceFile":"Buduunkhad_Drone_Project_Tracker.xlsx","sourceUrl":"https://docs.google.com/spreadsheets/d/1DwydImVmcQvj7s4loVRk_4K9-VQ7szXz/edit?gid=991918308","sourceCrs":"EPSG:32647","displayCrs":"EPSG:4326","crsVerified":true,"easting":321422.882,"northing":5093344.135,"elevationM":1823.296,"dates":["2026-07-05"],"observationCount":1},"geometry":{"type":"Point","coordinates":[96.69497273,45.97041846]}},{"type":"Feature","id":"tracker-control:675","properties":{"project":"Buduunkhad","projectKey":"buduunkhad","area":"Бүдүүн хад","licence":"XV-023222","sensor":"Base / Control","dataType":"control_reference_point","controlType":"gcp","name":"gcp14","plannedActual":"reference","status":"confirmed_source","contextOnly":true,"sourceFile":"Buduunkhad_Drone_Project_Tracker.xlsx","sourceUrl":"https://docs.google.com/spreadsheets/d/1DwydImVmcQvj7s4loVRk_4K9-VQ7szXz/edit?gid=991918308","sourceCrs":"EPSG:32647","displayCrs":"EPSG:4326","crsVerified":true,"easting":321721.804,"northing":5093450.56,"elevationM":1885.329,"dates":["2026-07-05"],"observationCount":1},"geometry":{"type":"Point","coordinates":[96.69878833,45.97145329]}},{"type":"Feature","id":"tracker-control:676","properties":{"project":"Buduunkhad","projectKey":"buduunkhad","area":"Бүдүүн хад","licence":"XV-023222","sensor":"Base / Control","dataType":"control_reference_point","controlType":"gcp","name":"gcp15","plannedActual":"reference","status":"confirmed_source","contextOnly":true,"sourceFile":"Buduunkhad_Drone_Project_Tracker.xlsx","sourceUrl":"https://docs.google.com/spreadsheets/d/1DwydImVmcQvj7s4loVRk_4K9-VQ7szXz/edit?gid=991918308","sourceCrs":"EPSG:32647","displayCrs":"EPSG:4326","crsVerified":true,"easting":321412.769,"northing":5093966.469,"elevationM":1829.663,"dates":["2026-07-05"],"observationCount":1},"geometry":{"type":"Point","coordinates":[96.69460997,45.97601254]}},{"type":"Feature","id":"tracker-control:677","properties":{"project":"Buduunkhad","projectKey":"buduunkhad","area":"Бүдүүн хад","licence":"XV-023222","sensor":"Base / Control","dataType":"control_reference_point","controlType":"gcp","name":"gcp16","plannedActual":"reference","status":"confirmed_source","contextOnly":true,"sourceFile":"Buduunkhad_Drone_Project_Tracker.xlsx","sourceUrl":"https://docs.google.com/spreadsheets/d/1DwydImVmcQvj7s4loVRk_4K9-VQ7szXz/edit?gid=991918308","sourceCrs":"EPSG:32647","displayCrs":"EPSG:4326","crsVerified":true,"easting":321527.404,"northing":5094004.125,"elevationM":1893.089,"dates":["2026-07-05"],"observationCount":1},"geometry":{"type":"Point","coordinates":[96.69607453,45.97638102]}},{"type":"Feature","id":"tracker-control:678","properties":{"project":"Buduunkhad","projectKey":"buduunkhad","area":"Бүдүүн хад","licence":"XV-023222","sensor":"Base / Control","dataType":"control_reference_point","controlType":"gcp","name":"gcp17","plannedActual":"reference","status":"confirmed_source","contextOnly":true,"sourceFile":"Buduunkhad_Drone_Project_Tracker.xlsx","sourceUrl":"https://docs.google.com/spreadsheets/d/1DwydImVmcQvj7s4loVRk_4K9-VQ7szXz/edit?gid=991918308","sourceCrs":"EPSG:32647","displayCrs":"EPSG:4326","crsVerified":true,"easting":321096.264,"northing":5094682.437,"elevationM":1862.33,"dates":["2026-07-05"],"observationCount":1},"geometry":{"type":"Point","coordinates":[96.6902597,45.98236881]}},{"type":"Feature","id":"tracker-control:679","properties":{"project":"Buduunkhad","projectKey":"buduunkhad","area":"Бүдүүн хад","licence":"XV-023222","sensor":"Base / Control","dataType":"control_reference_point","controlType":"gcp","name":"gcp18","plannedActual":"reference","status":"confirmed_source","contextOnly":true,"sourceFile":"Buduunkhad_Drone_Project_Tracker.xlsx","sourceUrl":"https://docs.google.com/spreadsheets/d/1DwydImVmcQvj7s4loVRk_4K9-VQ7szXz/edit?gid=991918308","sourceCrs":"EPSG:32647","displayCrs":"EPSG:4326","crsVerified":true,"easting":320854.887,"northing":5095562.168,"elevationM":1913.987,"dates":["2026-07-05"],"observationCount":1},"geometry":{"type":"Point","coordinates":[96.68681629,45.99021724]}},{"type":"Feature","id":"tracker-control:680","properties":{"project":"Buduunkhad","projectKey":"buduunkhad","area":"Бүдүүн хад","licence":"XV-023222","sensor":"Base / Control","dataType":"control_reference_point","controlType":"gcp","name":"gcp19","plannedActual":"reference","status":"confirmed_source","contextOnly":true,"sourceFile":"Buduunkhad_Drone_Project_Tracker.xlsx","sourceUrl":"https://docs.google.com/spreadsheets/d/1DwydImVmcQvj7s4loVRk_4K9-VQ7szXz/edit?gid=991918308","sourceCrs":"EPSG:32647","displayCrs":"EPSG:4326","crsVerified":true,"easting":321527.878,"northing":5095591.044,"elevationM":1901.873,"dates":["2026-07-05"],"observationCount":1},"geometry":{"type":"Point","coordinates":[96.69548827,45.99065243]}},{"type":"Feature","id":"tracker-control:681","properties":{"project":"Buduunkhad","projectKey":"buduunkhad","area":"Бүдүүн хад","licence":"XV-023222","sensor":"Base / Control","dataType":"control_reference_point","controlType":"gcp","name":"gcp20","plannedActual":"reference","status":"confirmed_source","contextOnly":true,"sourceFile":"Buduunkhad_Drone_Project_Tracker.xlsx","sourceUrl":"https://docs.google.com/spreadsheets/d/1DwydImVmcQvj7s4loVRk_4K9-VQ7szXz/edit?gid=991918308","sourceCrs":"EPSG:32647","displayCrs":"EPSG:4326","crsVerified":true,"easting":322010.111,"northing":5095563.554,"elevationM":1893.669,"dates":["2026-07-05"],"observationCount":1},"geometry":{"type":"Point","coordinates":[96.70172023,45.99053057]}},{"type":"Feature","id":"tracker-control:682","properties":{"project":"Buduunkhad","projectKey":"buduunkhad","area":"Бүдүүн хад","licence":"XV-023222","sensor":"Base / Control","dataType":"control_reference_point","controlType":"gcp","name":"p1","plannedActual":"reference","status":"confirmed_source","contextOnly":true,"sourceFile":"Buduunkhad_Drone_Project_Tracker.xlsx","sourceUrl":"https://docs.google.com/spreadsheets/d/1DwydImVmcQvj7s4loVRk_4K9-VQ7szXz/edit?gid=991918308","sourceCrs":"EPSG:32647","displayCrs":"EPSG:4326","crsVerified":true,"easting":322011.371,"northing":5095573.786,"elevationM":1893.9,"dates":["2026-07-05"],"observationCount":1},"geometry":{"type":"Point","coordinates":[96.70173268,45.99062291]}},{"type":"Feature","id":"tracker-control:683","properties":{"project":"Buduunkhad","projectKey":"buduunkhad","area":"Бүдүүн хад","licence":"XV-023222","sensor":"Base / Control","dataType":"control_reference_point","controlType":"gcp","name":"p2","plannedActual":"reference","status":"confirmed_source","contextOnly":true,"sourceFile":"Buduunkhad_Drone_Project_Tracker.xlsx","sourceUrl":"https://docs.google.com/spreadsheets/d/1DwydImVmcQvj7s4loVRk_4K9-VQ7szXz/edit?gid=991918308","sourceCrs":"EPSG:32647","displayCrs":"EPSG:4326","crsVerified":true,"easting":322009.064,"northing":5095581.034,"elevationM":1893.222,"dates":["2026-07-05"],"observationCount":1},"geometry":{"type":"Point","coordinates":[96.70170021,45.99068749]}},{"type":"Feature","id":"tracker-control:684","properties":{"project":"Buduunkhad","projectKey":"buduunkhad","area":"Бүдүүн хад","licence":"XV-023222","sensor":"Base / Control","dataType":"control_reference_point","controlType":"gcp","name":"p3","plannedActual":"reference","status":"confirmed_source","contextOnly":true,"sourceFile":"Buduunkhad_Drone_Project_Tracker.xlsx","sourceUrl":"https://docs.google.com/spreadsheets/d/1DwydImVmcQvj7s4loVRk_4K9-VQ7szXz/edit?gid=991918308","sourceCrs":"EPSG:32647","displayCrs":"EPSG:4326","crsVerified":true,"easting":322005.355,"northing":5095588.169,"elevationM":1894.267,"dates":["2026-07-05"],"observationCount":1},"geometry":{"type":"Point","coordinates":[96.7016497,45.9907507]}},{"type":"Feature","id":"tracker-control:685","properties":{"project":"Buduunkhad","projectKey":"buduunkhad","area":"Бүдүүн хад","licence":"XV-023222","sensor":"Base / Control","dataType":"control_reference_point","controlType":"gcp","name":"p4","plannedActual":"reference","status":"confirmed_source","contextOnly":true,"sourceFile":"Buduunkhad_Drone_Project_Tracker.xlsx","sourceUrl":"https://docs.google.com/spreadsheets/d/1DwydImVmcQvj7s4loVRk_4K9-VQ7szXz/edit?gid=991918308","sourceCrs":"EPSG:32647","displayCrs":"EPSG:4326","crsVerified":true,"easting":322002.076,"northing":5095595.081,"elevationM":1895.979,"dates":["2026-07-05"],"observationCount":1},"geometry":{"type":"Point","coordinates":[96.70160482,45.99081201]}},{"type":"Feature","id":"tracker-control:686","properties":{"project":"Buduunkhad","projectKey":"buduunkhad","area":"Бүдүүн хад","licence":"XV-023222","sensor":"Base / Control","dataType":"control_reference_point","controlType":"gcp","name":"p5","plannedActual":"reference","status":"confirmed_source","contextOnly":true,"sourceFile":"Buduunkhad_Drone_Project_Tracker.xlsx","sourceUrl":"https://docs.google.com/spreadsheets/d/1DwydImVmcQvj7s4loVRk_4K9-VQ7szXz/edit?gid=991918308","sourceCrs":"EPSG:32647","displayCrs":"EPSG:4326","crsVerified":true,"easting":321997.878,"northing":5095601.736,"elevationM":1897.888,"dates":["2026-07-05"],"observationCount":1},"geometry":{"type":"Point","coordinates":[96.70154818,45.99087076]}},{"type":"Feature","id":"tracker-control:687","properties":{"project":"Buduunkhad","projectKey":"buduunkhad","area":"Бүдүүн хад","licence":"XV-023222","sensor":"Base / Control","dataType":"control_reference_point","controlType":"gcp","name":"gcp21","plannedActual":"reference","status":"confirmed_source","contextOnly":true,"sourceFile":"Buduunkhad_Drone_Project_Tracker.xlsx","sourceUrl":"https://docs.google.com/spreadsheets/d/1DwydImVmcQvj7s4loVRk_4K9-VQ7szXz/edit?gid=991918308","sourceCrs":"EPSG:32647","displayCrs":"EPSG:4326","crsVerified":true,"easting":321632.558,"northing":5095293.852,"elevationM":1902.664,"dates":["2026-07-05"],"observationCount":1},"geometry":{"type":"Point","coordinates":[96.69694974,45.988007]}},{"type":"Feature","id":"tracker-control:688","properties":{"project":"Buduunkhad","projectKey":"buduunkhad","area":"Бүдүүн хад","licence":"XV-023222","sensor":"Base / Control","dataType":"control_reference_point","controlType":"gcp","name":"gcp22","plannedActual":"reference","status":"confirmed_source","contextOnly":true,"sourceFile":"Buduunkhad_Drone_Project_Tracker.xlsx","sourceUrl":"https://docs.google.com/spreadsheets/d/1DwydImVmcQvj7s4loVRk_4K9-VQ7szXz/edit?gid=991918308","sourceCrs":"EPSG:32647","displayCrs":"EPSG:4326","crsVerified":true,"easting":321358.274,"northing":5095032.998,"elevationM":1906.034,"dates":["2026-07-05"],"observationCount":1},"geometry":{"type":"Point","coordinates":[96.69350862,45.98558972]}},{"type":"Feature","id":"tracker-control:689","properties":{"project":"Buduunkhad","projectKey":"buduunkhad","area":"Бүдүүн хад","licence":"XV-023222","sensor":"Base / Control","dataType":"control_reference_point","controlType":"gcp","name":"gcp23","plannedActual":"reference","status":"confirmed_source","contextOnly":true,"sourceFile":"Buduunkhad_Drone_Project_Tracker.xlsx","sourceUrl":"https://docs.google.com/spreadsheets/d/1DwydImVmcQvj7s4loVRk_4K9-VQ7szXz/edit?gid=991918308","sourceCrs":"EPSG:32647","displayCrs":"EPSG:4326","crsVerified":true,"easting":322248.699,"northing":5094790.172,"elevationM":1870.529,"dates":["2026-07-05"],"observationCount":1},"geometry":{"type":"Point","coordinates":[96.70508606,45.98363733]}},{"type":"Feature","id":"tracker-control:690","properties":{"project":"Buduunkhad","projectKey":"buduunkhad","area":"Бүдүүн хад","licence":"XV-023222","sensor":"Base / Control","dataType":"control_reference_point","controlType":"gcp","name":"gcp24","plannedActual":"reference","status":"confirmed_source","contextOnly":true,"sourceFile":"Buduunkhad_Drone_Project_Tracker.xlsx","sourceUrl":"https://docs.google.com/spreadsheets/d/1DwydImVmcQvj7s4loVRk_4K9-VQ7szXz/edit?gid=991918308","sourceCrs":"EPSG:32647","displayCrs":"EPSG:4326","crsVerified":true,"easting":322124.058,"northing":5094576.148,"elevationM":1875.864,"dates":["2026-07-05"],"observationCount":1},"geometry":{"type":"Point","coordinates":[96.70355778,45.98168027]}},{"type":"Feature","id":"tracker-control:691","properties":{"project":"Buduunkhad","projectKey":"buduunkhad","area":"Бүдүүн хад","licence":"XV-023222","sensor":"Base / Control","dataType":"control_reference_point","controlType":"gcp","name":"gcp10","plannedActual":"reference","status":"confirmed_source","contextOnly":true,"sourceFile":"Buduunkhad_Drone_Project_Tracker.xlsx","sourceUrl":"https://docs.google.com/spreadsheets/d/1DwydImVmcQvj7s4loVRk_4K9-VQ7szXz/edit?gid=991918308","sourceCrs":"EPSG:32647","displayCrs":"EPSG:4326","crsVerified":true,"easting":315182.471,"northing":5095566.91,"elevationM":1872.291,"dates":["2026-07-06"],"observationCount":1},"geometry":{"type":"Point","coordinates":[96.61363359,45.98875443]}},{"type":"Feature","id":"tracker-control:692","properties":{"project":"Buduunkhad","projectKey":"buduunkhad","area":"Бүдүүн хад","licence":"XV-023222","sensor":"Base / Control","dataType":"control_reference_point","controlType":"gcp","name":"gcp11","plannedActual":"reference","status":"confirmed_source","contextOnly":true,"sourceFile":"Buduunkhad_Drone_Project_Tracker.xlsx","sourceUrl":"https://docs.google.com/spreadsheets/d/1DwydImVmcQvj7s4loVRk_4K9-VQ7szXz/edit?gid=991918308","sourceCrs":"EPSG:32647","displayCrs":"EPSG:4326","crsVerified":true,"easting":315201.553,"northing":5096541.609,"elevationM":1993.735,"dates":["2026-07-06"],"observationCount":1},"geometry":{"type":"Point","coordinates":[96.61350283,45.99752459]}},{"type":"Feature","id":"tracker-control:693","properties":{"project":"Buduunkhad","projectKey":"buduunkhad","area":"Бүдүүн хад","licence":"XV-023222","sensor":"Base / Control","dataType":"control_reference_point","controlType":"gcp","name":"gcp12","plannedActual":"reference","status":"confirmed_source","contextOnly":true,"sourceFile":"Buduunkhad_Drone_Project_Tracker.xlsx","sourceUrl":"https://docs.google.com/spreadsheets/d/1DwydImVmcQvj7s4loVRk_4K9-VQ7szXz/edit?gid=991918308","sourceCrs":"EPSG:32647","displayCrs":"EPSG:4326","crsVerified":true,"easting":315882.75,"northing":5096301.079,"elevationM":1996.074,"dates":["2026-07-06"],"observationCount":1},"geometry":{"type":"Point","coordinates":[96.62238486,45.99554491]}},{"type":"Feature","id":"tracker-control:694","properties":{"project":"Buduunkhad","projectKey":"buduunkhad","area":"Бүдүүн хад","licence":"XV-023222","sensor":"Base / Control","dataType":"control_reference_point","controlType":"gcp","name":"gcp13","plannedActual":"reference","status":"confirmed_source","contextOnly":true,"sourceFile":"Buduunkhad_Drone_Project_Tracker.xlsx","sourceUrl":"https://docs.google.com/spreadsheets/d/1DwydImVmcQvj7s4loVRk_4K9-VQ7szXz/edit?gid=991918308","sourceCrs":"EPSG:32647","displayCrs":"EPSG:4326","crsVerified":true,"easting":315895.219,"northing":5095487.357,"elevationM":1900.603,"dates":["2026-07-06"],"observationCount":1},"geometry":{"type":"Point","coordinates":[96.62285921,45.98823078]}},{"type":"Feature","id":"tracker-control:695","properties":{"project":"Buduunkhad","projectKey":"buduunkhad","area":"Бүдүүн хад","licence":"XV-023222","sensor":"Base / Control","dataType":"control_reference_point","controlType":"gcp","name":"gcp14","plannedActual":"reference","status":"confirmed_source","contextOnly":true,"sourceFile":"Buduunkhad_Drone_Project_Tracker.xlsx","sourceUrl":"https://docs.google.com/spreadsheets/d/1DwydImVmcQvj7s4loVRk_4K9-VQ7szXz/edit?gid=991918308","sourceCrs":"EPSG:32647","displayCrs":"EPSG:4326","crsVerified":true,"easting":316580.156,"northing":5095656.064,"elevationM":2018.999,"dates":["2026-07-06"],"observationCount":1},"geometry":{"type":"Point","coordinates":[96.63163064,45.98993146]}},{"type":"Feature","id":"tracker-control:696","properties":{"project":"Buduunkhad","projectKey":"buduunkhad","area":"Бүдүүн хад","licence":"XV-023222","sensor":"Base / Control","dataType":"control_reference_point","controlType":"gcp","name":"gcp15","plannedActual":"reference","status":"confirmed_source","contextOnly":true,"sourceFile":"Buduunkhad_Drone_Project_Tracker.xlsx","sourceUrl":"https://docs.google.com/spreadsheets/d/1DwydImVmcQvj7s4loVRk_4K9-VQ7szXz/edit?gid=991918308","sourceCrs":"EPSG:32647","displayCrs":"EPSG:4326","crsVerified":true,"easting":316763.918,"northing":5096222.492,"elevationM":2134.559,"dates":["2026-07-06"],"observationCount":1},"geometry":{"type":"Point","coordinates":[96.63378419,45.99507429]}},{"type":"Feature","id":"tracker-control:697","properties":{"project":"Buduunkhad","projectKey":"buduunkhad","area":"Бүдүүн хад","licence":"XV-023222","sensor":"Base / Control","dataType":"control_reference_point","controlType":"gcp","name":"gcp16","plannedActual":"reference","status":"confirmed_source","contextOnly":true,"sourceFile":"Buduunkhad_Drone_Project_Tracker.xlsx","sourceUrl":"https://docs.google.com/spreadsheets/d/1DwydImVmcQvj7s4loVRk_4K9-VQ7szXz/edit?gid=991918308","sourceCrs":"EPSG:32647","displayCrs":"EPSG:4326","crsVerified":true,"easting":316615.615,"northing":5096371.899,"elevationM":2084.664,"dates":["2026-07-06"],"observationCount":1},"geometry":{"type":"Point","coordinates":[96.63181339,45.9963782]}},{"type":"Feature","id":"tracker-control:698","properties":{"project":"Buduunkhad","projectKey":"buduunkhad","area":"Бүдүүн хад","licence":"XV-023222","sensor":"Base / Control","dataType":"control_reference_point","controlType":"gcp","name":"GCP1","plannedActual":"reference","status":"confirmed_source","contextOnly":true,"sourceFile":"Buduunkhad_Drone_Project_Tracker.xlsx","sourceUrl":"https://docs.google.com/spreadsheets/d/1DwydImVmcQvj7s4loVRk_4K9-VQ7szXz/edit?gid=991918308","sourceCrs":"EPSG:32647","displayCrs":"EPSG:4326","crsVerified":true,"easting":318646.781,"northing":5093333.544,"elevationM":1784.217,"dates":["2026-07-08"],"observationCount":1},"geometry":{"type":"Point","coordinates":[96.65917359,45.9695951]}},{"type":"Feature","id":"tracker-control:699","properties":{"project":"Buduunkhad","projectKey":"buduunkhad","area":"Бүдүүн хад","licence":"XV-023222","sensor":"Base / Control","dataType":"control_reference_point","controlType":"gcp","name":"GCP2","plannedActual":"reference","status":"confirmed_source","contextOnly":true,"sourceFile":"Buduunkhad_Drone_Project_Tracker.xlsx","sourceUrl":"https://docs.google.com/spreadsheets/d/1DwydImVmcQvj7s4loVRk_4K9-VQ7szXz/edit?gid=991918308","sourceCrs":"EPSG:32647","displayCrs":"EPSG:4326","crsVerified":true,"easting":318650.432,"northing":5094370.574,"elevationM":1953.533,"dates":["2026-07-08"],"observationCount":1},"geometry":{"type":"Point","coordinates":[96.65882752,45.97892193]}},{"type":"Feature","id":"tracker-control:700","properties":{"project":"Buduunkhad","projectKey":"buduunkhad","area":"Бүдүүн хад","licence":"XV-023222","sensor":"Base / Control","dataType":"control_reference_point","controlType":"gcp","name":"GCP3","plannedActual":"reference","status":"confirmed_source","contextOnly":true,"sourceFile":"Buduunkhad_Drone_Project_Tracker.xlsx","sourceUrl":"https://docs.google.com/spreadsheets/d/1DwydImVmcQvj7s4loVRk_4K9-VQ7szXz/edit?gid=991918308","sourceCrs":"EPSG:32647","displayCrs":"EPSG:4326","crsVerified":true,"easting":319487.446,"northing":5093336.552,"elevationM":1774.743,"dates":["2026-07-08"],"observationCount":1},"geometry":{"type":"Point","coordinates":[96.67001428,45.96984382]}},{"type":"Feature","id":"tracker-control:701","properties":{"project":"Buduunkhad","projectKey":"buduunkhad","area":"Бүдүүн хад","licence":"XV-023222","sensor":"Base / Control","dataType":"control_reference_point","controlType":"gcp","name":"GCP4","plannedActual":"reference","status":"confirmed_source","contextOnly":true,"sourceFile":"Buduunkhad_Drone_Project_Tracker.xlsx","sourceUrl":"https://docs.google.com/spreadsheets/d/1DwydImVmcQvj7s4loVRk_4K9-VQ7szXz/edit?gid=991918308","sourceCrs":"EPSG:32647","displayCrs":"EPSG:4326","crsVerified":true,"easting":319354.99,"northing":5093630.806,"elevationM":1802.224,"dates":["2026-07-08"],"observationCount":1},"geometry":{"type":"Point","coordinates":[96.66819492,45.97245517]}},{"type":"Feature","id":"tracker-control:702","properties":{"project":"Buduunkhad","projectKey":"buduunkhad","area":"Бүдүүн хад","licence":"XV-023222","sensor":"Base / Control","dataType":"control_reference_point","controlType":"gcp","name":"GCP5","plannedActual":"reference","status":"confirmed_source","contextOnly":true,"sourceFile":"Buduunkhad_Drone_Project_Tracker.xlsx","sourceUrl":"https://docs.google.com/spreadsheets/d/1DwydImVmcQvj7s4loVRk_4K9-VQ7szXz/edit?gid=991918308","sourceCrs":"EPSG:32647","displayCrs":"EPSG:4326","crsVerified":true,"easting":319408.319,"northing":5094176.812,"elevationM":1900.137,"dates":["2026-07-08"],"observationCount":1},"geometry":{"type":"Point","coordinates":[96.66867658,45.9773794]}},{"type":"Feature","id":"tracker-control:703","properties":{"project":"Buduunkhad","projectKey":"buduunkhad","area":"Бүдүүн хад","licence":"XV-023222","sensor":"Base / Control","dataType":"control_reference_point","controlType":"gcp","name":"GCP6","plannedActual":"reference","status":"confirmed_source","contextOnly":true,"sourceFile":"Buduunkhad_Drone_Project_Tracker.xlsx","sourceUrl":"https://docs.google.com/spreadsheets/d/1DwydImVmcQvj7s4loVRk_4K9-VQ7szXz/edit?gid=991918308","sourceCrs":"EPSG:32647","displayCrs":"EPSG:4326","crsVerified":true,"easting":319480.451,"northing":5094006.117,"elevationM":1949.001,"dates":["2026-07-08"],"observationCount":1},"geometry":{"type":"Point","coordinates":[96.6696714,45.97586333]}},{"type":"Feature","id":"tracker-control:704","properties":{"project":"Buduunkhad","projectKey":"buduunkhad","area":"Бүдүүн хад","licence":"XV-023222","sensor":"Base / Control","dataType":"control_reference_point","controlType":"gcp","name":"GCP1","plannedActual":"reference","status":"confirmed_source","contextOnly":true,"sourceFile":"Buduunkhad_Drone_Project_Tracker.xlsx","sourceUrl":"https://docs.google.com/spreadsheets/d/1DwydImVmcQvj7s4loVRk_4K9-VQ7szXz/edit?gid=991918308","sourceCrs":"EPSG:32647","displayCrs":"EPSG:4326","crsVerified":true,"easting":319533.819,"northing":5094739.937,"elevationM":1983.563,"dates":["2026-07-12"],"observationCount":1},"geometry":{"type":"Point","coordinates":[96.67008283,45.98247657]}},{"type":"Feature","id":"tracker-control:705","properties":{"project":"Buduunkhad","projectKey":"buduunkhad","area":"Бүдүүн хад","licence":"XV-023222","sensor":"Base / Control","dataType":"control_reference_point","controlType":"gcp","name":"GCP2","plannedActual":"reference","status":"confirmed_source","contextOnly":true,"sourceFile":"Buduunkhad_Drone_Project_Tracker.xlsx","sourceUrl":"https://docs.google.com/spreadsheets/d/1DwydImVmcQvj7s4loVRk_4K9-VQ7szXz/edit?gid=991918308","sourceCrs":"EPSG:32647","displayCrs":"EPSG:4326","crsVerified":true,"easting":320081.176,"northing":5094722.256,"elevationM":1968.525,"dates":["2026-07-12"],"observationCount":1},"geometry":{"type":"Point","coordinates":[96.67715028,45.98246137]}},{"type":"Feature","id":"tracker-control:706","properties":{"project":"Buduunkhad","projectKey":"buduunkhad","area":"Бүдүүн хад","licence":"XV-023222","sensor":"Base / Control","dataType":"control_reference_point","controlType":"gcp","name":"GCP3","plannedActual":"reference","status":"confirmed_source","contextOnly":true,"sourceFile":"Buduunkhad_Drone_Project_Tracker.xlsx","sourceUrl":"https://docs.google.com/spreadsheets/d/1DwydImVmcQvj7s4loVRk_4K9-VQ7szXz/edit?gid=991918308","sourceCrs":"EPSG:32647","displayCrs":"EPSG:4326","crsVerified":true,"easting":320069.349,"northing":5093950.416,"elevationM":1935.428,"dates":["2026-07-12"],"observationCount":1},"geometry":{"type":"Point","coordinates":[96.67728811,45.97551713]}},{"type":"Feature","id":"tracker-control:707","properties":{"project":"Buduunkhad","projectKey":"buduunkhad","area":"Бүдүүн хад","licence":"XV-023222","sensor":"Base / Control","dataType":"control_reference_point","controlType":"gcp","name":"GCP4","plannedActual":"reference","status":"confirmed_source","contextOnly":true,"sourceFile":"Buduunkhad_Drone_Project_Tracker.xlsx","sourceUrl":"https://docs.google.com/spreadsheets/d/1DwydImVmcQvj7s4loVRk_4K9-VQ7szXz/edit?gid=991918308","sourceCrs":"EPSG:32647","displayCrs":"EPSG:4326","crsVerified":true,"easting":320043.483,"northing":5093530.607,"elevationM":1863.58,"dates":["2026-07-12"],"observationCount":1},"geometry":{"type":"Point","coordinates":[96.67711242,45.97173501]}},{"type":"Feature","id":"tracker-control:708","properties":{"project":"Buduunkhad","projectKey":"buduunkhad","area":"Бүдүүн хад","licence":"XV-023222","sensor":"Base / Control","dataType":"control_reference_point","controlType":"gcp","name":"GCP5","plannedActual":"reference","status":"confirmed_source","contextOnly":true,"sourceFile":"Buduunkhad_Drone_Project_Tracker.xlsx","sourceUrl":"https://docs.google.com/spreadsheets/d/1DwydImVmcQvj7s4loVRk_4K9-VQ7szXz/edit?gid=991918308","sourceCrs":"EPSG:32647","displayCrs":"EPSG:4326","crsVerified":true,"easting":320737.221,"northing":5094574.969,"elevationM":1942.379,"dates":["2026-07-12"],"observationCount":1},"geometry":{"type":"Point","coordinates":[96.68566838,45.9813086]}},{"type":"Feature","id":"tracker-control:709","properties":{"project":"Buduunkhad","projectKey":"buduunkhad","area":"Бүдүүн хад","licence":"XV-023222","sensor":"Base / Control","dataType":"control_reference_point","controlType":"gcp","name":"GCP6","plannedActual":"reference","status":"confirmed_source","contextOnly":true,"sourceFile":"Buduunkhad_Drone_Project_Tracker.xlsx","sourceUrl":"https://docs.google.com/spreadsheets/d/1DwydImVmcQvj7s4loVRk_4K9-VQ7szXz/edit?gid=991918308","sourceCrs":"EPSG:32647","displayCrs":"EPSG:4326","crsVerified":true,"easting":320337.155,"northing":5094668.52,"elevationM":1955.81,"dates":["2026-07-12"],"observationCount":1},"geometry":{"type":"Point","coordinates":[96.68047255,45.98204522]}},{"type":"Feature","id":"tracker-control:710","properties":{"project":"Buduunkhad","projectKey":"buduunkhad","area":"Бүдүүн хад","licence":"XV-023222","sensor":"Base / Control","dataType":"control_reference_point","controlType":"gcp","name":"GCP7","plannedActual":"reference","status":"confirmed_source","contextOnly":true,"sourceFile":"Buduunkhad_Drone_Project_Tracker.xlsx","sourceUrl":"https://docs.google.com/spreadsheets/d/1DwydImVmcQvj7s4loVRk_4K9-VQ7szXz/edit?gid=991918308","sourceCrs":"EPSG:32647","displayCrs":"EPSG:4326","crsVerified":true,"easting":320126.522,"northing":5094903.572,"elevationM":1973.011,"dates":["2026-07-12"],"observationCount":1},"geometry":{"type":"Point","coordinates":[96.67766702,45.98410383]}},{"type":"Feature","id":"tracker-control:711","properties":{"project":"Buduunkhad","projectKey":"buduunkhad","area":"Бүдүүн хад","licence":"XV-023222","sensor":"Base / Control","dataType":"control_reference_point","controlType":"gcp","name":"GCP8","plannedActual":"reference","status":"confirmed_source","contextOnly":true,"sourceFile":"Buduunkhad_Drone_Project_Tracker.xlsx","sourceUrl":"https://docs.google.com/spreadsheets/d/1DwydImVmcQvj7s4loVRk_4K9-VQ7szXz/edit?gid=991918308","sourceCrs":"EPSG:32647","displayCrs":"EPSG:4326","crsVerified":true,"easting":319535.016,"northing":5094943.017,"elevationM":1988.559,"dates":["2026-07-12"],"observationCount":1},"geometry":{"type":"Point","coordinates":[96.67002162,45.98430316]}},{"type":"Feature","id":"tracker-control:712","properties":{"project":"Buduunkhad","projectKey":"buduunkhad","area":"Бүдүүн хад","licence":"XV-023222","sensor":"Base / Control","dataType":"control_reference_point","controlType":"gcp","name":"GCP9","plannedActual":"reference","status":"confirmed_source","contextOnly":true,"sourceFile":"Buduunkhad_Drone_Project_Tracker.xlsx","sourceUrl":"https://docs.google.com/spreadsheets/d/1DwydImVmcQvj7s4loVRk_4K9-VQ7szXz/edit?gid=991918308","sourceCrs":"EPSG:32647","displayCrs":"EPSG:4326","crsVerified":true,"easting":319319.453,"northing":5094883.019,"elevationM":1954.955,"dates":["2026-07-12"],"observationCount":1},"geometry":{"type":"Point","coordinates":[96.6672635,45.98370685]}},{"type":"Feature","id":"tracker-control:713","properties":{"project":"Buduunkhad","projectKey":"buduunkhad","area":"Бүдүүн хад","licence":"XV-023222","sensor":"Base / Control","dataType":"control_reference_point","controlType":"gcp","name":"GCP10","plannedActual":"reference","status":"confirmed_source","contextOnly":true,"sourceFile":"Buduunkhad_Drone_Project_Tracker.xlsx","sourceUrl":"https://docs.google.com/spreadsheets/d/1DwydImVmcQvj7s4loVRk_4K9-VQ7szXz/edit?gid=991918308","sourceCrs":"EPSG:32647","displayCrs":"EPSG:4326","crsVerified":true,"easting":319370.211,"northing":5095209.971,"elevationM":1967.295,"dates":["2026-07-12"],"observationCount":1},"geometry":{"type":"Point","coordinates":[96.66779475,45.98666047]}},{"type":"Feature","id":"tracker-control:714","properties":{"project":"Buduunkhad","projectKey":"buduunkhad","area":"Бүдүүн хад","licence":"XV-023222","sensor":"Base / Control","dataType":"control_reference_point","controlType":"gcp","name":"GCP11","plannedActual":"reference","status":"confirmed_source","contextOnly":true,"sourceFile":"Buduunkhad_Drone_Project_Tracker.xlsx","sourceUrl":"https://docs.google.com/spreadsheets/d/1DwydImVmcQvj7s4loVRk_4K9-VQ7szXz/edit?gid=991918308","sourceCrs":"EPSG:32647","displayCrs":"EPSG:4326","crsVerified":true,"easting":319527.298,"northing":5095199.184,"elevationM":1999.634,"dates":["2026-07-12"],"observationCount":1},"geometry":{"type":"Point","coordinates":[96.66982535,45.98660482]}},{"type":"Feature","id":"tracker-control:715","properties":{"project":"Buduunkhad","projectKey":"buduunkhad","area":"Бүдүүн хад","licence":"XV-023222","sensor":"Base / Control","dataType":"control_reference_point","controlType":"gcp","name":"GCP12","plannedActual":"reference","status":"confirmed_source","contextOnly":true,"sourceFile":"Buduunkhad_Drone_Project_Tracker.xlsx","sourceUrl":"https://docs.google.com/spreadsheets/d/1DwydImVmcQvj7s4loVRk_4K9-VQ7szXz/edit?gid=991918308","sourceCrs":"EPSG:32647","displayCrs":"EPSG:4326","crsVerified":true,"easting":320042.044,"northing":5095275.462,"elevationM":1969.427,"dates":["2026-07-12"],"observationCount":1},"geometry":{"type":"Point","coordinates":[96.67643724,45.98742606]}},{"type":"Feature","id":"tracker-control:716","properties":{"project":"Buduunkhad","projectKey":"buduunkhad","area":"Бүдүүн хад","licence":"XV-023222","sensor":"Base / Control","dataType":"control_reference_point","controlType":"gcp","name":"GCP13","plannedActual":"reference","status":"confirmed_source","contextOnly":true,"sourceFile":"Buduunkhad_Drone_Project_Tracker.xlsx","sourceUrl":"https://docs.google.com/spreadsheets/d/1DwydImVmcQvj7s4loVRk_4K9-VQ7szXz/edit?gid=991918308","sourceCrs":"EPSG:32647","displayCrs":"EPSG:4326","crsVerified":true,"easting":320147.249,"northing":5095332.642,"elevationM":1959.643,"dates":["2026-07-12"],"observationCount":1},"geometry":{"type":"Point","coordinates":[96.67777297,45.98796788]}},{"type":"Feature","id":"tracker-control:717","properties":{"project":"Buduunkhad","projectKey":"buduunkhad","area":"Бүдүүн хад","licence":"XV-023222","sensor":"Base / Control","dataType":"control_reference_point","controlType":"gcp","name":"GCP14","plannedActual":"reference","status":"confirmed_source","contextOnly":true,"sourceFile":"Buduunkhad_Drone_Project_Tracker.xlsx","sourceUrl":"https://docs.google.com/spreadsheets/d/1DwydImVmcQvj7s4loVRk_4K9-VQ7szXz/edit?gid=991918308","sourceCrs":"EPSG:32647","displayCrs":"EPSG:4326","crsVerified":true,"easting":320665.318,"northing":5095400.369,"elevationM":1942.807,"dates":["2026-07-12"],"observationCount":1},"geometry":{"type":"Point","coordinates":[96.68443124,45.98871263]}},{"type":"Feature","id":"tracker-control:718","properties":{"project":"Buduunkhad","projectKey":"buduunkhad","area":"Бүдүүн хад","licence":"XV-023222","sensor":"Base / Control","dataType":"control_reference_point","controlType":"gcp","name":"gcp1","plannedActual":"reference","status":"confirmed_source","contextOnly":true,"sourceFile":"Buduunkhad_Drone_Project_Tracker.xlsx","sourceUrl":"https://docs.google.com/spreadsheets/d/1DwydImVmcQvj7s4loVRk_4K9-VQ7szXz/edit?gid=991918308","sourceCrs":"EPSG:32647","displayCrs":"EPSG:4326","crsVerified":true,"easting":318723.185,"northing":5094994.756,"elevationM":1998.666,"dates":["2026-07-14"],"observationCount":1},"geometry":{"type":"Point","coordinates":[96.65952931,45.98455434]}},{"type":"Feature","id":"tracker-control:719","properties":{"project":"Buduunkhad","projectKey":"buduunkhad","area":"Бүдүүн хад","licence":"XV-023222","sensor":"Base / Control","dataType":"control_reference_point","controlType":"gcp","name":"gcp2","plannedActual":"reference","status":"confirmed_source","contextOnly":true,"sourceFile":"Buduunkhad_Drone_Project_Tracker.xlsx","sourceUrl":"https://docs.google.com/spreadsheets/d/1DwydImVmcQvj7s4loVRk_4K9-VQ7szXz/edit?gid=991918308","sourceCrs":"EPSG:32647","displayCrs":"EPSG:4326","crsVerified":true,"easting":318723.56,"northing":5095422.063,"elevationM":2038.455,"dates":["2026-07-14"],"observationCount":1},"geometry":{"type":"Point","coordinates":[96.65937211,45.98839714]}},{"type":"Feature","id":"tracker-control:720","properties":{"project":"Buduunkhad","projectKey":"buduunkhad","area":"Бүдүүн хад","licence":"XV-023222","sensor":"Base / Control","dataType":"control_reference_point","controlType":"gcp","name":"gcp3","plannedActual":"reference","status":"confirmed_source","contextOnly":true,"sourceFile":"Buduunkhad_Drone_Project_Tracker.xlsx","sourceUrl":"https://docs.google.com/spreadsheets/d/1DwydImVmcQvj7s4loVRk_4K9-VQ7szXz/edit?gid=991918308","sourceCrs":"EPSG:32647","displayCrs":"EPSG:4326","crsVerified":true,"easting":318735.68,"northing":5096059.441,"elevationM":2075.319,"dates":["2026-07-14"],"observationCount":1},"geometry":{"type":"Point","coordinates":[96.65928672,45.99413218]}},{"type":"Feature","id":"tracker-control:721","properties":{"project":"Buduunkhad","projectKey":"buduunkhad","area":"Бүдүүн хад","licence":"XV-023222","sensor":"Base / Control","dataType":"control_reference_point","controlType":"gcp","name":"gcp4","plannedActual":"reference","status":"confirmed_source","contextOnly":true,"sourceFile":"Buduunkhad_Drone_Project_Tracker.xlsx","sourceUrl":"https://docs.google.com/spreadsheets/d/1DwydImVmcQvj7s4loVRk_4K9-VQ7szXz/edit?gid=991918308","sourceCrs":"EPSG:32647","displayCrs":"EPSG:4326","crsVerified":true,"easting":318501.705,"northing":5096063.717,"elevationM":2064.297,"dates":["2026-07-14"],"observationCount":1},"geometry":{"type":"Point","coordinates":[96.65626627,45.99410873]}},{"type":"Feature","id":"tracker-control:722","properties":{"project":"Buduunkhad","projectKey":"buduunkhad","area":"Бүдүүн хад","licence":"XV-023222","sensor":"Base / Control","dataType":"control_reference_point","controlType":"gcp","name":"gcp5","plannedActual":"reference","status":"confirmed_source","contextOnly":true,"sourceFile":"Buduunkhad_Drone_Project_Tracker.xlsx","sourceUrl":"https://docs.google.com/spreadsheets/d/1DwydImVmcQvj7s4loVRk_4K9-VQ7szXz/edit?gid=991918308","sourceCrs":"EPSG:32647","displayCrs":"EPSG:4326","crsVerified":true,"easting":317936.299,"northing":5095437.708,"elevationM":2039.207,"dates":["2026-07-14"],"observationCount":1},"geometry":{"type":"Point","coordinates":[96.64920974,45.98832926]}},{"type":"Feature","id":"tracker-control:723","properties":{"project":"Buduunkhad","projectKey":"buduunkhad","area":"Бүдүүн хад","licence":"XV-023222","sensor":"Base / Control","dataType":"control_reference_point","controlType":"gcp","name":"gcp6","plannedActual":"reference","status":"confirmed_source","contextOnly":true,"sourceFile":"Buduunkhad_Drone_Project_Tracker.xlsx","sourceUrl":"https://docs.google.com/spreadsheets/d/1DwydImVmcQvj7s4loVRk_4K9-VQ7szXz/edit?gid=991918308","sourceCrs":"EPSG:32647","displayCrs":"EPSG:4326","crsVerified":true,"easting":319369.694,"northing":5095932.194,"elevationM":2044.27,"dates":["2026-07-14"],"observationCount":1},"geometry":{"type":"Point","coordinates":[96.66751513,45.9931552]}},{"type":"Feature","id":"tracker-control:724","properties":{"project":"Buduunkhad","projectKey":"buduunkhad","area":"Бүдүүн хад","licence":"XV-023222","sensor":"Base / Control","dataType":"control_reference_point","controlType":"gcp","name":"gcp7","plannedActual":"reference","status":"confirmed_source","contextOnly":true,"sourceFile":"Buduunkhad_Drone_Project_Tracker.xlsx","sourceUrl":"https://docs.google.com/spreadsheets/d/1DwydImVmcQvj7s4loVRk_4K9-VQ7szXz/edit?gid=991918308","sourceCrs":"EPSG:32647","displayCrs":"EPSG:4326","crsVerified":true,"easting":319467.01,"northing":5095996.952,"elevationM":2018.007,"dates":["2026-07-14"],"observationCount":1},"geometry":{"type":"Point","coordinates":[96.66874625,45.9937632]}},{"type":"Feature","id":"tracker-control:725","properties":{"project":"Buduunkhad","projectKey":"buduunkhad","area":"Бүдүүн хад","licence":"XV-023222","sensor":"Base / Control","dataType":"control_reference_point","controlType":"gcp","name":"gcp8","plannedActual":"reference","status":"confirmed_source","contextOnly":true,"sourceFile":"Buduunkhad_Drone_Project_Tracker.xlsx","sourceUrl":"https://docs.google.com/spreadsheets/d/1DwydImVmcQvj7s4loVRk_4K9-VQ7szXz/edit?gid=991918308","sourceCrs":"EPSG:32647","displayCrs":"EPSG:4326","crsVerified":true,"easting":320132.013,"northing":5096467.717,"elevationM":1977.869,"dates":["2026-07-14"],"observationCount":1},"geometry":{"type":"Point","coordinates":[96.67714917,45.99817155]}},{"type":"Feature","id":"tracker-control:726","properties":{"project":"Buduunkhad","projectKey":"buduunkhad","area":"Бүдүүн хад","licence":"XV-023222","sensor":"Base / Control","dataType":"control_reference_point","controlType":"gcp","name":"gcp9","plannedActual":"reference","status":"confirmed_source","contextOnly":true,"sourceFile":"Buduunkhad_Drone_Project_Tracker.xlsx","sourceUrl":"https://docs.google.com/spreadsheets/d/1DwydImVmcQvj7s4loVRk_4K9-VQ7szXz/edit?gid=991918308","sourceCrs":"EPSG:32647","displayCrs":"EPSG:4326","crsVerified":true,"easting":320375.361,"northing":5096253.575,"elevationM":1957.023,"dates":["2026-07-14"],"observationCount":1},"geometry":{"type":"Point","coordinates":[96.68036972,45.99630959]}},{"type":"Feature","id":"tracker-control:727","properties":{"project":"Buduunkhad","projectKey":"buduunkhad","area":"Бүдүүн хад","licence":"XV-023222","sensor":"Base / Control","dataType":"control_reference_point","controlType":"gcp","name":"gcp10","plannedActual":"reference","status":"confirmed_source","contextOnly":true,"sourceFile":"Buduunkhad_Drone_Project_Tracker.xlsx","sourceUrl":"https://docs.google.com/spreadsheets/d/1DwydImVmcQvj7s4loVRk_4K9-VQ7szXz/edit?gid=991918308","sourceCrs":"EPSG:32647","displayCrs":"EPSG:4326","crsVerified":true,"easting":320150.92,"northing":5095921.572,"elevationM":2001.751,"dates":["2026-07-14"],"observationCount":1},"geometry":{"type":"Point","coordinates":[96.67759871,45.99326506]}},{"type":"Feature","id":"tracker-control:728","properties":{"project":"Buduunkhad","projectKey":"buduunkhad","area":"Бүдүүн хад","licence":"XV-023222","sensor":"Base / Control","dataType":"control_reference_point","controlType":"gcp","name":"gcp1","plannedActual":"reference","status":"confirmed_source","contextOnly":true,"sourceFile":"Buduunkhad_Drone_Project_Tracker.xlsx","sourceUrl":"https://docs.google.com/spreadsheets/d/1DwydImVmcQvj7s4loVRk_4K9-VQ7szXz/edit?gid=991918308","sourceCrs":"EPSG:32647","displayCrs":"EPSG:4326","crsVerified":true,"easting":321484.463,"northing":5091346.055,"elevationM":1674.941,"dates":["2026-07-15"],"observationCount":1},"geometry":{"type":"Point","coordinates":[96.69651213,45.95246552]}},{"type":"Feature","id":"tracker-control:729","properties":{"project":"Buduunkhad","projectKey":"buduunkhad","area":"Бүдүүн хад","licence":"XV-023222","sensor":"Base / Control","dataType":"control_reference_point","controlType":"gcp","name":"gcp2","plannedActual":"reference","status":"confirmed_source","contextOnly":true,"sourceFile":"Buduunkhad_Drone_Project_Tracker.xlsx","sourceUrl":"https://docs.google.com/spreadsheets/d/1DwydImVmcQvj7s4loVRk_4K9-VQ7szXz/edit?gid=991918308","sourceCrs":"EPSG:32647","displayCrs":"EPSG:4326","crsVerified":true,"easting":321805.139,"northing":5091053.824,"elevationM":1693.353,"dates":["2026-07-15"],"observationCount":1},"geometry":{"type":"Point","coordinates":[96.70075535,45.94992074]}},{"type":"Feature","id":"tracker-control:730","properties":{"project":"Buduunkhad","projectKey":"buduunkhad","area":"Бүдүүн хад","licence":"XV-023222","sensor":"Base / Control","dataType":"control_reference_point","controlType":"gcp","name":"gcp3","plannedActual":"reference","status":"confirmed_source","contextOnly":true,"sourceFile":"Buduunkhad_Drone_Project_Tracker.xlsx","sourceUrl":"https://docs.google.com/spreadsheets/d/1DwydImVmcQvj7s4loVRk_4K9-VQ7szXz/edit?gid=991918308","sourceCrs":"EPSG:32647","displayCrs":"EPSG:4326","crsVerified":true,"easting":321877.277,"northing":5091539.14,"elevationM":1718.416,"dates":["2026-07-15"],"observationCount":1},"geometry":{"type":"Point","coordinates":[96.70150488,45.95430399]}},{"type":"Feature","id":"tracker-control:731","properties":{"project":"Buduunkhad","projectKey":"buduunkhad","area":"Бүдүүн хад","licence":"XV-023222","sensor":"Base / Control","dataType":"control_reference_point","controlType":"gcp","name":"gcp4","plannedActual":"reference","status":"confirmed_source","contextOnly":true,"sourceFile":"Buduunkhad_Drone_Project_Tracker.xlsx","sourceUrl":"https://docs.google.com/spreadsheets/d/1DwydImVmcQvj7s4loVRk_4K9-VQ7szXz/edit?gid=991918308","sourceCrs":"EPSG:32647","displayCrs":"EPSG:4326","crsVerified":true,"easting":322045.672,"northing":5090969.589,"elevationM":1699.647,"dates":["2026-07-15"],"observationCount":1},"geometry":{"type":"Point","coordinates":[96.70388771,45.94922558]}},{"type":"Feature","id":"tracker-control:732","properties":{"project":"Buduunkhad","projectKey":"buduunkhad","area":"Бүдүүн хад","licence":"XV-023222","sensor":"Base / Control","dataType":"control_reference_point","controlType":"gcp","name":"gcp1","plannedActual":"reference","status":"confirmed_source","contextOnly":true,"sourceFile":"Buduunkhad_Drone_Project_Tracker.xlsx","sourceUrl":"https://docs.google.com/spreadsheets/d/1DwydImVmcQvj7s4loVRk_4K9-VQ7szXz/edit?gid=991918308","sourceCrs":"EPSG:32647","displayCrs":"EPSG:4326","crsVerified":true,"easting":315144.845,"northing":5095424.442,"elevationM":1862.988,"dates":["2026-07-16"],"observationCount":1},"geometry":{"type":"Point","coordinates":[96.61320329,45.98746314]}},{"type":"Feature","id":"tracker-control:733","properties":{"project":"Buduunkhad","projectKey":"buduunkhad","area":"Бүдүүн хад","licence":"XV-023222","sensor":"Base / Control","dataType":"control_reference_point","controlType":"gcp","name":"gcp2","plannedActual":"reference","status":"confirmed_source","contextOnly":true,"sourceFile":"Buduunkhad_Drone_Project_Tracker.xlsx","sourceUrl":"https://docs.google.com/spreadsheets/d/1DwydImVmcQvj7s4loVRk_4K9-VQ7szXz/edit?gid=991918308","sourceCrs":"EPSG:32647","displayCrs":"EPSG:4326","crsVerified":true,"easting":314794.548,"northing":5095495.949,"elevationM":1868.177,"dates":["2026-07-16"],"observationCount":1},"geometry":{"type":"Point","coordinates":[96.60865663,45.98801165]}},{"type":"Feature","id":"tracker-control:734","properties":{"project":"Buduunkhad","projectKey":"buduunkhad","area":"Бүдүүн хад","licence":"XV-023222","sensor":"Base / Control","dataType":"control_reference_point","controlType":"gcp","name":"gcp3","plannedActual":"reference","status":"confirmed_source","contextOnly":true,"sourceFile":"Buduunkhad_Drone_Project_Tracker.xlsx","sourceUrl":"https://docs.google.com/spreadsheets/d/1DwydImVmcQvj7s4loVRk_4K9-VQ7szXz/edit?gid=991918308","sourceCrs":"EPSG:32647","displayCrs":"EPSG:4326","crsVerified":true,"easting":314819.331,"northing":5096457.087,"elevationM":1937.87,"dates":["2026-07-16"],"observationCount":1},"geometry":{"type":"Point","coordinates":[96.60860391,45.99666138]}},{"type":"Feature","id":"tracker-control:735","properties":{"project":"Buduunkhad","projectKey":"buduunkhad","area":"Бүдүүн хад","licence":"XV-023222","sensor":"Base / Control","dataType":"control_reference_point","controlType":"gcp","name":"gcp4","plannedActual":"reference","status":"confirmed_source","contextOnly":true,"sourceFile":"Buduunkhad_Drone_Project_Tracker.xlsx","sourceUrl":"https://docs.google.com/spreadsheets/d/1DwydImVmcQvj7s4loVRk_4K9-VQ7szXz/edit?gid=991918308","sourceCrs":"EPSG:32647","displayCrs":"EPSG:4326","crsVerified":true,"easting":315110.177,"northing":5096376.432,"elevationM":1967.001,"dates":["2026-07-16"],"observationCount":1},"geometry":{"type":"Point","coordinates":[96.61238776,45.9960146]}},{"type":"Feature","id":"tracker-control:736","properties":{"project":"Buduunkhad","projectKey":"buduunkhad","area":"Бүдүүн хад","licence":"XV-023222","sensor":"Base / Control","dataType":"control_reference_point","controlType":"gcp","name":"GCP1","plannedActual":"reference","status":"confirmed_source","contextOnly":true,"sourceFile":"Buduunkhad_Drone_Project_Tracker.xlsx","sourceUrl":"https://docs.google.com/spreadsheets/d/1DwydImVmcQvj7s4loVRk_4K9-VQ7szXz/edit?gid=991918308","sourceCrs":"EPSG:32647","displayCrs":"EPSG:4326","crsVerified":true,"easting":317287.803,"northing":5094510.705,"elevationM":1852.282,"dates":["2026-07-17"],"observationCount":1},"geometry":{"type":"Point","coordinates":[96.64119785,45.97982049]}},{"type":"Feature","id":"tracker-control:737","properties":{"project":"Buduunkhad","projectKey":"buduunkhad","area":"Бүдүүн хад","licence":"XV-023222","sensor":"Base / Control","dataType":"control_reference_point","controlType":"gcp","name":"GCP2","plannedActual":"reference","status":"confirmed_source","contextOnly":true,"sourceFile":"Buduunkhad_Drone_Project_Tracker.xlsx","sourceUrl":"https://docs.google.com/spreadsheets/d/1DwydImVmcQvj7s4loVRk_4K9-VQ7szXz/edit?gid=991918308","sourceCrs":"EPSG:32647","displayCrs":"EPSG:4326","crsVerified":true,"easting":316725.498,"northing":5094565.759,"elevationM":1809.9,"dates":["2026-07-17"],"observationCount":1},"geometry":{"type":"Point","coordinates":[96.63392369,45.98016556]}},{"type":"Feature","id":"tracker-control:738","properties":{"project":"Buduunkhad","projectKey":"buduunkhad","area":"Бүдүүн хад","licence":"XV-023222","sensor":"Base / Control","dataType":"control_reference_point","controlType":"gcp","name":"gcp4","plannedActual":"reference","status":"confirmed_source","contextOnly":true,"sourceFile":"Buduunkhad_Drone_Project_Tracker.xlsx","sourceUrl":"https://docs.google.com/spreadsheets/d/1DwydImVmcQvj7s4loVRk_4K9-VQ7szXz/edit?gid=991918308","sourceCrs":"EPSG:32647","displayCrs":"EPSG:4326","crsVerified":true,"easting":316984.238,"northing":5095212.977,"elevationM":1980.191,"dates":["2026-07-17"],"observationCount":1},"geometry":{"type":"Point","coordinates":[96.63701341,45.98605488]}},{"type":"Feature","id":"tracker-control:739","properties":{"project":"Buduunkhad","projectKey":"buduunkhad","area":"Бүдүүн хад","licence":"XV-023222","sensor":"Base / Control","dataType":"control_reference_point","controlType":"gcp","name":"GCP4","plannedActual":"reference","status":"confirmed_source","contextOnly":true,"sourceFile":"Buduunkhad_Drone_Project_Tracker.xlsx","sourceUrl":"https://docs.google.com/spreadsheets/d/1DwydImVmcQvj7s4loVRk_4K9-VQ7szXz/edit?gid=991918308","sourceCrs":"EPSG:32647","displayCrs":"EPSG:4326","crsVerified":true,"easting":323497.59,"northing":5091412.702,"elevationM":1735.331,"dates":["2026-07-17"],"observationCount":1},"geometry":{"type":"Point","coordinates":[96.7224432,45.95358539]}},{"type":"Feature","id":"tracker-control:740","properties":{"project":"Buduunkhad","projectKey":"buduunkhad","area":"Бүдүүн хад","licence":"XV-023222","sensor":"Base / Control","dataType":"control_reference_point","controlType":"gcp","name":"GCP5","plannedActual":"reference","status":"confirmed_source","contextOnly":true,"sourceFile":"Buduunkhad_Drone_Project_Tracker.xlsx","sourceUrl":"https://docs.google.com/spreadsheets/d/1DwydImVmcQvj7s4loVRk_4K9-VQ7szXz/edit?gid=991918308","sourceCrs":"EPSG:32647","displayCrs":"EPSG:4326","crsVerified":true,"easting":323341.049,"northing":5091410.81,"elevationM":1746.641,"dates":["2026-07-17"],"observationCount":1},"geometry":{"type":"Point","coordinates":[96.72042554,45.95352811]}},{"type":"Feature","id":"tracker-control:741","properties":{"project":"Buduunkhad","projectKey":"buduunkhad","area":"Бүдүүн хад","licence":"XV-023222","sensor":"Base / Control","dataType":"control_reference_point","controlType":"gcp","name":"GCP6","plannedActual":"reference","status":"confirmed_source","contextOnly":true,"sourceFile":"Buduunkhad_Drone_Project_Tracker.xlsx","sourceUrl":"https://docs.google.com/spreadsheets/d/1DwydImVmcQvj7s4loVRk_4K9-VQ7szXz/edit?gid=991918308","sourceCrs":"EPSG:32647","displayCrs":"EPSG:4326","crsVerified":true,"easting":323249.805,"northing":5091549.097,"elevationM":1746.442,"dates":["2026-07-17"],"observationCount":1},"geometry":{"type":"Point","coordinates":[96.71919804,45.95474828]}},{"type":"Feature","id":"tracker-control:742","properties":{"project":"Buduunkhad","projectKey":"buduunkhad","area":"Бүдүүн хад","licence":"XV-023222","sensor":"Base / Control","dataType":"control_reference_point","controlType":"gcp","name":"GCP7","plannedActual":"reference","status":"confirmed_source","contextOnly":true,"sourceFile":"Buduunkhad_Drone_Project_Tracker.xlsx","sourceUrl":"https://docs.google.com/spreadsheets/d/1DwydImVmcQvj7s4loVRk_4K9-VQ7szXz/edit?gid=991918308","sourceCrs":"EPSG:32647","displayCrs":"EPSG:4326","crsVerified":true,"easting":323147.627,"northing":5091666.926,"elevationM":1751.207,"dates":["2026-07-17"],"observationCount":1},"geometry":{"type":"Point","coordinates":[96.71783706,45.95578163]}},{"type":"Feature","id":"tracker-control:743","properties":{"project":"Buduunkhad","projectKey":"buduunkhad","area":"Бүдүүн хад","licence":"XV-023222","sensor":"Base / Control","dataType":"control_reference_point","controlType":"gcp","name":"GCP8","plannedActual":"reference","status":"confirmed_source","contextOnly":true,"sourceFile":"Buduunkhad_Drone_Project_Tracker.xlsx","sourceUrl":"https://docs.google.com/spreadsheets/d/1DwydImVmcQvj7s4loVRk_4K9-VQ7szXz/edit?gid=991918308","sourceCrs":"EPSG:32647","displayCrs":"EPSG:4326","crsVerified":true,"easting":323350.121,"northing":5091662.043,"elevationM":1760.485,"dates":["2026-07-17"],"observationCount":1},"geometry":{"type":"Point","coordinates":[96.72044982,45.95578985]}},{"type":"Feature","id":"tracker-control:744","properties":{"project":"Buduunkhad","projectKey":"buduunkhad","area":"Бүдүүн хад","licence":"XV-023222","sensor":"Base / Control","dataType":"control_reference_point","controlType":"gcp","name":"GCP9","plannedActual":"reference","status":"confirmed_source","contextOnly":true,"sourceFile":"Buduunkhad_Drone_Project_Tracker.xlsx","sourceUrl":"https://docs.google.com/spreadsheets/d/1DwydImVmcQvj7s4loVRk_4K9-VQ7szXz/edit?gid=991918308","sourceCrs":"EPSG:32647","displayCrs":"EPSG:4326","crsVerified":true,"easting":323448.461,"northing":5091523.234,"elevationM":1741.457,"dates":["2026-07-17"],"observationCount":1},"geometry":{"type":"Point","coordinates":[96.721769,45.9545668]}},{"type":"Feature","id":"tracker-control:745","properties":{"project":"Buduunkhad","projectKey":"buduunkhad","area":"Бүдүүн хад","licence":"XV-023222","sensor":"Base / Control","dataType":"control_reference_point","controlType":"gcp","name":"GCP10","plannedActual":"reference","status":"confirmed_source","contextOnly":true,"sourceFile":"Buduunkhad_Drone_Project_Tracker.xlsx","sourceUrl":"https://docs.google.com/spreadsheets/d/1DwydImVmcQvj7s4loVRk_4K9-VQ7szXz/edit?gid=991918308","sourceCrs":"EPSG:32647","displayCrs":"EPSG:4326","crsVerified":true,"easting":323550.873,"northing":5091667.02,"elevationM":1739.04,"dates":["2026-07-17"],"observationCount":1},"geometry":{"type":"Point","coordinates":[96.72303649,45.95588624]}},{"type":"Feature","id":"tracker-control:746","properties":{"project":"Buduunkhad","projectKey":"buduunkhad","area":"Бүдүүн хад","licence":"XV-023222","sensor":"Base / Control","dataType":"control_reference_point","controlType":"gcp","name":"GCP11","plannedActual":"reference","status":"confirmed_source","contextOnly":true,"sourceFile":"Buduunkhad_Drone_Project_Tracker.xlsx","sourceUrl":"https://docs.google.com/spreadsheets/d/1DwydImVmcQvj7s4loVRk_4K9-VQ7szXz/edit?gid=991918308","sourceCrs":"EPSG:32647","displayCrs":"EPSG:4326","crsVerified":true,"easting":323405.133,"northing":5091256.942,"elevationM":1753.244,"dates":["2026-07-17"],"observationCount":1},"geometry":{"type":"Point","coordinates":[96.72130854,45.95216082]}},{"type":"Feature","id":"tracker-control:747","properties":{"project":"Buduunkhad","projectKey":"buduunkhad","area":"Бүдүүн хад","licence":"XV-023222","sensor":"Base / Control","dataType":"control_reference_point","controlType":"gcp","name":"GCP12","plannedActual":"reference","status":"confirmed_source","contextOnly":true,"sourceFile":"Buduunkhad_Drone_Project_Tracker.xlsx","sourceUrl":"https://docs.google.com/spreadsheets/d/1DwydImVmcQvj7s4loVRk_4K9-VQ7szXz/edit?gid=991918308","sourceCrs":"EPSG:32647","displayCrs":"EPSG:4326","crsVerified":true,"easting":323549.088,"northing":5091163.007,"elevationM":1730.953,"dates":["2026-07-17"],"observationCount":1},"geometry":{"type":"Point","coordinates":[96.72319919,45.95135304]}},{"type":"Feature","id":"tracker-control:748","properties":{"project":"Buduunkhad","projectKey":"buduunkhad","area":"Бүдүүн хад","licence":"XV-023222","sensor":"Base / Control","dataType":"control_reference_point","controlType":"gcp","name":"GCP13","plannedActual":"reference","status":"confirmed_source","contextOnly":true,"sourceFile":"Buduunkhad_Drone_Project_Tracker.xlsx","sourceUrl":"https://docs.google.com/spreadsheets/d/1DwydImVmcQvj7s4loVRk_4K9-VQ7szXz/edit?gid=991918308","sourceCrs":"EPSG:32647","displayCrs":"EPSG:4326","crsVerified":true,"easting":323525.864,"northing":5090939.618,"elevationM":1723.654,"dates":["2026-07-17"],"observationCount":1},"geometry":{"type":"Point","coordinates":[96.72298208,45.94933807]}},{"type":"Feature","id":"tracker-control:749","properties":{"project":"Buduunkhad","projectKey":"buduunkhad","area":"Бүдүүн хад","licence":"XV-023222","sensor":"Base / Control","dataType":"control_reference_point","controlType":"gcp","name":"GCP14","plannedActual":"reference","status":"confirmed_source","contextOnly":true,"sourceFile":"Buduunkhad_Drone_Project_Tracker.xlsx","sourceUrl":"https://docs.google.com/spreadsheets/d/1DwydImVmcQvj7s4loVRk_4K9-VQ7szXz/edit?gid=991918308","sourceCrs":"EPSG:32647","displayCrs":"EPSG:4326","crsVerified":true,"easting":323356.676,"northing":5090984.817,"elevationM":1730.252,"dates":["2026-07-17"],"observationCount":1},"geometry":{"type":"Point","coordinates":[96.72078415,45.94970105]}},{"type":"Feature","id":"tracker-control:750","properties":{"project":"Buduunkhad","projectKey":"buduunkhad","area":"Бүдүүн хад","licence":"XV-023222","sensor":"Base / Control","dataType":"control_reference_point","controlType":"gcp","name":"GCP15","plannedActual":"reference","status":"confirmed_source","contextOnly":true,"sourceFile":"Buduunkhad_Drone_Project_Tracker.xlsx","sourceUrl":"https://docs.google.com/spreadsheets/d/1DwydImVmcQvj7s4loVRk_4K9-VQ7szXz/edit?gid=991918308","sourceCrs":"EPSG:32647","displayCrs":"EPSG:4326","crsVerified":true,"easting":323381.019,"northing":5091160.752,"elevationM":1752.209,"dates":["2026-07-17"],"observationCount":1},"geometry":{"type":"Point","coordinates":[96.72103311,45.95128955]}},{"type":"Feature","id":"tracker-control:751","properties":{"project":"Buduunkhad","projectKey":"buduunkhad","area":"Бүдүүн хад","licence":"XV-023222","sensor":"Base / Control","dataType":"control_reference_point","controlType":"gcp","name":"GCP16","plannedActual":"reference","status":"confirmed_source","contextOnly":true,"sourceFile":"Buduunkhad_Drone_Project_Tracker.xlsx","sourceUrl":"https://docs.google.com/spreadsheets/d/1DwydImVmcQvj7s4loVRk_4K9-VQ7szXz/edit?gid=991918308","sourceCrs":"EPSG:32647","displayCrs":"EPSG:4326","crsVerified":true,"easting":323468.228,"northing":5091041.504,"elevationM":1729.922,"dates":["2026-07-17"],"observationCount":1},"geometry":{"type":"Point","coordinates":[96.72220145,45.95023955]}},{"type":"Feature","id":"tracker-control:752","properties":{"project":"Buduunkhad","projectKey":"buduunkhad","area":"Бүдүүн хад","licence":"XV-023222","sensor":"Base / Control","dataType":"control_reference_point","controlType":"gcp","name":"GCP17","plannedActual":"reference","status":"confirmed_source","contextOnly":true,"sourceFile":"Buduunkhad_Drone_Project_Tracker.xlsx","sourceUrl":"https://docs.google.com/spreadsheets/d/1DwydImVmcQvj7s4loVRk_4K9-VQ7szXz/edit?gid=991918308","sourceCrs":"EPSG:32647","displayCrs":"EPSG:4326","crsVerified":true,"easting":323148.827,"northing":5090998.392,"elevationM":1744.485,"dates":["2026-07-17"],"observationCount":1},"geometry":{"type":"Point","coordinates":[96.71809943,45.94976963]}},{"type":"Feature","id":"tracker-control:753","properties":{"project":"Buduunkhad","projectKey":"buduunkhad","area":"Бүдүүн хад","licence":"XV-023222","sensor":"Base / Control","dataType":"control_reference_point","controlType":"gcp","name":"GCP18","plannedActual":"reference","status":"confirmed_source","contextOnly":true,"sourceFile":"Buduunkhad_Drone_Project_Tracker.xlsx","sourceUrl":"https://docs.google.com/spreadsheets/d/1DwydImVmcQvj7s4loVRk_4K9-VQ7szXz/edit?gid=991918308","sourceCrs":"EPSG:32647","displayCrs":"EPSG:4326","crsVerified":true,"easting":323154.627,"northing":5091165.118,"elevationM":1764.026,"dates":["2026-07-17"],"observationCount":1},"geometry":{"type":"Point","coordinates":[96.71811264,45.95127054]}},{"type":"Feature","id":"tracker-control:754","properties":{"project":"Buduunkhad","projectKey":"buduunkhad","area":"Бүдүүн хад","licence":"XV-023222","sensor":"Base / Control","dataType":"control_reference_point","controlType":"gcp","name":"GCP19","plannedActual":"reference","status":"confirmed_source","contextOnly":true,"sourceFile":"Buduunkhad_Drone_Project_Tracker.xlsx","sourceUrl":"https://docs.google.com/spreadsheets/d/1DwydImVmcQvj7s4loVRk_4K9-VQ7szXz/edit?gid=991918308","sourceCrs":"EPSG:32647","displayCrs":"EPSG:4326","crsVerified":true,"easting":323240.774,"northing":5091011.158,"elevationM":1741.127,"dates":["2026-07-17"],"observationCount":1},"geometry":{"type":"Point","coordinates":[96.71928015,45.94990812]}},{"type":"Feature","id":"tracker-control:755","properties":{"project":"Buduunkhad","projectKey":"buduunkhad","area":"Бүдүүн хад","licence":"XV-023222","sensor":"Base / Control","dataType":"control_reference_point","controlType":"gcp","name":"GCP20","plannedActual":"reference","status":"confirmed_source","contextOnly":true,"sourceFile":"Buduunkhad_Drone_Project_Tracker.xlsx","sourceUrl":"https://docs.google.com/spreadsheets/d/1DwydImVmcQvj7s4loVRk_4K9-VQ7szXz/edit?gid=991918308","sourceCrs":"EPSG:32647","displayCrs":"EPSG:4326","crsVerified":true,"easting":323281.146,"northing":5091283.487,"elevationM":1755.727,"dates":["2026-07-17"],"observationCount":1},"geometry":{"type":"Point","coordinates":[96.71970016,45.95236764]}},{"type":"Feature","id":"tracker-control:756","properties":{"project":"Buduunkhad","projectKey":"buduunkhad","area":"Бүдүүн хад","licence":"XV-023222","sensor":"Base / Control","dataType":"control_reference_point","controlType":"gcp","name":"GCP21","plannedActual":"reference","status":"confirmed_source","contextOnly":true,"sourceFile":"Buduunkhad_Drone_Project_Tracker.xlsx","sourceUrl":"https://docs.google.com/spreadsheets/d/1DwydImVmcQvj7s4loVRk_4K9-VQ7szXz/edit?gid=991918308","sourceCrs":"EPSG:32647","displayCrs":"EPSG:4326","crsVerified":true,"easting":323154.839,"northing":5091412.95,"elevationM":1762.395,"dates":["2026-07-17"],"observationCount":1},"geometry":{"type":"Point","coordinates":[96.71802385,45.95349942]}},{"type":"Feature","id":"tracker-control:757","properties":{"project":"Buduunkhad","projectKey":"buduunkhad","area":"Бүдүүн хад","licence":"XV-023222","sensor":"Base / Control","dataType":"control_reference_point","controlType":"gcp","name":"gcp01","plannedActual":"reference","status":"confirmed_source","contextOnly":true,"sourceFile":"Buduunkhad_Drone_Project_Tracker.xlsx","sourceUrl":"https://docs.google.com/spreadsheets/d/1DwydImVmcQvj7s4loVRk_4K9-VQ7szXz/edit?gid=991918308","sourceCrs":"EPSG:32647","displayCrs":"EPSG:4326","crsVerified":true,"easting":320842.401,"northing":5091939.336,"elevationM":1675.493,"dates":["2026-07-20"],"observationCount":1},"geometry":{"type":"Point","coordinates":[96.68801207,45.9576337]}},{"type":"Feature","id":"tracker-control:758","properties":{"project":"Buduunkhad","projectKey":"buduunkhad","area":"Бүдүүн хад","licence":"XV-023222","sensor":"Base / Control","dataType":"control_reference_point","controlType":"gcp","name":"gcp02","plannedActual":"reference","status":"confirmed_source","contextOnly":true,"sourceFile":"Buduunkhad_Drone_Project_Tracker.xlsx","sourceUrl":"https://docs.google.com/spreadsheets/d/1DwydImVmcQvj7s4loVRk_4K9-VQ7szXz/edit?gid=991918308","sourceCrs":"EPSG:32647","displayCrs":"EPSG:4326","crsVerified":true,"easting":320911.061,"northing":5091922.262,"elevationM":1675.234,"dates":["2026-07-20"],"observationCount":1},"geometry":{"type":"Point","coordinates":[96.68890377,45.95749807]}},{"type":"Feature","id":"tracker-control:759","properties":{"project":"Buduunkhad","projectKey":"buduunkhad","area":"Бүдүүн хад","licence":"XV-023222","sensor":"Base / Control","dataType":"control_reference_point","controlType":"gcp","name":"gcp03","plannedActual":"reference","status":"confirmed_source","contextOnly":true,"sourceFile":"Buduunkhad_Drone_Project_Tracker.xlsx","sourceUrl":"https://docs.google.com/spreadsheets/d/1DwydImVmcQvj7s4loVRk_4K9-VQ7szXz/edit?gid=991918308","sourceCrs":"EPSG:32647","displayCrs":"EPSG:4326","crsVerified":true,"easting":320860.943,"northing":5091899.113,"elevationM":1673.43,"dates":["2026-07-20"],"observationCount":1},"geometry":{"type":"Point","coordinates":[96.6882662,45.95727681]}},{"type":"Feature","id":"tracker-control:760","properties":{"project":"Buduunkhad","projectKey":"buduunkhad","area":"Бүдүүн хад","licence":"XV-023222","sensor":"Base / Control","dataType":"control_reference_point","controlType":"gcp","name":"gcp04","plannedActual":"reference","status":"confirmed_source","contextOnly":true,"sourceFile":"Buduunkhad_Drone_Project_Tracker.xlsx","sourceUrl":"https://docs.google.com/spreadsheets/d/1DwydImVmcQvj7s4loVRk_4K9-VQ7szXz/edit?gid=991918308","sourceCrs":"EPSG:32647","displayCrs":"EPSG:4326","crsVerified":true,"easting":320879.087,"northing":5091841.486,"elevationM":1669.792,"dates":["2026-07-20"],"observationCount":1},"geometry":{"type":"Point","coordinates":[96.68852171,45.9567633]}},{"type":"Feature","id":"tracker-control:761","properties":{"project":"Buduunkhad","projectKey":"buduunkhad","area":"Бүдүүн хад","licence":"XV-023222","sensor":"Base / Control","dataType":"control_reference_point","controlType":"gcp","name":"gcp05","plannedActual":"reference","status":"confirmed_source","contextOnly":true,"sourceFile":"Buduunkhad_Drone_Project_Tracker.xlsx","sourceUrl":"https://docs.google.com/spreadsheets/d/1DwydImVmcQvj7s4loVRk_4K9-VQ7szXz/edit?gid=991918308","sourceCrs":"EPSG:32647","displayCrs":"EPSG:4326","crsVerified":true,"easting":320812.117,"northing":5091858.082,"elevationM":1669.981,"dates":["2026-07-20"],"observationCount":1},"geometry":{"type":"Point","coordinates":[96.68765199,45.95689507]}},{"type":"Feature","id":"tracker-control:762","properties":{"project":"Buduunkhad","projectKey":"buduunkhad","area":"Бүдүүн хад","licence":"XV-023222","sensor":"Base / Control","dataType":"control_reference_point","controlType":"gcp","name":"gcp1","plannedActual":"reference","status":"confirmed_source","contextOnly":true,"sourceFile":"Buduunkhad_Drone_Project_Tracker.xlsx","sourceUrl":"https://docs.google.com/spreadsheets/d/1DwydImVmcQvj7s4loVRk_4K9-VQ7szXz/edit?gid=991918308","sourceCrs":"EPSG:32647","displayCrs":"EPSG:4326","crsVerified":true,"easting":320717.426,"northing":5091938.309,"elevationM":1674.805,"dates":["2026-07-21"],"observationCount":1},"geometry":{"type":"Point","coordinates":[96.68640101,45.95759183]}},{"type":"Feature","id":"tracker-control:763","properties":{"project":"Buduunkhad","projectKey":"buduunkhad","area":"Бүдүүн хад","licence":"XV-023222","sensor":"Base / Control","dataType":"control_reference_point","controlType":"gcp","name":"gcp2","plannedActual":"reference","status":"confirmed_source","contextOnly":true,"sourceFile":"Buduunkhad_Drone_Project_Tracker.xlsx","sourceUrl":"https://docs.google.com/spreadsheets/d/1DwydImVmcQvj7s4loVRk_4K9-VQ7szXz/edit?gid=991918308","sourceCrs":"EPSG:32647","displayCrs":"EPSG:4326","crsVerified":true,"easting":320716.542,"northing":5091837.538,"elevationM":1670.39,"dates":["2026-07-21"],"observationCount":1},"geometry":{"type":"Point","coordinates":[96.68642734,45.95668536]}},{"type":"Feature","id":"tracker-control:764","properties":{"project":"Buduunkhad","projectKey":"buduunkhad","area":"Бүдүүн хад","licence":"XV-023222","sensor":"Base / Control","dataType":"control_reference_point","controlType":"gcp","name":"gcp3","plannedActual":"reference","status":"confirmed_source","contextOnly":true,"sourceFile":"Buduunkhad_Drone_Project_Tracker.xlsx","sourceUrl":"https://docs.google.com/spreadsheets/d/1DwydImVmcQvj7s4loVRk_4K9-VQ7szXz/edit?gid=991918308","sourceCrs":"EPSG:32647","displayCrs":"EPSG:4326","crsVerified":true,"easting":320714.199,"northing":5091740.203,"elevationM":1665.999,"dates":["2026-07-21"],"observationCount":1},"geometry":{"type":"Point","coordinates":[96.68643358,45.95580941]}},{"type":"Feature","id":"tracker-control:765","properties":{"project":"Buduunkhad","projectKey":"buduunkhad","area":"Бүдүүн хад","licence":"XV-023222","sensor":"Base / Control","dataType":"control_reference_point","controlType":"gcp","name":"gcp4","plannedActual":"reference","status":"confirmed_source","contextOnly":true,"sourceFile":"Buduunkhad_Drone_Project_Tracker.xlsx","sourceUrl":"https://docs.google.com/spreadsheets/d/1DwydImVmcQvj7s4loVRk_4K9-VQ7szXz/edit?gid=991918308","sourceCrs":"EPSG:32647","displayCrs":"EPSG:4326","crsVerified":true,"easting":320812.4,"northing":5091738.092,"elevationM":1665.269,"dates":["2026-07-21"],"observationCount":1},"geometry":{"type":"Point","coordinates":[96.68770055,45.95581606]}},{"type":"Feature","id":"tracker-control:766","properties":{"project":"Buduunkhad","projectKey":"buduunkhad","area":"Бүдүүн хад","licence":"XV-023222","sensor":"Base / Control","dataType":"control_reference_point","controlType":"gcp","name":"gcp5","plannedActual":"reference","status":"confirmed_source","contextOnly":true,"sourceFile":"Buduunkhad_Drone_Project_Tracker.xlsx","sourceUrl":"https://docs.google.com/spreadsheets/d/1DwydImVmcQvj7s4loVRk_4K9-VQ7szXz/edit?gid=991918308","sourceCrs":"EPSG:32647","displayCrs":"EPSG:4326","crsVerified":true,"easting":320913.532,"northing":5091738.796,"elevationM":1668.254,"dates":["2026-07-21"],"observationCount":1},"geometry":{"type":"Point","coordinates":[96.68900425,45.95584879]}},{"type":"Feature","id":"tracker-control:767","properties":{"project":"Buduunkhad","projectKey":"buduunkhad","area":"Бүдүүн хад","licence":"XV-023222","sensor":"Base / Control","dataType":"control_reference_point","controlType":"gcp","name":"gcp6","plannedActual":"reference","status":"confirmed_source","contextOnly":true,"sourceFile":"Buduunkhad_Drone_Project_Tracker.xlsx","sourceUrl":"https://docs.google.com/spreadsheets/d/1DwydImVmcQvj7s4loVRk_4K9-VQ7szXz/edit?gid=991918308","sourceCrs":"EPSG:32647","displayCrs":"EPSG:4326","crsVerified":true,"easting":321011.921,"northing":5091737.469,"elevationM":1672.655,"dates":["2026-07-21"],"observationCount":1},"geometry":{"type":"Point","coordinates":[96.69027335,45.95586251]}},{"type":"Feature","id":"tracker-control:768","properties":{"project":"Buduunkhad","projectKey":"buduunkhad","area":"Бүдүүн хад","licence":"XV-023222","sensor":"Base / Control","dataType":"control_reference_point","controlType":"gcp","name":"gcp7","plannedActual":"reference","status":"confirmed_source","contextOnly":true,"sourceFile":"Buduunkhad_Drone_Project_Tracker.xlsx","sourceUrl":"https://docs.google.com/spreadsheets/d/1DwydImVmcQvj7s4loVRk_4K9-VQ7szXz/edit?gid=991918308","sourceCrs":"EPSG:32647","displayCrs":"EPSG:4326","crsVerified":true,"easting":321014.958,"northing":5091834.207,"elevationM":1677.339,"dates":["2026-07-21"],"observationCount":1},"geometry":{"type":"Point","coordinates":[96.69027634,45.95673328]}},{"type":"Feature","id":"tracker-control:769","properties":{"project":"Buduunkhad","projectKey":"buduunkhad","area":"Бүдүүн хад","licence":"XV-023222","sensor":"Base / Control","dataType":"control_reference_point","controlType":"gcp","name":"gcp8","plannedActual":"reference","status":"confirmed_source","contextOnly":true,"sourceFile":"Buduunkhad_Drone_Project_Tracker.xlsx","sourceUrl":"https://docs.google.com/spreadsheets/d/1DwydImVmcQvj7s4loVRk_4K9-VQ7szXz/edit?gid=991918308","sourceCrs":"EPSG:32647","displayCrs":"EPSG:4326","crsVerified":true,"easting":320912.88,"northing":5091837.145,"elevationM":1671.343,"dates":["2026-07-21"],"observationCount":1},"geometry":{"type":"Point","coordinates":[96.68895906,45.95673308]}},{"type":"Feature","id":"tracker-control:770","properties":{"project":"Buduunkhad","projectKey":"buduunkhad","area":"Бүдүүн хад","licence":"XV-023222","sensor":"Base / Control","dataType":"control_reference_point","controlType":"gcp","name":"gcp9","plannedActual":"reference","status":"confirmed_source","contextOnly":true,"sourceFile":"Buduunkhad_Drone_Project_Tracker.xlsx","sourceUrl":"https://docs.google.com/spreadsheets/d/1DwydImVmcQvj7s4loVRk_4K9-VQ7szXz/edit?gid=991918308","sourceCrs":"EPSG:32647","displayCrs":"EPSG:4326","crsVerified":true,"easting":320814.118,"northing":5091835.835,"elevationM":1668.978,"dates":["2026-07-21"],"observationCount":1},"geometry":{"type":"Point","coordinates":[96.68768612,45.95669552]}},{"type":"Feature","id":"tracker-control:771","properties":{"project":"Buduunkhad","projectKey":"buduunkhad","area":"Бүдүүн хад","licence":"XV-023222","sensor":"Base / Control","dataType":"control_reference_point","controlType":"gcp","name":"gcp10","plannedActual":"reference","status":"confirmed_source","contextOnly":true,"sourceFile":"Buduunkhad_Drone_Project_Tracker.xlsx","sourceUrl":"https://docs.google.com/spreadsheets/d/1DwydImVmcQvj7s4loVRk_4K9-VQ7szXz/edit?gid=991918308","sourceCrs":"EPSG:32647","displayCrs":"EPSG:4326","crsVerified":true,"easting":320813.7,"northing":5091938.494,"elevationM":1674.166,"dates":["2026-07-21"],"observationCount":1},"geometry":{"type":"Point","coordinates":[96.68764231,45.95761863]}},{"type":"Feature","id":"tracker-control:772","properties":{"project":"Buduunkhad","projectKey":"buduunkhad","area":"Бүдүүн хад","licence":"XV-023222","sensor":"Base / Control","dataType":"control_reference_point","controlType":"gcp","name":"gcp11","plannedActual":"reference","status":"confirmed_source","contextOnly":true,"sourceFile":"Buduunkhad_Drone_Project_Tracker.xlsx","sourceUrl":"https://docs.google.com/spreadsheets/d/1DwydImVmcQvj7s4loVRk_4K9-VQ7szXz/edit?gid=991918308","sourceCrs":"EPSG:32647","displayCrs":"EPSG:4326","crsVerified":true,"easting":320723.209,"northing":5092039.838,"elevationM":1680.066,"dates":["2026-07-21"],"observationCount":1},"geometry":{"type":"Point","coordinates":[96.68643755,45.9585064]}},{"type":"Feature","id":"tracker-control:773","properties":{"project":"Buduunkhad","projectKey":"buduunkhad","area":"Бүдүүн хад","licence":"XV-023222","sensor":"Base / Control","dataType":"control_reference_point","controlType":"gcp","name":"gcp12","plannedActual":"reference","status":"confirmed_source","contextOnly":true,"sourceFile":"Buduunkhad_Drone_Project_Tracker.xlsx","sourceUrl":"https://docs.google.com/spreadsheets/d/1DwydImVmcQvj7s4loVRk_4K9-VQ7szXz/edit?gid=991918308","sourceCrs":"EPSG:32647","displayCrs":"EPSG:4326","crsVerified":true,"easting":320816.434,"northing":5092036.9,"elevationM":1686.602,"dates":["2026-07-21"],"observationCount":1},"geometry":{"type":"Point","coordinates":[96.68764073,45.95850432]}},{"type":"Feature","id":"tracker-control:774","properties":{"project":"Buduunkhad","projectKey":"buduunkhad","area":"Бүдүүн хад","licence":"XV-023222","sensor":"Base / Control","dataType":"control_reference_point","controlType":"gcp","name":"gcp13","plannedActual":"reference","status":"confirmed_source","contextOnly":true,"sourceFile":"Buduunkhad_Drone_Project_Tracker.xlsx","sourceUrl":"https://docs.google.com/spreadsheets/d/1DwydImVmcQvj7s4loVRk_4K9-VQ7szXz/edit?gid=991918308","sourceCrs":"EPSG:32647","displayCrs":"EPSG:4326","crsVerified":true,"easting":320915.225,"northing":5092037.818,"elevationM":1691.344,"dates":["2026-07-21"],"observationCount":1},"geometry":{"type":"Point","coordinates":[96.68891423,45.95853836]}},{"type":"Feature","id":"tracker-control:775","properties":{"project":"Buduunkhad","projectKey":"buduunkhad","area":"Бүдүүн хад","licence":"XV-023222","sensor":"Base / Control","dataType":"control_reference_point","controlType":"gcp","name":"gcp14","plannedActual":"reference","status":"confirmed_source","contextOnly":true,"sourceFile":"Buduunkhad_Drone_Project_Tracker.xlsx","sourceUrl":"https://docs.google.com/spreadsheets/d/1DwydImVmcQvj7s4loVRk_4K9-VQ7szXz/edit?gid=991918308","sourceCrs":"EPSG:32647","displayCrs":"EPSG:4326","crsVerified":true,"easting":321016.012,"northing":5092035.53,"elevationM":1709.694,"dates":["2026-07-21"],"observationCount":1},"geometry":{"type":"Point","coordinates":[96.69021467,45.95854407]}},{"type":"Feature","id":"tracker-control:776","properties":{"project":"Buduunkhad","projectKey":"buduunkhad","area":"Бүдүүн хад","licence":"XV-023222","sensor":"Base / Control","dataType":"control_reference_point","controlType":"gcp","name":"gcp15","plannedActual":"reference","status":"confirmed_source","contextOnly":true,"sourceFile":"Buduunkhad_Drone_Project_Tracker.xlsx","sourceUrl":"https://docs.google.com/spreadsheets/d/1DwydImVmcQvj7s4loVRk_4K9-VQ7szXz/edit?gid=991918308","sourceCrs":"EPSG:32647","displayCrs":"EPSG:4326","crsVerified":true,"easting":321114.235,"northing":5091932.283,"elevationM":1692.916,"dates":["2026-07-21"],"observationCount":1},"geometry":{"type":"Point","coordinates":[96.69151977,45.95764116]}},{"type":"Feature","id":"tracker-control:777","properties":{"project":"Buduunkhad","projectKey":"buduunkhad","area":"Бүдүүн хад","licence":"XV-023222","sensor":"Base / Control","dataType":"control_reference_point","controlType":"gcp","name":"gcp16","plannedActual":"reference","status":"confirmed_source","contextOnly":true,"sourceFile":"Buduunkhad_Drone_Project_Tracker.xlsx","sourceUrl":"https://docs.google.com/spreadsheets/d/1DwydImVmcQvj7s4loVRk_4K9-VQ7szXz/edit?gid=991918308","sourceCrs":"EPSG:32647","displayCrs":"EPSG:4326","crsVerified":true,"easting":321108.909,"northing":5092017.4,"elevationM":1711.367,"dates":["2026-07-21"],"observationCount":1},"geometry":{"type":"Point","coordinates":[96.69141929,45.95840524]}},{"type":"Feature","id":"tracker-control:778","properties":{"project":"Buduunkhad","projectKey":"buduunkhad","area":"Бүдүүн хад","licence":"XV-023222","sensor":"Base / Control","dataType":"control_reference_point","controlType":"gcp","name":"gcp17","plannedActual":"reference","status":"confirmed_source","contextOnly":true,"sourceFile":"Buduunkhad_Drone_Project_Tracker.xlsx","sourceUrl":"https://docs.google.com/spreadsheets/d/1DwydImVmcQvj7s4loVRk_4K9-VQ7szXz/edit?gid=991918308","sourceCrs":"EPSG:32647","displayCrs":"EPSG:4326","crsVerified":true,"easting":321112.894,"northing":5091835.52,"elevationM":1682.482,"dates":["2026-07-21"],"observationCount":1},"geometry":{"type":"Point","coordinates":[96.69153864,45.95677061]}},{"type":"Feature","id":"tracker-control:779","properties":{"project":"Buduunkhad","projectKey":"buduunkhad","area":"Бүдүүн хад","licence":"XV-023222","sensor":"Base / Control","dataType":"control_reference_point","controlType":"gcp","name":"gcp18","plannedActual":"reference","status":"confirmed_source","contextOnly":true,"sourceFile":"Buduunkhad_Drone_Project_Tracker.xlsx","sourceUrl":"https://docs.google.com/spreadsheets/d/1DwydImVmcQvj7s4loVRk_4K9-VQ7szXz/edit?gid=991918308","sourceCrs":"EPSG:32647","displayCrs":"EPSG:4326","crsVerified":true,"easting":321016.246,"northing":5091935.657,"elevationM":1685.972,"dates":["2026-07-21"],"observationCount":1},"geometry":{"type":"Point","coordinates":[96.69025503,45.95764596]}},{"type":"Feature","id":"tracker-control:780","properties":{"project":"Buduunkhad","projectKey":"buduunkhad","area":"Бүдүүн хад","licence":"XV-023222","sensor":"Base / Control","dataType":"control_reference_point","controlType":"gcp","name":"gcp19","plannedActual":"reference","status":"confirmed_source","contextOnly":true,"sourceFile":"Buduunkhad_Drone_Project_Tracker.xlsx","sourceUrl":"https://docs.google.com/spreadsheets/d/1DwydImVmcQvj7s4loVRk_4K9-VQ7szXz/edit?gid=991918308","sourceCrs":"EPSG:32647","displayCrs":"EPSG:4326","crsVerified":true,"easting":321111.773,"northing":5091735.658,"elevationM":1676.072,"dates":["2026-07-21"],"observationCount":1},"geometry":{"type":"Point","coordinates":[96.69156149,45.95587225]}},{"type":"Feature","id":"tracker-control:781","properties":{"project":"Buduunkhad","projectKey":"buduunkhad","area":"Бүдүүн хад","licence":"XV-023222","sensor":"Base / Control","dataType":"control_reference_point","controlType":"gcp","name":"GCP1","plannedActual":"reference","status":"confirmed_source","contextOnly":true,"sourceFile":"Buduunkhad_Drone_Project_Tracker.xlsx","sourceUrl":"https://docs.google.com/spreadsheets/d/1DwydImVmcQvj7s4loVRk_4K9-VQ7szXz/edit?gid=991918308","sourceCrs":"EPSG:32647","displayCrs":"EPSG:4326","crsVerified":true,"easting":321213.032,"northing":5091733.886,"elevationM":1682.283,"dates":["2026-07-22"],"observationCount":1},"geometry":{"type":"Point","coordinates":[96.69286777,45.9558827]}},{"type":"Feature","id":"tracker-control:782","properties":{"project":"Buduunkhad","projectKey":"buduunkhad","area":"Бүдүүн хад","licence":"XV-023222","sensor":"Base / Control","dataType":"control_reference_point","controlType":"gcp","name":"GCP2","plannedActual":"reference","status":"confirmed_source","contextOnly":true,"sourceFile":"Buduunkhad_Drone_Project_Tracker.xlsx","sourceUrl":"https://docs.google.com/spreadsheets/d/1DwydImVmcQvj7s4loVRk_4K9-VQ7szXz/edit?gid=991918308","sourceCrs":"EPSG:32647","displayCrs":"EPSG:4326","crsVerified":true,"easting":321213.794,"northing":5091832.915,"elevationM":1695.146,"dates":["2026-07-22"],"observationCount":1},"geometry":{"type":"Point","coordinates":[96.69284061,45.95677347]}},{"type":"Feature","id":"tracker-control:783","properties":{"project":"Buduunkhad","projectKey":"buduunkhad","area":"Бүдүүн хад","licence":"XV-023222","sensor":"Base / Control","dataType":"control_reference_point","controlType":"gcp","name":"GCP3","plannedActual":"reference","status":"confirmed_source","contextOnly":true,"sourceFile":"Buduunkhad_Drone_Project_Tracker.xlsx","sourceUrl":"https://docs.google.com/spreadsheets/d/1DwydImVmcQvj7s4loVRk_4K9-VQ7szXz/edit?gid=991918308","sourceCrs":"EPSG:32647","displayCrs":"EPSG:4326","crsVerified":true,"easting":321313.811,"northing":5091834.53,"elevationM":1710.123,"dates":["2026-07-22"],"observationCount":1},"geometry":{"type":"Point","coordinates":[96.69412963,45.95681404]}},{"type":"Feature","id":"tracker-control:784","properties":{"project":"Buduunkhad","projectKey":"buduunkhad","area":"Бүдүүн хад","licence":"XV-023222","sensor":"Base / Control","dataType":"control_reference_point","controlType":"gcp","name":"GCP4","plannedActual":"reference","status":"confirmed_source","contextOnly":true,"sourceFile":"Buduunkhad_Drone_Project_Tracker.xlsx","sourceUrl":"https://docs.google.com/spreadsheets/d/1DwydImVmcQvj7s4loVRk_4K9-VQ7szXz/edit?gid=991918308","sourceCrs":"EPSG:32647","displayCrs":"EPSG:4326","crsVerified":true,"easting":321312.674,"northing":5091734.696,"elevationM":1703.594,"dates":["2026-07-22"],"observationCount":1},"geometry":{"type":"Point","coordinates":[96.69415223,45.95591592]}},{"type":"Feature","id":"tracker-control:785","properties":{"project":"Buduunkhad","projectKey":"buduunkhad","area":"Бүдүүн хад","licence":"XV-023222","sensor":"Base / Control","dataType":"control_reference_point","controlType":"gcp","name":"GCP5","plannedActual":"reference","status":"confirmed_source","contextOnly":true,"sourceFile":"Buduunkhad_Drone_Project_Tracker.xlsx","sourceUrl":"https://docs.google.com/spreadsheets/d/1DwydImVmcQvj7s4loVRk_4K9-VQ7szXz/edit?gid=991918308","sourceCrs":"EPSG:32647","displayCrs":"EPSG:4326","crsVerified":true,"easting":321210.724,"northing":5091635.512,"elevationM":1674.883,"dates":["2026-07-22"],"observationCount":1},"geometry":{"type":"Point","coordinates":[96.69287474,45.95499741]}},{"type":"Feature","id":"tracker-control:786","properties":{"project":"Buduunkhad","projectKey":"buduunkhad","area":"Бүдүүн хад","licence":"XV-023222","sensor":"Base / Control","dataType":"control_reference_point","controlType":"gcp","name":"GCP6","plannedActual":"reference","status":"confirmed_source","contextOnly":true,"sourceFile":"Buduunkhad_Drone_Project_Tracker.xlsx","sourceUrl":"https://docs.google.com/spreadsheets/d/1DwydImVmcQvj7s4loVRk_4K9-VQ7szXz/edit?gid=991918308","sourceCrs":"EPSG:32647","displayCrs":"EPSG:4326","crsVerified":true,"easting":321114.091,"northing":5091536.08,"elevationM":1668.439,"dates":["2026-07-22"],"observationCount":1},"geometry":{"type":"Point","coordinates":[96.69166594,45.95407803]}},{"type":"Feature","id":"tracker-control:787","properties":{"project":"Buduunkhad","projectKey":"buduunkhad","area":"Бүдүүн хад","licence":"XV-023222","sensor":"Base / Control","dataType":"control_reference_point","controlType":"gcp","name":"GCP7","plannedActual":"reference","status":"confirmed_source","contextOnly":true,"sourceFile":"Buduunkhad_Drone_Project_Tracker.xlsx","sourceUrl":"https://docs.google.com/spreadsheets/d/1DwydImVmcQvj7s4loVRk_4K9-VQ7szXz/edit?gid=991918308","sourceCrs":"EPSG:32647","displayCrs":"EPSG:4326","crsVerified":true,"easting":321309.164,"northing":5091532.11,"elevationM":1677.856,"dates":["2026-07-22"],"observationCount":1},"geometry":{"type":"Point","coordinates":[96.69418257,45.95409313]}},{"type":"Feature","id":"tracker-control:788","properties":{"project":"Buduunkhad","projectKey":"buduunkhad","area":"Бүдүүн хад","licence":"XV-023222","sensor":"Base / Control","dataType":"control_reference_point","controlType":"gcp","name":"GCP8","plannedActual":"reference","status":"confirmed_source","contextOnly":true,"sourceFile":"Buduunkhad_Drone_Project_Tracker.xlsx","sourceUrl":"https://docs.google.com/spreadsheets/d/1DwydImVmcQvj7s4loVRk_4K9-VQ7szXz/edit?gid=991918308","sourceCrs":"EPSG:32647","displayCrs":"EPSG:4326","crsVerified":true,"easting":321311.129,"northing":5091631.796,"elevationM":1687.608,"dates":["2026-07-22"],"observationCount":1},"geometry":{"type":"Point","coordinates":[96.69417071,45.95499013]}},{"type":"Feature","id":"tracker-control:789","properties":{"project":"Buduunkhad","projectKey":"buduunkhad","area":"Бүдүүн хад","licence":"XV-023222","sensor":"Base / Control","dataType":"control_reference_point","controlType":"gcp","name":"GCP9","plannedActual":"reference","status":"confirmed_source","contextOnly":true,"sourceFile":"Buduunkhad_Drone_Project_Tracker.xlsx","sourceUrl":"https://docs.google.com/spreadsheets/d/1DwydImVmcQvj7s4loVRk_4K9-VQ7szXz/edit?gid=991918308","sourceCrs":"EPSG:32647","displayCrs":"EPSG:4326","crsVerified":true,"easting":321412.797,"northing":5091529.462,"elevationM":1677.25,"dates":["2026-07-22"],"observationCount":1},"geometry":{"type":"Point","coordinates":[96.69551974,45.95409628]}},{"type":"Feature","id":"tracker-control:790","properties":{"project":"Buduunkhad","projectKey":"buduunkhad","area":"Бүдүүн хад","licence":"XV-023222","sensor":"Base / Control","dataType":"control_reference_point","controlType":"gcp","name":"GCP10","plannedActual":"reference","status":"confirmed_source","contextOnly":true,"sourceFile":"Buduunkhad_Drone_Project_Tracker.xlsx","sourceUrl":"https://docs.google.com/spreadsheets/d/1DwydImVmcQvj7s4loVRk_4K9-VQ7szXz/edit?gid=991918308","sourceCrs":"EPSG:32647","displayCrs":"EPSG:4326","crsVerified":true,"easting":321319.872,"northing":5091433.136,"elevationM":1672.292,"dates":["2026-07-22"],"observationCount":1},"geometry":{"type":"Point","coordinates":[96.69435756,45.95320583]}},{"type":"Feature","id":"tracker-control:791","properties":{"project":"Buduunkhad","projectKey":"buduunkhad","area":"Бүдүүн хад","licence":"XV-023222","sensor":"Base / Control","dataType":"control_reference_point","controlType":"gcp","name":"GCP11","plannedActual":"reference","status":"confirmed_source","contextOnly":true,"sourceFile":"Buduunkhad_Drone_Project_Tracker.xlsx","sourceUrl":"https://docs.google.com/spreadsheets/d/1DwydImVmcQvj7s4loVRk_4K9-VQ7szXz/edit?gid=991918308","sourceCrs":"EPSG:32647","displayCrs":"EPSG:4326","crsVerified":true,"easting":321408.94,"northing":5091331.204,"elevationM":1671.079,"dates":["2026-07-22"],"observationCount":1},"geometry":{"type":"Point","coordinates":[96.69554395,45.95231232]}},{"type":"Feature","id":"tracker-control:792","properties":{"project":"Buduunkhad","projectKey":"buduunkhad","area":"Бүдүүн хад","licence":"XV-023222","sensor":"Base / Control","dataType":"control_reference_point","controlType":"gcp","name":"GCP12","plannedActual":"reference","status":"confirmed_source","contextOnly":true,"sourceFile":"Buduunkhad_Drone_Project_Tracker.xlsx","sourceUrl":"https://docs.google.com/spreadsheets/d/1DwydImVmcQvj7s4loVRk_4K9-VQ7szXz/edit?gid=991918308","sourceCrs":"EPSG:32647","displayCrs":"EPSG:4326","crsVerified":true,"easting":321406.368,"northing":5091234.629,"elevationM":1670.959,"dates":["2026-07-22"],"observationCount":1},"geometry":{"type":"Point","coordinates":[96.6955468,45.95144314]}},{"type":"Feature","id":"tracker-control:793","properties":{"project":"Buduunkhad","projectKey":"buduunkhad","area":"Бүдүүн хад","licence":"XV-023222","sensor":"Base / Control","dataType":"control_reference_point","controlType":"gcp","name":"GCP13","plannedActual":"reference","status":"confirmed_source","contextOnly":true,"sourceFile":"Buduunkhad_Drone_Project_Tracker.xlsx","sourceUrl":"https://docs.google.com/spreadsheets/d/1DwydImVmcQvj7s4loVRk_4K9-VQ7szXz/edit?gid=991918308","sourceCrs":"EPSG:32647","displayCrs":"EPSG:4326","crsVerified":true,"easting":321507.464,"northing":5091329.6,"elevationM":1676.173,"dates":["2026-07-22"],"observationCount":1},"geometry":{"type":"Point","coordinates":[96.69681481,45.95232352]}},{"type":"Feature","id":"tracker-control:794","properties":{"project":"Buduunkhad","projectKey":"buduunkhad","area":"Бүдүүн хад","licence":"XV-023222","sensor":"Base / Control","dataType":"control_reference_point","controlType":"gcp","name":"GCP14","plannedActual":"reference","status":"confirmed_source","contextOnly":true,"sourceFile":"Buduunkhad_Drone_Project_Tracker.xlsx","sourceUrl":"https://docs.google.com/spreadsheets/d/1DwydImVmcQvj7s4loVRk_4K9-VQ7szXz/edit?gid=991918308","sourceCrs":"EPSG:32647","displayCrs":"EPSG:4326","crsVerified":true,"easting":321606.085,"northing":5091329.536,"elevationM":1683.438,"dates":["2026-07-22"],"observationCount":1},"geometry":{"type":"Point","coordinates":[96.69808636,45.95234857]}},{"type":"Feature","id":"tracker-control:795","properties":{"project":"Buduunkhad","projectKey":"buduunkhad","area":"Бүдүүн хад","licence":"XV-023222","sensor":"Base / Control","dataType":"control_reference_point","controlType":"gcp","name":"GCP15","plannedActual":"reference","status":"confirmed_source","contextOnly":true,"sourceFile":"Buduunkhad_Drone_Project_Tracker.xlsx","sourceUrl":"https://docs.google.com/spreadsheets/d/1DwydImVmcQvj7s4loVRk_4K9-VQ7szXz/edit?gid=991918308","sourceCrs":"EPSG:32647","displayCrs":"EPSG:4326","crsVerified":true,"easting":321707.208,"northing":5091327.639,"elevationM":1693.225,"dates":["2026-07-22"],"observationCount":1},"geometry":{"type":"Point","coordinates":[96.69939084,45.95235778]}},{"type":"Feature","id":"tracker-control:796","properties":{"project":"Buduunkhad","projectKey":"buduunkhad","area":"Бүдүүн хад","licence":"XV-023222","sensor":"Base / Control","dataType":"control_reference_point","controlType":"gcp","name":"GCP16","plannedActual":"reference","status":"confirmed_source","contextOnly":true,"sourceFile":"Buduunkhad_Drone_Project_Tracker.xlsx","sourceUrl":"https://docs.google.com/spreadsheets/d/1DwydImVmcQvj7s4loVRk_4K9-VQ7szXz/edit?gid=991918308","sourceCrs":"EPSG:32647","displayCrs":"EPSG:4326","crsVerified":true,"easting":321707.984,"northing":5091423.413,"elevationM":1706.657,"dates":["2026-07-22"],"observationCount":1},"geometry":{"type":"Point","coordinates":[96.69936519,45.95321929]}},{"type":"Feature","id":"tracker-control:797","properties":{"project":"Buduunkhad","projectKey":"buduunkhad","area":"Бүдүүн хад","licence":"XV-023222","sensor":"Base / Control","dataType":"control_reference_point","controlType":"gcp","name":"GCP17","plannedActual":"reference","status":"confirmed_source","contextOnly":true,"sourceFile":"Buduunkhad_Drone_Project_Tracker.xlsx","sourceUrl":"https://docs.google.com/spreadsheets/d/1DwydImVmcQvj7s4loVRk_4K9-VQ7szXz/edit?gid=991918308","sourceCrs":"EPSG:32647","displayCrs":"EPSG:4326","crsVerified":true,"easting":321609.257,"northing":5091530.728,"elevationM":1694.423,"dates":["2026-07-22"],"observationCount":1},"geometry":{"type":"Point","coordinates":[96.6980523,45.95415875]}},{"type":"Feature","id":"tracker-control:798","properties":{"project":"Buduunkhad","projectKey":"buduunkhad","area":"Бүдүүн хад","licence":"XV-023222","sensor":"Base / Control","dataType":"control_reference_point","controlType":"gcp","name":"GCP18","plannedActual":"reference","status":"confirmed_source","contextOnly":true,"sourceFile":"Buduunkhad_Drone_Project_Tracker.xlsx","sourceUrl":"https://docs.google.com/spreadsheets/d/1DwydImVmcQvj7s4loVRk_4K9-VQ7szXz/edit?gid=991918308","sourceCrs":"EPSG:32647","displayCrs":"EPSG:4326","crsVerified":true,"easting":321508.717,"northing":5091431.788,"elevationM":1684.725,"dates":["2026-07-22"],"observationCount":1},"geometry":{"type":"Point","coordinates":[96.69679288,45.95324283]}},{"type":"Feature","id":"tracker-control:799","properties":{"project":"Buduunkhad","projectKey":"buduunkhad","area":"Бүдүүн хад","licence":"XV-023222","sensor":"Base / Control","dataType":"control_reference_point","controlType":"gcp","name":"GCP19","plannedActual":"reference","status":"confirmed_source","contextOnly":true,"sourceFile":"Buduunkhad_Drone_Project_Tracker.xlsx","sourceUrl":"https://docs.google.com/spreadsheets/d/1DwydImVmcQvj7s4loVRk_4K9-VQ7szXz/edit?gid=991918308","sourceCrs":"EPSG:32647","displayCrs":"EPSG:4326","crsVerified":true,"easting":320818.473,"northing":5092138.859,"elevationM":1694.721,"dates":["2026-07-22"],"observationCount":1},"geometry":{"type":"Point","coordinates":[96.68762886,45.95942178]}},{"type":"Feature","id":"tracker-control:800","properties":{"project":"Buduunkhad","projectKey":"buduunkhad","area":"Бүдүүн хад","licence":"XV-023222","sensor":"Base / Control","dataType":"control_reference_point","controlType":"gcp","name":"GCP1","plannedActual":"reference","status":"confirmed_source","contextOnly":true,"sourceFile":"Buduunkhad_Drone_Project_Tracker.xlsx","sourceUrl":"https://docs.google.com/spreadsheets/d/1DwydImVmcQvj7s4loVRk_4K9-VQ7szXz/edit?gid=991918308","sourceCrs":"EPSG:32647","displayCrs":"EPSG:4326","crsVerified":true,"easting":320899.355,"northing":5092262.275,"elevationM":1742.653,"dates":["2026-07-23"],"observationCount":1},"geometry":{"type":"Point","coordinates":[96.68862562,45.96055277]}},{"type":"Feature","id":"tracker-control:801","properties":{"project":"Buduunkhad","projectKey":"buduunkhad","area":"Бүдүүн хад","licence":"XV-023222","sensor":"Base / Control","dataType":"control_reference_point","controlType":"gcp","name":"GCP2","plannedActual":"reference","status":"confirmed_source","contextOnly":true,"sourceFile":"Buduunkhad_Drone_Project_Tracker.xlsx","sourceUrl":"https://docs.google.com/spreadsheets/d/1DwydImVmcQvj7s4loVRk_4K9-VQ7szXz/edit?gid=991918308","sourceCrs":"EPSG:32647","displayCrs":"EPSG:4326","crsVerified":true,"easting":320999.391,"northing":5092264.503,"elevationM":1793.038,"dates":["2026-07-23"],"observationCount":1},"geometry":{"type":"Point","coordinates":[96.68991474,45.96059891]}},{"type":"Feature","id":"tracker-control:802","properties":{"project":"Buduunkhad","projectKey":"buduunkhad","area":"Бүдүүн хад","licence":"XV-023222","sensor":"Base / Control","dataType":"control_reference_point","controlType":"gcp","name":"GCP3","plannedActual":"reference","status":"confirmed_source","contextOnly":true,"sourceFile":"Buduunkhad_Drone_Project_Tracker.xlsx","sourceUrl":"https://docs.google.com/spreadsheets/d/1DwydImVmcQvj7s4loVRk_4K9-VQ7szXz/edit?gid=991918308","sourceCrs":"EPSG:32647","displayCrs":"EPSG:4326","crsVerified":true,"easting":321098.249,"northing":5092359.846,"elevationM":1804.451,"dates":["2026-07-23"],"observationCount":1},"geometry":{"type":"Point","coordinates":[96.69115386,45.96148211]}},{"type":"Feature","id":"tracker-control:803","properties":{"project":"Buduunkhad","projectKey":"buduunkhad","area":"Бүдүүн хад","licence":"XV-023222","sensor":"Base / Control","dataType":"control_reference_point","controlType":"gcp","name":"GCP4","plannedActual":"reference","status":"confirmed_source","contextOnly":true,"sourceFile":"Buduunkhad_Drone_Project_Tracker.xlsx","sourceUrl":"https://docs.google.com/spreadsheets/d/1DwydImVmcQvj7s4loVRk_4K9-VQ7szXz/edit?gid=991918308","sourceCrs":"EPSG:32647","displayCrs":"EPSG:4326","crsVerified":true,"easting":321199.487,"northing":5092265.737,"elevationM":1807.902,"dates":["2026-07-23"],"observationCount":1},"geometry":{"type":"Point","coordinates":[96.69249448,45.96066216]}},{"type":"Feature","id":"tracker-control:804","properties":{"project":"Buduunkhad","projectKey":"buduunkhad","area":"Бүдүүн хад","licence":"XV-023222","sensor":"Base / Control","dataType":"control_reference_point","controlType":"gcp","name":"GCP5","plannedActual":"reference","status":"confirmed_source","contextOnly":true,"sourceFile":"Buduunkhad_Drone_Project_Tracker.xlsx","sourceUrl":"https://docs.google.com/spreadsheets/d/1DwydImVmcQvj7s4loVRk_4K9-VQ7szXz/edit?gid=991918308","sourceCrs":"EPSG:32647","displayCrs":"EPSG:4326","crsVerified":true,"easting":321300.453,"northing":5092264.857,"elevationM":1808.25,"dates":["2026-07-23"],"observationCount":1},"geometry":{"type":"Point","coordinates":[96.69379676,45.96068054]}},{"type":"Feature","id":"tracker-control:805","properties":{"project":"Buduunkhad","projectKey":"buduunkhad","area":"Бүдүүн хад","licence":"XV-023222","sensor":"Base / Control","dataType":"control_reference_point","controlType":"gcp","name":"GCP6","plannedActual":"reference","status":"confirmed_source","contextOnly":true,"sourceFile":"Buduunkhad_Drone_Project_Tracker.xlsx","sourceUrl":"https://docs.google.com/spreadsheets/d/1DwydImVmcQvj7s4loVRk_4K9-VQ7szXz/edit?gid=991918308","sourceCrs":"EPSG:32647","displayCrs":"EPSG:4326","crsVerified":true,"easting":321398.095,"northing":5092263.522,"elevationM":1819.613,"dates":["2026-07-23"],"observationCount":1},"geometry":{"type":"Point","coordinates":[96.69505634,45.96069395]}},{"type":"Feature","id":"tracker-control:806","properties":{"project":"Buduunkhad","projectKey":"buduunkhad","area":"Бүдүүн хад","licence":"XV-023222","sensor":"Base / Control","dataType":"control_reference_point","controlType":"gcp","name":"GCP7","plannedActual":"reference","status":"confirmed_source","contextOnly":true,"sourceFile":"Buduunkhad_Drone_Project_Tracker.xlsx","sourceUrl":"https://docs.google.com/spreadsheets/d/1DwydImVmcQvj7s4loVRk_4K9-VQ7szXz/edit?gid=991918308","sourceCrs":"EPSG:32647","displayCrs":"EPSG:4326","crsVerified":true,"easting":321501.536,"northing":5092266.231,"elevationM":1767.526,"dates":["2026-07-23"],"observationCount":1},"geometry":{"type":"Point","coordinates":[96.69638919,45.96074522]}},{"type":"Feature","id":"tracker-control:807","properties":{"project":"Buduunkhad","projectKey":"buduunkhad","area":"Бүдүүн хад","licence":"XV-023222","sensor":"Base / Control","dataType":"control_reference_point","controlType":"gcp","name":"GCP8","plannedActual":"reference","status":"confirmed_source","contextOnly":true,"sourceFile":"Buduunkhad_Drone_Project_Tracker.xlsx","sourceUrl":"https://docs.google.com/spreadsheets/d/1DwydImVmcQvj7s4loVRk_4K9-VQ7szXz/edit?gid=991918308","sourceCrs":"EPSG:32647","displayCrs":"EPSG:4326","crsVerified":true,"easting":321499.532,"northing":5092062.313,"elevationM":1730.754,"dates":["2026-07-23"],"observationCount":1},"geometry":{"type":"Point","coordinates":[96.69643939,45.95891084]}},{"type":"Feature","id":"tracker-control:808","properties":{"project":"Buduunkhad","projectKey":"buduunkhad","area":"Бүдүүн хад","licence":"XV-023222","sensor":"Base / Control","dataType":"control_reference_point","controlType":"gcp","name":"GCP9","plannedActual":"reference","status":"confirmed_source","contextOnly":true,"sourceFile":"Buduunkhad_Drone_Project_Tracker.xlsx","sourceUrl":"https://docs.google.com/spreadsheets/d/1DwydImVmcQvj7s4loVRk_4K9-VQ7szXz/edit?gid=991918308","sourceCrs":"EPSG:32647","displayCrs":"EPSG:4326","crsVerified":true,"easting":321401.557,"northing":5092061.717,"elevationM":1781.442,"dates":["2026-07-23"],"observationCount":1},"geometry":{"type":"Point","coordinates":[96.69517627,45.95887999]}},{"type":"Feature","id":"tracker-control:809","properties":{"project":"Buduunkhad","projectKey":"buduunkhad","area":"Бүдүүн хад","licence":"XV-023222","sensor":"Base / Control","dataType":"control_reference_point","controlType":"gcp","name":"GCP10","plannedActual":"reference","status":"confirmed_source","contextOnly":true,"sourceFile":"Buduunkhad_Drone_Project_Tracker.xlsx","sourceUrl":"https://docs.google.com/spreadsheets/d/1DwydImVmcQvj7s4loVRk_4K9-VQ7szXz/edit?gid=991918308","sourceCrs":"EPSG:32647","displayCrs":"EPSG:4326","crsVerified":true,"easting":321300.217,"northing":5092063.878,"elevationM":1755.125,"dates":["2026-07-23"],"observationCount":1},"geometry":{"type":"Point","coordinates":[96.69386874,45.95887305]}},{"type":"Feature","id":"tracker-control:810","properties":{"project":"Buduunkhad","projectKey":"buduunkhad","area":"Бүдүүн хад","licence":"XV-023222","sensor":"Base / Control","dataType":"control_reference_point","controlType":"gcp","name":"GCP11","plannedActual":"reference","status":"confirmed_source","contextOnly":true,"sourceFile":"Buduunkhad_Drone_Project_Tracker.xlsx","sourceUrl":"https://docs.google.com/spreadsheets/d/1DwydImVmcQvj7s4loVRk_4K9-VQ7szXz/edit?gid=991918308","sourceCrs":"EPSG:32647","displayCrs":"EPSG:4326","crsVerified":true,"easting":321202.007,"northing":5092064.247,"elevationM":1724.656,"dates":["2026-07-23"],"observationCount":1},"geometry":{"type":"Point","coordinates":[96.69260224,45.9588508]}},{"type":"Feature","id":"tracker-control:811","properties":{"project":"Buduunkhad","projectKey":"buduunkhad","area":"Бүдүүн хад","licence":"XV-023222","sensor":"Base / Control","dataType":"control_reference_point","controlType":"gcp","name":"GCP12","plannedActual":"reference","status":"confirmed_source","contextOnly":true,"sourceFile":"Buduunkhad_Drone_Project_Tracker.xlsx","sourceUrl":"https://docs.google.com/spreadsheets/d/1DwydImVmcQvj7s4loVRk_4K9-VQ7szXz/edit?gid=991918308","sourceCrs":"EPSG:32647","displayCrs":"EPSG:4326","crsVerified":true,"easting":321099.844,"northing":5092161.68,"elevationM":1731.411,"dates":["2026-07-23"],"observationCount":1},"geometry":{"type":"Point","coordinates":[96.69124849,45.9597004]}},{"type":"Feature","id":"tracker-control:812","properties":{"project":"Buduunkhad","projectKey":"buduunkhad","area":"Бүдүүн хад","licence":"XV-023222","sensor":"Base / Control","dataType":"control_reference_point","controlType":"gcp","name":"GCP13","plannedActual":"reference","status":"confirmed_source","contextOnly":true,"sourceFile":"Buduunkhad_Drone_Project_Tracker.xlsx","sourceUrl":"https://docs.google.com/spreadsheets/d/1DwydImVmcQvj7s4loVRk_4K9-VQ7szXz/edit?gid=991918308","sourceCrs":"EPSG:32647","displayCrs":"EPSG:4326","crsVerified":true,"easting":320928.843,"northing":5091720.984,"elevationM":1668.515,"dates":["2026-07-23"],"observationCount":1},"geometry":{"type":"Point","coordinates":[96.68920833,45.95569259]}},{"type":"Feature","id":"tracker-control:813","properties":{"project":"Buduunkhad","projectKey":"buduunkhad","area":"Бүдүүн хад","licence":"XV-023222","sensor":"Base / Control","dataType":"control_reference_point","controlType":"gcp","name":"GCP14","plannedActual":"reference","status":"confirmed_source","contextOnly":true,"sourceFile":"Buduunkhad_Drone_Project_Tracker.xlsx","sourceUrl":"https://docs.google.com/spreadsheets/d/1DwydImVmcQvj7s4loVRk_4K9-VQ7szXz/edit?gid=991918308","sourceCrs":"EPSG:32647","displayCrs":"EPSG:4326","crsVerified":true,"easting":321085.999,"northing":5091712.341,"elevationM":1673.845,"dates":["2026-07-23"],"observationCount":1},"geometry":{"type":"Point","coordinates":[96.69123788,45.95565584]}},{"type":"Feature","id":"tracker-control:814","properties":{"project":"Buduunkhad","projectKey":"buduunkhad","area":"Бүдүүн хад","licence":"XV-023222","sensor":"Base / Control","dataType":"control_reference_point","controlType":"gcp","name":"GCP15","plannedActual":"reference","status":"confirmed_source","contextOnly":true,"sourceFile":"Buduunkhad_Drone_Project_Tracker.xlsx","sourceUrl":"https://docs.google.com/spreadsheets/d/1DwydImVmcQvj7s4loVRk_4K9-VQ7szXz/edit?gid=991918308","sourceCrs":"EPSG:32647","displayCrs":"EPSG:4326","crsVerified":true,"easting":321515.564,"northing":5091762.252,"elevationM":1698.121,"dates":["2026-07-23"],"observationCount":1},"geometry":{"type":"Point","coordinates":[96.69675798,45.95621652]}},{"type":"Feature","id":"tracker-control:815","properties":{"project":"Buduunkhad","projectKey":"buduunkhad","area":"Бүдүүн хад","licence":"XV-023222","sensor":"Base / Control","dataType":"control_reference_point","controlType":"gcp","name":"GCP16","plannedActual":"reference","status":"confirmed_source","contextOnly":true,"sourceFile":"Buduunkhad_Drone_Project_Tracker.xlsx","sourceUrl":"https://docs.google.com/spreadsheets/d/1DwydImVmcQvj7s4loVRk_4K9-VQ7szXz/edit?gid=991918308","sourceCrs":"EPSG:32647","displayCrs":"EPSG:4326","crsVerified":true,"easting":321498.28,"northing":5091861.683,"elevationM":1727.611,"dates":["2026-07-23"],"observationCount":1},"geometry":{"type":"Point","coordinates":[96.69649805,45.95710622]}},{"type":"Feature","id":"tracker-control:816","properties":{"project":"Buduunkhad","projectKey":"buduunkhad","area":"Бүдүүн хад","licence":"XV-023222","sensor":"Base / Control","dataType":"control_reference_point","controlType":"gcp","name":"GCP18","plannedActual":"reference","status":"confirmed_source","contextOnly":true,"sourceFile":"Buduunkhad_Drone_Project_Tracker.xlsx","sourceUrl":"https://docs.google.com/spreadsheets/d/1DwydImVmcQvj7s4loVRk_4K9-VQ7szXz/edit?gid=991918308","sourceCrs":"EPSG:32647","displayCrs":"EPSG:4326","crsVerified":true,"easting":321403.267,"northing":5091861.114,"elevationM":1720.672,"dates":["2026-07-23"],"observationCount":1},"geometry":{"type":"Point","coordinates":[96.69527316,45.95707639]}},{"type":"Feature","id":"tracker-control:817","properties":{"project":"Buduunkhad","projectKey":"buduunkhad","area":"Бүдүүн хад","licence":"XV-023222","sensor":"Base / Control","dataType":"control_reference_point","controlType":"gcp","name":"GCP19","plannedActual":"reference","status":"confirmed_source","contextOnly":true,"sourceFile":"Buduunkhad_Drone_Project_Tracker.xlsx","sourceUrl":"https://docs.google.com/spreadsheets/d/1DwydImVmcQvj7s4loVRk_4K9-VQ7szXz/edit?gid=991918308","sourceCrs":"EPSG:32647","displayCrs":"EPSG:4326","crsVerified":true,"easting":321303.113,"northing":5091862.761,"elevationM":1702.674,"dates":["2026-07-23"],"observationCount":1},"geometry":{"type":"Point","coordinates":[96.69398115,45.95706514]}},{"type":"Feature","id":"tracker-control:818","properties":{"project":"Buduunkhad","projectKey":"buduunkhad","area":"Бүдүүн хад","licence":"XV-023222","sensor":"Base / Control","dataType":"control_reference_point","controlType":"gcp","name":"GCP20","plannedActual":"reference","status":"confirmed_source","contextOnly":true,"sourceFile":"Buduunkhad_Drone_Project_Tracker.xlsx","sourceUrl":"https://docs.google.com/spreadsheets/d/1DwydImVmcQvj7s4loVRk_4K9-VQ7szXz/edit?gid=991918308","sourceCrs":"EPSG:32647","displayCrs":"EPSG:4326","crsVerified":true,"easting":321209.643,"northing":5091938.161,"elevationM":1695.436,"dates":["2026-07-23"],"observationCount":1},"geometry":{"type":"Point","coordinates":[96.69274779,45.95771888]}},{"type":"Feature","id":"tracker-control:819","properties":{"project":"Buduunkhad","projectKey":"buduunkhad","area":"Бүдүүн хад","licence":"XV-023222","sensor":"Base / Control","dataType":"control_reference_point","controlType":"gcp","name":"GCP21","plannedActual":"reference","status":"confirmed_source","contextOnly":true,"sourceFile":"Buduunkhad_Drone_Project_Tracker.xlsx","sourceUrl":"https://docs.google.com/spreadsheets/d/1DwydImVmcQvj7s4loVRk_4K9-VQ7szXz/edit?gid=991918308","sourceCrs":"EPSG:32647","displayCrs":"EPSG:4326","crsVerified":true,"easting":321402.427,"northing":5091729.633,"elevationM":1690.17,"dates":["2026-07-23"],"observationCount":1},"geometry":{"type":"Point","coordinates":[96.69531137,45.95589375]}},{"type":"Feature","id":"tracker-control:820","properties":{"project":"Buduunkhad","projectKey":"buduunkhad","area":"Бүдүүн хад","licence":"XV-023222","sensor":"Base / Control","dataType":"control_reference_point","controlType":"gcp","name":"GCP1","plannedActual":"reference","status":"confirmed_source","contextOnly":true,"sourceFile":"Buduunkhad_Drone_Project_Tracker.xlsx","sourceUrl":"https://docs.google.com/spreadsheets/d/1DwydImVmcQvj7s4loVRk_4K9-VQ7szXz/edit?gid=991918308","sourceCrs":"EPSG:32647","displayCrs":"EPSG:4326","crsVerified":true,"easting":321852.511,"northing":5091762.183,"elevationM":1731.781,"dates":["2026-07-25"],"observationCount":1},"geometry":{"type":"Point","coordinates":[96.70110257,45.95630342]}},{"type":"Feature","id":"tracker-control:821","properties":{"project":"Buduunkhad","projectKey":"buduunkhad","area":"Бүдүүн хад","licence":"XV-023222","sensor":"Base / Control","dataType":"control_reference_point","controlType":"gcp","name":"GCP2","plannedActual":"reference","status":"confirmed_source","contextOnly":true,"sourceFile":"Buduunkhad_Drone_Project_Tracker.xlsx","sourceUrl":"https://docs.google.com/spreadsheets/d/1DwydImVmcQvj7s4loVRk_4K9-VQ7szXz/edit?gid=991918308","sourceCrs":"EPSG:32647","displayCrs":"EPSG:4326","crsVerified":true,"easting":321800.213,"northing":5091861.933,"elevationM":1756.825,"dates":["2026-07-25"],"observationCount":1},"geometry":{"type":"Point","coordinates":[96.70039112,45.95718692]}},{"type":"Feature","id":"tracker-control:822","properties":{"project":"Buduunkhad","projectKey":"buduunkhad","area":"Бүдүүн хад","licence":"XV-023222","sensor":"Base / Control","dataType":"control_reference_point","controlType":"gcp","name":"GCP3","plannedActual":"reference","status":"confirmed_source","contextOnly":true,"sourceFile":"Buduunkhad_Drone_Project_Tracker.xlsx","sourceUrl":"https://docs.google.com/spreadsheets/d/1DwydImVmcQvj7s4loVRk_4K9-VQ7szXz/edit?gid=991918308","sourceCrs":"EPSG:32647","displayCrs":"EPSG:4326","crsVerified":true,"easting":321700.142,"northing":5091863.718,"elevationM":1748.341,"dates":["2026-07-25"],"observationCount":1},"geometry":{"type":"Point","coordinates":[96.69910012,45.95717698]}},{"type":"Feature","id":"tracker-control:823","properties":{"project":"Buduunkhad","projectKey":"buduunkhad","area":"Бүдүүн хад","licence":"XV-023222","sensor":"Base / Control","dataType":"control_reference_point","controlType":"gcp","name":"GCP4","plannedActual":"reference","status":"confirmed_source","contextOnly":true,"sourceFile":"Buduunkhad_Drone_Project_Tracker.xlsx","sourceUrl":"https://docs.google.com/spreadsheets/d/1DwydImVmcQvj7s4loVRk_4K9-VQ7szXz/edit?gid=991918308","sourceCrs":"EPSG:32647","displayCrs":"EPSG:4326","crsVerified":true,"easting":321702.153,"northing":5091964.617,"elevationM":1760.24,"dates":["2026-07-25"],"observationCount":1},"geometry":{"type":"Point","coordinates":[96.69908848,45.95808491]}},{"type":"Feature","id":"tracker-control:824","properties":{"project":"Buduunkhad","projectKey":"buduunkhad","area":"Бүдүүн хад","licence":"XV-023222","sensor":"Base / Control","dataType":"control_reference_point","controlType":"gcp","name":"GCP5","plannedActual":"reference","status":"confirmed_source","contextOnly":true,"sourceFile":"Buduunkhad_Drone_Project_Tracker.xlsx","sourceUrl":"https://docs.google.com/spreadsheets/d/1DwydImVmcQvj7s4loVRk_4K9-VQ7szXz/edit?gid=991918308","sourceCrs":"EPSG:32647","displayCrs":"EPSG:4326","crsVerified":true,"easting":321695.929,"northing":5092064.948,"elevationM":1787.444,"dates":["2026-07-25"],"observationCount":1},"geometry":{"type":"Point","coordinates":[96.69897086,45.95898558]}},{"type":"Feature","id":"tracker-control:825","properties":{"project":"Buduunkhad","projectKey":"buduunkhad","area":"Бүдүүн хад","licence":"XV-023222","sensor":"Base / Control","dataType":"control_reference_point","controlType":"gcp","name":"GCP6","plannedActual":"reference","status":"confirmed_source","contextOnly":true,"sourceFile":"Buduunkhad_Drone_Project_Tracker.xlsx","sourceUrl":"https://docs.google.com/spreadsheets/d/1DwydImVmcQvj7s4loVRk_4K9-VQ7szXz/edit?gid=991918308","sourceCrs":"EPSG:32647","displayCrs":"EPSG:4326","crsVerified":true,"easting":321702.683,"northing":5092161.913,"elevationM":1802.603,"dates":["2026-07-25"],"observationCount":1},"geometry":{"type":"Point","coordinates":[96.69902183,45.95985935]}},{"type":"Feature","id":"tracker-control:826","properties":{"project":"Buduunkhad","projectKey":"buduunkhad","area":"Бүдүүн хад","licence":"XV-023222","sensor":"Base / Control","dataType":"control_reference_point","controlType":"gcp","name":"GCP7","plannedActual":"reference","status":"confirmed_source","contextOnly":true,"sourceFile":"Buduunkhad_Drone_Project_Tracker.xlsx","sourceUrl":"https://docs.google.com/spreadsheets/d/1DwydImVmcQvj7s4loVRk_4K9-VQ7szXz/edit?gid=991918308","sourceCrs":"EPSG:32647","displayCrs":"EPSG:4326","crsVerified":true,"easting":321599.316,"northing":5092322.971,"elevationM":1833.77,"dates":["2026-07-25"],"observationCount":1},"geometry":{"type":"Point","coordinates":[96.69762892,45.96128091]}},{"type":"Feature","id":"tracker-control:827","properties":{"project":"Buduunkhad","projectKey":"buduunkhad","area":"Бүдүүн хад","licence":"XV-023222","sensor":"Base / Control","dataType":"control_reference_point","controlType":"gcp","name":"GCP8","plannedActual":"reference","status":"confirmed_source","contextOnly":true,"sourceFile":"Buduunkhad_Drone_Project_Tracker.xlsx","sourceUrl":"https://docs.google.com/spreadsheets/d/1DwydImVmcQvj7s4loVRk_4K9-VQ7szXz/edit?gid=991918308","sourceCrs":"EPSG:32647","displayCrs":"EPSG:4326","crsVerified":true,"easting":321698.94,"northing":5092263.237,"elevationM":1800.96,"dates":["2026-07-25"],"observationCount":1},"geometry":{"type":"Point","coordinates":[96.69893583,45.9607696]}},{"type":"Feature","id":"tracker-control:828","properties":{"project":"Buduunkhad","projectKey":"buduunkhad","area":"Бүдүүн хад","licence":"XV-023222","sensor":"Base / Control","dataType":"control_reference_point","controlType":"gcp","name":"GCP9","plannedActual":"reference","status":"confirmed_source","contextOnly":true,"sourceFile":"Buduunkhad_Drone_Project_Tracker.xlsx","sourceUrl":"https://docs.google.com/spreadsheets/d/1DwydImVmcQvj7s4loVRk_4K9-VQ7szXz/edit?gid=991918308","sourceCrs":"EPSG:32647","displayCrs":"EPSG:4326","crsVerified":true,"easting":321800.11,"northing":5092180.276,"elevationM":1747.977,"dates":["2026-07-25"],"observationCount":1},"geometry":{"type":"Point","coordinates":[96.70027129,45.9600498]}},{"type":"Feature","id":"tracker-control:829","properties":{"project":"Buduunkhad","projectKey":"buduunkhad","area":"Бүдүүн хад","licence":"XV-023222","sensor":"Base / Control","dataType":"control_reference_point","controlType":"gcp","name":"GCP10","plannedActual":"reference","status":"confirmed_source","contextOnly":true,"sourceFile":"Buduunkhad_Drone_Project_Tracker.xlsx","sourceUrl":"https://docs.google.com/spreadsheets/d/1DwydImVmcQvj7s4loVRk_4K9-VQ7szXz/edit?gid=991918308","sourceCrs":"EPSG:32647","displayCrs":"EPSG:4326","crsVerified":true,"easting":321800.416,"northing":5092262.468,"elevationM":1752.91,"dates":["2026-07-25"],"observationCount":1},"geometry":{"type":"Point","coordinates":[96.70024464,45.96078904]}},{"type":"Feature","id":"tracker-control:830","properties":{"project":"Buduunkhad","projectKey":"buduunkhad","area":"Бүдүүн хад","licence":"XV-023222","sensor":"Base / Control","dataType":"control_reference_point","controlType":"gcp","name":"GCP11","plannedActual":"reference","status":"confirmed_source","contextOnly":true,"sourceFile":"Buduunkhad_Drone_Project_Tracker.xlsx","sourceUrl":"https://docs.google.com/spreadsheets/d/1DwydImVmcQvj7s4loVRk_4K9-VQ7szXz/edit?gid=991918308","sourceCrs":"EPSG:32647","displayCrs":"EPSG:4326","crsVerified":true,"easting":321849.434,"northing":5091997.307,"elevationM":1738.837,"dates":["2026-07-25"],"observationCount":1},"geometry":{"type":"Point","coordinates":[96.70097541,45.95841713]}},{"type":"Feature","id":"tracker-control:831","properties":{"project":"Buduunkhad","projectKey":"buduunkhad","area":"Бүдүүн хад","licence":"XV-023222","sensor":"Base / Control","dataType":"control_reference_point","controlType":"gcp","name":"GCP12","plannedActual":"reference","status":"confirmed_source","contextOnly":true,"sourceFile":"Buduunkhad_Drone_Project_Tracker.xlsx","sourceUrl":"https://docs.google.com/spreadsheets/d/1DwydImVmcQvj7s4loVRk_4K9-VQ7szXz/edit?gid=991918308","sourceCrs":"EPSG:32647","displayCrs":"EPSG:4326","crsVerified":true,"easting":321669.035,"northing":5091763.419,"elevationM":1707.594,"dates":["2026-07-25"],"observationCount":1},"geometry":{"type":"Point","coordinates":[96.69873638,45.9562669]}},{"type":"Feature","id":"tracker-control:832","properties":{"project":"Buduunkhad","projectKey":"buduunkhad","area":"Бүдүүн хад","licence":"XV-023222","sensor":"Base / Control","dataType":"control_reference_point","controlType":"gcp","name":"GCP13","plannedActual":"reference","status":"confirmed_source","contextOnly":true,"sourceFile":"Buduunkhad_Drone_Project_Tracker.xlsx","sourceUrl":"https://docs.google.com/spreadsheets/d/1DwydImVmcQvj7s4loVRk_4K9-VQ7szXz/edit?gid=991918308","sourceCrs":"EPSG:32647","displayCrs":"EPSG:4326","crsVerified":true,"easting":321579.152,"northing":5091962.583,"elevationM":1717.629,"dates":["2026-07-25"],"observationCount":1},"geometry":{"type":"Point","coordinates":[96.69750322,45.95803465]}},{"type":"Feature","id":"tracker-control:833","properties":{"project":"Buduunkhad","projectKey":"buduunkhad","area":"Бүдүүн хад","licence":"XV-023222","sensor":"Base / Control","dataType":"control_reference_point","controlType":"gcp","name":"GCP14","plannedActual":"reference","status":"confirmed_source","contextOnly":true,"sourceFile":"Buduunkhad_Drone_Project_Tracker.xlsx","sourceUrl":"https://docs.google.com/spreadsheets/d/1DwydImVmcQvj7s4loVRk_4K9-VQ7szXz/edit?gid=991918308","sourceCrs":"EPSG:32647","displayCrs":"EPSG:4326","crsVerified":true,"easting":321514.854,"northing":5092161.477,"elevationM":1749.554,"dates":["2026-07-25"],"observationCount":1},"geometry":{"type":"Point","coordinates":[96.69659999,45.95980662]}},{"type":"Feature","id":"tracker-control:834","properties":{"project":"Buduunkhad","projectKey":"buduunkhad","area":"Бүдүүн хад","licence":"XV-023222","sensor":"Base / Control","dataType":"control_reference_point","controlType":"gcp","name":"GCP1","plannedActual":"reference","status":"confirmed_source","contextOnly":true,"sourceFile":"Buduunkhad_Drone_Project_Tracker.xlsx","sourceUrl":"https://docs.google.com/spreadsheets/d/1DwydImVmcQvj7s4loVRk_4K9-VQ7szXz/edit?gid=991918308","sourceCrs":"EPSG:32647","displayCrs":"EPSG:4326","crsVerified":true,"easting":323373.74,"northing":5091455.644,"elevationM":1739.99,"dates":["2026-07-27"],"observationCount":1},"geometry":{"type":"Point","coordinates":[96.7208305,45.95393973]}},{"type":"Feature","id":"tracker-control:835","properties":{"project":"Buduunkhad","projectKey":"buduunkhad","area":"Бүдүүн хад","licence":"XV-023222","sensor":"Base / Control","dataType":"control_reference_point","controlType":"gcp","name":"GCP2","plannedActual":"reference","status":"confirmed_source","contextOnly":true,"sourceFile":"Buduunkhad_Drone_Project_Tracker.xlsx","sourceUrl":"https://docs.google.com/spreadsheets/d/1DwydImVmcQvj7s4loVRk_4K9-VQ7szXz/edit?gid=991918308","sourceCrs":"EPSG:32647","displayCrs":"EPSG:4326","crsVerified":true,"easting":323280.091,"northing":5091457.64,"elevationM":1755.827,"dates":["2026-07-27"],"observationCount":1},"geometry":{"type":"Point","coordinates":[96.71962229,45.95393358]}},{"type":"Feature","id":"tracker-control:836","properties":{"project":"Buduunkhad","projectKey":"buduunkhad","area":"Бүдүүн хад","licence":"XV-023222","sensor":"Base / Control","dataType":"control_reference_point","controlType":"gcp","name":"GCP3","plannedActual":"reference","status":"confirmed_source","contextOnly":true,"sourceFile":"Buduunkhad_Drone_Project_Tracker.xlsx","sourceUrl":"https://docs.google.com/spreadsheets/d/1DwydImVmcQvj7s4loVRk_4K9-VQ7szXz/edit?gid=991918308","sourceCrs":"EPSG:32647","displayCrs":"EPSG:4326","crsVerified":true,"easting":323181.703,"northing":5091454.589,"elevationM":1761.402,"dates":["2026-07-27"],"observationCount":1},"geometry":{"type":"Point","coordinates":[96.71835485,45.95388081]}},{"type":"Feature","id":"tracker-control:837","properties":{"project":"Buduunkhad","projectKey":"buduunkhad","area":"Бүдүүн хад","licence":"XV-023222","sensor":"Base / Control","dataType":"control_reference_point","controlType":"gcp","name":"GCP4","plannedActual":"reference","status":"confirmed_source","contextOnly":true,"sourceFile":"Buduunkhad_Drone_Project_Tracker.xlsx","sourceUrl":"https://docs.google.com/spreadsheets/d/1DwydImVmcQvj7s4loVRk_4K9-VQ7szXz/edit?gid=991918308","sourceCrs":"EPSG:32647","displayCrs":"EPSG:4326","crsVerified":true,"easting":323080.38,"northing":5091456.523,"elevationM":1773.858,"dates":["2026-07-27"],"observationCount":1},"geometry":{"type":"Point","coordinates":[96.71704772,45.95387209]}},{"type":"Feature","id":"tracker-control:838","properties":{"project":"Buduunkhad","projectKey":"buduunkhad","area":"Бүдүүн хад","licence":"XV-023222","sensor":"Base / Control","dataType":"control_reference_point","controlType":"gcp","name":"GCP5","plannedActual":"reference","status":"confirmed_source","contextOnly":true,"sourceFile":"Buduunkhad_Drone_Project_Tracker.xlsx","sourceUrl":"https://docs.google.com/spreadsheets/d/1DwydImVmcQvj7s4loVRk_4K9-VQ7szXz/edit?gid=991918308","sourceCrs":"EPSG:32647","displayCrs":"EPSG:4326","crsVerified":true,"easting":322981.187,"northing":5091455.786,"elevationM":1792.254,"dates":["2026-07-27"],"observationCount":1},"geometry":{"type":"Point","coordinates":[96.71576905,45.9538399]}},{"type":"Feature","id":"tracker-control:839","properties":{"project":"Buduunkhad","projectKey":"buduunkhad","area":"Бүдүүн хад","licence":"XV-023222","sensor":"Base / Control","dataType":"control_reference_point","controlType":"gcp","name":"GCP6","plannedActual":"reference","status":"confirmed_source","contextOnly":true,"sourceFile":"Buduunkhad_Drone_Project_Tracker.xlsx","sourceUrl":"https://docs.google.com/spreadsheets/d/1DwydImVmcQvj7s4loVRk_4K9-VQ7szXz/edit?gid=991918308","sourceCrs":"EPSG:32647","displayCrs":"EPSG:4326","crsVerified":true,"easting":322882.499,"northing":5091456.203,"elevationM":1779.248,"dates":["2026-07-27"],"observationCount":1},"geometry":{"type":"Point","coordinates":[96.71449646,45.95381819]}},{"type":"Feature","id":"tracker-control:840","properties":{"project":"Buduunkhad","projectKey":"buduunkhad","area":"Бүдүүн хад","licence":"XV-023222","sensor":"Base / Control","dataType":"control_reference_point","controlType":"gcp","name":"GCP7","plannedActual":"reference","status":"confirmed_source","contextOnly":true,"sourceFile":"Buduunkhad_Drone_Project_Tracker.xlsx","sourceUrl":"https://docs.google.com/spreadsheets/d/1DwydImVmcQvj7s4loVRk_4K9-VQ7szXz/edit?gid=991918308","sourceCrs":"EPSG:32647","displayCrs":"EPSG:4326","crsVerified":true,"easting":322782.71,"northing":5091456.388,"elevationM":1777.675,"dates":["2026-07-27"],"observationCount":1},"geometry":{"type":"Point","coordinates":[96.71320976,45.95379411]}},{"type":"Feature","id":"tracker-control:841","properties":{"project":"Buduunkhad","projectKey":"buduunkhad","area":"Бүдүүн хад","licence":"XV-023222","sensor":"Base / Control","dataType":"control_reference_point","controlType":"gcp","name":"GCP8","plannedActual":"reference","status":"confirmed_source","contextOnly":true,"sourceFile":"Buduunkhad_Drone_Project_Tracker.xlsx","sourceUrl":"https://docs.google.com/spreadsheets/d/1DwydImVmcQvj7s4loVRk_4K9-VQ7szXz/edit?gid=991918308","sourceCrs":"EPSG:32647","displayCrs":"EPSG:4326","crsVerified":true,"easting":322682.683,"northing":5091454.799,"elevationM":1785.954,"dates":["2026-07-27"],"observationCount":1},"geometry":{"type":"Point","coordinates":[96.71192066,45.95375399]}},{"type":"Feature","id":"tracker-control:842","properties":{"project":"Buduunkhad","projectKey":"buduunkhad","area":"Бүдүүн хад","licence":"XV-023222","sensor":"Base / Control","dataType":"control_reference_point","controlType":"gcp","name":"GCP9","plannedActual":"reference","status":"confirmed_source","contextOnly":true,"sourceFile":"Buduunkhad_Drone_Project_Tracker.xlsx","sourceUrl":"https://docs.google.com/spreadsheets/d/1DwydImVmcQvj7s4loVRk_4K9-VQ7szXz/edit?gid=991918308","sourceCrs":"EPSG:32647","displayCrs":"EPSG:4326","crsVerified":true,"easting":322581.51,"northing":5091454.991,"elevationM":1807.189,"dates":["2026-07-27"],"observationCount":1},"geometry":{"type":"Point","coordinates":[96.71061612,45.95372958]}},{"type":"Feature","id":"tracker-control:843","properties":{"project":"Buduunkhad","projectKey":"buduunkhad","area":"Бүдүүн хад","licence":"XV-023222","sensor":"Base / Control","dataType":"control_reference_point","controlType":"gcp","name":"GCP10","plannedActual":"reference","status":"confirmed_source","contextOnly":true,"sourceFile":"Buduunkhad_Drone_Project_Tracker.xlsx","sourceUrl":"https://docs.google.com/spreadsheets/d/1DwydImVmcQvj7s4loVRk_4K9-VQ7szXz/edit?gid=991918308","sourceCrs":"EPSG:32647","displayCrs":"EPSG:4326","crsVerified":true,"easting":322478.936,"northing":5091476.47,"elevationM":1769.291,"dates":["2026-07-27"],"observationCount":1},"geometry":{"type":"Point","coordinates":[96.70928563,45.95389623]}},{"type":"Feature","id":"tracker-control:844","properties":{"project":"Buduunkhad","projectKey":"buduunkhad","area":"Бүдүүн хад","licence":"XV-023222","sensor":"Base / Control","dataType":"control_reference_point","controlType":"gcp","name":"GCP11","plannedActual":"reference","status":"confirmed_source","contextOnly":true,"sourceFile":"Buduunkhad_Drone_Project_Tracker.xlsx","sourceUrl":"https://docs.google.com/spreadsheets/d/1DwydImVmcQvj7s4loVRk_4K9-VQ7szXz/edit?gid=991918308","sourceCrs":"EPSG:32647","displayCrs":"EPSG:4326","crsVerified":true,"easting":322377.611,"northing":5091453.993,"elevationM":1768.828,"dates":["2026-07-27"],"observationCount":1},"geometry":{"type":"Point","coordinates":[96.70798753,45.95366788]}},{"type":"Feature","id":"tracker-control:845","properties":{"project":"Buduunkhad","projectKey":"buduunkhad","area":"Бүдүүн хад","licence":"XV-023222","sensor":"Base / Control","dataType":"control_reference_point","controlType":"gcp","name":"GCP12","plannedActual":"reference","status":"confirmed_source","contextOnly":true,"sourceFile":"Buduunkhad_Drone_Project_Tracker.xlsx","sourceUrl":"https://docs.google.com/spreadsheets/d/1DwydImVmcQvj7s4loVRk_4K9-VQ7szXz/edit?gid=991918308","sourceCrs":"EPSG:32647","displayCrs":"EPSG:4326","crsVerified":true,"easting":322281.534,"northing":5091456.18,"elevationM":1770.029,"dates":["2026-07-27"],"observationCount":1},"geometry":{"type":"Point","coordinates":[96.70674796,45.95366268]}},{"type":"Feature","id":"tracker-control:846","properties":{"project":"Buduunkhad","projectKey":"buduunkhad","area":"Бүдүүн хад","licence":"XV-023222","sensor":"Base / Control","dataType":"control_reference_point","controlType":"gcp","name":"GCP13","plannedActual":"reference","status":"confirmed_source","contextOnly":true,"sourceFile":"Buduunkhad_Drone_Project_Tracker.xlsx","sourceUrl":"https://docs.google.com/spreadsheets/d/1DwydImVmcQvj7s4loVRk_4K9-VQ7szXz/edit?gid=991918308","sourceCrs":"EPSG:32647","displayCrs":"EPSG:4326","crsVerified":true,"easting":322179.543,"northing":5091459.412,"elevationM":1774.132,"dates":["2026-07-27"],"observationCount":1},"geometry":{"type":"Point","coordinates":[96.70543175,45.95366534]}},{"type":"Feature","id":"tracker-control:847","properties":{"project":"Buduunkhad","projectKey":"buduunkhad","area":"Бүдүүн хад","licence":"XV-023222","sensor":"Base / Control","dataType":"control_reference_point","controlType":"gcp","name":"GCP14","plannedActual":"reference","status":"confirmed_source","contextOnly":true,"sourceFile":"Buduunkhad_Drone_Project_Tracker.xlsx","sourceUrl":"https://docs.google.com/spreadsheets/d/1DwydImVmcQvj7s4loVRk_4K9-VQ7szXz/edit?gid=991918308","sourceCrs":"EPSG:32647","displayCrs":"EPSG:4326","crsVerified":true,"easting":322080.449,"northing":5091455.224,"elevationM":1750.52,"dates":["2026-07-27"],"observationCount":1},"geometry":{"type":"Point","coordinates":[96.70415566,45.953602]}},{"type":"Feature","id":"tracker-control:848","properties":{"project":"Buduunkhad","projectKey":"buduunkhad","area":"Бүдүүн хад","licence":"XV-023222","sensor":"Base / Control","dataType":"control_reference_point","controlType":"gcp","name":"GCP15","plannedActual":"reference","status":"confirmed_source","contextOnly":true,"sourceFile":"Buduunkhad_Drone_Project_Tracker.xlsx","sourceUrl":"https://docs.google.com/spreadsheets/d/1DwydImVmcQvj7s4loVRk_4K9-VQ7szXz/edit?gid=991918308","sourceCrs":"EPSG:32647","displayCrs":"EPSG:4326","crsVerified":true,"easting":321981.715,"northing":5091475.6,"elevationM":1727.019,"dates":["2026-07-27"],"observationCount":1},"geometry":{"type":"Point","coordinates":[96.70287507,45.95375965]}},{"type":"Feature","id":"tracker-control:849","properties":{"project":"Buduunkhad","projectKey":"buduunkhad","area":"Бүдүүн хад","licence":"XV-023222","sensor":"Base / Control","dataType":"control_reference_point","controlType":"gcp","name":"GCP16","plannedActual":"reference","status":"confirmed_source","contextOnly":true,"sourceFile":"Buduunkhad_Drone_Project_Tracker.xlsx","sourceUrl":"https://docs.google.com/spreadsheets/d/1DwydImVmcQvj7s4loVRk_4K9-VQ7szXz/edit?gid=991918308","sourceCrs":"EPSG:32647","displayCrs":"EPSG:4326","crsVerified":true,"easting":321988.168,"northing":5091654.496,"elevationM":1762.464,"dates":["2026-07-27"],"observationCount":1},"geometry":{"type":"Point","coordinates":[96.70289176,45.95537017]}},{"type":"Feature","id":"tracker-control:850","properties":{"project":"Buduunkhad","projectKey":"buduunkhad","area":"Бүдүүн хад","licence":"XV-023222","sensor":"Base / Control","dataType":"control_reference_point","controlType":"gcp","name":"GCP17","plannedActual":"reference","status":"confirmed_source","contextOnly":true,"sourceFile":"Buduunkhad_Drone_Project_Tracker.xlsx","sourceUrl":"https://docs.google.com/spreadsheets/d/1DwydImVmcQvj7s4loVRk_4K9-VQ7szXz/edit?gid=991918308","sourceCrs":"EPSG:32647","displayCrs":"EPSG:4326","crsVerified":true,"easting":322081.625,"northing":5091655.401,"elevationM":1782.636,"dates":["2026-07-27"],"observationCount":1},"geometry":{"type":"Point","coordinates":[96.70409644,45.95540253]}},{"type":"Feature","id":"tracker-control:851","properties":{"project":"Buduunkhad","projectKey":"buduunkhad","area":"Бүдүүн хад","licence":"XV-023222","sensor":"Base / Control","dataType":"control_reference_point","controlType":"gcp","name":"GCP18","plannedActual":"reference","status":"confirmed_source","contextOnly":true,"sourceFile":"Buduunkhad_Drone_Project_Tracker.xlsx","sourceUrl":"https://docs.google.com/spreadsheets/d/1DwydImVmcQvj7s4loVRk_4K9-VQ7szXz/edit?gid=991918308","sourceCrs":"EPSG:32647","displayCrs":"EPSG:4326","crsVerified":true,"easting":322181.411,"northing":5091656.18,"elevationM":1796.791,"dates":["2026-07-27"],"observationCount":1},"geometry":{"type":"Point","coordinates":[96.70538277,45.95543539]}},{"type":"Feature","id":"tracker-control:852","properties":{"project":"Buduunkhad","projectKey":"buduunkhad","area":"Бүдүүн хад","licence":"XV-023222","sensor":"Base / Control","dataType":"control_reference_point","controlType":"gcp","name":"GCP19","plannedActual":"reference","status":"confirmed_source","contextOnly":true,"sourceFile":"Buduunkhad_Drone_Project_Tracker.xlsx","sourceUrl":"https://docs.google.com/spreadsheets/d/1DwydImVmcQvj7s4loVRk_4K9-VQ7szXz/edit?gid=991918308","sourceCrs":"EPSG:32647","displayCrs":"EPSG:4326","crsVerified":true,"easting":322280.582,"northing":5091653.814,"elevationM":1785.782,"dates":["2026-07-27"],"observationCount":1},"geometry":{"type":"Point","coordinates":[96.70666234,45.9554398]}},{"type":"Feature","id":"tracker-control:853","properties":{"project":"Buduunkhad","projectKey":"buduunkhad","area":"Бүдүүн хад","licence":"XV-023222","sensor":"Base / Control","dataType":"control_reference_point","controlType":"gcp","name":"GCP20","plannedActual":"reference","status":"confirmed_source","contextOnly":true,"sourceFile":"Buduunkhad_Drone_Project_Tracker.xlsx","sourceUrl":"https://docs.google.com/spreadsheets/d/1DwydImVmcQvj7s4loVRk_4K9-VQ7szXz/edit?gid=991918308","sourceCrs":"EPSG:32647","displayCrs":"EPSG:4326","crsVerified":true,"easting":322381.463,"northing":5091657.616,"elevationM":1801.503,"dates":["2026-07-27"],"observationCount":1},"geometry":{"type":"Point","coordinates":[96.70796167,45.9555001]}},{"type":"Feature","id":"tracker-control:854","properties":{"project":"Buduunkhad","projectKey":"buduunkhad","area":"Бүдүүн хад","licence":"XV-023222","sensor":"Base / Control","dataType":"control_reference_point","controlType":"gcp","name":"GCP21","plannedActual":"reference","status":"confirmed_source","contextOnly":true,"sourceFile":"Buduunkhad_Drone_Project_Tracker.xlsx","sourceUrl":"https://docs.google.com/spreadsheets/d/1DwydImVmcQvj7s4loVRk_4K9-VQ7szXz/edit?gid=991918308","sourceCrs":"EPSG:32647","displayCrs":"EPSG:4326","crsVerified":true,"easting":322484.448,"northing":5091657.184,"elevationM":1793.792,"dates":["2026-07-29"],"observationCount":1},"geometry":{"type":"Point","coordinates":[96.7092897,45.95552285]}},{"type":"Feature","id":"tracker-control:855","properties":{"project":"Buduunkhad","projectKey":"buduunkhad","area":"Бүдүүн хад","licence":"XV-023222","sensor":"Base / Control","dataType":"control_reference_point","controlType":"gcp","name":"GCP22","plannedActual":"reference","status":"confirmed_source","contextOnly":true,"sourceFile":"Buduunkhad_Drone_Project_Tracker.xlsx","sourceUrl":"https://docs.google.com/spreadsheets/d/1DwydImVmcQvj7s4loVRk_4K9-VQ7szXz/edit?gid=991918308","sourceCrs":"EPSG:32647","displayCrs":"EPSG:4326","crsVerified":true,"easting":322580.221,"northing":5091657.96,"elevationM":1803.779,"dates":["2026-07-29"],"observationCount":1},"geometry":{"type":"Point","coordinates":[96.71052429,45.95555459]}},{"type":"Feature","id":"tracker-control:856","properties":{"project":"Buduunkhad","projectKey":"buduunkhad","area":"Бүдүүн хад","licence":"XV-023222","sensor":"Base / Control","dataType":"control_reference_point","controlType":"gcp","name":"GCP23","plannedActual":"reference","status":"confirmed_source","contextOnly":true,"sourceFile":"Buduunkhad_Drone_Project_Tracker.xlsx","sourceUrl":"https://docs.google.com/spreadsheets/d/1DwydImVmcQvj7s4loVRk_4K9-VQ7szXz/edit?gid=991918308","sourceCrs":"EPSG:32647","displayCrs":"EPSG:4326","crsVerified":true,"easting":322679.461,"northing":5091654.349,"elevationM":1790.414,"dates":["2026-07-29"],"observationCount":1},"geometry":{"type":"Point","coordinates":[96.71180522,45.95554775]}},{"type":"Feature","id":"tracker-control:857","properties":{"project":"Buduunkhad","projectKey":"buduunkhad","area":"Бүдүүн хад","licence":"XV-023222","sensor":"Base / Control","dataType":"control_reference_point","controlType":"gcp","name":"GCP24","plannedActual":"reference","status":"confirmed_source","contextOnly":true,"sourceFile":"Buduunkhad_Drone_Project_Tracker.xlsx","sourceUrl":"https://docs.google.com/spreadsheets/d/1DwydImVmcQvj7s4loVRk_4K9-VQ7szXz/edit?gid=991918308","sourceCrs":"EPSG:32647","displayCrs":"EPSG:4326","crsVerified":true,"easting":322777.607,"northing":5091657.329,"elevationM":1798.292,"dates":["2026-07-29"],"observationCount":1},"geometry":{"type":"Point","coordinates":[96.7130696,45.9555999]}},{"type":"Feature","id":"tracker-control:858","properties":{"project":"Buduunkhad","projectKey":"buduunkhad","area":"Бүдүүн хад","licence":"XV-023222","sensor":"Base / Control","dataType":"control_reference_point","controlType":"gcp","name":"GCP25","plannedActual":"reference","status":"confirmed_source","contextOnly":true,"sourceFile":"Buduunkhad_Drone_Project_Tracker.xlsx","sourceUrl":"https://docs.google.com/spreadsheets/d/1DwydImVmcQvj7s4loVRk_4K9-VQ7szXz/edit?gid=991918308","sourceCrs":"EPSG:32647","displayCrs":"EPSG:4326","crsVerified":true,"easting":322881.319,"northing":5091656.587,"elevationM":1781.127,"dates":["2026-07-29"],"observationCount":1},"geometry":{"type":"Point","coordinates":[96.71440713,45.95561999]}},{"type":"Feature","id":"tracker-control:859","properties":{"project":"Buduunkhad","projectKey":"buduunkhad","area":"Бүдүүн хад","licence":"XV-023222","sensor":"Base / Control","dataType":"control_reference_point","controlType":"gcp","name":"GCP26","plannedActual":"reference","status":"confirmed_source","contextOnly":true,"sourceFile":"Buduunkhad_Drone_Project_Tracker.xlsx","sourceUrl":"https://docs.google.com/spreadsheets/d/1DwydImVmcQvj7s4loVRk_4K9-VQ7szXz/edit?gid=991918308","sourceCrs":"EPSG:32647","displayCrs":"EPSG:4326","crsVerified":true,"easting":322981.425,"northing":5091657.009,"elevationM":1759.033,"dates":["2026-07-29"],"observationCount":1},"geometry":{"type":"Point","coordinates":[96.71569773,45.95564961]}},{"type":"Feature","id":"tracker-control:860","properties":{"project":"Buduunkhad","projectKey":"buduunkhad","area":"Бүдүүн хад","licence":"XV-023222","sensor":"Base / Control","dataType":"control_reference_point","controlType":"gcp","name":"GCP27","plannedActual":"reference","status":"confirmed_source","contextOnly":true,"sourceFile":"Buduunkhad_Drone_Project_Tracker.xlsx","sourceUrl":"https://docs.google.com/spreadsheets/d/1DwydImVmcQvj7s4loVRk_4K9-VQ7szXz/edit?gid=991918308","sourceCrs":"EPSG:32647","displayCrs":"EPSG:4326","crsVerified":true,"easting":323081.388,"northing":5091656.297,"elevationM":1753.5,"dates":["2026-07-29"],"observationCount":1},"geometry":{"type":"Point","coordinates":[96.71698691,45.95566897]}},{"type":"Feature","id":"tracker-control:861","properties":{"project":"Buduunkhad","projectKey":"buduunkhad","area":"Бүдүүн хад","licence":"XV-023222","sensor":"Base / Control","dataType":"control_reference_point","controlType":"gcp","name":"GCP28","plannedActual":"reference","status":"confirmed_source","contextOnly":true,"sourceFile":"Buduunkhad_Drone_Project_Tracker.xlsx","sourceUrl":"https://docs.google.com/spreadsheets/d/1DwydImVmcQvj7s4loVRk_4K9-VQ7szXz/edit?gid=991918308","sourceCrs":"EPSG:32647","displayCrs":"EPSG:4326","crsVerified":true,"easting":323179.709,"northing":5091654.417,"elevationM":1749.495,"dates":["2026-07-29"],"observationCount":1},"geometry":{"type":"Point","coordinates":[96.71825535,45.9556774]}},{"type":"Feature","id":"tracker-control:862","properties":{"project":"Buduunkhad","projectKey":"buduunkhad","area":"Бүдүүн хад","licence":"XV-023222","sensor":"Base / Control","dataType":"control_reference_point","controlType":"gcp","name":"GCP29","plannedActual":"reference","status":"confirmed_source","contextOnly":true,"sourceFile":"Buduunkhad_Drone_Project_Tracker.xlsx","sourceUrl":"https://docs.google.com/spreadsheets/d/1DwydImVmcQvj7s4loVRk_4K9-VQ7szXz/edit?gid=991918308","sourceCrs":"EPSG:32647","displayCrs":"EPSG:4326","crsVerified":true,"easting":323281.808,"northing":5091653.358,"elevationM":1760.938,"dates":["2026-07-29"],"observationCount":1},"geometry":{"type":"Point","coordinates":[96.7195722,45.95569417]}},{"type":"Feature","id":"tracker-control:863","properties":{"project":"Buduunkhad","projectKey":"buduunkhad","area":"Бүдүүн хад","licence":"XV-023222","sensor":"Base / Control","dataType":"control_reference_point","controlType":"gcp","name":"GCP30","plannedActual":"reference","status":"confirmed_source","contextOnly":true,"sourceFile":"Buduunkhad_Drone_Project_Tracker.xlsx","sourceUrl":"https://docs.google.com/spreadsheets/d/1DwydImVmcQvj7s4loVRk_4K9-VQ7szXz/edit?gid=991918308","sourceCrs":"EPSG:32647","displayCrs":"EPSG:4326","crsVerified":true,"easting":323382.936,"northing":5091655.849,"elevationM":1760.113,"dates":["2026-07-29"],"observationCount":1},"geometry":{"type":"Point","coordinates":[96.72087522,45.95574259]}},{"type":"Feature","id":"tracker-control:864","properties":{"project":"Buduunkhad","projectKey":"buduunkhad","area":"Бүдүүн хад","licence":"XV-023222","sensor":"Base / Control","dataType":"control_reference_point","controlType":"gcp","name":"GCP31","plannedActual":"reference","status":"confirmed_source","contextOnly":true,"sourceFile":"Buduunkhad_Drone_Project_Tracker.xlsx","sourceUrl":"https://docs.google.com/spreadsheets/d/1DwydImVmcQvj7s4loVRk_4K9-VQ7szXz/edit?gid=991918308","sourceCrs":"EPSG:32647","displayCrs":"EPSG:4326","crsVerified":true,"easting":323382.176,"northing":5091853.864,"elevationM":1758.02,"dates":["2026-07-29"],"observationCount":1},"geometry":{"type":"Point","coordinates":[96.72079238,45.9575232]}},{"type":"Feature","id":"tracker-control:865","properties":{"project":"Buduunkhad","projectKey":"buduunkhad","area":"Бүдүүн хад","licence":"XV-023222","sensor":"Base / Control","dataType":"control_reference_point","controlType":"gcp","name":"GCP32","plannedActual":"reference","status":"confirmed_source","contextOnly":true,"sourceFile":"Buduunkhad_Drone_Project_Tracker.xlsx","sourceUrl":"https://docs.google.com/spreadsheets/d/1DwydImVmcQvj7s4loVRk_4K9-VQ7szXz/edit?gid=991918308","sourceCrs":"EPSG:32647","displayCrs":"EPSG:4326","crsVerified":true,"easting":323283.303,"northing":5091856.651,"elevationM":1757.815,"dates":["2026-07-29"],"observationCount":1},"geometry":{"type":"Point","coordinates":[96.71951644,45.95752282]}},{"type":"Feature","id":"tracker-control:866","properties":{"project":"Buduunkhad","projectKey":"buduunkhad","area":"Бүдүүн хад","licence":"XV-023222","sensor":"Base / Control","dataType":"control_reference_point","controlType":"gcp","name":"GCP33","plannedActual":"reference","status":"confirmed_source","contextOnly":true,"sourceFile":"Buduunkhad_Drone_Project_Tracker.xlsx","sourceUrl":"https://docs.google.com/spreadsheets/d/1DwydImVmcQvj7s4loVRk_4K9-VQ7szXz/edit?gid=991918308","sourceCrs":"EPSG:32647","displayCrs":"EPSG:4326","crsVerified":true,"easting":323182.138,"northing":5091854.767,"elevationM":1774.401,"dates":["2026-07-29"],"observationCount":1},"geometry":{"type":"Point","coordinates":[96.71821268,45.95747983]}},{"type":"Feature","id":"tracker-control:867","properties":{"project":"Buduunkhad","projectKey":"buduunkhad","area":"Бүдүүн хад","licence":"XV-023222","sensor":"Base / Control","dataType":"control_reference_point","controlType":"gcp","name":"GCP34","plannedActual":"reference","status":"confirmed_source","contextOnly":true,"sourceFile":"Buduunkhad_Drone_Project_Tracker.xlsx","sourceUrl":"https://docs.google.com/spreadsheets/d/1DwydImVmcQvj7s4loVRk_4K9-VQ7szXz/edit?gid=991918308","sourceCrs":"EPSG:32647","displayCrs":"EPSG:4326","crsVerified":true,"easting":323083.977,"northing":5091855.675,"elevationM":1768.711,"dates":["2026-07-29"],"observationCount":1},"geometry":{"type":"Point","coordinates":[96.71694662,45.9574627]}},{"type":"Feature","id":"tracker-control:868","properties":{"project":"Buduunkhad","projectKey":"buduunkhad","area":"Бүдүүн хад","licence":"XV-023222","sensor":"Base / Control","dataType":"control_reference_point","controlType":"gcp","name":"GCP35","plannedActual":"reference","status":"confirmed_source","contextOnly":true,"sourceFile":"Buduunkhad_Drone_Project_Tracker.xlsx","sourceUrl":"https://docs.google.com/spreadsheets/d/1DwydImVmcQvj7s4loVRk_4K9-VQ7szXz/edit?gid=991918308","sourceCrs":"EPSG:32647","displayCrs":"EPSG:4326","crsVerified":true,"easting":322982.491,"northing":5091856.454,"elevationM":1774.213,"dates":["2026-07-29"],"observationCount":1},"geometry":{"type":"Point","coordinates":[96.71563773,45.95744354]}},{"type":"Feature","id":"tracker-control:869","properties":{"project":"Buduunkhad","projectKey":"buduunkhad","area":"Бүдүүн хад","licence":"XV-023222","sensor":"Base / Control","dataType":"control_reference_point","controlType":"gcp","name":"GCP36","plannedActual":"reference","status":"confirmed_source","contextOnly":true,"sourceFile":"Buduunkhad_Drone_Project_Tracker.xlsx","sourceUrl":"https://docs.google.com/spreadsheets/d/1DwydImVmcQvj7s4loVRk_4K9-VQ7szXz/edit?gid=991918308","sourceCrs":"EPSG:32647","displayCrs":"EPSG:4326","crsVerified":true,"easting":322881.997,"northing":5091858.007,"elevationM":1765.209,"dates":["2026-07-29"],"observationCount":1},"geometry":{"type":"Point","coordinates":[96.71434136,45.95743159]}},{"type":"Feature","id":"tracker-control:870","properties":{"project":"Buduunkhad","projectKey":"buduunkhad","area":"Бүдүүн хад","licence":"XV-023222","sensor":"Base / Control","dataType":"control_reference_point","controlType":"gcp","name":"GCP37","plannedActual":"reference","status":"confirmed_source","contextOnly":true,"sourceFile":"Buduunkhad_Drone_Project_Tracker.xlsx","sourceUrl":"https://docs.google.com/spreadsheets/d/1DwydImVmcQvj7s4loVRk_4K9-VQ7szXz/edit?gid=991918308","sourceCrs":"EPSG:32647","displayCrs":"EPSG:4326","crsVerified":true,"easting":322782.288,"northing":5091855.607,"elevationM":1781.987,"dates":["2026-07-29"],"observationCount":1},"geometry":{"type":"Point","coordinates":[96.71305656,45.95738427]}},{"type":"Feature","id":"tracker-control:871","properties":{"project":"Buduunkhad","projectKey":"buduunkhad","area":"Бүдүүн хад","licence":"XV-023222","sensor":"Base / Control","dataType":"control_reference_point","controlType":"gcp","name":"GCP38","plannedActual":"reference","status":"confirmed_source","contextOnly":true,"sourceFile":"Buduunkhad_Drone_Project_Tracker.xlsx","sourceUrl":"https://docs.google.com/spreadsheets/d/1DwydImVmcQvj7s4loVRk_4K9-VQ7szXz/edit?gid=991918308","sourceCrs":"EPSG:32647","displayCrs":"EPSG:4326","crsVerified":true,"easting":322682.085,"northing":5091854.332,"elevationM":1777.168,"dates":["2026-07-29"],"observationCount":1},"geometry":{"type":"Point","coordinates":[96.71176499,45.95734692]}},{"type":"Feature","id":"tracker-control:872","properties":{"project":"Buduunkhad","projectKey":"buduunkhad","area":"Бүдүүн хад","licence":"XV-023222","sensor":"Base / Control","dataType":"control_reference_point","controlType":"gcp","name":"GCP39","plannedActual":"reference","status":"confirmed_source","contextOnly":true,"sourceFile":"Buduunkhad_Drone_Project_Tracker.xlsx","sourceUrl":"https://docs.google.com/spreadsheets/d/1DwydImVmcQvj7s4loVRk_4K9-VQ7szXz/edit?gid=991918308","sourceCrs":"EPSG:32647","displayCrs":"EPSG:4326","crsVerified":true,"easting":322581.135,"northing":5091854.462,"elevationM":1794.719,"dates":["2026-07-29"],"observationCount":1},"geometry":{"type":"Point","coordinates":[96.71046326,45.95732201]}},{"type":"Feature","id":"tracker-control:873","properties":{"project":"Buduunkhad","projectKey":"buduunkhad","area":"Бүдүүн хад","licence":"XV-023222","sensor":"Base / Control","dataType":"control_reference_point","controlType":"gcp","name":"GCP40","plannedActual":"reference","status":"confirmed_source","contextOnly":true,"sourceFile":"Buduunkhad_Drone_Project_Tracker.xlsx","sourceUrl":"https://docs.google.com/spreadsheets/d/1DwydImVmcQvj7s4loVRk_4K9-VQ7szXz/edit?gid=991918308","sourceCrs":"EPSG:32647","displayCrs":"EPSG:4326","crsVerified":true,"easting":322480.257,"northing":5091855.273,"elevationM":1802.196,"dates":["2026-07-29"],"observationCount":1},"geometry":{"type":"Point","coordinates":[96.70916222,45.95730322]}},{"type":"Feature","id":"tracker-control:874","properties":{"project":"Buduunkhad","projectKey":"buduunkhad","area":"Бүдүүн хад","licence":"XV-023222","sensor":"Base / Control","dataType":"control_reference_point","controlType":"gcp","name":"GCP41","plannedActual":"reference","status":"confirmed_source","contextOnly":true,"sourceFile":"Buduunkhad_Drone_Project_Tracker.xlsx","sourceUrl":"https://docs.google.com/spreadsheets/d/1DwydImVmcQvj7s4loVRk_4K9-VQ7szXz/edit?gid=991918308","sourceCrs":"EPSG:32647","displayCrs":"EPSG:4326","crsVerified":true,"easting":322382.596,"northing":5091854.888,"elevationM":1830.48,"dates":["2026-07-29"],"observationCount":1},"geometry":{"type":"Point","coordinates":[96.70790309,45.9572745]}},{"type":"Feature","id":"tracker-control:875","properties":{"project":"Buduunkhad","projectKey":"buduunkhad","area":"Бүдүүн хад","licence":"XV-023222","sensor":"Base / Control","dataType":"control_reference_point","controlType":"gcp","name":"GCP42","plannedActual":"reference","status":"confirmed_source","contextOnly":true,"sourceFile":"Buduunkhad_Drone_Project_Tracker.xlsx","sourceUrl":"https://docs.google.com/spreadsheets/d/1DwydImVmcQvj7s4loVRk_4K9-VQ7szXz/edit?gid=991918308","sourceCrs":"EPSG:32647","displayCrs":"EPSG:4326","crsVerified":true,"easting":322280.079,"northing":5091858.494,"elevationM":1812.64,"dates":["2026-07-29"],"observationCount":1},"geometry":{"type":"Point","coordinates":[96.70657988,45.95728039]}},{"type":"Feature","id":"tracker-control:876","properties":{"project":"Buduunkhad","projectKey":"buduunkhad","area":"Бүдүүн хад","licence":"XV-023222","sensor":"Base / Control","dataType":"control_reference_point","controlType":"gcp","name":"GCP43","plannedActual":"reference","status":"confirmed_source","contextOnly":true,"sourceFile":"Buduunkhad_Drone_Project_Tracker.xlsx","sourceUrl":"https://docs.google.com/spreadsheets/d/1DwydImVmcQvj7s4loVRk_4K9-VQ7szXz/edit?gid=991918308","sourceCrs":"EPSG:32647","displayCrs":"EPSG:4326","crsVerified":true,"easting":322182.45,"northing":5091857.524,"elevationM":1803.282,"dates":["2026-07-29"],"observationCount":1},"geometry":{"type":"Point","coordinates":[96.70532139,45.95724639]}},{"type":"Feature","id":"tracker-control:877","properties":{"project":"Buduunkhad","projectKey":"buduunkhad","area":"Бүдүүн хад","licence":"XV-023222","sensor":"Base / Control","dataType":"control_reference_point","controlType":"gcp","name":"GCP44","plannedActual":"reference","status":"confirmed_source","contextOnly":true,"sourceFile":"Buduunkhad_Drone_Project_Tracker.xlsx","sourceUrl":"https://docs.google.com/spreadsheets/d/1DwydImVmcQvj7s4loVRk_4K9-VQ7szXz/edit?gid=991918308","sourceCrs":"EPSG:32647","displayCrs":"EPSG:4326","crsVerified":true,"easting":322083.137,"northing":5091855.514,"elevationM":1785.003,"dates":["2026-07-29"],"observationCount":1},"geometry":{"type":"Point","coordinates":[96.70404157,45.95720258]}},{"type":"Feature","id":"tracker-control:878","properties":{"project":"Buduunkhad","projectKey":"buduunkhad","area":"Бүдүүн хад","licence":"XV-023222","sensor":"Base / Control","dataType":"control_reference_point","controlType":"gcp","name":"GCP45","plannedActual":"reference","status":"confirmed_source","contextOnly":true,"sourceFile":"Buduunkhad_Drone_Project_Tracker.xlsx","sourceUrl":"https://docs.google.com/spreadsheets/d/1DwydImVmcQvj7s4loVRk_4K9-VQ7szXz/edit?gid=991918308","sourceCrs":"EPSG:32647","displayCrs":"EPSG:4326","crsVerified":true,"easting":321998.891,"northing":5091857.932,"elevationM":1776.885,"dates":["2026-07-29"],"observationCount":1},"geometry":{"type":"Point","coordinates":[96.70295439,45.95720248]}}]}