{"type":"FeatureCollection","name":"Survey campaign GNSS tracks","project":"Multi-project operations","scope":"project_operations","dataType":"survey_campaign_track","featureCount":201,"features":[{"type":"Feature","id":"hetsuu-hutul-hetsuu-hutul-2025-magnetic-hetsuuhutul2025magnetic10lslbqyyqxxlsh8hbebwjmp52z2xlsjsrvy0acqu710hz-001","properties":{"project":"Hetsuu hutul","projectKey":"hetsuu-hutul","area":"Хэцүү хөтөл","licence":"XV-022905","campaignId":"hetsuu-hutul-2025-magnetic","campaignLabel":"2025 Соронзон хэмжилтийн GPS зам","campaignYear":2025,"sensor":"Magnetic survey","sensorVerified":false,"gnssSource":"unverified","dataType":"survey_campaign_track","plannedActual":"actual","contextOnly":true,"trajectoryAvailable":true,"status":"confirmed_source","qaStatus":"clean","qaFlags":[],"acquisitionId":"hetsuu-hutul-2025-magnetic__10lSLBQYYQxXLSh8H_BEBwJMP52Z2xLSJ__SRVY0-ACQU7-10Hz#1","segmentIndex":1,"segmentCount":2,"pointCount":627,"simplifiedPointCount":2,"pointsOutsideLicence":0,"startTime":"2025-10-10T07:51:21","endTime":"2025-10-10T08:01:47","timeZone":"UTC (NMEA RMC)","samplingIntervalSeconds":1.0,"timestampProvenance":"embedded-nmea-rmc","latitudeColumn":"Latitude","longitudeColumn":"Longitude","sourceFile":"hetsuu-hutul-2025-magnetic__10lSLBQYYQxXLSh8H_BEBwJMP52Z2xLSJ__SRVY0-ACQU7-10Hz.csv","sourceKind":"Survey GNSS coordinate table","sourceCrs":"EPSG:4326","displayCrs":"EPSG:4326","crsVerified":true,"coverageStatus":"not_calculated","coverageNote":"Зурвасын өргөн болон шугамын алхам баталгаажаагүй тул хамрах талбайг тооцоогүй.","sourceUrl":"https://drive.google.com/file/d/10lSLBQYYQxXLSh8H_BEBwJMP52Z2xLSJ/view","sourceAltitudeMinM":1816.2,"sourceAltitudeMaxM":2083.0,"sourceAltitudeMeanM":1949.77,"sourceAltitudeSampleCount":627,"sourceAltitudeColumn":"Altitude","sourceAltitudeReference":"source-provided GNSS/absolute altitude"},"geometry":{"type":"LineString","coordinates":[[92.40111847,46.01499584],[92.40112448,46.007457]]}},{"type":"Feature","id":"hetsuu-hutul-hetsuu-hutul-2025-magnetic-hetsuuhutul2025magnetic10lslbqyyqxxlsh8hbebwjmp52z2xlsjsrvy0acqu710hz-002","properties":{"project":"Hetsuu hutul","projectKey":"hetsuu-hutul","area":"Хэцүү хөтөл","licence":"XV-022905","campaignId":"hetsuu-hutul-2025-magnetic","campaignLabel":"2025 Соронзон хэмжилтийн GPS зам","campaignYear":2025,"sensor":"Magnetic survey","sensorVerified":false,"gnssSource":"unverified","dataType":"survey_campaign_track","plannedActual":"actual","contextOnly":true,"trajectoryAvailable":true,"status":"confirmed_source","qaStatus":"clean","qaFlags":[],"acquisitionId":"hetsuu-hutul-2025-magnetic__10lSLBQYYQxXLSh8H_BEBwJMP52Z2xLSJ__SRVY0-ACQU7-10Hz#2","segmentIndex":2,"segmentCount":2,"pointCount":538,"simplifiedPointCount":9,"pointsOutsideLicence":0,"startTime":"2025-10-10T08:15:05","endTime":"2025-10-10T08:24:03","timeZone":"UTC (NMEA RMC)","samplingIntervalSeconds":1.0,"timestampProvenance":"embedded-nmea-rmc","latitudeColumn":"Latitude","longitudeColumn":"Longitude","sourceFile":"hetsuu-hutul-2025-magnetic__10lSLBQYYQxXLSh8H_BEBwJMP52Z2xLSJ__SRVY0-ACQU7-10Hz.csv","sourceKind":"Survey GNSS coordinate table","sourceCrs":"EPSG:4326","displayCrs":"EPSG:4326","crsVerified":true,"coverageStatus":"not_calculated","coverageNote":"Зурвасын өргөн болон шугамын алхам баталгаажаагүй тул хамрах талбайг тооцоогүй.","sourceUrl":"https://drive.google.com/file/d/10lSLBQYYQxXLSh8H_BEBwJMP52Z2xLSJ/view","sourceAltitudeMinM":1697.1,"sourceAltitudeMaxM":1816.3,"sourceAltitudeMeanM":1745.43,"sourceAltitudeSampleCount":538,"sourceAltitudeColumn":"Altitude","sourceAltitudeReference":"source-provided GNSS/absolute altitude"},"geometry":{"type":"LineString","coordinates":[[92.40113883,46.00749388],[92.40117488,46.00754655],[92.40115439,46.00003488],[92.40115546,46.00006065],[92.40129638,46.00006372],[92.40249056,46.00006354],[92.4024503,46.00006625],[92.40244759,46.00016668],[92.40244859,46.0085668]]}},{"type":"Feature","id":"hetsuu-hutul-hetsuu-hutul-2025-magnetic-hetsuuhutul2025magnetic12swy8uebb82gpe3ix63pbfvpsrpuq39asrvy0acqu360m10hz-001","properties":{"project":"Hetsuu hutul","projectKey":"hetsuu-hutul","area":"Хэцүү хөтөл","licence":"XV-022905","campaignId":"hetsuu-hutul-2025-magnetic","campaignLabel":"2025 Соронзон хэмжилтийн GPS зам","campaignYear":2025,"sensor":"Magnetic survey","sensorVerified":false,"gnssSource":"unverified","dataType":"survey_campaign_track","plannedActual":"actual","contextOnly":true,"trajectoryAvailable":true,"status":"confirmed_source","qaStatus":"clean","qaFlags":[],"acquisitionId":"hetsuu-hutul-2025-magnetic__12swy8uebb82GPE3Ix63pBfvPsRpUQ39A__SRVY0-ACQU3_60m-10Hz#1","segmentIndex":1,"segmentCount":7,"pointCount":1054,"simplifiedPointCount":9,"pointsOutsideLicence":0,"startTime":"2025-11-02T07:06:47","endTime":"2025-11-02T07:24:20","timeZone":"UTC (NMEA RMC)","samplingIntervalSeconds":1.0,"timestampProvenance":"embedded-nmea-rmc","latitudeColumn":"Latitude","longitudeColumn":"Longitude","sourceFile":"hetsuu-hutul-2025-magnetic__12swy8uebb82GPE3Ix63pBfvPsRpUQ39A__SRVY0-ACQU3_60m-10Hz.csv","sourceKind":"Survey GNSS coordinate table","sourceCrs":"EPSG:4326","displayCrs":"EPSG:4326","crsVerified":true,"coverageStatus":"not_calculated","coverageNote":"Зурвасын өргөн болон шугамын алхам баталгаажаагүй тул хамрах талбайг тооцоогүй.","sourceUrl":"https://drive.google.com/file/d/12swy8uebb82GPE3Ix63pBfvPsRpUQ39A/view","sourceAltitudeMinM":1930.1,"sourceAltitudeMaxM":2183.9,"sourceAltitudeMeanM":2059.08,"sourceAltitudeSampleCount":1054,"sourceAltitudeColumn":"Altitude","sourceAltitudeReference":"source-provided GNSS/absolute altitude"},"geometry":{"type":"LineString","coordinates":[[92.44549488,46.08406478],[92.44549022,46.06477083],[92.44549,46.06479805],[92.44537593,46.06480576],[92.44414231,46.06479892],[92.4441899,46.06479913],[92.44420042,46.06497282],[92.44420323,46.06491766],[92.44418818,46.07171969]]}},{"type":"Feature","id":"hetsuu-hutul-hetsuu-hutul-2025-magnetic-hetsuuhutul2025magnetic12swy8uebb82gpe3ix63pbfvpsrpuq39asrvy0acqu360m10hz-002","properties":{"project":"Hetsuu hutul","projectKey":"hetsuu-hutul","area":"Хэцүү хөтөл","licence":"XV-022905","campaignId":"hetsuu-hutul-2025-magnetic","campaignLabel":"2025 Соронзон хэмжилтийн GPS зам","campaignYear":2025,"sensor":"Magnetic survey","sensorVerified":false,"gnssSource":"unverified","dataType":"survey_campaign_track","plannedActual":"actual","contextOnly":true,"trajectoryAvailable":true,"status":"confirmed_source","qaStatus":"clean","qaFlags":[],"acquisitionId":"hetsuu-hutul-2025-magnetic__12swy8uebb82GPE3Ix63pBfvPsRpUQ39A__SRVY0-ACQU3_60m-10Hz#2","segmentIndex":2,"segmentCount":7,"pointCount":1068,"simplifiedPointCount":16,"pointsOutsideLicence":0,"startTime":"2025-11-02T07:29:44","endTime":"2025-11-02T07:47:31","timeZone":"UTC (NMEA RMC)","samplingIntervalSeconds":1.0,"timestampProvenance":"embedded-nmea-rmc","latitudeColumn":"Latitude","longitudeColumn":"Longitude","sourceFile":"hetsuu-hutul-2025-magnetic__12swy8uebb82GPE3Ix63pBfvPsRpUQ39A__SRVY0-ACQU3_60m-10Hz.csv","sourceKind":"Survey GNSS coordinate table","sourceCrs":"EPSG:4326","displayCrs":"EPSG:4326","crsVerified":true,"coverageStatus":"not_calculated","coverageNote":"Зурвасын өргөн болон шугамын алхам баталгаажаагүй тул хамрах талбайг тооцоогүй.","sourceUrl":"https://drive.google.com/file/d/12swy8uebb82GPE3Ix63pBfvPsRpUQ39A/view","sourceAltitudeMinM":1927.5,"sourceAltitudeMaxM":2144.3,"sourceAltitudeMeanM":2015.48,"sourceAltitudeSampleCount":1068,"sourceAltitudeColumn":"Altitude","sourceAltitudeReference":"source-provided GNSS/absolute altitude"},"geometry":{"type":"LineString","coordinates":[[92.44424357,46.07177056],[92.44419396,46.07181568],[92.44418062,46.07391656],[92.44418927,46.08410029],[92.44418481,46.08407062],[92.44284209,46.08407207],[92.44288542,46.08406976],[92.44289476,46.08355668],[92.44290092,46.08360909],[92.44290785,46.08101016],[92.44289311,46.06476973],[92.44289752,46.06480441],[92.44278326,46.0648093],[92.44155643,46.06480359],[92.44160403,46.06486565],[92.44159689,46.06508349]]}},{"type":"Feature","id":"hetsuu-hutul-hetsuu-hutul-2025-magnetic-hetsuuhutul2025magnetic12swy8uebb82gpe3ix63pbfvpsrpuq39asrvy0acqu360m10hz-003","properties":{"project":"Hetsuu hutul","projectKey":"hetsuu-hutul","area":"Хэцүү хөтөл","licence":"XV-022905","campaignId":"hetsuu-hutul-2025-magnetic","campaignLabel":"2025 Соронзон хэмжилтийн GPS зам","campaignYear":2025,"sensor":"Magnetic survey","sensorVerified":false,"gnssSource":"unverified","dataType":"survey_campaign_track","plannedActual":"actual","contextOnly":true,"trajectoryAvailable":true,"status":"confirmed_source","qaStatus":"clean","qaFlags":[],"acquisitionId":"hetsuu-hutul-2025-magnetic__12swy8uebb82GPE3Ix63pBfvPsRpUQ39A__SRVY0-ACQU3_60m-10Hz#3","segmentIndex":3,"segmentCount":7,"pointCount":1133,"simplifiedPointCount":7,"pointsOutsideLicence":0,"startTime":"2025-11-02T07:54:10","endTime":"2025-11-02T08:13:02","timeZone":"UTC (NMEA RMC)","samplingIntervalSeconds":1.0,"timestampProvenance":"embedded-nmea-rmc","latitudeColumn":"Latitude","longitudeColumn":"Longitude","sourceFile":"hetsuu-hutul-2025-magnetic__12swy8uebb82GPE3Ix63pBfvPsRpUQ39A__SRVY0-ACQU3_60m-10Hz.csv","sourceKind":"Survey GNSS coordinate table","sourceCrs":"EPSG:4326","displayCrs":"EPSG:4326","crsVerified":true,"coverageStatus":"not_calculated","coverageNote":"Зурвасын өргөн болон шугамын алхам баталгаажаагүй тул хамрах талбайг тооцоогүй.","sourceUrl":"https://drive.google.com/file/d/12swy8uebb82GPE3Ix63pBfvPsRpUQ39A/view","sourceAltitudeMinM":1936.6,"sourceAltitudeMaxM":2137.6,"sourceAltitudeMeanM":2046.75,"sourceAltitudeSampleCount":1133,"sourceAltitudeColumn":"Altitude","sourceAltitudeReference":"source-provided GNSS/absolute altitude"},"geometry":{"type":"LineString","coordinates":[[92.43832784,46.07210166],[92.4416164,46.06504305],[92.44160031,46.08410693],[92.44155192,46.0840788],[92.44027368,46.08407663],[92.44031521,46.0839957],[92.44031098,46.08144056]]}},{"type":"Feature","id":"hetsuu-hutul-hetsuu-hutul-2025-magnetic-hetsuuhutul2025magnetic12swy8uebb82gpe3ix63pbfvpsrpuq39asrvy0acqu360m10hz-004","properties":{"project":"Hetsuu hutul","projectKey":"hetsuu-hutul","area":"Хэцүү хөтөл","licence":"XV-022905","campaignId":"hetsuu-hutul-2025-magnetic","campaignLabel":"2025 Соронзон хэмжилтийн GPS зам","campaignYear":2025,"sensor":"Magnetic survey","sensorVerified":false,"gnssSource":"unverified","dataType":"survey_campaign_track","plannedActual":"actual","contextOnly":true,"trajectoryAvailable":true,"status":"confirmed_source","qaStatus":"clean","qaFlags":[],"acquisitionId":"hetsuu-hutul-2025-magnetic__12swy8uebb82GPE3Ix63pBfvPsRpUQ39A__SRVY0-ACQU3_60m-10Hz#4","segmentIndex":4,"segmentCount":7,"pointCount":993,"simplifiedPointCount":7,"pointsOutsideLicence":0,"startTime":"2025-11-02T08:19:44","endTime":"2025-11-02T08:36:16","timeZone":"UTC (NMEA RMC)","samplingIntervalSeconds":1.0,"timestampProvenance":"embedded-nmea-rmc","latitudeColumn":"Latitude","longitudeColumn":"Longitude","sourceFile":"hetsuu-hutul-2025-magnetic__12swy8uebb82GPE3Ix63pBfvPsRpUQ39A__SRVY0-ACQU3_60m-10Hz.csv","sourceKind":"Survey GNSS coordinate table","sourceCrs":"EPSG:4326","displayCrs":"EPSG:4326","crsVerified":true,"coverageStatus":"not_calculated","coverageNote":"Зурвасын өргөн болон шугамын алхам баталгаажаагүй тул хамрах талбайг тооцоогүй.","sourceUrl":"https://drive.google.com/file/d/12swy8uebb82GPE3Ix63pBfvPsRpUQ39A/view","sourceAltitudeMinM":1943.8,"sourceAltitudeMaxM":2130.0,"sourceAltitudeMeanM":2039.27,"sourceAltitudeSampleCount":993,"sourceAltitudeColumn":"Altitude","sourceAltitudeReference":"source-provided GNSS/absolute altitude"},"geometry":{"type":"LineString","coordinates":[[92.44031276,46.08146063],[92.44031204,46.0647682],[92.44030279,46.0647989],[92.44022001,46.0648025],[92.43897296,46.06479806],[92.43902134,46.06487888],[92.43901764,46.07931771]]}},{"type":"Feature","id":"hetsuu-hutul-hetsuu-hutul-2025-magnetic-hetsuuhutul2025magnetic12swy8uebb82gpe3ix63pbfvpsrpuq39asrvy0acqu360m10hz-005","properties":{"project":"Hetsuu hutul","projectKey":"hetsuu-hutul","area":"Хэцүү хөтөл","licence":"XV-022905","campaignId":"hetsuu-hutul-2025-magnetic","campaignLabel":"2025 Соронзон хэмжилтийн GPS зам","campaignYear":2025,"sensor":"Magnetic survey","sensorVerified":false,"gnssSource":"unverified","dataType":"survey_campaign_track","plannedActual":"actual","contextOnly":true,"trajectoryAvailable":true,"status":"confirmed_source","qaStatus":"clean","qaFlags":[],"acquisitionId":"hetsuu-hutul-2025-magnetic__12swy8uebb82GPE3Ix63pBfvPsRpUQ39A__SRVY0-ACQU3_60m-10Hz#5","segmentIndex":5,"segmentCount":7,"pointCount":985,"simplifiedPointCount":13,"pointsOutsideLicence":0,"startTime":"2025-11-02T08:46:05","endTime":"2025-11-02T09:02:29","timeZone":"UTC (NMEA RMC)","samplingIntervalSeconds":1.0,"timestampProvenance":"embedded-nmea-rmc","latitudeColumn":"Latitude","longitudeColumn":"Longitude","sourceFile":"hetsuu-hutul-2025-magnetic__12swy8uebb82GPE3Ix63pBfvPsRpUQ39A__SRVY0-ACQU3_60m-10Hz.csv","sourceKind":"Survey GNSS coordinate table","sourceCrs":"EPSG:4326","displayCrs":"EPSG:4326","crsVerified":true,"coverageStatus":"not_calculated","coverageNote":"Зурвасын өргөн болон шугамын алхам баталгаажаагүй тул хамрах талбайг тооцоогүй.","sourceUrl":"https://drive.google.com/file/d/12swy8uebb82GPE3Ix63pBfvPsRpUQ39A/view","sourceAltitudeMinM":1964.0,"sourceAltitudeMaxM":2100.9,"sourceAltitudeMeanM":2050.86,"sourceAltitudeSampleCount":985,"sourceAltitudeColumn":"Altitude","sourceAltitudeReference":"source-provided GNSS/absolute altitude"},"geometry":{"type":"LineString","coordinates":[[92.43900924,46.07943081],[92.43901678,46.08411037],[92.43901107,46.0840728],[92.43767712,46.08407301],[92.43772404,46.08400763],[92.43774653,46.08163513],[92.43773986,46.06481224],[92.4377267,46.06484498],[92.43763983,46.06484888],[92.43640106,46.06484297],[92.4364528,46.06492943],[92.43644073,46.06933133],[92.43644087,46.06930777]]}},{"type":"Feature","id":"hetsuu-hutul-hetsuu-hutul-2025-magnetic-hetsuuhutul2025magnetic12swy8uebb82gpe3ix63pbfvpsrpuq39asrvy0acqu360m10hz-006","properties":{"project":"Hetsuu hutul","projectKey":"hetsuu-hutul","area":"Хэцүү хөтөл","licence":"XV-022905","campaignId":"hetsuu-hutul-2025-magnetic","campaignLabel":"2025 Соронзон хэмжилтийн GPS зам","campaignYear":2025,"sensor":"Magnetic survey","sensorVerified":false,"gnssSource":"unverified","dataType":"survey_campaign_track","plannedActual":"actual","contextOnly":true,"trajectoryAvailable":true,"status":"confirmed_source","qaStatus":"clean","qaFlags":[],"acquisitionId":"hetsuu-hutul-2025-magnetic__12swy8uebb82GPE3Ix63pBfvPsRpUQ39A__SRVY0-ACQU3_60m-10Hz#6","segmentIndex":6,"segmentCount":7,"pointCount":1175,"simplifiedPointCount":7,"pointsOutsideLicence":0,"startTime":"2025-11-02T09:09:40","endTime":"2025-11-02T09:29:14","timeZone":"UTC (NMEA RMC)","samplingIntervalSeconds":1.0,"timestampProvenance":"embedded-nmea-rmc","latitudeColumn":"Latitude","longitudeColumn":"Longitude","sourceFile":"hetsuu-hutul-2025-magnetic__12swy8uebb82GPE3Ix63pBfvPsRpUQ39A__SRVY0-ACQU3_60m-10Hz.csv","sourceKind":"Survey GNSS coordinate table","sourceCrs":"EPSG:4326","displayCrs":"EPSG:4326","crsVerified":true,"coverageStatus":"not_calculated","coverageNote":"Зурвасын өргөн болон шугамын алхам баталгаажаагүй тул хамрах талбайг тооцоогүй.","sourceUrl":"https://drive.google.com/file/d/12swy8uebb82GPE3Ix63pBfvPsRpUQ39A/view","sourceAltitudeMinM":1970.0,"sourceAltitudeMaxM":2099.1,"sourceAltitudeMeanM":2047.73,"sourceAltitudeSampleCount":1175,"sourceAltitudeColumn":"Altitude","sourceAltitudeReference":"source-provided GNSS/absolute altitude"},"geometry":{"type":"LineString","coordinates":[[92.43641104,46.06930044],[92.43642526,46.08414967],[92.4364248,46.08411746],[92.43508977,46.08411346],[92.4351366,46.08406559],[92.43514091,46.08344269],[92.43513773,46.0673058]]}},{"type":"Feature","id":"hetsuu-hutul-hetsuu-hutul-2025-magnetic-hetsuuhutul2025magnetic12swy8uebb82gpe3ix63pbfvpsrpuq39asrvy0acqu360m10hz-007","properties":{"project":"Hetsuu hutul","projectKey":"hetsuu-hutul","area":"Хэцүү хөтөл","licence":"XV-022905","campaignId":"hetsuu-hutul-2025-magnetic","campaignLabel":"2025 Соронзон хэмжилтийн GPS зам","campaignYear":2025,"sensor":"Magnetic survey","sensorVerified":false,"gnssSource":"unverified","dataType":"survey_campaign_track","plannedActual":"actual","contextOnly":true,"trajectoryAvailable":true,"status":"confirmed_source","qaStatus":"clean","qaFlags":[],"acquisitionId":"hetsuu-hutul-2025-magnetic__12swy8uebb82GPE3Ix63pBfvPsRpUQ39A__SRVY0-ACQU3_60m-10Hz#7","segmentIndex":7,"segmentCount":7,"pointCount":722,"simplifiedPointCount":7,"pointsOutsideLicence":0,"startTime":"2025-11-02T09:41:37","endTime":"2025-11-02T09:53:38","timeZone":"UTC (NMEA RMC)","samplingIntervalSeconds":1.0,"timestampProvenance":"embedded-nmea-rmc","latitudeColumn":"Latitude","longitudeColumn":"Longitude","sourceFile":"hetsuu-hutul-2025-magnetic__12swy8uebb82GPE3Ix63pBfvPsRpUQ39A__SRVY0-ACQU3_60m-10Hz.csv","sourceKind":"Survey GNSS coordinate table","sourceCrs":"EPSG:4326","displayCrs":"EPSG:4326","crsVerified":true,"coverageStatus":"not_calculated","coverageNote":"Зурвасын өргөн болон шугамын алхам баталгаажаагүй тул хамрах талбайг тооцоогүй.","sourceUrl":"https://drive.google.com/file/d/12swy8uebb82GPE3Ix63pBfvPsRpUQ39A/view","sourceAltitudeMinM":1992.2,"sourceAltitudeMaxM":2111.9,"sourceAltitudeMeanM":2056.88,"sourceAltitudeSampleCount":722,"sourceAltitudeColumn":"Altitude","sourceAltitudeReference":"source-provided GNSS/absolute altitude"},"geometry":{"type":"LineString","coordinates":[[92.43519938,46.06733286],[92.43513265,46.06719994],[92.43515051,46.06480676],[92.43514092,46.06484068],[92.43381521,46.06484078],[92.43386435,46.06493396],[92.43385154,46.08413618]]}},{"type":"Feature","id":"hetsuu-hutul-hetsuu-hutul-2025-magnetic-hetsuuhutul2025magnetic13tsv9qqq20catijdcipysedv1h0kvcsrvy0acqu1310hz-001","properties":{"project":"Hetsuu hutul","projectKey":"hetsuu-hutul","area":"Хэцүү хөтөл","licence":"XV-022905","campaignId":"hetsuu-hutul-2025-magnetic","campaignLabel":"2025 Соронзон хэмжилтийн GPS зам","campaignYear":2025,"sensor":"Magnetic survey","sensorVerified":false,"gnssSource":"unverified","dataType":"survey_campaign_track","plannedActual":"actual","contextOnly":true,"trajectoryAvailable":true,"status":"confirmed_source","qaStatus":"clean","qaFlags":[],"acquisitionId":"hetsuu-hutul-2025-magnetic__13Tsv9qqq20CATIjdcIPYSeD-v1H0kVc___SRVY0-ACQU1_3_-10Hz#1","segmentIndex":1,"segmentCount":1,"pointCount":1321,"simplifiedPointCount":15,"pointsOutsideLicence":0,"startTime":"2025-09-24T04:38:56","endTime":"2025-09-24T05:01:30","timeZone":"UTC (NMEA RMC)","samplingIntervalSeconds":1.0,"timestampProvenance":"embedded-nmea-rmc","latitudeColumn":"Latitude","longitudeColumn":"Longitude","sourceFile":"hetsuu-hutul-2025-magnetic__13Tsv9qqq20CATIjdcIPYSeD-v1H0kVc___SRVY0-ACQU1_3_-10Hz.csv","sourceKind":"Survey GNSS coordinate table","sourceCrs":"EPSG:4326","displayCrs":"EPSG:4326","crsVerified":true,"coverageStatus":"not_calculated","coverageNote":"Зурвасын өргөн болон шугамын алхам баталгаажаагүй тул хамрах талбайг тооцоогүй.","sourceUrl":"https://drive.google.com/file/d/13Tsv9qqq20CATIjdcIPYSeD-v1H0kVc_/view","sourceAltitudeMinM":2006.3,"sourceAltitudeMaxM":2254.6,"sourceAltitudeMeanM":2139.57,"sourceAltitudeSampleCount":1321,"sourceAltitudeColumn":"Altitude","sourceAltitudeReference":"source-provided GNSS/absolute altitude"},"geometry":{"type":"LineString","coordinates":[[92.29588739,45.99852769],[92.29807638,46.00007001],[92.2982239,46.00003631],[92.29820935,46.00997617],[92.29821262,46.00994861],[92.29830992,46.00994745],[92.29954427,46.01002171],[92.29949575,46.00986477],[92.29950678,45.99999064],[92.29960451,46.00001415],[92.30083892,45.99999712],[92.3007958,46.00005069],[92.30080048,46.00199143],[92.295834,45.99850991],[92.29585844,45.99852945]]}},{"type":"Feature","id":"hetsuu-hutul-hetsuu-hutul-2025-magnetic-hetsuuhutul2025magnetic14tibzt1i8uoh6hp1rzmlv6yuncaurugsrvy0acqu0110hz-001","properties":{"project":"Hetsuu hutul","projectKey":"hetsuu-hutul","area":"Хэцүү хөтөл","licence":"XV-022905","campaignId":"hetsuu-hutul-2025-magnetic","campaignLabel":"2025 Соронзон хэмжилтийн GPS зам","campaignYear":2025,"sensor":"Magnetic survey","sensorVerified":false,"gnssSource":"unverified","dataType":"survey_campaign_track","plannedActual":"actual","contextOnly":true,"trajectoryAvailable":true,"status":"confirmed_source","qaStatus":"clean","qaFlags":[],"acquisitionId":"hetsuu-hutul-2025-magnetic__14tIbZt1I8UoH6hP-1rzmLV6YUncAUruG__SRVY0-ACQU0_1_-10Hz#1","segmentIndex":1,"segmentCount":1,"pointCount":1530,"simplifiedPointCount":13,"pointsOutsideLicence":0,"startTime":"2025-09-30T03:40:29","endTime":"2025-09-30T04:08:45","timeZone":"UTC (NMEA RMC)","samplingIntervalSeconds":1.0,"timestampProvenance":"embedded-nmea-rmc","latitudeColumn":"Latitude","longitudeColumn":"Longitude","sourceFile":"hetsuu-hutul-2025-magnetic__14tIbZt1I8UoH6hP-1rzmLV6YUncAUruG__SRVY0-ACQU0_1_-10Hz.csv","sourceKind":"Survey GNSS coordinate table","sourceCrs":"EPSG:4326","displayCrs":"EPSG:4326","crsVerified":true,"coverageStatus":"not_calculated","coverageNote":"Зурвасын өргөн болон шугамын алхам баталгаажаагүй тул хамрах талбайг тооцоогүй.","sourceUrl":"https://drive.google.com/file/d/14tIbZt1I8UoH6hP-1rzmLV6YUncAUruG/view","sourceAltitudeMinM":1960.1,"sourceAltitudeMaxM":2164.2,"sourceAltitudeMeanM":2063.37,"sourceAltitudeSampleCount":1530,"sourceAltitudeColumn":"Altitude","sourceAltitudeReference":"source-provided GNSS/absolute altitude"},"geometry":{"type":"LineString","coordinates":[[92.32958955,46.01209219],[92.32183323,46.00949068],[92.32189205,46.00950878],[92.32188599,46.00007337],[92.32188433,46.00010358],[92.32197504,46.00010974],[92.32320373,46.00011762],[92.32336705,45.99962944],[92.32335401,45.99966191],[92.32315906,45.9996737],[92.32319601,45.99966205],[92.32319566,46.01466726],[92.32959338,46.01210019]]}},{"type":"Feature","id":"hetsuu-hutul-hetsuu-hutul-2025-magnetic-hetsuuhutul2025magnetic15puvm9dl6bvgdcm1x5murwuag3l6kfsrvy0acqu0210hz-001","properties":{"project":"Hetsuu hutul","projectKey":"hetsuu-hutul","area":"Хэцүү хөтөл","licence":"XV-022905","campaignId":"hetsuu-hutul-2025-magnetic","campaignLabel":"2025 Соронзон хэмжилтийн GPS зам","campaignYear":2025,"sensor":"Magnetic survey","sensorVerified":false,"gnssSource":"unverified","dataType":"survey_campaign_track","plannedActual":"actual","contextOnly":true,"trajectoryAvailable":true,"status":"confirmed_source","qaStatus":"clean","qaFlags":[],"acquisitionId":"hetsuu-hutul-2025-magnetic__15Puvm-9dl6BVgdCM1x5MurwUAG-3L6KF__SRVY0-ACQU0_2_-10Hz#1","segmentIndex":1,"segmentCount":1,"pointCount":1031,"simplifiedPointCount":13,"pointsOutsideLicence":0,"startTime":"2025-09-24T04:19:19","endTime":"2025-09-24T04:36:58","timeZone":"UTC (NMEA RMC)","samplingIntervalSeconds":1.0,"timestampProvenance":"embedded-nmea-rmc","latitudeColumn":"Latitude","longitudeColumn":"Longitude","sourceFile":"hetsuu-hutul-2025-magnetic__15Puvm-9dl6BVgdCM1x5MurwUAG-3L6KF__SRVY0-ACQU0_2_-10Hz.csv","sourceKind":"Survey GNSS coordinate table","sourceCrs":"EPSG:4326","displayCrs":"EPSG:4326","crsVerified":true,"coverageStatus":"not_calculated","coverageNote":"Зурвасын өргөн болон шугамын алхам баталгаажаагүй тул хамрах талбайг тооцоогүй.","sourceUrl":"https://drive.google.com/file/d/15Puvm-9dl6BVgdCM1x5MurwUAG-3L6KF/view","sourceAltitudeMinM":2002.9,"sourceAltitudeMaxM":2254.1,"sourceAltitudeMeanM":2126.71,"sourceAltitudeSampleCount":1031,"sourceAltitudeColumn":"Altitude","sourceAltitudeReference":"source-provided GNSS/absolute altitude"},"geometry":{"type":"LineString","coordinates":[[92.29582522,45.99852569],[92.29586401,45.9985149],[92.29567361,46.00363981],[92.29567673,45.99980155],[92.29568004,45.99984029],[92.29582625,45.99984565],[92.29701279,45.99980714],[92.29696721,45.9998854],[92.2969634,46.00560027],[92.29603062,45.99918305],[92.29596709,45.99878989],[92.29585625,45.99855441],[92.29588822,45.99852919]]}},{"type":"Feature","id":"hetsuu-hutul-hetsuu-hutul-2025-magnetic-hetsuuhutul2025magnetic18yvjanlqnlryhy0ejzbpcko7jp3s0aksrvy0acqu010hz-001","properties":{"project":"Hetsuu hutul","projectKey":"hetsuu-hutul","area":"Хэцүү хөтөл","licence":"XV-022905","campaignId":"hetsuu-hutul-2025-magnetic","campaignLabel":"2025 Соронзон хэмжилтийн GPS зам","campaignYear":2025,"sensor":"Magnetic survey","sensorVerified":false,"gnssSource":"unverified","dataType":"survey_campaign_track","plannedActual":"actual","contextOnly":true,"trajectoryAvailable":true,"status":"confirmed_source","qaStatus":"clean","qaFlags":[],"acquisitionId":"hetsuu-hutul-2025-magnetic__18yVjANLQnlryHY0ejzbpckO7jP3S0AK-__SRVY0-ACQU0-10Hz#1","segmentIndex":1,"segmentCount":2,"pointCount":958,"simplifiedPointCount":12,"pointsOutsideLicence":0,"startTime":"2025-09-29T04:11:22","endTime":"2025-09-29T04:27:19","timeZone":"UTC (NMEA RMC)","samplingIntervalSeconds":1.0,"timestampProvenance":"embedded-nmea-rmc","latitudeColumn":"Latitude","longitudeColumn":"Longitude","sourceFile":"hetsuu-hutul-2025-magnetic__18yVjANLQnlryHY0ejzbpckO7jP3S0AK-__SRVY0-ACQU0-10Hz.csv","sourceKind":"Survey GNSS coordinate table","sourceCrs":"EPSG:4326","displayCrs":"EPSG:4326","crsVerified":true,"coverageStatus":"not_calculated","coverageNote":"Зурвасын өргөн болон шугамын алхам баталгаажаагүй тул хамрах талбайг тооцоогүй.","sourceUrl":"https://drive.google.com/file/d/18yVjANLQnlryHY0ejzbpckO7jP3S0AK-/view","sourceAltitudeMinM":2005.5,"sourceAltitudeMaxM":2095.0,"sourceAltitudeMeanM":2049.67,"sourceAltitudeSampleCount":958,"sourceAltitudeColumn":"Altitude","sourceAltitudeReference":"source-provided GNSS/absolute altitude"},"geometry":{"type":"LineString","coordinates":[[92.31665345,46.00010359],[92.31665622,46.00006412],[92.31666932,46.00009629],[92.31681615,46.00010063],[92.31799872,46.00009671],[92.31795818,46.00010257],[92.31794013,46.00017831],[92.31795398,46.01510285],[92.31795498,46.01506773],[92.31928632,46.01506976],[92.31923274,46.01507388],[92.31924909,46.00662981]]}},{"type":"Feature","id":"hetsuu-hutul-hetsuu-hutul-2025-magnetic-hetsuuhutul2025magnetic18yvjanlqnlryhy0ejzbpcko7jp3s0aksrvy0acqu010hz-002","properties":{"project":"Hetsuu hutul","projectKey":"hetsuu-hutul","area":"Хэцүү хөтөл","licence":"XV-022905","campaignId":"hetsuu-hutul-2025-magnetic","campaignLabel":"2025 Соронзон хэмжилтийн GPS зам","campaignYear":2025,"sensor":"Magnetic survey","sensorVerified":false,"gnssSource":"unverified","dataType":"survey_campaign_track","plannedActual":"actual","contextOnly":true,"trajectoryAvailable":true,"status":"confirmed_source","qaStatus":"clean","qaFlags":[],"acquisitionId":"hetsuu-hutul-2025-magnetic__18yVjANLQnlryHY0ejzbpckO7jP3S0AK-__SRVY0-ACQU0-10Hz#2","segmentIndex":2,"segmentCount":2,"pointCount":1034,"simplifiedPointCount":13,"pointsOutsideLicence":0,"startTime":"2025-09-29T04:34:41","endTime":"2025-09-29T04:51:55","timeZone":"UTC (NMEA RMC)","samplingIntervalSeconds":1.0,"timestampProvenance":"embedded-nmea-rmc","latitudeColumn":"Latitude","longitudeColumn":"Longitude","sourceFile":"hetsuu-hutul-2025-magnetic__18yVjANLQnlryHY0ejzbpckO7jP3S0AK-__SRVY0-ACQU0-10Hz.csv","sourceKind":"Survey GNSS coordinate table","sourceCrs":"EPSG:4326","displayCrs":"EPSG:4326","crsVerified":true,"coverageStatus":"not_calculated","coverageNote":"Зурвасын өргөн болон шугамын алхам баталгаажаагүй тул хамрах талбайг тооцоогүй.","sourceUrl":"https://drive.google.com/file/d/18yVjANLQnlryHY0ejzbpckO7jP3S0AK-/view","sourceAltitudeMinM":1969.3,"sourceAltitudeMaxM":2110.9,"sourceAltitudeMeanM":2043.81,"sourceAltitudeSampleCount":1034,"sourceAltitudeColumn":"Altitude","sourceAltitudeReference":"source-provided GNSS/absolute altitude"},"geometry":{"type":"LineString","coordinates":[[92.31924395,46.00650902],[92.31924918,46.00008105],[92.31925504,46.00011066],[92.31936071,46.00011379],[92.3205706,46.0001117],[92.32054274,46.0132503],[92.32053598,46.01322529],[92.32057385,46.01514699],[92.32056853,46.01510999],[92.32070353,46.01510161],[92.32190788,46.01512133],[92.32186139,46.0150593],[92.32187427,46.00851517]]}},{"type":"Feature","id":"hetsuu-hutul-hetsuu-hutul-2025-magnetic-hetsuuhutul2025magnetic19aa61ljjclgk2ndficj3mibln6ajqxgsrvy0acqu0110hzraw-001","properties":{"project":"Hetsuu hutul","projectKey":"hetsuu-hutul","area":"Хэцүү хөтөл","licence":"XV-022905","campaignId":"hetsuu-hutul-2025-magnetic","campaignLabel":"2025 Соронзон хэмжилтийн GPS зам","campaignYear":2025,"sensor":"Magnetic survey","sensorVerified":false,"gnssSource":"unverified","dataType":"survey_campaign_track","plannedActual":"actual","contextOnly":true,"trajectoryAvailable":true,"status":"confirmed_source","qaStatus":"clean","qaFlags":[],"acquisitionId":"hetsuu-hutul-2025-magnetic__19Aa61ljJClgk2NdfICj3MIblN-6AJQXg__SRVY0-ACQU0_1_-10Hz_raw#1","segmentIndex":1,"segmentCount":5,"pointCount":965,"simplifiedPointCount":12,"pointsOutsideLicence":0,"startTime":"2025-10-30T06:43:11","endTime":"2025-10-30T06:59:15","timeZone":"UTC (NMEA RMC)","samplingIntervalSeconds":1.0,"timestampProvenance":"embedded-nmea-rmc","latitudeColumn":"Latitude","longitudeColumn":"Longitude","sourceFile":"hetsuu-hutul-2025-magnetic__19Aa61ljJClgk2NdfICj3MIblN-6AJQXg__SRVY0-ACQU0_1_-10Hz_raw.csv","sourceKind":"Survey GNSS coordinate table","sourceCrs":"EPSG:4326","displayCrs":"EPSG:4326","crsVerified":true,"coverageStatus":"not_calculated","coverageNote":"Зурвасын өргөн болон шугамын алхам баталгаажаагүй тул хамрах талбайг тооцоогүй.","sourceUrl":"https://drive.google.com/file/d/19Aa61ljJClgk2NdfICj3MIblN-6AJQXg/view","sourceAltitudeMinM":1940.0,"sourceAltitudeMaxM":2131.6,"sourceAltitudeMeanM":2042.17,"sourceAltitudeSampleCount":965,"sourceAltitudeColumn":"Altitude","sourceAltitudeReference":"source-provided GNSS/absolute altitude"},"geometry":{"type":"LineString","coordinates":[[92.38601964,46.02864034],[92.38600383,46.02230478],[92.38733606,46.02231454],[92.38729159,46.02239223],[92.38729222,46.03238563],[92.38741339,46.03236243],[92.38863266,46.03238345],[92.38858747,46.0323714],[92.38859017,46.03218136],[92.3885867,46.03220759],[92.38859854,46.02413973],[92.38857217,46.02418593]]}},{"type":"Feature","id":"hetsuu-hutul-hetsuu-hutul-2025-magnetic-hetsuuhutul2025magnetic19aa61ljjclgk2ndficj3mibln6ajqxgsrvy0acqu0110hzraw-002","properties":{"project":"Hetsuu hutul","projectKey":"hetsuu-hutul","area":"Хэцүү хөтөл","licence":"XV-022905","campaignId":"hetsuu-hutul-2025-magnetic","campaignLabel":"2025 Соронзон хэмжилтийн GPS зам","campaignYear":2025,"sensor":"Magnetic survey","sensorVerified":false,"gnssSource":"unverified","dataType":"survey_campaign_track","plannedActual":"actual","contextOnly":true,"trajectoryAvailable":true,"status":"confirmed_source","qaStatus":"clean","qaFlags":[],"acquisitionId":"hetsuu-hutul-2025-magnetic__19Aa61ljJClgk2NdfICj3MIblN-6AJQXg__SRVY0-ACQU0_1_-10Hz_raw#2","segmentIndex":2,"segmentCount":5,"pointCount":46,"simplifiedPointCount":2,"pointsOutsideLicence":0,"startTime":"2025-10-30T07:08:03","endTime":"2025-10-30T07:08:48","timeZone":"UTC (NMEA RMC)","samplingIntervalSeconds":1.0,"timestampProvenance":"embedded-nmea-rmc","latitudeColumn":"Latitude","longitudeColumn":"Longitude","sourceFile":"hetsuu-hutul-2025-magnetic__19Aa61ljJClgk2NdfICj3MIblN-6AJQXg__SRVY0-ACQU0_1_-10Hz_raw.csv","sourceKind":"Survey GNSS coordinate table","sourceCrs":"EPSG:4326","displayCrs":"EPSG:4326","crsVerified":true,"coverageStatus":"not_calculated","coverageNote":"Зурвасын өргөн болон шугамын алхам баталгаажаагүй тул хамрах талбайг тооцоогүй.","sourceUrl":"https://drive.google.com/file/d/19Aa61ljJClgk2NdfICj3MIblN-6AJQXg/view","sourceAltitudeMinM":2131.7,"sourceAltitudeMaxM":2150.7,"sourceAltitudeMeanM":2141.3,"sourceAltitudeSampleCount":46,"sourceAltitudeColumn":"Altitude","sourceAltitudeReference":"source-provided GNSS/absolute altitude"},"geometry":{"type":"LineString","coordinates":[[92.38862532,46.0241135],[92.38859673,46.02229391]]}},{"type":"Feature","id":"hetsuu-hutul-hetsuu-hutul-2025-magnetic-hetsuuhutul2025magnetic19aa61ljjclgk2ndficj3mibln6ajqxgsrvy0acqu0110hzraw-003","properties":{"project":"Hetsuu hutul","projectKey":"hetsuu-hutul","area":"Хэцүү хөтөл","licence":"XV-022905","campaignId":"hetsuu-hutul-2025-magnetic","campaignLabel":"2025 Соронзон хэмжилтийн GPS зам","campaignYear":2025,"sensor":"Magnetic survey","sensorVerified":false,"gnssSource":"unverified","dataType":"survey_campaign_track","plannedActual":"actual","contextOnly":true,"trajectoryAvailable":true,"status":"confirmed_source","qaStatus":"clean","qaFlags":[],"acquisitionId":"hetsuu-hutul-2025-magnetic__19Aa61ljJClgk2NdfICj3MIblN-6AJQXg__SRVY0-ACQU0_1_-10Hz_raw#3","segmentIndex":3,"segmentCount":5,"pointCount":589,"simplifiedPointCount":8,"pointsOutsideLicence":0,"startTime":"2025-10-30T07:12:20","endTime":"2025-10-30T07:22:08","timeZone":"UTC (NMEA RMC)","samplingIntervalSeconds":1.0,"timestampProvenance":"embedded-nmea-rmc","latitudeColumn":"Latitude","longitudeColumn":"Longitude","sourceFile":"hetsuu-hutul-2025-magnetic__19Aa61ljJClgk2NdfICj3MIblN-6AJQXg__SRVY0-ACQU0_1_-10Hz_raw.csv","sourceKind":"Survey GNSS coordinate table","sourceCrs":"EPSG:4326","displayCrs":"EPSG:4326","crsVerified":true,"coverageStatus":"not_calculated","coverageNote":"Зурвасын өргөн болон шугамын алхам баталгаажаагүй тул хамрах талбайг тооцоогүй.","sourceUrl":"https://drive.google.com/file/d/19Aa61ljJClgk2NdfICj3MIblN-6AJQXg/view","sourceAltitudeMinM":2034.9,"sourceAltitudeMaxM":2209.6,"sourceAltitudeMeanM":2134.44,"sourceAltitudeSampleCount":589,"sourceAltitudeColumn":"Altitude","sourceAltitudeReference":"source-provided GNSS/absolute altitude"},"geometry":{"type":"LineString","coordinates":[[92.38947324,46.03258867],[92.38947431,46.02131504],[92.38947171,46.02134258],[92.38955168,46.02134851],[92.39081999,46.02134313],[92.3907674,46.02134297],[92.39076294,46.0214053],[92.39076655,46.02660282]]}},{"type":"Feature","id":"hetsuu-hutul-hetsuu-hutul-2025-magnetic-hetsuuhutul2025magnetic19aa61ljjclgk2ndficj3mibln6ajqxgsrvy0acqu0110hzraw-004","properties":{"project":"Hetsuu hutul","projectKey":"hetsuu-hutul","area":"Хэцүү хөтөл","licence":"XV-022905","campaignId":"hetsuu-hutul-2025-magnetic","campaignLabel":"2025 Соронзон хэмжилтийн GPS зам","campaignYear":2025,"sensor":"Magnetic survey","sensorVerified":false,"gnssSource":"unverified","dataType":"survey_campaign_track","plannedActual":"actual","contextOnly":true,"trajectoryAvailable":true,"status":"confirmed_source","qaStatus":"clean","qaFlags":[],"acquisitionId":"hetsuu-hutul-2025-magnetic__19Aa61ljJClgk2NdfICj3MIblN-6AJQXg__SRVY0-ACQU0_1_-10Hz_raw#4","segmentIndex":4,"segmentCount":5,"pointCount":765,"simplifiedPointCount":9,"pointsOutsideLicence":0,"startTime":"2025-10-30T07:31:28","endTime":"2025-10-30T07:44:12","timeZone":"UTC (NMEA RMC)","samplingIntervalSeconds":1.0,"timestampProvenance":"embedded-nmea-rmc","latitudeColumn":"Latitude","longitudeColumn":"Longitude","sourceFile":"hetsuu-hutul-2025-magnetic__19Aa61ljJClgk2NdfICj3MIblN-6AJQXg__SRVY0-ACQU0_1_-10Hz_raw.csv","sourceKind":"Survey GNSS coordinate table","sourceCrs":"EPSG:4326","displayCrs":"EPSG:4326","crsVerified":true,"coverageStatus":"not_calculated","coverageNote":"Зурвасын өргөн болон шугамын алхам баталгаажаагүй тул хамрах талбайг тооцоогүй.","sourceUrl":"https://drive.google.com/file/d/19Aa61ljJClgk2NdfICj3MIblN-6AJQXg/view","sourceAltitudeMinM":1962.9,"sourceAltitudeMaxM":2232.0,"sourceAltitudeMeanM":2072.99,"sourceAltitudeSampleCount":765,"sourceAltitudeColumn":"Altitude","sourceAltitudeReference":"source-provided GNSS/absolute altitude"},"geometry":{"type":"LineString","coordinates":[[92.390808,46.0265889],[92.39076817,46.02743081],[92.39076443,46.03262488],[92.39211107,46.03261012],[92.39206611,46.03260911],[92.3920569,46.0325502],[92.39207011,46.02130546],[92.39217331,46.02133498],[92.3933886,46.02132492]]}},{"type":"Feature","id":"hetsuu-hutul-hetsuu-hutul-2025-magnetic-hetsuuhutul2025magnetic19aa61ljjclgk2ndficj3mibln6ajqxgsrvy0acqu0110hzraw-005","properties":{"project":"Hetsuu hutul","projectKey":"hetsuu-hutul","area":"Хэцүү хөтөл","licence":"XV-022905","campaignId":"hetsuu-hutul-2025-magnetic","campaignLabel":"2025 Соронзон хэмжилтийн GPS зам","campaignYear":2025,"sensor":"Magnetic survey","sensorVerified":false,"gnssSource":"unverified","dataType":"survey_campaign_track","plannedActual":"actual","contextOnly":true,"trajectoryAvailable":true,"status":"confirmed_source","qaStatus":"clean","qaFlags":[],"acquisitionId":"hetsuu-hutul-2025-magnetic__19Aa61ljJClgk2NdfICj3MIblN-6AJQXg__SRVY0-ACQU0_1_-10Hz_raw#5","segmentIndex":5,"segmentCount":5,"pointCount":853,"simplifiedPointCount":11,"pointsOutsideLicence":0,"startTime":"2025-10-30T07:54:33","endTime":"2025-10-30T08:08:45","timeZone":"UTC (NMEA RMC)","samplingIntervalSeconds":1.0,"timestampProvenance":"embedded-nmea-rmc","latitudeColumn":"Latitude","longitudeColumn":"Longitude","sourceFile":"hetsuu-hutul-2025-magnetic__19Aa61ljJClgk2NdfICj3MIblN-6AJQXg__SRVY0-ACQU0_1_-10Hz_raw.csv","sourceKind":"Survey GNSS coordinate table","sourceCrs":"EPSG:4326","displayCrs":"EPSG:4326","crsVerified":true,"coverageStatus":"not_calculated","coverageNote":"Зурвасын өргөн болон шугамын алхам баталгаажаагүй тул хамрах талбайг тооцоогүй.","sourceUrl":"https://drive.google.com/file/d/19Aa61ljJClgk2NdfICj3MIblN-6AJQXg/view","sourceAltitudeMinM":1966.3,"sourceAltitudeMaxM":2245.8,"sourceAltitudeMeanM":2111.81,"sourceAltitudeSampleCount":853,"sourceAltitudeColumn":"Altitude","sourceAltitudeReference":"source-provided GNSS/absolute altitude"},"geometry":{"type":"LineString","coordinates":[[92.39340774,46.02128584],[92.3933628,46.02137537],[92.39336009,46.02169364],[92.39336162,46.03263995],[92.39335818,46.03260588],[92.39346744,46.03260014],[92.39470399,46.03260968],[92.39466219,46.03260893],[92.39465168,46.03256076],[92.39464599,46.0322266],[92.39464696,46.02862276]]}},{"type":"Feature","id":"hetsuu-hutul-hetsuu-hutul-2025-magnetic-hetsuuhutul2025magnetic19ejhfwx831sjmrvxhkrhrhqfppwvuysrvy0acqu11092310hzraw-001","properties":{"project":"Hetsuu hutul","projectKey":"hetsuu-hutul","area":"Хэцүү хөтөл","licence":"XV-022905","campaignId":"hetsuu-hutul-2025-magnetic","campaignLabel":"2025 Соронзон хэмжилтийн GPS зам","campaignYear":2025,"sensor":"Magnetic survey","sensorVerified":false,"gnssSource":"unverified","dataType":"survey_campaign_track","plannedActual":"actual","contextOnly":true,"trajectoryAvailable":true,"status":"confirmed_source","qaStatus":"clean","qaFlags":[],"acquisitionId":"hetsuu-hutul-2025-magnetic__19_ejhfwX831sJMRvXhKR_HrHQfPPwvUY__SRVY0-ACQU1_1_-0923_10Hz_raw#1","segmentIndex":1,"segmentCount":1,"pointCount":1319,"simplifiedPointCount":11,"pointsOutsideLicence":0,"startTime":"2025-09-23T03:41:46","endTime":"2025-09-23T04:05:59","timeZone":"UTC (NMEA RMC)","samplingIntervalSeconds":1.0,"timestampProvenance":"embedded-nmea-rmc","latitudeColumn":"Latitude","longitudeColumn":"Longitude","sourceFile":"hetsuu-hutul-2025-magnetic__19_ejhfwX831sJMRvXhKR_HrHQfPPwvUY__SRVY0-ACQU1_1_-0923_10Hz_raw.csv","sourceKind":"Survey GNSS coordinate table","sourceCrs":"EPSG:4326","displayCrs":"EPSG:4326","crsVerified":true,"coverageStatus":"not_calculated","coverageNote":"Зурвасын өргөн болон шугамын алхам баталгаажаагүй тул хамрах талбайг тооцоогүй.","sourceUrl":"https://drive.google.com/file/d/19_ejhfwX831sJMRvXhKR_HrHQfPPwvUY/view","sourceAltitudeMinM":2011.6,"sourceAltitudeMaxM":2310.3,"sourceAltitudeMeanM":2139.16,"sourceAltitudeSampleCount":1319,"sourceAltitudeColumn":"Altitude","sourceAltitudeReference":"source-provided GNSS/absolute altitude"},"geometry":{"type":"LineString","coordinates":[[92.28991939,45.99634552],[92.28929683,46.00012264],[92.28930773,46.00547662],[92.28931137,46.00544851],[92.28942253,46.00544708],[92.2906483,46.00548176],[92.29060566,46.00547902],[92.29059894,46.00542692],[92.2906121,46.00196334],[92.28996127,45.99634311],[92.28994307,45.99636577]]}},{"type":"Feature","id":"hetsuu-hutul-hetsuu-hutul-2025-magnetic-hetsuuhutul2025magnetic1aclms0fua7gus9xeuxjxomkrqsxbhexsrvy0acqu110hz-001","properties":{"project":"Hetsuu hutul","projectKey":"hetsuu-hutul","area":"Хэцүү хөтөл","licence":"XV-022905","campaignId":"hetsuu-hutul-2025-magnetic","campaignLabel":"2025 Соронзон хэмжилтийн GPS зам","campaignYear":2025,"sensor":"Magnetic survey","sensorVerified":false,"gnssSource":"unverified","dataType":"survey_campaign_track","plannedActual":"actual","contextOnly":true,"trajectoryAvailable":true,"status":"confirmed_source","qaStatus":"clean","qaFlags":[],"acquisitionId":"hetsuu-hutul-2025-magnetic__1acLms0fUA7GUs9xeuxJxOmkRqsXbhEx-__SRVY0-ACQU1-10Hz#1","segmentIndex":1,"segmentCount":2,"pointCount":714,"simplifiedPointCount":11,"pointsOutsideLicence":0,"startTime":"2025-10-10T01:38:41","endTime":"2025-10-10T01:50:34","timeZone":"UTC (NMEA RMC)","samplingIntervalSeconds":1.0,"timestampProvenance":"embedded-nmea-rmc","latitudeColumn":"Latitude","longitudeColumn":"Longitude","sourceFile":"hetsuu-hutul-2025-magnetic__1acLms0fUA7GUs9xeuxJxOmkRqsXbhEx-__SRVY0-ACQU1-10Hz.csv","sourceKind":"Survey GNSS coordinate table","sourceCrs":"EPSG:4326","displayCrs":"EPSG:4326","crsVerified":true,"coverageStatus":"not_calculated","coverageNote":"Зурвасын өргөн болон шугамын алхам баталгаажаагүй тул хамрах талбайг тооцоогүй.","sourceUrl":"https://drive.google.com/file/d/1acLms0fUA7GUs9xeuxJxOmkRqsXbhEx-/view","sourceAltitudeMinM":1669.0,"sourceAltitudeMaxM":2056.2,"sourceAltitudeMeanM":1903.75,"sourceAltitudeSampleCount":714,"sourceAltitudeColumn":"Altitude","sourceAltitudeReference":"source-provided GNSS/absolute altitude"},"geometry":{"type":"LineString","coordinates":[[92.38350334,46.00161195],[92.38350613,46.00001932],[92.38358167,46.00004822],[92.38484482,46.00004145],[92.38480242,46.00012015],[92.38480821,46.01504385],[92.38480011,46.0150192],[92.38487773,46.01500814],[92.38614802,46.01501142],[92.38610186,46.01496528],[92.38610005,46.01262181]]}},{"type":"Feature","id":"hetsuu-hutul-hetsuu-hutul-2025-magnetic-hetsuuhutul2025magnetic1aclms0fua7gus9xeuxjxomkrqsxbhexsrvy0acqu110hz-002","properties":{"project":"Hetsuu hutul","projectKey":"hetsuu-hutul","area":"Хэцүү хөтөл","licence":"XV-022905","campaignId":"hetsuu-hutul-2025-magnetic","campaignLabel":"2025 Соронзон хэмжилтийн GPS зам","campaignYear":2025,"sensor":"Magnetic survey","sensorVerified":false,"gnssSource":"unverified","dataType":"survey_campaign_track","plannedActual":"actual","contextOnly":true,"trajectoryAvailable":true,"status":"confirmed_source","qaStatus":"clean","qaFlags":[],"acquisitionId":"hetsuu-hutul-2025-magnetic__1acLms0fUA7GUs9xeuxJxOmkRqsXbhEx-__SRVY0-ACQU1-10Hz#2","segmentIndex":2,"segmentCount":2,"pointCount":429,"simplifiedPointCount":3,"pointsOutsideLicence":0,"startTime":"2025-10-10T02:06:11","endTime":"2025-10-10T02:13:19","timeZone":"UTC (NMEA RMC)","samplingIntervalSeconds":1.0,"timestampProvenance":"embedded-nmea-rmc","latitudeColumn":"Latitude","longitudeColumn":"Longitude","sourceFile":"hetsuu-hutul-2025-magnetic__1acLms0fUA7GUs9xeuxJxOmkRqsXbhEx-__SRVY0-ACQU1-10Hz.csv","sourceKind":"Survey GNSS coordinate table","sourceCrs":"EPSG:4326","displayCrs":"EPSG:4326","crsVerified":true,"coverageStatus":"not_calculated","coverageNote":"Зурвасын өргөн болон шугамын алхам баталгаажаагүй тул хамрах талбайг тооцоогүй.","sourceUrl":"https://drive.google.com/file/d/1acLms0fUA7GUs9xeuxJxOmkRqsXbhEx-/view","sourceAltitudeMinM":1838.3,"sourceAltitudeMaxM":1974.7,"sourceAltitudeMeanM":1894.04,"sourceAltitudeSampleCount":429,"sourceAltitudeColumn":"Altitude","sourceAltitudeReference":"source-provided GNSS/absolute altitude"},"geometry":{"type":"LineString","coordinates":[[92.38609341,46.0126308],[92.38608327,46.01266007],[92.38609818,46.00254048]]}},{"type":"Feature","id":"hetsuu-hutul-hetsuu-hutul-2025-magnetic-hetsuuhutul2025magnetic1aejmm1erjefz7lnzbagd0zkrgjob4hunsrvy0acqu110hz-001","properties":{"project":"Hetsuu hutul","projectKey":"hetsuu-hutul","area":"Хэцүү хөтөл","licence":"XV-022905","campaignId":"hetsuu-hutul-2025-magnetic","campaignLabel":"2025 Соронзон хэмжилтийн GPS зам","campaignYear":2025,"sensor":"Magnetic survey","sensorVerified":false,"gnssSource":"unverified","dataType":"survey_campaign_track","plannedActual":"actual","contextOnly":true,"trajectoryAvailable":true,"status":"confirmed_source","qaStatus":"clean","qaFlags":[],"acquisitionId":"hetsuu-hutul-2025-magnetic__1aEJMM1erJeFZ7LNZBAgD0zkrGjOb4hUn__SRVY0-ACQU1-10Hz#1","segmentIndex":1,"segmentCount":2,"pointCount":1275,"simplifiedPointCount":20,"pointsOutsideLicence":0,"startTime":"2025-10-12T06:00:29","endTime":"2025-10-12T06:22:13","timeZone":"UTC (NMEA RMC)","samplingIntervalSeconds":1.0,"timestampProvenance":"embedded-nmea-rmc","latitudeColumn":"Latitude","longitudeColumn":"Longitude","sourceFile":"hetsuu-hutul-2025-magnetic__1aEJMM1erJeFZ7LNZBAgD0zkrGjOb4hUn__SRVY0-ACQU1-10Hz.csv","sourceKind":"Survey GNSS coordinate table","sourceCrs":"EPSG:4326","displayCrs":"EPSG:4326","crsVerified":true,"coverageStatus":"not_calculated","coverageNote":"Зурвасын өргөн болон шугамын алхам баталгаажаагүй тул хамрах талбайг тооцоогүй.","sourceUrl":"https://drive.google.com/file/d/1aEJMM1erJeFZ7LNZBAgD0zkrGjOb4hUn/view","sourceAltitudeMinM":1576.6,"sourceAltitudeMaxM":2074.7,"sourceAltitudeMeanM":1906.52,"sourceAltitudeSampleCount":1275,"sourceAltitudeColumn":"Altitude","sourceAltitudeReference":"source-provided GNSS/absolute altitude"},"geometry":{"type":"LineString","coordinates":[[92.43902921,46.00877569],[92.43902761,46.00880515],[92.43793422,46.00910633],[92.41915852,46.01415631],[92.41921405,46.01416103],[92.41922363,46.01420367],[92.41922623,46.01456289],[92.4192261,46.02793456],[92.41914848,46.02790049],[92.41787766,46.02788676],[92.41792045,46.0278888],[92.41791995,46.02775362],[92.42892348,46.01790095],[92.43022643,46.01681545],[92.43226237,46.0150207],[92.43300846,46.01449306],[92.43342225,46.01411922],[92.43493754,46.01298677],[92.4366618,46.01160826],[92.43901843,46.00879687]]}},{"type":"Feature","id":"hetsuu-hutul-hetsuu-hutul-2025-magnetic-hetsuuhutul2025magnetic1aejmm1erjefz7lnzbagd0zkrgjob4hunsrvy0acqu110hz-002","properties":{"project":"Hetsuu hutul","projectKey":"hetsuu-hutul","area":"Хэцүү хөтөл","licence":"XV-022905","campaignId":"hetsuu-hutul-2025-magnetic","campaignLabel":"2025 Соронзон хэмжилтийн GPS зам","campaignYear":2025,"sensor":"Magnetic survey","sensorVerified":false,"gnssSource":"unverified","dataType":"survey_campaign_track","plannedActual":"actual","contextOnly":true,"trajectoryAvailable":true,"status":"confirmed_source","qaStatus":"clean","qaFlags":[],"acquisitionId":"hetsuu-hutul-2025-magnetic__1aEJMM1erJeFZ7LNZBAgD0zkrGjOb4hUn__SRVY0-ACQU1-10Hz#2","segmentIndex":2,"segmentCount":2,"pointCount":1240,"simplifiedPointCount":6,"pointsOutsideLicence":0,"startTime":"2025-10-12T06:23:38","endTime":"2025-10-12T06:44:49","timeZone":"UTC (NMEA RMC)","samplingIntervalSeconds":1.0,"timestampProvenance":"embedded-nmea-rmc","latitudeColumn":"Latitude","longitudeColumn":"Longitude","sourceFile":"hetsuu-hutul-2025-magnetic__1aEJMM1erJeFZ7LNZBAgD0zkrGjOb4hUn__SRVY0-ACQU1-10Hz.csv","sourceKind":"Survey GNSS coordinate table","sourceCrs":"EPSG:4326","displayCrs":"EPSG:4326","crsVerified":true,"coverageStatus":"not_calculated","coverageNote":"Зурвасын өргөн болон шугамын алхам баталгаажаагүй тул хамрах талбайг тооцоогүй.","sourceUrl":"https://drive.google.com/file/d/1aEJMM1erJeFZ7LNZBAgD0zkrGjOb4hUn/view","sourceAltitudeMinM":1576.4,"sourceAltitudeMaxM":2055.0,"sourceAltitudeMeanM":1960.04,"sourceAltitudeSampleCount":1240,"sourceAltitudeColumn":"Altitude","sourceAltitudeReference":"source-provided GNSS/absolute altitude"},"geometry":{"type":"LineString","coordinates":[[92.43902487,46.00877069],[92.41789056,46.02782725],[92.41793597,46.02774367],[92.41794386,46.01834869],[92.43904479,46.00877466],[92.43901416,46.00879156]]}},{"type":"Feature","id":"hetsuu-hutul-hetsuu-hutul-2025-magnetic-hetsuuhutul2025magnetic1aoyhzwtjynf502k546owmzzi16wu6isrvy0acqu310hz-001","properties":{"project":"Hetsuu hutul","projectKey":"hetsuu-hutul","area":"Хэцүү хөтөл","licence":"XV-022905","campaignId":"hetsuu-hutul-2025-magnetic","campaignLabel":"2025 Соронзон хэмжилтийн GPS зам","campaignYear":2025,"sensor":"Magnetic survey","sensorVerified":false,"gnssSource":"unverified","dataType":"survey_campaign_track","plannedActual":"actual","contextOnly":true,"trajectoryAvailable":true,"status":"review_required","qaStatus":"review_required","qaFlags":["AMBIGUOUS_DATE_TIME"],"acquisitionId":"hetsuu-hutul-2025-magnetic__1aoyhZ-wTjYnf5-02K546owmzzi16wU6I__SRVY0-ACQU3-10Hz#1","segmentIndex":1,"segmentCount":1,"pointCount":2935,"simplifiedPointCount":19,"pointsOutsideLicence":0,"startTime":null,"endTime":null,"timeZone":"unverified","samplingIntervalSeconds":null,"timestampProvenance":"ambiguous","latitudeColumn":"Latitude","longitudeColumn":"Longitude","sourceFile":"hetsuu-hutul-2025-magnetic__1aoyhZ-wTjYnf5-02K546owmzzi16wU6I__SRVY0-ACQU3-10Hz.csv","sourceKind":"Survey GNSS coordinate table","sourceCrs":"EPSG:4326","displayCrs":"EPSG:4326","crsVerified":true,"coverageStatus":"not_calculated","coverageNote":"Зурвасын өргөн болон шугамын алхам баталгаажаагүй тул хамрах талбайг тооцоогүй.","sourceUrl":"https://drive.google.com/file/d/1aoyhZ-wTjYnf5-02K546owmzzi16wU6I/view","sourceAltitudeMinM":1570.0,"sourceAltitudeMaxM":2077.4,"sourceAltitudeMeanM":1864.95,"sourceAltitudeSampleCount":2935,"sourceAltitudeColumn":"Altitude","sourceAltitudeReference":"source-provided GNSS/absolute altitude"},"geometry":{"type":"LineString","coordinates":[[92.37227122,45.99516336],[92.37846526,46.00466103],[92.37844007,46.0000107],[92.37844698,46.00003758],[92.37854849,46.00004364],[92.379782,46.00003843],[92.37973127,46.0001281],[92.37972652,46.00042641],[92.3797348,46.01214616],[92.3755309,46.00252231],[92.37225777,45.99517379],[92.37975733,46.01217339],[92.37973668,46.0150313],[92.37973742,46.0150061],[92.37986973,46.01499875],[92.38107225,46.01500313],[92.38101896,46.01496795],[92.38103429,46.00504976],[92.37227705,45.99517069]]}},{"type":"Feature","id":"hetsuu-hutul-hetsuu-hutul-2025-magnetic-hetsuuhutul2025magnetic1b2lw5eae02kkygzyte26j6lrfy2mblftsrvy0acqu210hzraw-001","properties":{"project":"Hetsuu hutul","projectKey":"hetsuu-hutul","area":"Хэцүү хөтөл","licence":"XV-022905","campaignId":"hetsuu-hutul-2025-magnetic","campaignLabel":"2025 Соронзон хэмжилтийн GPS зам","campaignYear":2025,"sensor":"Magnetic survey","sensorVerified":false,"gnssSource":"unverified","dataType":"survey_campaign_track","plannedActual":"actual","contextOnly":true,"trajectoryAvailable":true,"status":"confirmed_source","qaStatus":"clean","qaFlags":[],"acquisitionId":"hetsuu-hutul-2025-magnetic__1B2LW5EaE02KKygZytE26j6LrFy2mBlFt__SRVY0-ACQU2-10Hz_raw#1","segmentIndex":1,"segmentCount":4,"pointCount":1106,"simplifiedPointCount":9,"pointsOutsideLicence":0,"startTime":"2025-10-23T04:27:04","endTime":"2025-10-23T04:45:30","timeZone":"UTC (NMEA RMC)","samplingIntervalSeconds":1.0,"timestampProvenance":"embedded-nmea-rmc","latitudeColumn":"Latitude","longitudeColumn":"Longitude","sourceFile":"hetsuu-hutul-2025-magnetic__1B2LW5EaE02KKygZytE26j6LrFy2mBlFt__SRVY0-ACQU2-10Hz_raw.csv","sourceKind":"Survey GNSS coordinate table","sourceCrs":"EPSG:4326","displayCrs":"EPSG:4326","crsVerified":true,"coverageStatus":"not_calculated","coverageNote":"Зурвасын өргөн болон шугамын алхам баталгаажаагүй тул хамрах талбайг тооцоогүй.","sourceUrl":"https://drive.google.com/file/d/1B2LW5EaE02KKygZytE26j6LrFy2mBlFt/view","sourceAltitudeMinM":1987.7,"sourceAltitudeMaxM":2121.2,"sourceAltitudeMeanM":2041.02,"sourceAltitudeSampleCount":1106,"sourceAltitudeColumn":"Altitude","sourceAltitudeReference":"source-provided GNSS/absolute altitude"},"geometry":{"type":"LineString","coordinates":[[92.36924016,46.02637769],[92.36924897,46.01409484],[92.36925108,46.01412492],[92.36931958,46.01413433],[92.37059586,46.01413526],[92.37054825,46.01413679],[92.37053782,46.01452678],[92.37054743,46.01450331],[92.3705473,46.02529951]]}},{"type":"Feature","id":"hetsuu-hutul-hetsuu-hutul-2025-magnetic-hetsuuhutul2025magnetic1b2lw5eae02kkygzyte26j6lrfy2mblftsrvy0acqu210hzraw-002","properties":{"project":"Hetsuu hutul","projectKey":"hetsuu-hutul","area":"Хэцүү хөтөл","licence":"XV-022905","campaignId":"hetsuu-hutul-2025-magnetic","campaignLabel":"2025 Соронзон хэмжилтийн GPS зам","campaignYear":2025,"sensor":"Magnetic survey","sensorVerified":false,"gnssSource":"unverified","dataType":"survey_campaign_track","plannedActual":"actual","contextOnly":true,"trajectoryAvailable":true,"status":"confirmed_source","qaStatus":"clean","qaFlags":[],"acquisitionId":"hetsuu-hutul-2025-magnetic__1B2LW5EaE02KKygZytE26j6LrFy2mBlFt__SRVY0-ACQU2-10Hz_raw#2","segmentIndex":2,"segmentCount":4,"pointCount":1020,"simplifiedPointCount":10,"pointsOutsideLicence":0,"startTime":"2025-10-23T04:54:01","endTime":"2025-10-23T05:11:06","timeZone":"UTC (NMEA RMC)","samplingIntervalSeconds":1.0,"timestampProvenance":"embedded-nmea-rmc","latitudeColumn":"Latitude","longitudeColumn":"Longitude","sourceFile":"hetsuu-hutul-2025-magnetic__1B2LW5EaE02KKygZytE26j6LrFy2mBlFt__SRVY0-ACQU2-10Hz_raw.csv","sourceKind":"Survey GNSS coordinate table","sourceCrs":"EPSG:4326","displayCrs":"EPSG:4326","crsVerified":true,"coverageStatus":"not_calculated","coverageNote":"Зурвасын өргөн болон шугамын алхам баталгаажаагүй тул хамрах талбайг тооцоогүй.","sourceUrl":"https://drive.google.com/file/d/1B2LW5EaE02KKygZytE26j6LrFy2mBlFt/view","sourceAltitudeMinM":1979.6,"sourceAltitudeMaxM":2148.6,"sourceAltitudeMeanM":2062.1,"sourceAltitudeSampleCount":1020,"sourceAltitudeColumn":"Altitude","sourceAltitudeReference":"source-provided GNSS/absolute altitude"},"geometry":{"type":"LineString","coordinates":[[92.37058611,46.02532745],[92.37055668,46.0253142],[92.37054923,46.02540515],[92.3705484,46.02762928],[92.3706246,46.0275965],[92.37188034,46.02759996],[92.37183528,46.02759598],[92.37184486,46.02743653],[92.37183206,46.02748314],[92.37184822,46.01836488]]}},{"type":"Feature","id":"hetsuu-hutul-hetsuu-hutul-2025-magnetic-hetsuuhutul2025magnetic1b2lw5eae02kkygzyte26j6lrfy2mblftsrvy0acqu210hzraw-003","properties":{"project":"Hetsuu hutul","projectKey":"hetsuu-hutul","area":"Хэцүү хөтөл","licence":"XV-022905","campaignId":"hetsuu-hutul-2025-magnetic","campaignLabel":"2025 Соронзон хэмжилтийн GPS зам","campaignYear":2025,"sensor":"Magnetic survey","sensorVerified":false,"gnssSource":"unverified","dataType":"survey_campaign_track","plannedActual":"actual","contextOnly":true,"trajectoryAvailable":true,"status":"confirmed_source","qaStatus":"clean","qaFlags":[],"acquisitionId":"hetsuu-hutul-2025-magnetic__1B2LW5EaE02KKygZytE26j6LrFy2mBlFt__SRVY0-ACQU2-10Hz_raw#3","segmentIndex":3,"segmentCount":4,"pointCount":903,"simplifiedPointCount":12,"pointsOutsideLicence":0,"startTime":"2025-10-23T05:17:05","endTime":"2025-10-23T05:32:07","timeZone":"UTC (NMEA RMC)","samplingIntervalSeconds":1.0,"timestampProvenance":"embedded-nmea-rmc","latitudeColumn":"Latitude","longitudeColumn":"Longitude","sourceFile":"hetsuu-hutul-2025-magnetic__1B2LW5EaE02KKygZytE26j6LrFy2mBlFt__SRVY0-ACQU2-10Hz_raw.csv","sourceKind":"Survey GNSS coordinate table","sourceCrs":"EPSG:4326","displayCrs":"EPSG:4326","crsVerified":true,"coverageStatus":"not_calculated","coverageNote":"Зурвасын өргөн болон шугамын алхам баталгаажаагүй тул хамрах талбайг тооцоогүй.","sourceUrl":"https://drive.google.com/file/d/1B2LW5EaE02KKygZytE26j6LrFy2mBlFt/view","sourceAltitudeMinM":2014.1,"sourceAltitudeMaxM":2143.7,"sourceAltitudeMeanM":2070.9,"sourceAltitudeSampleCount":903,"sourceAltitudeColumn":"Altitude","sourceAltitudeReference":"source-provided GNSS/absolute altitude"},"geometry":{"type":"LineString","coordinates":[[92.37184798,46.01809964],[92.37184504,46.01410817],[92.37192325,46.01414083],[92.3731807,46.01414789],[92.37314109,46.01414762],[92.37312988,46.01425209],[92.37313664,46.02763917],[92.3731379,46.02761324],[92.3732745,46.02760066],[92.37445351,46.02760477],[92.37422335,46.02760257],[92.37426166,46.02759916]]}},{"type":"Feature","id":"hetsuu-hutul-hetsuu-hutul-2025-magnetic-hetsuuhutul2025magnetic1b2lw5eae02kkygzyte26j6lrfy2mblftsrvy0acqu210hzraw-004","properties":{"project":"Hetsuu hutul","projectKey":"hetsuu-hutul","area":"Хэцүү хөтөл","licence":"XV-022905","campaignId":"hetsuu-hutul-2025-magnetic","campaignLabel":"2025 Соронзон хэмжилтийн GPS зам","campaignYear":2025,"sensor":"Magnetic survey","sensorVerified":false,"gnssSource":"unverified","dataType":"survey_campaign_track","plannedActual":"actual","contextOnly":true,"trajectoryAvailable":true,"status":"confirmed_source","qaStatus":"clean","qaFlags":[],"acquisitionId":"hetsuu-hutul-2025-magnetic__1B2LW5EaE02KKygZytE26j6LrFy2mBlFt__SRVY0-ACQU2-10Hz_raw#4","segmentIndex":4,"segmentCount":4,"pointCount":912,"simplifiedPointCount":6,"pointsOutsideLicence":0,"startTime":"2025-10-23T05:40:51","endTime":"2025-10-23T05:56:12","timeZone":"UTC (NMEA RMC)","samplingIntervalSeconds":1.0,"timestampProvenance":"embedded-nmea-rmc","latitudeColumn":"Latitude","longitudeColumn":"Longitude","sourceFile":"hetsuu-hutul-2025-magnetic__1B2LW5EaE02KKygZytE26j6LrFy2mBlFt__SRVY0-ACQU2-10Hz_raw.csv","sourceKind":"Survey GNSS coordinate table","sourceCrs":"EPSG:4326","displayCrs":"EPSG:4326","crsVerified":true,"coverageStatus":"not_calculated","coverageNote":"Зурвасын өргөн болон шугамын алхам баталгаажаагүй тул хамрах талбайг тооцоогүй.","sourceUrl":"https://drive.google.com/file/d/1B2LW5EaE02KKygZytE26j6LrFy2mBlFt/view","sourceAltitudeMinM":2023.3,"sourceAltitudeMaxM":2133.8,"sourceAltitudeMeanM":2075.24,"sourceAltitudeSampleCount":912,"sourceAltitudeColumn":"Altitude","sourceAltitudeReference":"source-provided GNSS/absolute altitude"},"geometry":{"type":"LineString","coordinates":[[92.37424938,46.02759187],[92.37447202,46.02759811],[92.37441707,46.02759805],[92.37443576,46.02722601],[92.37443259,46.02764534],[92.37443433,46.01536177]]}},{"type":"Feature","id":"hetsuu-hutul-hetsuu-hutul-2025-magnetic-hetsuuhutul2025magnetic1bctt5verkhztbp0om6zwirououfaajdysrvy0acqu310hzraw-001","properties":{"project":"Hetsuu hutul","projectKey":"hetsuu-hutul","area":"Хэцүү хөтөл","licence":"XV-022905","campaignId":"hetsuu-hutul-2025-magnetic","campaignLabel":"2025 Соронзон хэмжилтийн GPS зам","campaignYear":2025,"sensor":"Magnetic survey","sensorVerified":false,"gnssSource":"unverified","dataType":"survey_campaign_track","plannedActual":"actual","contextOnly":true,"trajectoryAvailable":true,"status":"confirmed_source","qaStatus":"clean","qaFlags":[],"acquisitionId":"hetsuu-hutul-2025-magnetic__1BCtT5VerkhzTBP0OM6zwIrOuOUfaajDY__SRVY0-ACQU3-10Hz_raw#1","segmentIndex":1,"segmentCount":8,"pointCount":454,"simplifiedPointCount":11,"pointsOutsideLicence":0,"startTime":"2025-10-24T05:17:23","endTime":"2025-10-24T05:24:56","timeZone":"UTC (NMEA RMC)","samplingIntervalSeconds":1.0,"timestampProvenance":"embedded-nmea-rmc","latitudeColumn":"Latitude","longitudeColumn":"Longitude","sourceFile":"hetsuu-hutul-2025-magnetic__1BCtT5VerkhzTBP0OM6zwIrOuOUfaajDY__SRVY0-ACQU3-10Hz_raw.csv","sourceKind":"Survey GNSS coordinate table","sourceCrs":"EPSG:4326","displayCrs":"EPSG:4326","crsVerified":true,"coverageStatus":"not_calculated","coverageNote":"Зурвасын өргөн болон шугамын алхам баталгаажаагүй тул хамрах талбайг тооцоогүй.","sourceUrl":"https://drive.google.com/file/d/1BCtT5VerkhzTBP0OM6zwIrOuOUfaajDY/view","sourceAltitudeMinM":1972.3,"sourceAltitudeMaxM":2126.5,"sourceAltitudeMeanM":2083.0,"sourceAltitudeSampleCount":454,"sourceAltitudeColumn":"Altitude","sourceAltitudeReference":"source-provided GNSS/absolute altitude"},"geometry":{"type":"LineString","coordinates":[[92.41390024,46.01436536],[92.41395924,46.01439141],[92.41397971,46.01466115],[92.41397318,46.01463152],[92.41398242,46.02163709],[92.41397384,46.02160399],[92.41389091,46.02160086],[92.41264953,46.02159853],[92.41269906,46.02150065],[92.41269034,46.01633549],[92.41268975,46.01636474]]}},{"type":"Feature","id":"hetsuu-hutul-hetsuu-hutul-2025-magnetic-hetsuuhutul2025magnetic1bctt5verkhztbp0om6zwirououfaajdysrvy0acqu310hzraw-002","properties":{"project":"Hetsuu hutul","projectKey":"hetsuu-hutul","area":"Хэцүү хөтөл","licence":"XV-022905","campaignId":"hetsuu-hutul-2025-magnetic","campaignLabel":"2025 Соронзон хэмжилтийн GPS зам","campaignYear":2025,"sensor":"Magnetic survey","sensorVerified":false,"gnssSource":"unverified","dataType":"survey_campaign_track","plannedActual":"actual","contextOnly":true,"trajectoryAvailable":true,"status":"confirmed_source","qaStatus":"clean","qaFlags":[],"acquisitionId":"hetsuu-hutul-2025-magnetic__1BCtT5VerkhzTBP0OM6zwIrOuOUfaajDY__SRVY0-ACQU3-10Hz_raw#2","segmentIndex":2,"segmentCount":8,"pointCount":426,"simplifiedPointCount":9,"pointsOutsideLicence":0,"startTime":"2025-10-24T05:45:10","endTime":"2025-10-24T05:52:15","timeZone":"UTC (NMEA RMC)","samplingIntervalSeconds":1.0,"timestampProvenance":"embedded-nmea-rmc","latitudeColumn":"Latitude","longitudeColumn":"Longitude","sourceFile":"hetsuu-hutul-2025-magnetic__1BCtT5VerkhzTBP0OM6zwIrOuOUfaajDY__SRVY0-ACQU3-10Hz_raw.csv","sourceKind":"Survey GNSS coordinate table","sourceCrs":"EPSG:4326","displayCrs":"EPSG:4326","crsVerified":true,"coverageStatus":"not_calculated","coverageNote":"Зурвасын өргөн болон шугамын алхам баталгаажаагүй тул хамрах талбайг тооцоогүй.","sourceUrl":"https://drive.google.com/file/d/1BCtT5VerkhzTBP0OM6zwIrOuOUfaajDY/view","sourceAltitudeMinM":1947.7,"sourceAltitudeMaxM":2122.5,"sourceAltitudeMeanM":2051.19,"sourceAltitudeSampleCount":426,"sourceAltitudeColumn":"Altitude","sourceAltitudeReference":"source-provided GNSS/absolute altitude"},"geometry":{"type":"LineString","coordinates":[[92.41260787,46.01854114],[92.41267764,46.01849466],[92.41268308,46.01839334],[92.41269203,46.01433032],[92.41267444,46.01436116],[92.41135463,46.01435848],[92.41140013,46.01440615],[92.41140032,46.01569427],[92.41139252,46.01566192]]}},{"type":"Feature","id":"hetsuu-hutul-hetsuu-hutul-2025-magnetic-hetsuuhutul2025magnetic1bctt5verkhztbp0om6zwirououfaajdysrvy0acqu310hzraw-003","properties":{"project":"Hetsuu hutul","projectKey":"hetsuu-hutul","area":"Хэцүү хөтөл","licence":"XV-022905","campaignId":"hetsuu-hutul-2025-magnetic","campaignLabel":"2025 Соронзон хэмжилтийн GPS зам","campaignYear":2025,"sensor":"Magnetic survey","sensorVerified":false,"gnssSource":"unverified","dataType":"survey_campaign_track","plannedActual":"actual","contextOnly":true,"trajectoryAvailable":true,"status":"confirmed_source","qaStatus":"clean","qaFlags":[],"acquisitionId":"hetsuu-hutul-2025-magnetic__1BCtT5VerkhzTBP0OM6zwIrOuOUfaajDY__SRVY0-ACQU3-10Hz_raw#3","segmentIndex":3,"segmentCount":8,"pointCount":512,"simplifiedPointCount":8,"pointsOutsideLicence":0,"startTime":"2025-10-24T06:05:34","endTime":"2025-10-24T06:14:05","timeZone":"UTC (NMEA RMC)","samplingIntervalSeconds":1.0,"timestampProvenance":"embedded-nmea-rmc","latitudeColumn":"Latitude","longitudeColumn":"Longitude","sourceFile":"hetsuu-hutul-2025-magnetic__1BCtT5VerkhzTBP0OM6zwIrOuOUfaajDY__SRVY0-ACQU3-10Hz_raw.csv","sourceKind":"Survey GNSS coordinate table","sourceCrs":"EPSG:4326","displayCrs":"EPSG:4326","crsVerified":true,"coverageStatus":"not_calculated","coverageNote":"Зурвасын өргөн болон шугамын алхам баталгаажаагүй тул хамрах талбайг тооцоогүй.","sourceUrl":"https://drive.google.com/file/d/1BCtT5VerkhzTBP0OM6zwIrOuOUfaajDY/view","sourceAltitudeMinM":2001.0,"sourceAltitudeMaxM":2144.4,"sourceAltitudeMeanM":2102.09,"sourceAltitudeSampleCount":512,"sourceAltitudeColumn":"Altitude","sourceAltitudeReference":"source-provided GNSS/absolute altitude"},"geometry":{"type":"LineString","coordinates":[[92.41140079,46.01583047],[92.41139861,46.02162346],[92.41139642,46.02158671],[92.41126674,46.02158252],[92.41006128,46.02159072],[92.41010843,46.02158713],[92.41011221,46.02152597],[92.41014744,46.01758649]]}},{"type":"Feature","id":"hetsuu-hutul-hetsuu-hutul-2025-magnetic-hetsuuhutul2025magnetic1bctt5verkhztbp0om6zwirououfaajdysrvy0acqu310hzraw-004","properties":{"project":"Hetsuu hutul","projectKey":"hetsuu-hutul","area":"Хэцүү хөтөл","licence":"XV-022905","campaignId":"hetsuu-hutul-2025-magnetic","campaignLabel":"2025 Соронзон хэмжилтийн GPS зам","campaignYear":2025,"sensor":"Magnetic survey","sensorVerified":false,"gnssSource":"unverified","dataType":"survey_campaign_track","plannedActual":"actual","contextOnly":true,"trajectoryAvailable":true,"status":"confirmed_source","qaStatus":"clean","qaFlags":[],"acquisitionId":"hetsuu-hutul-2025-magnetic__1BCtT5VerkhzTBP0OM6zwIrOuOUfaajDY__SRVY0-ACQU3-10Hz_raw#4","segmentIndex":4,"segmentCount":8,"pointCount":423,"simplifiedPointCount":7,"pointsOutsideLicence":0,"startTime":"2025-10-24T06:28:33","endTime":"2025-10-24T06:35:35","timeZone":"UTC (NMEA RMC)","samplingIntervalSeconds":1.0,"timestampProvenance":"embedded-nmea-rmc","latitudeColumn":"Latitude","longitudeColumn":"Longitude","sourceFile":"hetsuu-hutul-2025-magnetic__1BCtT5VerkhzTBP0OM6zwIrOuOUfaajDY__SRVY0-ACQU3-10Hz_raw.csv","sourceKind":"Survey GNSS coordinate table","sourceCrs":"EPSG:4326","displayCrs":"EPSG:4326","crsVerified":true,"coverageStatus":"not_calculated","coverageNote":"Зурвасын өргөн болон шугамын алхам баталгаажаагүй тул хамрах талбайг тооцоогүй.","sourceUrl":"https://drive.google.com/file/d/1BCtT5VerkhzTBP0OM6zwIrOuOUfaajDY/view","sourceAltitudeMinM":1943.4,"sourceAltitudeMaxM":2169.4,"sourceAltitudeMeanM":2014.48,"sourceAltitudeSampleCount":423,"sourceAltitudeColumn":"Altitude","sourceAltitudeReference":"source-provided GNSS/absolute altitude"},"geometry":{"type":"LineString","coordinates":[[92.41004469,46.01760976],[92.41010384,46.01754705],[92.41010964,46.01431922],[92.41010734,46.01436383],[92.40877413,46.01435643],[92.40882318,46.01443547],[92.4088161,46.02061671]]}},{"type":"Feature","id":"hetsuu-hutul-hetsuu-hutul-2025-magnetic-hetsuuhutul2025magnetic1bctt5verkhztbp0om6zwirououfaajdysrvy0acqu310hzraw-005","properties":{"project":"Hetsuu hutul","projectKey":"hetsuu-hutul","area":"Хэцүү хөтөл","licence":"XV-022905","campaignId":"hetsuu-hutul-2025-magnetic","campaignLabel":"2025 Соронзон хэмжилтийн GPS зам","campaignYear":2025,"sensor":"Magnetic survey","sensorVerified":false,"gnssSource":"unverified","dataType":"survey_campaign_track","plannedActual":"actual","contextOnly":true,"trajectoryAvailable":true,"status":"confirmed_source","qaStatus":"clean","qaFlags":[],"acquisitionId":"hetsuu-hutul-2025-magnetic__1BCtT5VerkhzTBP0OM6zwIrOuOUfaajDY__SRVY0-ACQU3-10Hz_raw#5","segmentIndex":5,"segmentCount":8,"pointCount":522,"simplifiedPointCount":5,"pointsOutsideLicence":0,"startTime":"2025-10-24T06:52:35","endTime":"2025-10-24T07:01:16","timeZone":"UTC (NMEA RMC)","samplingIntervalSeconds":1.0,"timestampProvenance":"embedded-nmea-rmc","latitudeColumn":"Latitude","longitudeColumn":"Longitude","sourceFile":"hetsuu-hutul-2025-magnetic__1BCtT5VerkhzTBP0OM6zwIrOuOUfaajDY__SRVY0-ACQU3-10Hz_raw.csv","sourceKind":"Survey GNSS coordinate table","sourceCrs":"EPSG:4326","displayCrs":"EPSG:4326","crsVerified":true,"coverageStatus":"not_calculated","coverageNote":"Зурвасын өргөн болон шугамын алхам баталгаажаагүй тул хамрах талбайг тооцоогүй.","sourceUrl":"https://drive.google.com/file/d/1BCtT5VerkhzTBP0OM6zwIrOuOUfaajDY/view","sourceAltitudeMinM":2031.6,"sourceAltitudeMaxM":2200.7,"sourceAltitudeMeanM":2131.43,"sourceAltitudeSampleCount":522,"sourceAltitudeColumn":"Altitude","sourceAltitudeReference":"source-provided GNSS/absolute altitude"},"geometry":{"type":"LineString","coordinates":[[92.40875471,46.02068767],[92.40881098,46.02161863],[92.40747994,46.02159231],[92.40752377,46.02132357],[92.40752018,46.01674878]]}},{"type":"Feature","id":"hetsuu-hutul-hetsuu-hutul-2025-magnetic-hetsuuhutul2025magnetic1bctt5verkhztbp0om6zwirououfaajdysrvy0acqu310hzraw-006","properties":{"project":"Hetsuu hutul","projectKey":"hetsuu-hutul","area":"Хэцүү хөтөл","licence":"XV-022905","campaignId":"hetsuu-hutul-2025-magnetic","campaignLabel":"2025 Соронзон хэмжилтийн GPS зам","campaignYear":2025,"sensor":"Magnetic survey","sensorVerified":false,"gnssSource":"unverified","dataType":"survey_campaign_track","plannedActual":"actual","contextOnly":true,"trajectoryAvailable":true,"status":"confirmed_source","qaStatus":"clean","qaFlags":[],"acquisitionId":"hetsuu-hutul-2025-magnetic__1BCtT5VerkhzTBP0OM6zwIrOuOUfaajDY__SRVY0-ACQU3-10Hz_raw#6","segmentIndex":6,"segmentCount":8,"pointCount":570,"simplifiedPointCount":14,"pointsOutsideLicence":0,"startTime":"2025-10-24T07:30:50","endTime":"2025-10-24T07:40:19","timeZone":"UTC (NMEA RMC)","samplingIntervalSeconds":1.0,"timestampProvenance":"embedded-nmea-rmc","latitudeColumn":"Latitude","longitudeColumn":"Longitude","sourceFile":"hetsuu-hutul-2025-magnetic__1BCtT5VerkhzTBP0OM6zwIrOuOUfaajDY__SRVY0-ACQU3-10Hz_raw.csv","sourceKind":"Survey GNSS coordinate table","sourceCrs":"EPSG:4326","displayCrs":"EPSG:4326","crsVerified":true,"coverageStatus":"not_calculated","coverageNote":"Зурвасын өргөн болон шугамын алхам баталгаажаагүй тул хамрах талбайг тооцоогүй.","sourceUrl":"https://drive.google.com/file/d/1BCtT5VerkhzTBP0OM6zwIrOuOUfaajDY/view","sourceAltitudeMinM":2004.5,"sourceAltitudeMaxM":2233.5,"sourceAltitudeMeanM":2119.69,"sourceAltitudeSampleCount":570,"sourceAltitudeColumn":"Altitude","sourceAltitudeReference":"source-provided GNSS/absolute altitude"},"geometry":{"type":"LineString","coordinates":[[92.4074312,46.01674815],[92.40751036,46.01669168],[92.40751853,46.01433289],[92.40752083,46.01436165],[92.40618002,46.01435667],[92.40622544,46.01435496],[92.40623846,46.01444171],[92.40622953,46.0216154],[92.40622243,46.02158596],[92.40612621,46.02158124],[92.40489177,46.02158622],[92.40492823,46.02158508],[92.40494533,46.02150594],[92.40493581,46.0175894]]}},{"type":"Feature","id":"hetsuu-hutul-hetsuu-hutul-2025-magnetic-hetsuuhutul2025magnetic1bctt5verkhztbp0om6zwirououfaajdysrvy0acqu310hzraw-007","properties":{"project":"Hetsuu hutul","projectKey":"hetsuu-hutul","area":"Хэцүү хөтөл","licence":"XV-022905","campaignId":"hetsuu-hutul-2025-magnetic","campaignLabel":"2025 Соронзон хэмжилтийн GPS зам","campaignYear":2025,"sensor":"Magnetic survey","sensorVerified":false,"gnssSource":"unverified","dataType":"survey_campaign_track","plannedActual":"actual","contextOnly":true,"trajectoryAvailable":true,"status":"confirmed_source","qaStatus":"clean","qaFlags":[],"acquisitionId":"hetsuu-hutul-2025-magnetic__1BCtT5VerkhzTBP0OM6zwIrOuOUfaajDY__SRVY0-ACQU3-10Hz_raw#7","segmentIndex":7,"segmentCount":8,"pointCount":481,"simplifiedPointCount":10,"pointsOutsideLicence":0,"startTime":"2025-10-24T08:02:10","endTime":"2025-10-24T08:10:10","timeZone":"UTC (NMEA RMC)","samplingIntervalSeconds":1.0,"timestampProvenance":"embedded-nmea-rmc","latitudeColumn":"Latitude","longitudeColumn":"Longitude","sourceFile":"hetsuu-hutul-2025-magnetic__1BCtT5VerkhzTBP0OM6zwIrOuOUfaajDY__SRVY0-ACQU3-10Hz_raw.csv","sourceKind":"Survey GNSS coordinate table","sourceCrs":"EPSG:4326","displayCrs":"EPSG:4326","crsVerified":true,"coverageStatus":"not_calculated","coverageNote":"Зурвасын өргөн болон шугамын алхам баталгаажаагүй тул хамрах талбайг тооцоогүй.","sourceUrl":"https://drive.google.com/file/d/1BCtT5VerkhzTBP0OM6zwIrOuOUfaajDY/view","sourceAltitudeMinM":2029.8,"sourceAltitudeMaxM":2193.5,"sourceAltitudeMeanM":2111.21,"sourceAltitudeSampleCount":481,"sourceAltitudeColumn":"Altitude","sourceAltitudeReference":"source-provided GNSS/absolute altitude"},"geometry":{"type":"LineString","coordinates":[[92.40485344,46.01874858],[92.40482018,46.01875076],[92.4049082,46.0186999],[92.40491142,46.01863796],[92.40491809,46.01431001],[92.40491729,46.01433688],[92.4048206,46.01434472],[92.40358253,46.01433828],[92.40363469,46.0144204],[92.4036255,46.01644819]]}},{"type":"Feature","id":"hetsuu-hutul-hetsuu-hutul-2025-magnetic-hetsuuhutul2025magnetic1bctt5verkhztbp0om6zwirououfaajdysrvy0acqu310hzraw-008","properties":{"project":"Hetsuu hutul","projectKey":"hetsuu-hutul","area":"Хэцүү хөтөл","licence":"XV-022905","campaignId":"hetsuu-hutul-2025-magnetic","campaignLabel":"2025 Соронзон хэмжилтийн GPS зам","campaignYear":2025,"sensor":"Magnetic survey","sensorVerified":false,"gnssSource":"unverified","dataType":"survey_campaign_track","plannedActual":"actual","contextOnly":true,"trajectoryAvailable":true,"status":"confirmed_source","qaStatus":"clean","qaFlags":[],"acquisitionId":"hetsuu-hutul-2025-magnetic__1BCtT5VerkhzTBP0OM6zwIrOuOUfaajDY__SRVY0-ACQU3-10Hz_raw#8","segmentIndex":8,"segmentCount":8,"pointCount":238,"simplifiedPointCount":6,"pointsOutsideLicence":0,"startTime":"2025-10-24T08:27:33","endTime":"2025-10-24T08:31:30","timeZone":"UTC (NMEA RMC)","samplingIntervalSeconds":1.0,"timestampProvenance":"embedded-nmea-rmc","latitudeColumn":"Latitude","longitudeColumn":"Longitude","sourceFile":"hetsuu-hutul-2025-magnetic__1BCtT5VerkhzTBP0OM6zwIrOuOUfaajDY__SRVY0-ACQU3-10Hz_raw.csv","sourceKind":"Survey GNSS coordinate table","sourceCrs":"EPSG:4326","displayCrs":"EPSG:4326","crsVerified":true,"coverageStatus":"not_calculated","coverageNote":"Зурвасын өргөн болон шугамын алхам баталгаажаагүй тул хамрах талбайг тооцоогүй.","sourceUrl":"https://drive.google.com/file/d/1BCtT5VerkhzTBP0OM6zwIrOuOUfaajDY/view","sourceAltitudeMinM":2134.5,"sourceAltitudeMaxM":2212.9,"sourceAltitudeMeanM":2184.56,"sourceAltitudeSampleCount":238,"sourceAltitudeColumn":"Altitude","sourceAltitudeReference":"source-provided GNSS/absolute altitude"},"geometry":{"type":"LineString","coordinates":[[92.40362044,46.0170983],[92.40362154,46.02161024],[92.40353934,46.02157822],[92.40229127,46.02157861],[92.40232806,46.02157127],[92.40233197,46.02142004]]}},{"type":"Feature","id":"hetsuu-hutul-hetsuu-hutul-2025-magnetic-hetsuuhutul2025magnetic1bkoib3bsc1pzd3oyuijqcgoypllrbaehsrvy0acqu210hz-001","properties":{"project":"Hetsuu hutul","projectKey":"hetsuu-hutul","area":"Хэцүү хөтөл","licence":"XV-022905","campaignId":"hetsuu-hutul-2025-magnetic","campaignLabel":"2025 Соронзон хэмжилтийн GPS зам","campaignYear":2025,"sensor":"Magnetic survey","sensorVerified":false,"gnssSource":"unverified","dataType":"survey_campaign_track","plannedActual":"actual","contextOnly":true,"trajectoryAvailable":true,"status":"confirmed_source","qaStatus":"clean","qaFlags":[],"acquisitionId":"hetsuu-hutul-2025-magnetic__1BKoib3BsC1Pzd3oyuIjQCGOYpLlRBaEH__SRVY0-ACQU2-10Hz#1","segmentIndex":1,"segmentCount":2,"pointCount":1293,"simplifiedPointCount":9,"pointsOutsideLicence":0,"startTime":"2025-10-08T03:52:12","endTime":"2025-10-08T04:14:04","timeZone":"UTC (NMEA RMC)","samplingIntervalSeconds":1.0,"timestampProvenance":"embedded-nmea-rmc","latitudeColumn":"Latitude","longitudeColumn":"Longitude","sourceFile":"hetsuu-hutul-2025-magnetic__1BKoib3BsC1Pzd3oyuIjQCGOYpLlRBaEH__SRVY0-ACQU2-10Hz.csv","sourceKind":"Survey GNSS coordinate table","sourceCrs":"EPSG:4326","displayCrs":"EPSG:4326","crsVerified":true,"coverageStatus":"not_calculated","coverageNote":"Зурвасын өргөн болон шугамын алхам баталгаажаагүй тул хамрах талбайг тооцоогүй.","sourceUrl":"https://drive.google.com/file/d/1BKoib3BsC1Pzd3oyuIjQCGOYpLlRBaEH/view","sourceAltitudeMinM":1726.5,"sourceAltitudeMaxM":2027.2,"sourceAltitudeMeanM":1909.06,"sourceAltitudeSampleCount":1293,"sourceAltitudeColumn":"Altitude","sourceAltitudeReference":"source-provided GNSS/absolute altitude"},"geometry":{"type":"LineString","coordinates":[[92.37262188,46.00945502],[92.36932801,46.00809228],[92.36937801,46.00814441],[92.36937514,46.01508071],[92.36946012,46.01504876],[92.37071251,46.01505488],[92.3706639,46.01498608],[92.3706831,46.00008244],[92.37264834,46.00945115]]}},{"type":"Feature","id":"hetsuu-hutul-hetsuu-hutul-2025-magnetic-hetsuuhutul2025magnetic1bkoib3bsc1pzd3oyuijqcgoypllrbaehsrvy0acqu210hz-002","properties":{"project":"Hetsuu hutul","projectKey":"hetsuu-hutul","area":"Хэцүү хөтөл","licence":"XV-022905","campaignId":"hetsuu-hutul-2025-magnetic","campaignLabel":"2025 Соронзон хэмжилтийн GPS зам","campaignYear":2025,"sensor":"Magnetic survey","sensorVerified":false,"gnssSource":"unverified","dataType":"survey_campaign_track","plannedActual":"actual","contextOnly":true,"trajectoryAvailable":true,"status":"confirmed_source","qaStatus":"clean","qaFlags":[],"acquisitionId":"hetsuu-hutul-2025-magnetic__1BKoib3BsC1Pzd3oyuIjQCGOYpLlRBaEH__SRVY0-ACQU2-10Hz#2","segmentIndex":2,"segmentCount":2,"pointCount":1239,"simplifiedPointCount":13,"pointsOutsideLicence":0,"startTime":"2025-10-08T04:15:41","endTime":"2025-10-08T04:36:40","timeZone":"UTC (NMEA RMC)","samplingIntervalSeconds":1.0,"timestampProvenance":"embedded-nmea-rmc","latitudeColumn":"Latitude","longitudeColumn":"Longitude","sourceFile":"hetsuu-hutul-2025-magnetic__1BKoib3BsC1Pzd3oyuIjQCGOYpLlRBaEH__SRVY0-ACQU2-10Hz.csv","sourceKind":"Survey GNSS coordinate table","sourceCrs":"EPSG:4326","displayCrs":"EPSG:4326","crsVerified":true,"coverageStatus":"not_calculated","coverageNote":"Зурвасын өргөн болон шугамын алхам баталгаажаагүй тул хамрах талбайг тооцоогүй.","sourceUrl":"https://drive.google.com/file/d/1BKoib3BsC1Pzd3oyuIjQCGOYpLlRBaEH/view","sourceAltitudeMinM":1743.3,"sourceAltitudeMaxM":2065.7,"sourceAltitudeMeanM":1919.25,"sourceAltitudeSampleCount":1239,"sourceAltitudeColumn":"Altitude","sourceAltitudeReference":"source-provided GNSS/absolute altitude"},"geometry":{"type":"LineString","coordinates":[[92.37264188,46.00948186],[92.37068079,46.00041905],[92.37067939,46.00046764],[92.37068907,46.00007158],[92.37197689,46.00001502],[92.37191571,46.00001582],[92.3719126,46.00010045],[92.37192097,46.01509415],[92.37198058,46.01506072],[92.37325448,46.01506533],[92.37320749,46.01497848],[92.37321723,46.01280259],[92.37264054,46.00944787]]}},{"type":"Feature","id":"hetsuu-hutul-hetsuu-hutul-2025-magnetic-hetsuuhutul2025magnetic1bwtggsacjcw55oa103ygdixnzmegmmsrvy0acqu510hz-001","properties":{"project":"Hetsuu hutul","projectKey":"hetsuu-hutul","area":"Хэцүү хөтөл","licence":"XV-022905","campaignId":"hetsuu-hutul-2025-magnetic","campaignLabel":"2025 Соронзон хэмжилтийн GPS зам","campaignYear":2025,"sensor":"Magnetic survey","sensorVerified":false,"gnssSource":"unverified","dataType":"survey_campaign_track","plannedActual":"actual","contextOnly":true,"trajectoryAvailable":true,"status":"confirmed_source","qaStatus":"clean","qaFlags":[],"acquisitionId":"hetsuu-hutul-2025-magnetic__1BWtGGsacjCW5_5Oa103Yg-DIxNzmEGmm__SRVY0-ACQU5-10Hz#1","segmentIndex":1,"segmentCount":2,"pointCount":1208,"simplifiedPointCount":11,"pointsOutsideLicence":0,"startTime":"2025-10-05T02:43:54","endTime":"2025-10-05T03:04:20","timeZone":"UTC (NMEA RMC)","samplingIntervalSeconds":1.0,"timestampProvenance":"embedded-nmea-rmc","latitudeColumn":"Latitude","longitudeColumn":"Longitude","sourceFile":"hetsuu-hutul-2025-magnetic__1BWtGGsacjCW5_5Oa103Yg-DIxNzmEGmm__SRVY0-ACQU5-10Hz.csv","sourceKind":"Survey GNSS coordinate table","sourceCrs":"EPSG:4326","displayCrs":"EPSG:4326","crsVerified":true,"coverageStatus":"not_calculated","coverageNote":"Зурвасын өргөн болон шугамын алхам баталгаажаагүй тул хамрах талбайг тооцоогүй.","sourceUrl":"https://drive.google.com/file/d/1BWtGGsacjCW5_5Oa103Yg-DIxNzmEGmm/view","sourceAltitudeMinM":1760.7,"sourceAltitudeMaxM":1987.7,"sourceAltitudeMeanM":1898.07,"sourceAltitudeSampleCount":1208,"sourceAltitudeColumn":"Altitude","sourceAltitudeReference":"source-provided GNSS/absolute altitude"},"geometry":{"type":"LineString","coordinates":[[92.36038555,46.01349486],[92.34861941,46.01126514],[92.34867463,46.01127803],[92.34868508,46.01152136],[92.34866887,46.01506211],[92.34866788,46.01503275],[92.34880339,46.01502137],[92.35000695,46.01501883],[92.34994949,46.0149794],[92.34997003,46.00075594],[92.36037574,46.01349153]]}},{"type":"Feature","id":"hetsuu-hutul-hetsuu-hutul-2025-magnetic-hetsuuhutul2025magnetic1bwtggsacjcw55oa103ygdixnzmegmmsrvy0acqu510hz-002","properties":{"project":"Hetsuu hutul","projectKey":"hetsuu-hutul","area":"Хэцүү хөтөл","licence":"XV-022905","campaignId":"hetsuu-hutul-2025-magnetic","campaignLabel":"2025 Соронзон хэмжилтийн GPS зам","campaignYear":2025,"sensor":"Magnetic survey","sensorVerified":false,"gnssSource":"unverified","dataType":"survey_campaign_track","plannedActual":"actual","contextOnly":true,"trajectoryAvailable":true,"status":"confirmed_source","qaStatus":"clean","qaFlags":[],"acquisitionId":"hetsuu-hutul-2025-magnetic__1BWtGGsacjCW5_5Oa103Yg-DIxNzmEGmm__SRVY0-ACQU5-10Hz#2","segmentIndex":2,"segmentCount":2,"pointCount":1190,"simplifiedPointCount":20,"pointsOutsideLicence":0,"startTime":"2025-10-05T03:06:19","endTime":"2025-10-05T03:26:39","timeZone":"UTC (NMEA RMC)","samplingIntervalSeconds":1.0,"timestampProvenance":"embedded-nmea-rmc","latitudeColumn":"Latitude","longitudeColumn":"Longitude","sourceFile":"hetsuu-hutul-2025-magnetic__1BWtGGsacjCW5_5Oa103Yg-DIxNzmEGmm__SRVY0-ACQU5-10Hz.csv","sourceKind":"Survey GNSS coordinate table","sourceCrs":"EPSG:4326","displayCrs":"EPSG:4326","crsVerified":true,"coverageStatus":"not_calculated","coverageNote":"Зурвасын өргөн болон шугамын алхам баталгаажаагүй тул хамрах талбайг тооцоогүй.","sourceUrl":"https://drive.google.com/file/d/1BWtGGsacjCW5_5Oa103Yg-DIxNzmEGmm/view","sourceAltitudeMinM":1739.2,"sourceAltitudeMaxM":1982.1,"sourceAltitudeMeanM":1882.27,"sourceAltitudeSampleCount":1190,"sourceAltitudeColumn":"Altitude","sourceAltitudeReference":"source-provided GNSS/absolute altitude"},"geometry":{"type":"LineString","coordinates":[[92.36038038,46.01349369],[92.35211574,46.00342423],[92.35113452,46.00215807],[92.34998777,46.00081715],[92.3499485,46.0007491],[92.34997282,46.00004217],[92.35007375,46.0000688],[92.35130757,46.00007331],[92.35127267,46.00006874],[92.35126068,46.00015378],[92.35125258,46.00240394],[92.35125088,46.00237289],[92.35126179,46.01505129],[92.35139602,46.01501665],[92.35258747,46.0150231],[92.35254547,46.01495601],[92.35254988,46.01463733],[92.3525587,46.01467173],[92.36038694,46.01346333],[92.36035726,46.01348307]]}},{"type":"Feature","id":"hetsuu-hutul-hetsuu-hutul-2025-magnetic-hetsuuhutul2025magnetic1caotopfqrwqokxl9yb6f8lrkkjyw7krsrvy0acqu180m10hz-001","properties":{"project":"Hetsuu hutul","projectKey":"hetsuu-hutul","area":"Хэцүү хөтөл","licence":"XV-022905","campaignId":"hetsuu-hutul-2025-magnetic","campaignLabel":"2025 Соронзон хэмжилтийн GPS зам","campaignYear":2025,"sensor":"Magnetic survey","sensorVerified":false,"gnssSource":"unverified","dataType":"survey_campaign_track","plannedActual":"actual","contextOnly":true,"trajectoryAvailable":true,"status":"confirmed_source","qaStatus":"clean","qaFlags":[],"acquisitionId":"hetsuu-hutul-2025-magnetic__1caotOpfQRw_QOKXl9Yb6f8lRKkJyW7KR__SRVY0-ACQU1_80m-10Hz#1","segmentIndex":1,"segmentCount":2,"pointCount":930,"simplifiedPointCount":18,"pointsOutsideLicence":0,"startTime":"2025-11-02T04:59:01","endTime":"2025-11-02T05:14:30","timeZone":"UTC (NMEA RMC)","samplingIntervalSeconds":1.0,"timestampProvenance":"embedded-nmea-rmc","latitudeColumn":"Latitude","longitudeColumn":"Longitude","sourceFile":"hetsuu-hutul-2025-magnetic__1caotOpfQRw_QOKXl9Yb6f8lRKkJyW7KR__SRVY0-ACQU1_80m-10Hz.csv","sourceKind":"Survey GNSS coordinate table","sourceCrs":"EPSG:4326","displayCrs":"EPSG:4326","crsVerified":true,"coverageStatus":"not_calculated","coverageNote":"Зурвасын өргөн болон шугамын алхам баталгаажаагүй тул хамрах талбайг тооцоогүй.","sourceUrl":"https://drive.google.com/file/d/1caotOpfQRw_QOKXl9Yb6f8lRKkJyW7KR/view","sourceAltitudeMinM":1892.0,"sourceAltitudeMaxM":2028.3,"sourceAltitudeMeanM":1937.18,"sourceAltitudeSampleCount":930,"sourceAltitudeColumn":"Altitude","sourceAltitudeReference":"source-provided GNSS/absolute altitude"},"geometry":{"type":"LineString","coordinates":[[92.43365726,46.08413546],[92.43373446,46.08397302],[92.43372097,46.08914665],[92.4337153,46.08909978],[92.43504316,46.08911827],[92.43501022,46.08907385],[92.43501831,46.08394899],[92.43502158,46.08399255],[92.43635711,46.08398239],[92.4363129,46.08399029],[92.43630818,46.08428573],[92.43631498,46.08425984],[92.43631104,46.08915435],[92.43631659,46.0891148],[92.43765536,46.08912062],[92.43760746,46.08912397],[92.43761505,46.08393776],[92.43762276,46.08397413]]}},{"type":"Feature","id":"hetsuu-hutul-hetsuu-hutul-2025-magnetic-hetsuuhutul2025magnetic1caotopfqrwqokxl9yb6f8lrkkjyw7krsrvy0acqu180m10hz-002","properties":{"project":"Hetsuu hutul","projectKey":"hetsuu-hutul","area":"Хэцүү хөтөл","licence":"XV-022905","campaignId":"hetsuu-hutul-2025-magnetic","campaignLabel":"2025 Соронзон хэмжилтийн GPS зам","campaignYear":2025,"sensor":"Magnetic survey","sensorVerified":false,"gnssSource":"unverified","dataType":"survey_campaign_track","plannedActual":"actual","contextOnly":true,"trajectoryAvailable":true,"status":"confirmed_source","qaStatus":"clean","qaFlags":[],"acquisitionId":"hetsuu-hutul-2025-magnetic__1caotOpfQRw_QOKXl9Yb6f8lRKkJyW7KR__SRVY0-ACQU1_80m-10Hz#2","segmentIndex":2,"segmentCount":2,"pointCount":409,"simplifiedPointCount":7,"pointsOutsideLicence":0,"startTime":"2025-11-02T05:24:30","endTime":"2025-11-02T05:31:18","timeZone":"UTC (NMEA RMC)","samplingIntervalSeconds":1.0,"timestampProvenance":"embedded-nmea-rmc","latitudeColumn":"Latitude","longitudeColumn":"Longitude","sourceFile":"hetsuu-hutul-2025-magnetic__1caotOpfQRw_QOKXl9Yb6f8lRKkJyW7KR__SRVY0-ACQU1_80m-10Hz.csv","sourceKind":"Survey GNSS coordinate table","sourceCrs":"EPSG:4326","displayCrs":"EPSG:4326","crsVerified":true,"coverageStatus":"not_calculated","coverageNote":"Зурвасын өргөн болон шугамын алхам баталгаажаагүй тул хамрах талбайг тооцоогүй.","sourceUrl":"https://drive.google.com/file/d/1caotOpfQRw_QOKXl9Yb6f8lRKkJyW7KR/view","sourceAltitudeMinM":1914.2,"sourceAltitudeMaxM":2052.9,"sourceAltitudeMeanM":1978.0,"sourceAltitudeSampleCount":409,"sourceAltitudeColumn":"Altitude","sourceAltitudeReference":"source-provided GNSS/absolute altitude"},"geometry":{"type":"LineString","coordinates":[[92.437628,46.08393906],[92.43762486,46.08401832],[92.43769546,46.08397333],[92.43894341,46.08396337],[92.43889928,46.08404088],[92.43889993,46.08915104],[92.43893448,46.08912459]]}},{"type":"Feature","id":"hetsuu-hutul-hetsuu-hutul-2025-magnetic-hetsuuhutul2025magnetic1cettzeianjg0pwni2ee1lsy0qdz84x1srvy0acqu410hz-001","properties":{"project":"Hetsuu hutul","projectKey":"hetsuu-hutul","area":"Хэцүү хөтөл","licence":"XV-022905","campaignId":"hetsuu-hutul-2025-magnetic","campaignLabel":"2025 Соронзон хэмжилтийн GPS зам","campaignYear":2025,"sensor":"Magnetic survey","sensorVerified":false,"gnssSource":"unverified","dataType":"survey_campaign_track","plannedActual":"actual","contextOnly":true,"trajectoryAvailable":true,"status":"confirmed_source","qaStatus":"clean","qaFlags":[],"acquisitionId":"hetsuu-hutul-2025-magnetic__1ceTtzeiAnjg0PW_ni2eE1lSy0QdZ84X1__SRVY0-ACQU4-10Hz#1","segmentIndex":1,"segmentCount":1,"pointCount":1189,"simplifiedPointCount":10,"pointsOutsideLicence":0,"startTime":"2025-10-17T05:52:17","endTime":"2025-10-17T06:12:09","timeZone":"UTC (NMEA RMC)","samplingIntervalSeconds":1.0,"timestampProvenance":"embedded-nmea-rmc","latitudeColumn":"Latitude","longitudeColumn":"Longitude","sourceFile":"hetsuu-hutul-2025-magnetic__1ceTtzeiAnjg0PW_ni2eE1lSy0QdZ84X1__SRVY0-ACQU4-10Hz.csv","sourceKind":"Survey GNSS coordinate table","sourceCrs":"EPSG:4326","displayCrs":"EPSG:4326","crsVerified":true,"coverageStatus":"not_calculated","coverageNote":"Зурвасын өргөн болон шугамын алхам баталгаажаагүй тул хамрах талбайг тооцоогүй.","sourceUrl":"https://drive.google.com/file/d/1ceTtzeiAnjg0PW_ni2eE1lSy0QdZ84X1/view","sourceAltitudeMinM":1823.1,"sourceAltitudeMaxM":2069.2,"sourceAltitudeMeanM":1955.36,"sourceAltitudeSampleCount":1189,"sourceAltitudeColumn":"Altitude","sourceAltitudeReference":"source-provided GNSS/absolute altitude"},"geometry":{"type":"LineString","coordinates":[[92.32320255,46.01690852],[92.32319845,46.01694007],[92.32475317,46.01650337],[92.33064306,46.01496586],[92.33063394,46.01430565],[92.33063346,46.01433075],[92.3307246,46.01433764],[92.33194041,46.01432586],[92.33193693,46.0266396],[92.32321805,46.01691502]]}},{"type":"Feature","id":"hetsuu-hutul-hetsuu-hutul-2025-magnetic-hetsuuhutul2025magnetic1dxsndn4bfizqr5sctaowhkddgt1oqmuksrvy0acqu510hz-001","properties":{"project":"Hetsuu hutul","projectKey":"hetsuu-hutul","area":"Хэцүү хөтөл","licence":"XV-022905","campaignId":"hetsuu-hutul-2025-magnetic","campaignLabel":"2025 Соронзон хэмжилтийн GPS зам","campaignYear":2025,"sensor":"Magnetic survey","sensorVerified":false,"gnssSource":"unverified","dataType":"survey_campaign_track","plannedActual":"actual","contextOnly":true,"trajectoryAvailable":true,"status":"confirmed_source","qaStatus":"clean","qaFlags":[],"acquisitionId":"hetsuu-hutul-2025-magnetic__1DxSNDN4bFIZQR5scTAoWHkDdGT1oqmUK__SRVY0-ACQU5-10Hz#1","segmentIndex":1,"segmentCount":2,"pointCount":750,"simplifiedPointCount":14,"pointsOutsideLicence":0,"startTime":"2025-10-10T05:12:34","endTime":"2025-10-10T05:25:03","timeZone":"UTC (NMEA RMC)","samplingIntervalSeconds":1.0,"timestampProvenance":"embedded-nmea-rmc","latitudeColumn":"Latitude","longitudeColumn":"Longitude","sourceFile":"hetsuu-hutul-2025-magnetic__1DxSNDN4bFIZQR5scTAoWHkDdGT1oqmUK__SRVY0-ACQU5-10Hz.csv","sourceKind":"Survey GNSS coordinate table","sourceCrs":"EPSG:4326","displayCrs":"EPSG:4326","crsVerified":true,"coverageStatus":"not_calculated","coverageNote":"Зурвасын өргөн болон шугамын алхам баталгаажаагүй тул хамрах талбайг тооцоогүй.","sourceUrl":"https://drive.google.com/file/d/1DxSNDN4bFIZQR5scTAoWHkDdGT1oqmUK/view","sourceAltitudeMinM":1687.9,"sourceAltitudeMaxM":1975.4,"sourceAltitudeMeanM":1828.15,"sourceAltitudeSampleCount":750,"sourceAltitudeColumn":"Altitude","sourceAltitudeReference":"source-provided GNSS/absolute altitude"},"geometry":{"type":"LineString","coordinates":[[92.39385999,46.00442808],[92.39386139,46.00005017],[92.39397995,46.00007926],[92.39520374,46.00007471],[92.3951584,46.00007736],[92.39515313,46.00046537],[92.39515896,46.00044314],[92.39515262,46.01506416],[92.39515291,46.01503817],[92.39524298,46.01503073],[92.39648742,46.01503532],[92.39644469,46.0146526],[92.39643927,46.01467608],[92.3964419,46.00961801]]}},{"type":"Feature","id":"hetsuu-hutul-hetsuu-hutul-2025-magnetic-hetsuuhutul2025magnetic1dxsndn4bfizqr5sctaowhkddgt1oqmuksrvy0acqu510hz-002","properties":{"project":"Hetsuu hutul","projectKey":"hetsuu-hutul","area":"Хэцүү хөтөл","licence":"XV-022905","campaignId":"hetsuu-hutul-2025-magnetic","campaignLabel":"2025 Соронзон хэмжилтийн GPS зам","campaignYear":2025,"sensor":"Magnetic survey","sensorVerified":false,"gnssSource":"unverified","dataType":"survey_campaign_track","plannedActual":"actual","contextOnly":true,"trajectoryAvailable":true,"status":"confirmed_source","qaStatus":"clean","qaFlags":[],"acquisitionId":"hetsuu-hutul-2025-magnetic__1DxSNDN4bFIZQR5scTAoWHkDdGT1oqmUK__SRVY0-ACQU5-10Hz#2","segmentIndex":2,"segmentCount":2,"pointCount":802,"simplifiedPointCount":9,"pointsOutsideLicence":0,"startTime":"2025-10-10T05:37:58","endTime":"2025-10-10T05:51:19","timeZone":"UTC (NMEA RMC)","samplingIntervalSeconds":1.0,"timestampProvenance":"embedded-nmea-rmc","latitudeColumn":"Latitude","longitudeColumn":"Longitude","sourceFile":"hetsuu-hutul-2025-magnetic__1DxSNDN4bFIZQR5scTAoWHkDdGT1oqmUK__SRVY0-ACQU5-10Hz.csv","sourceKind":"Survey GNSS coordinate table","sourceCrs":"EPSG:4326","displayCrs":"EPSG:4326","crsVerified":true,"coverageStatus":"not_calculated","coverageNote":"Зурвасын өргөн болон шугамын алхам баталгаажаагүй тул хамрах талбайг тооцоогүй.","sourceUrl":"https://drive.google.com/file/d/1DxSNDN4bFIZQR5scTAoWHkDdGT1oqmUK/view","sourceAltitudeMinM":1689.4,"sourceAltitudeMaxM":1946.1,"sourceAltitudeMeanM":1796.05,"sourceAltitudeSampleCount":802,"sourceAltitudeColumn":"Altitude","sourceAltitudeReference":"source-provided GNSS/absolute altitude"},"geometry":{"type":"LineString","coordinates":[[92.39641759,46.0103687],[92.39646936,46.01050674],[92.39645133,46.00003975],[92.39645712,46.0000695],[92.39659563,46.0000806],[92.39778723,46.00007462],[92.39773961,46.0001562],[92.3977458,46.0111299],[92.39774642,46.01110242]]}},{"type":"Feature","id":"hetsuu-hutul-hetsuu-hutul-2025-magnetic-hetsuuhutul2025magnetic1e56lmzphmxqhg0iwy4zu48bg87bvkjlsrvy0acqu410hz-001","properties":{"project":"Hetsuu hutul","projectKey":"hetsuu-hutul","area":"Хэцүү хөтөл","licence":"XV-022905","campaignId":"hetsuu-hutul-2025-magnetic","campaignLabel":"2025 Соронзон хэмжилтийн GPS зам","campaignYear":2025,"sensor":"Magnetic survey","sensorVerified":false,"gnssSource":"unverified","dataType":"survey_campaign_track","plannedActual":"actual","contextOnly":true,"trajectoryAvailable":true,"status":"confirmed_source","qaStatus":"clean","qaFlags":[],"acquisitionId":"hetsuu-hutul-2025-magnetic__1e56_LMZpHmXQHg0iWY4zU48Bg87BVkJl__SRVY0-ACQU4-10Hz#1","segmentIndex":1,"segmentCount":2,"pointCount":1119,"simplifiedPointCount":12,"pointsOutsideLicence":0,"startTime":"2025-10-04T03:16:18","endTime":"2025-10-04T03:35:13","timeZone":"UTC (NMEA RMC)","samplingIntervalSeconds":1.0,"timestampProvenance":"embedded-nmea-rmc","latitudeColumn":"Latitude","longitudeColumn":"Longitude","sourceFile":"hetsuu-hutul-2025-magnetic__1e56_LMZpHmXQHg0iWY4zU48Bg87BVkJl__SRVY0-ACQU4-10Hz.csv","sourceKind":"Survey GNSS coordinate table","sourceCrs":"EPSG:4326","displayCrs":"EPSG:4326","crsVerified":true,"coverageStatus":"not_calculated","coverageNote":"Зурвасын өргөн болон шугамын алхам баталгаажаагүй тул хамрах талбайг тооцоогүй.","sourceUrl":"https://drive.google.com/file/d/1e56_LMZpHmXQHg0iWY4zU48Bg87BVkJl/view","sourceAltitudeMinM":1814.1,"sourceAltitudeMaxM":1975.6,"sourceAltitudeMeanM":1912.95,"sourceAltitudeSampleCount":1119,"sourceAltitudeColumn":"Altitude","sourceAltitudeReference":"source-provided GNSS/absolute altitude"},"geometry":{"type":"LineString","coordinates":[[92.36040055,46.01349836],[92.34599142,46.00619852],[92.34604405,46.00624929],[92.34603728,46.0151078],[92.346041,46.01507486],[92.34614746,46.01506571],[92.34737676,46.01507451],[92.34732529,46.01487618],[92.34734066,46.01035767],[92.35304718,46.01176204],[92.36039405,46.01351411],[92.36036544,46.0134964]]}},{"type":"Feature","id":"hetsuu-hutul-hetsuu-hutul-2025-magnetic-hetsuuhutul2025magnetic1e56lmzphmxqhg0iwy4zu48bg87bvkjlsrvy0acqu410hz-002","properties":{"project":"Hetsuu hutul","projectKey":"hetsuu-hutul","area":"Хэцүү хөтөл","licence":"XV-022905","campaignId":"hetsuu-hutul-2025-magnetic","campaignLabel":"2025 Соронзон хэмжилтийн GPS зам","campaignYear":2025,"sensor":"Magnetic survey","sensorVerified":false,"gnssSource":"unverified","dataType":"survey_campaign_track","plannedActual":"actual","contextOnly":true,"trajectoryAvailable":true,"status":"confirmed_source","qaStatus":"clean","qaFlags":[],"acquisitionId":"hetsuu-hutul-2025-magnetic__1e56_LMZpHmXQHg0iWY4zU48Bg87BVkJl__SRVY0-ACQU4-10Hz#2","segmentIndex":2,"segmentCount":2,"pointCount":1284,"simplifiedPointCount":12,"pointsOutsideLicence":0,"startTime":"2025-10-04T03:38:39","endTime":"2025-10-04T04:00:23","timeZone":"UTC (NMEA RMC)","samplingIntervalSeconds":1.0,"timestampProvenance":"embedded-nmea-rmc","latitudeColumn":"Latitude","longitudeColumn":"Longitude","sourceFile":"hetsuu-hutul-2025-magnetic__1e56_LMZpHmXQHg0iWY4zU48Bg87BVkJl__SRVY0-ACQU4-10Hz.csv","sourceKind":"Survey GNSS coordinate table","sourceCrs":"EPSG:4326","displayCrs":"EPSG:4326","crsVerified":true,"coverageStatus":"not_calculated","coverageNote":"Зурвасын өргөн болон шугамын алхам баталгаажаагүй тул хамрах талбайг тооцоогүй.","sourceUrl":"https://drive.google.com/file/d/1e56_LMZpHmXQHg0iWY4zU48Bg87BVkJl/view","sourceAltitudeMinM":1851.1,"sourceAltitudeMaxM":2026.4,"sourceAltitudeMeanM":1944.31,"sourceAltitudeSampleCount":1284,"sourceAltitudeColumn":"Altitude","sourceAltitudeReference":"source-provided GNSS/absolute altitude"},"geometry":{"type":"LineString","coordinates":[[92.36037488,46.01349969],[92.34727167,46.01040301],[92.34733373,46.01041905],[92.34734387,46.00008212],[92.34734478,46.00011214],[92.34742995,46.00011729],[92.34868881,46.00011598],[92.34864735,46.00011615],[92.34863988,46.00017953],[92.3486316,46.00076828],[92.34863296,46.01132936],[92.36038105,46.01349069]]}},{"type":"Feature","id":"hetsuu-hutul-hetsuu-hutul-2025-magnetic-hetsuuhutul2025magnetic1e5z9td8ntbezyggbmlih8nq88jwsyxsrvy0acqu2210hz-001","properties":{"project":"Hetsuu hutul","projectKey":"hetsuu-hutul","area":"Хэцүү хөтөл","licence":"XV-022905","campaignId":"hetsuu-hutul-2025-magnetic","campaignLabel":"2025 Соронзон хэмжилтийн GPS зам","campaignYear":2025,"sensor":"Magnetic survey","sensorVerified":false,"gnssSource":"unverified","dataType":"survey_campaign_track","plannedActual":"actual","contextOnly":true,"trajectoryAvailable":true,"status":"confirmed_source","qaStatus":"clean","qaFlags":[],"acquisitionId":"hetsuu-hutul-2025-magnetic__1E5z9Td8-NTBEzYGgBMLih8nq-88JWsYx__SRVY0-ACQU2_2_-10Hz#1","segmentIndex":1,"segmentCount":1,"pointCount":1074,"simplifiedPointCount":19,"pointsOutsideLicence":0,"startTime":"2025-09-23T04:14:35","endTime":"2025-09-23T04:32:29","timeZone":"UTC (NMEA RMC)","samplingIntervalSeconds":1.0,"timestampProvenance":"embedded-nmea-rmc","latitudeColumn":"Latitude","longitudeColumn":"Longitude","sourceFile":"hetsuu-hutul-2025-magnetic__1E5z9Td8-NTBEzYGgBMLih8nq-88JWsYx__SRVY0-ACQU2_2_-10Hz.csv","sourceKind":"Survey GNSS coordinate table","sourceCrs":"EPSG:4326","displayCrs":"EPSG:4326","crsVerified":true,"coverageStatus":"not_calculated","coverageNote":"Зурвасын өргөн болон шугамын алхам баталгаажаагүй тул хамрах талбайг тооцоогүй.","sourceUrl":"https://drive.google.com/file/d/1E5z9Td8-NTBEzYGgBMLih8nq-88JWsYx/view","sourceAltitudeMinM":2061.6,"sourceAltitudeMaxM":2223.3,"sourceAltitudeMeanM":2141.56,"sourceAltitudeSampleCount":1074,"sourceAltitudeColumn":"Altitude","sourceAltitudeReference":"source-provided GNSS/absolute altitude"},"geometry":{"type":"LineString","coordinates":[[92.29060075,46.00206551],[92.2906087,46.00002281],[92.29075645,46.00004763],[92.29194699,46.00001506],[92.29189813,46.00001874],[92.29189181,46.00021955],[92.29189552,46.00554563],[92.29190458,46.00550977],[92.29322608,46.00554405],[92.29318411,46.00547475],[92.29319417,45.9999566],[92.29331314,45.99997959],[92.29452787,45.99994367],[92.29448677,46.0000097],[92.29448377,46.00560485],[92.29455796,46.0055731],[92.2958208,46.00560778],[92.29577547,46.00555372],[92.29578374,46.00364241]]}},{"type":"Feature","id":"hetsuu-hutul-hetsuu-hutul-2025-magnetic-hetsuuhutul2025magnetic1e9idt4l6dijpnywkuqmo1ouwnjo5yolesrvy0acqu1010hz-001","properties":{"project":"Hetsuu hutul","projectKey":"hetsuu-hutul","area":"Хэцүү хөтөл","licence":"XV-022905","campaignId":"hetsuu-hutul-2025-magnetic","campaignLabel":"2025 Соронзон хэмжилтийн GPS зам","campaignYear":2025,"sensor":"Magnetic survey","sensorVerified":false,"gnssSource":"unverified","dataType":"survey_campaign_track","plannedActual":"actual","contextOnly":true,"trajectoryAvailable":true,"status":"confirmed_source","qaStatus":"clean","qaFlags":[],"acquisitionId":"hetsuu-hutul-2025-magnetic__1E9IdT4l6DijPNywkUqMO1OuwNjo5YOlE__SRVY0-ACQU10-10Hz#1","segmentIndex":1,"segmentCount":2,"pointCount":1247,"simplifiedPointCount":11,"pointsOutsideLicence":0,"startTime":"2025-10-07T04:18:24","endTime":"2025-10-07T04:39:14","timeZone":"UTC (NMEA RMC)","samplingIntervalSeconds":1.0,"timestampProvenance":"embedded-nmea-rmc","latitudeColumn":"Latitude","longitudeColumn":"Longitude","sourceFile":"hetsuu-hutul-2025-magnetic__1E9IdT4l6DijPNywkUqMO1OuwNjo5YOlE__SRVY0-ACQU10-10Hz.csv","sourceKind":"Survey GNSS coordinate table","sourceCrs":"EPSG:4326","displayCrs":"EPSG:4326","crsVerified":true,"coverageStatus":"not_calculated","coverageNote":"Зурвасын өргөн болон шугамын алхам баталгаажаагүй тул хамрах талбайг тооцоогүй.","sourceUrl":"https://drive.google.com/file/d/1E9IdT4l6DijPNywkUqMO1OuwNjo5YOlE/view","sourceAltitudeMinM":1708.7,"sourceAltitudeMaxM":1955.8,"sourceAltitudeMeanM":1849.36,"sourceAltitudeSampleCount":1247,"sourceAltitudeColumn":"Altitude","sourceAltitudeReference":"source-provided GNSS/absolute altitude"},"geometry":{"type":"LineString","coordinates":[[92.36038672,46.01346636],[92.36291702,46.01337099],[92.36286178,46.01334136],[92.36285891,46.01262219],[92.36287036,46.00007387],[92.36299302,46.00010712],[92.36420899,46.00010031],[92.36416136,46.00018159],[92.36417012,46.00169922],[92.36036362,46.01351237],[92.3603611,46.01348693]]}},{"type":"Feature","id":"hetsuu-hutul-hetsuu-hutul-2025-magnetic-hetsuuhutul2025magnetic1e9idt4l6dijpnywkuqmo1ouwnjo5yolesrvy0acqu1010hz-002","properties":{"project":"Hetsuu hutul","projectKey":"hetsuu-hutul","area":"Хэцүү хөтөл","licence":"XV-022905","campaignId":"hetsuu-hutul-2025-magnetic","campaignLabel":"2025 Соронзон хэмжилтийн GPS зам","campaignYear":2025,"sensor":"Magnetic survey","sensorVerified":false,"gnssSource":"unverified","dataType":"survey_campaign_track","plannedActual":"actual","contextOnly":true,"trajectoryAvailable":true,"status":"confirmed_source","qaStatus":"clean","qaFlags":[],"acquisitionId":"hetsuu-hutul-2025-magnetic__1E9IdT4l6DijPNywkUqMO1OuwNjo5YOlE__SRVY0-ACQU10-10Hz#2","segmentIndex":2,"segmentCount":2,"pointCount":1140,"simplifiedPointCount":9,"pointsOutsideLicence":0,"startTime":"2025-10-07T04:42:01","endTime":"2025-10-07T05:01:03","timeZone":"UTC (NMEA RMC)","samplingIntervalSeconds":1.0,"timestampProvenance":"embedded-nmea-rmc","latitudeColumn":"Latitude","longitudeColumn":"Longitude","sourceFile":"hetsuu-hutul-2025-magnetic__1E9IdT4l6DijPNywkUqMO1OuwNjo5YOlE__SRVY0-ACQU10-10Hz.csv","sourceKind":"Survey GNSS coordinate table","sourceCrs":"EPSG:4326","displayCrs":"EPSG:4326","crsVerified":true,"coverageStatus":"not_calculated","coverageNote":"Зурвасын өргөн болон шугамын алхам баталгаажаагүй тул хамрах талбайг тооцоогүй.","sourceUrl":"https://drive.google.com/file/d/1E9IdT4l6DijPNywkUqMO1OuwNjo5YOlE/view","sourceAltitudeMinM":1857.7,"sourceAltitudeMaxM":1971.3,"sourceAltitudeMeanM":1918.29,"sourceAltitudeSampleCount":1140,"sourceAltitudeColumn":"Altitude","sourceAltitudeReference":"source-provided GNSS/absolute altitude"},"geometry":{"type":"LineString","coordinates":[[92.36038922,46.01347752],[92.36418583,46.00163378],[92.36417176,46.01508665],[92.36416579,46.01506196],[92.36551097,46.01505506],[92.36546477,46.01467017],[92.36546488,46.01469264],[92.36546824,46.00854776],[92.36037383,46.01348644]]}},{"type":"Feature","id":"hetsuu-hutul-hetsuu-hutul-2025-magnetic-hetsuuhutul2025magnetic1echtwmercbcreppk5rafaqhopdpsylsrvy0acqu110hzraw-001","properties":{"project":"Hetsuu hutul","projectKey":"hetsuu-hutul","area":"Хэцүү хөтөл","licence":"XV-022905","campaignId":"hetsuu-hutul-2025-magnetic","campaignLabel":"2025 Соронзон хэмжилтийн GPS зам","campaignYear":2025,"sensor":"Magnetic survey","sensorVerified":false,"gnssSource":"unverified","dataType":"survey_campaign_track","plannedActual":"actual","contextOnly":true,"trajectoryAvailable":true,"status":"confirmed_source","qaStatus":"clean","qaFlags":[],"acquisitionId":"hetsuu-hutul-2025-magnetic__1ecHt_WMeRCbCREPPK5raFa-QhoPdPSyL__SRVY0-ACQU1-10Hz_raw#1","segmentIndex":1,"segmentCount":4,"pointCount":1008,"simplifiedPointCount":7,"pointsOutsideLicence":0,"startTime":"2025-10-19T03:31:30","endTime":"2025-10-19T03:48:17","timeZone":"UTC (NMEA RMC)","samplingIntervalSeconds":1.0,"timestampProvenance":"embedded-nmea-rmc","latitudeColumn":"Latitude","longitudeColumn":"Longitude","sourceFile":"hetsuu-hutul-2025-magnetic__1ecHt_WMeRCbCREPPK5raFa-QhoPdPSyL__SRVY0-ACQU1-10Hz_raw.csv","sourceKind":"Survey GNSS coordinate table","sourceCrs":"EPSG:4326","displayCrs":"EPSG:4326","crsVerified":true,"coverageStatus":"not_calculated","coverageNote":"Зурвасын өргөн болон шугамын алхам баталгаажаагүй тул хамрах талбайг тооцоогүй.","sourceUrl":"https://drive.google.com/file/d/1ecHt_WMeRCbCREPPK5raFa-QhoPdPSyL/view","sourceAltitudeMinM":1721.4,"sourceAltitudeMaxM":1943.1,"sourceAltitudeMeanM":1806.45,"sourceAltitudeSampleCount":1008,"sourceAltitudeColumn":"Altitude","sourceAltitudeReference":"source-provided GNSS/absolute altitude"},"geometry":{"type":"LineString","coordinates":[[92.33971822,46.01778768],[92.33967228,46.02734134],[92.33976322,46.02731193],[92.34101834,46.02733224],[92.34097306,46.0273259],[92.34096439,46.02726446],[92.34097151,46.01420957]]}},{"type":"Feature","id":"hetsuu-hutul-hetsuu-hutul-2025-magnetic-hetsuuhutul2025magnetic1echtwmercbcreppk5rafaqhopdpsylsrvy0acqu110hzraw-002","properties":{"project":"Hetsuu hutul","projectKey":"hetsuu-hutul","area":"Хэцүү хөтөл","licence":"XV-022905","campaignId":"hetsuu-hutul-2025-magnetic","campaignLabel":"2025 Соронзон хэмжилтийн GPS зам","campaignYear":2025,"sensor":"Magnetic survey","sensorVerified":false,"gnssSource":"unverified","dataType":"survey_campaign_track","plannedActual":"actual","contextOnly":true,"trajectoryAvailable":true,"status":"confirmed_source","qaStatus":"clean","qaFlags":[],"acquisitionId":"hetsuu-hutul-2025-magnetic__1ecHt_WMeRCbCREPPK5raFa-QhoPdPSyL__SRVY0-ACQU1-10Hz_raw#2","segmentIndex":2,"segmentCount":4,"pointCount":891,"simplifiedPointCount":11,"pointsOutsideLicence":0,"startTime":"2025-10-19T03:55:14","endTime":"2025-10-19T04:10:04","timeZone":"UTC (NMEA RMC)","samplingIntervalSeconds":1.0,"timestampProvenance":"embedded-nmea-rmc","latitudeColumn":"Latitude","longitudeColumn":"Longitude","sourceFile":"hetsuu-hutul-2025-magnetic__1ecHt_WMeRCbCREPPK5raFa-QhoPdPSyL__SRVY0-ACQU1-10Hz_raw.csv","sourceKind":"Survey GNSS coordinate table","sourceCrs":"EPSG:4326","displayCrs":"EPSG:4326","crsVerified":true,"coverageStatus":"not_calculated","coverageNote":"Зурвасын өргөн болон шугамын алхам баталгаажаагүй тул хамрах талбайг тооцоогүй.","sourceUrl":"https://drive.google.com/file/d/1ecHt_WMeRCbCREPPK5raFa-QhoPdPSyL/view","sourceAltitudeMinM":1734.8,"sourceAltitudeMaxM":1942.5,"sourceAltitudeMeanM":1831.61,"sourceAltitudeSampleCount":891,"sourceAltitudeColumn":"Altitude","sourceAltitudeReference":"source-provided GNSS/absolute altitude"},"geometry":{"type":"LineString","coordinates":[[92.34116286,46.01424184],[92.34231274,46.01423146],[92.34226749,46.01423786],[92.34226228,46.01461134],[92.34226962,46.01458096],[92.34226748,46.02738029],[92.34232423,46.02734615],[92.34360831,46.02736872],[92.34356272,46.02736316],[92.34355921,46.02729412],[92.34356848,46.0215745]]}},{"type":"Feature","id":"hetsuu-hutul-hetsuu-hutul-2025-magnetic-hetsuuhutul2025magnetic1echtwmercbcreppk5rafaqhopdpsylsrvy0acqu110hzraw-003","properties":{"project":"Hetsuu hutul","projectKey":"hetsuu-hutul","area":"Хэцүү хөтөл","licence":"XV-022905","campaignId":"hetsuu-hutul-2025-magnetic","campaignLabel":"2025 Соронзон хэмжилтийн GPS зам","campaignYear":2025,"sensor":"Magnetic survey","sensorVerified":false,"gnssSource":"unverified","dataType":"survey_campaign_track","plannedActual":"actual","contextOnly":true,"trajectoryAvailable":true,"status":"confirmed_source","qaStatus":"clean","qaFlags":[],"acquisitionId":"hetsuu-hutul-2025-magnetic__1ecHt_WMeRCbCREPPK5raFa-QhoPdPSyL__SRVY0-ACQU1-10Hz_raw#3","segmentIndex":3,"segmentCount":4,"pointCount":1031,"simplifiedPointCount":11,"pointsOutsideLicence":0,"startTime":"2025-10-19T04:15:57","endTime":"2025-10-19T04:33:07","timeZone":"UTC (NMEA RMC)","samplingIntervalSeconds":1.0,"timestampProvenance":"embedded-nmea-rmc","latitudeColumn":"Latitude","longitudeColumn":"Longitude","sourceFile":"hetsuu-hutul-2025-magnetic__1ecHt_WMeRCbCREPPK5raFa-QhoPdPSyL__SRVY0-ACQU1-10Hz_raw.csv","sourceKind":"Survey GNSS coordinate table","sourceCrs":"EPSG:4326","displayCrs":"EPSG:4326","crsVerified":true,"coverageStatus":"not_calculated","coverageNote":"Зурвасын өргөн болон шугамын алхам баталгаажаагүй тул хамрах талбайг тооцоогүй.","sourceUrl":"https://drive.google.com/file/d/1ecHt_WMeRCbCREPPK5raFa-QhoPdPSyL/view","sourceAltitudeMinM":1721.4,"sourceAltitudeMaxM":1946.9,"sourceAltitudeMeanM":1828.56,"sourceAltitudeSampleCount":1031,"sourceAltitudeColumn":"Altitude","sourceAltitudeReference":"source-provided GNSS/absolute altitude"},"geometry":{"type":"LineString","coordinates":[[92.34358888,46.02156035],[92.34362637,46.02156676],[92.3435657,46.02155889],[92.34356061,46.02123215],[92.34356124,46.01417935],[92.34356065,46.01421777],[92.34364326,46.01421955],[92.34490706,46.01420624],[92.3448578,46.01421189],[92.34485247,46.01431273],[92.34485142,46.02460416]]}},{"type":"Feature","id":"hetsuu-hutul-hetsuu-hutul-2025-magnetic-hetsuuhutul2025magnetic1echtwmercbcreppk5rafaqhopdpsylsrvy0acqu110hzraw-004","properties":{"project":"Hetsuu hutul","projectKey":"hetsuu-hutul","area":"Хэцүү хөтөл","licence":"XV-022905","campaignId":"hetsuu-hutul-2025-magnetic","campaignLabel":"2025 Соронзон хэмжилтийн GPS зам","campaignYear":2025,"sensor":"Magnetic survey","sensorVerified":false,"gnssSource":"unverified","dataType":"survey_campaign_track","plannedActual":"actual","contextOnly":true,"trajectoryAvailable":true,"status":"confirmed_source","qaStatus":"clean","qaFlags":[],"acquisitionId":"hetsuu-hutul-2025-magnetic__1ecHt_WMeRCbCREPPK5raFa-QhoPdPSyL__SRVY0-ACQU1-10Hz_raw#4","segmentIndex":4,"segmentCount":4,"pointCount":1110,"simplifiedPointCount":11,"pointsOutsideLicence":0,"startTime":"2025-10-19T04:38:02","endTime":"2025-10-19T04:56:31","timeZone":"UTC (NMEA RMC)","samplingIntervalSeconds":1.0,"timestampProvenance":"embedded-nmea-rmc","latitudeColumn":"Latitude","longitudeColumn":"Longitude","sourceFile":"hetsuu-hutul-2025-magnetic__1ecHt_WMeRCbCREPPK5raFa-QhoPdPSyL__SRVY0-ACQU1-10Hz_raw.csv","sourceKind":"Survey GNSS coordinate table","sourceCrs":"EPSG:4326","displayCrs":"EPSG:4326","crsVerified":true,"coverageStatus":"not_calculated","coverageNote":"Зурвасын өргөн болон шугамын алхам баталгаажаагүй тул хамрах талбайг тооцоогүй.","sourceUrl":"https://drive.google.com/file/d/1ecHt_WMeRCbCREPPK5raFa-QhoPdPSyL/view","sourceAltitudeMinM":1723.5,"sourceAltitudeMaxM":1935.2,"sourceAltitudeMeanM":1844.0,"sourceAltitudeSampleCount":1110,"sourceAltitudeColumn":"Altitude","sourceAltitudeReference":"source-provided GNSS/absolute altitude"},"geometry":{"type":"LineString","coordinates":[[92.34486416,46.02472553],[92.34485817,46.02740872],[92.34495,46.02737684],[92.34618944,46.02739828],[92.34614102,46.02732579],[92.3461571,46.0141718],[92.34615975,46.01420831],[92.34627486,46.014215],[92.34749027,46.01420335],[92.34744068,46.01419887],[92.34744847,46.0175164]]}},{"type":"Feature","id":"hetsuu-hutul-hetsuu-hutul-2025-magnetic-hetsuuhutul2025magnetic1eyq6b6jbb1c0y5fwlj7hy9uemkzgk6srvy0acqu010hzraw-001","properties":{"project":"Hetsuu hutul","projectKey":"hetsuu-hutul","area":"Хэцүү хөтөл","licence":"XV-022905","campaignId":"hetsuu-hutul-2025-magnetic","campaignLabel":"2025 Соронзон хэмжилтийн GPS зам","campaignYear":2025,"sensor":"Magnetic survey","sensorVerified":false,"gnssSource":"unverified","dataType":"survey_campaign_track","plannedActual":"actual","contextOnly":true,"trajectoryAvailable":true,"status":"confirmed_source","qaStatus":"clean","qaFlags":[],"acquisitionId":"hetsuu-hutul-2025-magnetic__1EYQ6b6jBB1c_0y5FWLJ7hy-9uEmKzgk6__SRVY0-ACQU0-10Hz_raw#1","segmentIndex":1,"segmentCount":9,"pointCount":340,"simplifiedPointCount":3,"pointsOutsideLicence":0,"startTime":"2025-10-25T02:47:44","endTime":"2025-10-25T02:53:23","timeZone":"UTC (NMEA RMC)","samplingIntervalSeconds":1.0,"timestampProvenance":"embedded-nmea-rmc","latitudeColumn":"Latitude","longitudeColumn":"Longitude","sourceFile":"hetsuu-hutul-2025-magnetic__1EYQ6b6jBB1c_0y5FWLJ7hy-9uEmKzgk6__SRVY0-ACQU0-10Hz_raw.csv","sourceKind":"Survey GNSS coordinate table","sourceCrs":"EPSG:4326","displayCrs":"EPSG:4326","crsVerified":true,"coverageStatus":"not_calculated","coverageNote":"Зурвасын өргөн болон шугамын алхам баталгаажаагүй тул хамрах талбайг тооцоогүй.","sourceUrl":"https://drive.google.com/file/d/1EYQ6b6jBB1c_0y5FWLJ7hy-9uEmKzgk6/view","sourceAltitudeMinM":2093.8,"sourceAltitudeMaxM":2182.7,"sourceAltitudeMeanM":2140.79,"sourceAltitudeSampleCount":340,"sourceAltitudeColumn":"Altitude","sourceAltitudeReference":"source-provided GNSS/absolute altitude"},"geometry":{"type":"LineString","coordinates":[[92.40236546,46.02154057],[92.40232514,46.02134324],[92.40232842,46.01618479]]}},{"type":"Feature","id":"hetsuu-hutul-hetsuu-hutul-2025-magnetic-hetsuuhutul2025magnetic1eyq6b6jbb1c0y5fwlj7hy9uemkzgk6srvy0acqu010hzraw-002","properties":{"project":"Hetsuu hutul","projectKey":"hetsuu-hutul","area":"Хэцүү хөтөл","licence":"XV-022905","campaignId":"hetsuu-hutul-2025-magnetic","campaignLabel":"2025 Соронзон хэмжилтийн GPS зам","campaignYear":2025,"sensor":"Magnetic survey","sensorVerified":false,"gnssSource":"unverified","dataType":"survey_campaign_track","plannedActual":"actual","contextOnly":true,"trajectoryAvailable":true,"status":"confirmed_source","qaStatus":"clean","qaFlags":[],"acquisitionId":"hetsuu-hutul-2025-magnetic__1EYQ6b6jBB1c_0y5FWLJ7hy-9uEmKzgk6__SRVY0-ACQU0-10Hz_raw#2","segmentIndex":2,"segmentCount":9,"pointCount":449,"simplifiedPointCount":11,"pointsOutsideLicence":0,"startTime":"2025-10-25T03:29:20","endTime":"2025-10-25T03:36:48","timeZone":"UTC (NMEA RMC)","samplingIntervalSeconds":1.0,"timestampProvenance":"embedded-nmea-rmc","latitudeColumn":"Latitude","longitudeColumn":"Longitude","sourceFile":"hetsuu-hutul-2025-magnetic__1EYQ6b6jBB1c_0y5FWLJ7hy-9uEmKzgk6__SRVY0-ACQU0-10Hz_raw.csv","sourceKind":"Survey GNSS coordinate table","sourceCrs":"EPSG:4326","displayCrs":"EPSG:4326","crsVerified":true,"coverageStatus":"not_calculated","coverageNote":"Зурвасын өргөн болон шугамын алхам баталгаажаагүй тул хамрах талбайг тооцоогүй.","sourceUrl":"https://drive.google.com/file/d/1EYQ6b6jBB1c_0y5FWLJ7hy-9uEmKzgk6/view","sourceAltitudeMinM":2053.8,"sourceAltitudeMaxM":2152.1,"sourceAltitudeMeanM":2095.68,"sourceAltitudeSampleCount":449,"sourceAltitudeColumn":"Altitude","sourceAltitudeReference":"source-provided GNSS/absolute altitude"},"geometry":{"type":"LineString","coordinates":[[92.40236641,46.01615817],[92.40234876,46.01432582],[92.40235086,46.01435535],[92.40221923,46.01436181],[92.40102697,46.0143514],[92.40106023,46.01440631],[92.40105488,46.0216168],[92.40094975,46.02157983],[92.3997194,46.0215834],[92.39976761,46.02154216],[92.39976429,46.02131222]]}},{"type":"Feature","id":"hetsuu-hutul-hetsuu-hutul-2025-magnetic-hetsuuhutul2025magnetic1eyq6b6jbb1c0y5fwlj7hy9uemkzgk6srvy0acqu010hzraw-003","properties":{"project":"Hetsuu hutul","projectKey":"hetsuu-hutul","area":"Хэцүү хөтөл","licence":"XV-022905","campaignId":"hetsuu-hutul-2025-magnetic","campaignLabel":"2025 Соронзон хэмжилтийн GPS зам","campaignYear":2025,"sensor":"Magnetic survey","sensorVerified":false,"gnssSource":"unverified","dataType":"survey_campaign_track","plannedActual":"actual","contextOnly":true,"trajectoryAvailable":true,"status":"confirmed_source","qaStatus":"clean","qaFlags":[],"acquisitionId":"hetsuu-hutul-2025-magnetic__1EYQ6b6jBB1c_0y5FWLJ7hy-9uEmKzgk6__SRVY0-ACQU0-10Hz_raw#3","segmentIndex":3,"segmentCount":9,"pointCount":391,"simplifiedPointCount":5,"pointsOutsideLicence":0,"startTime":"2025-10-25T03:55:55","endTime":"2025-10-25T04:02:25","timeZone":"UTC (NMEA RMC)","samplingIntervalSeconds":1.0,"timestampProvenance":"embedded-nmea-rmc","latitudeColumn":"Latitude","longitudeColumn":"Longitude","sourceFile":"hetsuu-hutul-2025-magnetic__1EYQ6b6jBB1c_0y5FWLJ7hy-9uEmKzgk6__SRVY0-ACQU0-10Hz_raw.csv","sourceKind":"Survey GNSS coordinate table","sourceCrs":"EPSG:4326","displayCrs":"EPSG:4326","crsVerified":true,"coverageStatus":"not_calculated","coverageNote":"Зурвасын өргөн болон шугамын алхам баталгаажаагүй тул хамрах талбайг тооцоогүй.","sourceUrl":"https://drive.google.com/file/d/1EYQ6b6jBB1c_0y5FWLJ7hy-9uEmKzgk6/view","sourceAltitudeMinM":2022.4,"sourceAltitudeMaxM":2106.7,"sourceAltitudeMeanM":2070.46,"sourceAltitudeSampleCount":391,"sourceAltitudeColumn":"Altitude","sourceAltitudeReference":"source-provided GNSS/absolute altitude"},"geometry":{"type":"LineString","coordinates":[[92.3997835,46.02150479],[92.39976079,46.01431984],[92.3997638,46.01434354],[92.3996546,46.01435267],[92.39845209,46.01434313]]}},{"type":"Feature","id":"hetsuu-hutul-hetsuu-hutul-2025-magnetic-hetsuuhutul2025magnetic1eyq6b6jbb1c0y5fwlj7hy9uemkzgk6srvy0acqu010hzraw-004","properties":{"project":"Hetsuu hutul","projectKey":"hetsuu-hutul","area":"Хэцүү хөтөл","licence":"XV-022905","campaignId":"hetsuu-hutul-2025-magnetic","campaignLabel":"2025 Соронзон хэмжилтийн GPS зам","campaignYear":2025,"sensor":"Magnetic survey","sensorVerified":false,"gnssSource":"unverified","dataType":"survey_campaign_track","plannedActual":"actual","contextOnly":true,"trajectoryAvailable":true,"status":"confirmed_source","qaStatus":"clean","qaFlags":[],"acquisitionId":"hetsuu-hutul-2025-magnetic__1EYQ6b6jBB1c_0y5FWLJ7hy-9uEmKzgk6__SRVY0-ACQU0-10Hz_raw#4","segmentIndex":4,"segmentCount":9,"pointCount":495,"simplifiedPointCount":8,"pointsOutsideLicence":0,"startTime":"2025-10-25T04:19:58","endTime":"2025-10-25T04:28:12","timeZone":"UTC (NMEA RMC)","samplingIntervalSeconds":1.0,"timestampProvenance":"embedded-nmea-rmc","latitudeColumn":"Latitude","longitudeColumn":"Longitude","sourceFile":"hetsuu-hutul-2025-magnetic__1EYQ6b6jBB1c_0y5FWLJ7hy-9uEmKzgk6__SRVY0-ACQU0-10Hz_raw.csv","sourceKind":"Survey GNSS coordinate table","sourceCrs":"EPSG:4326","displayCrs":"EPSG:4326","crsVerified":true,"coverageStatus":"not_calculated","coverageNote":"Зурвасын өргөн болон шугамын алхам баталгаажаагүй тул хамрах талбайг тооцоогүй.","sourceUrl":"https://drive.google.com/file/d/1EYQ6b6jBB1c_0y5FWLJ7hy-9uEmKzgk6/view","sourceAltitudeMinM":1992.0,"sourceAltitudeMaxM":2077.6,"sourceAltitudeMeanM":2040.2,"sourceAltitudeSampleCount":495,"sourceAltitudeColumn":"Altitude","sourceAltitudeReference":"source-provided GNSS/absolute altitude"},"geometry":{"type":"LineString","coordinates":[[92.39847839,46.01444573],[92.39847315,46.02162265],[92.39846787,46.02158692],[92.39712792,46.02158259],[92.39717608,46.02128922],[92.39718089,46.0213122],[92.39717818,46.01595252],[92.39718716,46.01598409]]}},{"type":"Feature","id":"hetsuu-hutul-hetsuu-hutul-2025-magnetic-hetsuuhutul2025magnetic1eyq6b6jbb1c0y5fwlj7hy9uemkzgk6srvy0acqu010hzraw-005","properties":{"project":"Hetsuu hutul","projectKey":"hetsuu-hutul","area":"Хэцүү хөтөл","licence":"XV-022905","campaignId":"hetsuu-hutul-2025-magnetic","campaignLabel":"2025 Соронзон хэмжилтийн GPS зам","campaignYear":2025,"sensor":"Magnetic survey","sensorVerified":false,"gnssSource":"unverified","dataType":"survey_campaign_track","plannedActual":"actual","contextOnly":true,"trajectoryAvailable":true,"status":"confirmed_source","qaStatus":"clean","qaFlags":[],"acquisitionId":"hetsuu-hutul-2025-magnetic__1EYQ6b6jBB1c_0y5FWLJ7hy-9uEmKzgk6__SRVY0-ACQU0-10Hz_raw#5","segmentIndex":5,"segmentCount":9,"pointCount":572,"simplifiedPointCount":14,"pointsOutsideLicence":0,"startTime":"2025-10-25T04:43:10","endTime":"2025-10-25T04:52:41","timeZone":"UTC (NMEA RMC)","samplingIntervalSeconds":1.0,"timestampProvenance":"embedded-nmea-rmc","latitudeColumn":"Latitude","longitudeColumn":"Longitude","sourceFile":"hetsuu-hutul-2025-magnetic__1EYQ6b6jBB1c_0y5FWLJ7hy-9uEmKzgk6__SRVY0-ACQU0-10Hz_raw.csv","sourceKind":"Survey GNSS coordinate table","sourceCrs":"EPSG:4326","displayCrs":"EPSG:4326","crsVerified":true,"coverageStatus":"not_calculated","coverageNote":"Зурвасын өргөн болон шугамын алхам баталгаажаагүй тул хамрах талбайг тооцоогүй.","sourceUrl":"https://drive.google.com/file/d/1EYQ6b6jBB1c_0y5FWLJ7hy-9uEmKzgk6/view","sourceAltitudeMinM":1953.9,"sourceAltitudeMaxM":2123.9,"sourceAltitudeMeanM":2036.82,"sourceAltitudeSampleCount":572,"sourceAltitudeColumn":"Altitude","sourceAltitudeReference":"source-provided GNSS/absolute altitude"},"geometry":{"type":"LineString","coordinates":[[92.39718762,46.01673686],[92.39718339,46.01432792],[92.39718613,46.01435715],[92.39706586,46.01436367],[92.3958348,46.01435687],[92.39587649,46.01435659],[92.39589214,46.01443468],[92.39588972,46.02162104],[92.39589075,46.02159193],[92.3957618,46.02158614],[92.39454975,46.02159219],[92.39459824,46.02130078],[92.39459665,46.02133004],[92.39459757,46.0189383]]}},{"type":"Feature","id":"hetsuu-hutul-hetsuu-hutul-2025-magnetic-hetsuuhutul2025magnetic1eyq6b6jbb1c0y5fwlj7hy9uemkzgk6srvy0acqu010hzraw-006","properties":{"project":"Hetsuu hutul","projectKey":"hetsuu-hutul","area":"Хэцүү хөтөл","licence":"XV-022905","campaignId":"hetsuu-hutul-2025-magnetic","campaignLabel":"2025 Соронзон хэмжилтийн GPS зам","campaignYear":2025,"sensor":"Magnetic survey","sensorVerified":false,"gnssSource":"unverified","dataType":"survey_campaign_track","plannedActual":"actual","contextOnly":true,"trajectoryAvailable":true,"status":"confirmed_source","qaStatus":"clean","qaFlags":[],"acquisitionId":"hetsuu-hutul-2025-magnetic__1EYQ6b6jBB1c_0y5FWLJ7hy-9uEmKzgk6__SRVY0-ACQU0-10Hz_raw#6","segmentIndex":6,"segmentCount":9,"pointCount":517,"simplifiedPointCount":8,"pointsOutsideLicence":0,"startTime":"2025-10-25T05:07:45","endTime":"2025-10-25T05:16:21","timeZone":"UTC (NMEA RMC)","samplingIntervalSeconds":1.0,"timestampProvenance":"embedded-nmea-rmc","latitudeColumn":"Latitude","longitudeColumn":"Longitude","sourceFile":"hetsuu-hutul-2025-magnetic__1EYQ6b6jBB1c_0y5FWLJ7hy-9uEmKzgk6__SRVY0-ACQU0-10Hz_raw.csv","sourceKind":"Survey GNSS coordinate table","sourceCrs":"EPSG:4326","displayCrs":"EPSG:4326","crsVerified":true,"coverageStatus":"not_calculated","coverageNote":"Зурвасын өргөн болон шугамын алхам баталгаажаагүй тул хамрах талбайг тооцоогүй.","sourceUrl":"https://drive.google.com/file/d/1EYQ6b6jBB1c_0y5FWLJ7hy-9uEmKzgk6/view","sourceAltitudeMinM":1922.0,"sourceAltitudeMaxM":2208.9,"sourceAltitudeMeanM":2017.99,"sourceAltitudeSampleCount":517,"sourceAltitudeColumn":"Altitude","sourceAltitudeReference":"source-provided GNSS/absolute altitude"},"geometry":{"type":"LineString","coordinates":[[92.39458941,46.0189032],[92.39459624,46.01433191],[92.3944708,46.01436356],[92.39326349,46.01435654],[92.39330193,46.01465568],[92.39330013,46.0216198],[92.39320594,46.02159208],[92.3919725,46.02159465]]}},{"type":"Feature","id":"hetsuu-hutul-hetsuu-hutul-2025-magnetic-hetsuuhutul2025magnetic1eyq6b6jbb1c0y5fwlj7hy9uemkzgk6srvy0acqu010hzraw-007","properties":{"project":"Hetsuu hutul","projectKey":"hetsuu-hutul","area":"Хэцүү хөтөл","licence":"XV-022905","campaignId":"hetsuu-hutul-2025-magnetic","campaignLabel":"2025 Соронзон хэмжилтийн GPS зам","campaignYear":2025,"sensor":"Magnetic survey","sensorVerified":false,"gnssSource":"unverified","dataType":"survey_campaign_track","plannedActual":"actual","contextOnly":true,"trajectoryAvailable":true,"status":"confirmed_source","qaStatus":"clean","qaFlags":[],"acquisitionId":"hetsuu-hutul-2025-magnetic__1EYQ6b6jBB1c_0y5FWLJ7hy-9uEmKzgk6__SRVY0-ACQU0-10Hz_raw#7","segmentIndex":7,"segmentCount":9,"pointCount":488,"simplifiedPointCount":2,"pointsOutsideLicence":0,"startTime":"2025-10-25T05:54:54","endTime":"2025-10-25T06:03:01","timeZone":"UTC (NMEA RMC)","samplingIntervalSeconds":1.0,"timestampProvenance":"embedded-nmea-rmc","latitudeColumn":"Latitude","longitudeColumn":"Longitude","sourceFile":"hetsuu-hutul-2025-magnetic__1EYQ6b6jBB1c_0y5FWLJ7hy-9uEmKzgk6__SRVY0-ACQU0-10Hz_raw.csv","sourceKind":"Survey GNSS coordinate table","sourceCrs":"EPSG:4326","displayCrs":"EPSG:4326","crsVerified":true,"coverageStatus":"not_calculated","coverageNote":"Зурвасын өргөн болон шугамын алхам баталгаажаагүй тул хамрах талбайг тооцоогүй.","sourceUrl":"https://drive.google.com/file/d/1EYQ6b6jBB1c_0y5FWLJ7hy-9uEmKzgk6/view","sourceAltitudeMinM":1988.0,"sourceAltitudeMaxM":2210.4,"sourceAltitudeMeanM":2103.76,"sourceAltitudeSampleCount":488,"sourceAltitudeColumn":"Altitude","sourceAltitudeReference":"source-provided GNSS/absolute altitude"},"geometry":{"type":"LineString","coordinates":[[92.39200472,46.02165671],[92.39201694,46.01547265]]}},{"type":"Feature","id":"hetsuu-hutul-hetsuu-hutul-2025-magnetic-hetsuuhutul2025magnetic1eyq6b6jbb1c0y5fwlj7hy9uemkzgk6srvy0acqu010hzraw-008","properties":{"project":"Hetsuu hutul","projectKey":"hetsuu-hutul","area":"Хэцүү хөтөл","licence":"XV-022905","campaignId":"hetsuu-hutul-2025-magnetic","campaignLabel":"2025 Соронзон хэмжилтийн GPS зам","campaignYear":2025,"sensor":"Magnetic survey","sensorVerified":false,"gnssSource":"unverified","dataType":"survey_campaign_track","plannedActual":"actual","contextOnly":true,"trajectoryAvailable":true,"status":"confirmed_source","qaStatus":"clean","qaFlags":[],"acquisitionId":"hetsuu-hutul-2025-magnetic__1EYQ6b6jBB1c_0y5FWLJ7hy-9uEmKzgk6__SRVY0-ACQU0-10Hz_raw#8","segmentIndex":8,"segmentCount":9,"pointCount":626,"simplifiedPointCount":14,"pointsOutsideLicence":0,"startTime":"2025-10-25T06:17:17","endTime":"2025-10-25T06:27:42","timeZone":"UTC (NMEA RMC)","samplingIntervalSeconds":1.0,"timestampProvenance":"embedded-nmea-rmc","latitudeColumn":"Latitude","longitudeColumn":"Longitude","sourceFile":"hetsuu-hutul-2025-magnetic__1EYQ6b6jBB1c_0y5FWLJ7hy-9uEmKzgk6__SRVY0-ACQU0-10Hz_raw.csv","sourceKind":"Survey GNSS coordinate table","sourceCrs":"EPSG:4326","displayCrs":"EPSG:4326","crsVerified":true,"coverageStatus":"not_calculated","coverageNote":"Зурвасын өргөн болон шугамын алхам баталгаажаагүй тул хамрах талбайг тооцоогүй.","sourceUrl":"https://drive.google.com/file/d/1EYQ6b6jBB1c_0y5FWLJ7hy-9uEmKzgk6/view","sourceAltitudeMinM":1982.9,"sourceAltitudeMaxM":2194.3,"sourceAltitudeMeanM":2098.67,"sourceAltitudeSampleCount":626,"sourceAltitudeColumn":"Altitude","sourceAltitudeReference":"source-provided GNSS/absolute altitude"},"geometry":{"type":"LineString","coordinates":[[92.39201011,46.01549526],[92.39201296,46.0143118],[92.39201585,46.01434039],[92.39188646,46.01435131],[92.39067607,46.01434389],[92.39071704,46.01434947],[92.39072641,46.01441338],[92.39071827,46.02161635],[92.3906073,46.02158477],[92.38937377,46.02158774],[92.3894251,46.02158623],[92.38943042,46.02152095],[92.38943325,46.01595199],[92.38943547,46.01597611]]}},{"type":"Feature","id":"hetsuu-hutul-hetsuu-hutul-2025-magnetic-hetsuuhutul2025magnetic1eyq6b6jbb1c0y5fwlj7hy9uemkzgk6srvy0acqu010hzraw-009","properties":{"project":"Hetsuu hutul","projectKey":"hetsuu-hutul","area":"Хэцүү хөтөл","licence":"XV-022905","campaignId":"hetsuu-hutul-2025-magnetic","campaignLabel":"2025 Соронзон хэмжилтийн GPS зам","campaignYear":2025,"sensor":"Magnetic survey","sensorVerified":false,"gnssSource":"unverified","dataType":"survey_campaign_track","plannedActual":"actual","contextOnly":true,"trajectoryAvailable":true,"status":"confirmed_source","qaStatus":"clean","qaFlags":[],"acquisitionId":"hetsuu-hutul-2025-magnetic__1EYQ6b6jBB1c_0y5FWLJ7hy-9uEmKzgk6__SRVY0-ACQU0-10Hz_raw#9","segmentIndex":9,"segmentCount":9,"pointCount":187,"simplifiedPointCount":2,"pointsOutsideLicence":0,"startTime":"2025-10-25T06:43:03","endTime":"2025-10-25T06:46:09","timeZone":"UTC (NMEA RMC)","samplingIntervalSeconds":1.0,"timestampProvenance":"embedded-nmea-rmc","latitudeColumn":"Latitude","longitudeColumn":"Longitude","sourceFile":"hetsuu-hutul-2025-magnetic__1EYQ6b6jBB1c_0y5FWLJ7hy-9uEmKzgk6__SRVY0-ACQU0-10Hz_raw.csv","sourceKind":"Survey GNSS coordinate table","sourceCrs":"EPSG:4326","displayCrs":"EPSG:4326","crsVerified":true,"coverageStatus":"not_calculated","coverageNote":"Зурвасын өргөн болон шугамын алхам баталгаажаагүй тул хамрах талбайг тооцоогүй.","sourceUrl":"https://drive.google.com/file/d/1EYQ6b6jBB1c_0y5FWLJ7hy-9uEmKzgk6/view","sourceAltitudeMinM":2036.1,"sourceAltitudeMaxM":2093.7,"sourceAltitudeMeanM":2062.79,"sourceAltitudeSampleCount":187,"sourceAltitudeColumn":"Altitude","sourceAltitudeReference":"source-provided GNSS/absolute altitude"},"geometry":{"type":"LineString","coordinates":[[92.38942188,46.01672565],[92.38942834,46.01432101]]}},{"type":"Feature","id":"hetsuu-hutul-hetsuu-hutul-2025-magnetic-hetsuuhutul2025magnetic1ffyuqasfk4qgormq909qauxodbd4niasrvy0acqu0110hzraw-001","properties":{"project":"Hetsuu hutul","projectKey":"hetsuu-hutul","area":"Хэцүү хөтөл","licence":"XV-022905","campaignId":"hetsuu-hutul-2025-magnetic","campaignLabel":"2025 Соронзон хэмжилтийн GPS зам","campaignYear":2025,"sensor":"Magnetic survey","sensorVerified":false,"gnssSource":"unverified","dataType":"survey_campaign_track","plannedActual":"actual","contextOnly":true,"trajectoryAvailable":true,"status":"confirmed_source","qaStatus":"clean","qaFlags":[],"acquisitionId":"hetsuu-hutul-2025-magnetic__1FFyUqASfk4qGoRm_q909QAuXOdbd4nIA__SRVY0-ACQU0_1_-10Hz_raw#1","segmentIndex":1,"segmentCount":8,"pointCount":382,"simplifiedPointCount":10,"pointsOutsideLicence":0,"startTime":"2025-11-01T02:42:44","endTime":"2025-11-01T02:49:05","timeZone":"UTC (NMEA RMC)","samplingIntervalSeconds":1.0,"timestampProvenance":"embedded-nmea-rmc","latitudeColumn":"Latitude","longitudeColumn":"Longitude","sourceFile":"hetsuu-hutul-2025-magnetic__1FFyUqASfk4qGoRm_q909QAuXOdbd4nIA__SRVY0-ACQU0_1_-10Hz_raw.csv","sourceKind":"Survey GNSS coordinate table","sourceCrs":"EPSG:4326","displayCrs":"EPSG:4326","crsVerified":true,"coverageStatus":"not_calculated","coverageNote":"Зурвасын өргөн болон шугамын алхам баталгаажаагүй тул хамрах талбайг тооцоогүй.","sourceUrl":"https://drive.google.com/file/d/1FFyUqASfk4qGoRm_q909QAuXOdbd4nIA/view","sourceAltitudeMinM":2103.4,"sourceAltitudeMaxM":2242.6,"sourceAltitudeMeanM":2196.27,"sourceAltitudeSampleCount":382,"sourceAltitudeColumn":"Altitude","sourceAltitudeReference":"source-provided GNSS/absolute altitude"},"geometry":{"type":"LineString","coordinates":[[92.39982633,46.02110492],[92.39977588,46.02168907],[92.39979183,46.02166205],[92.39977845,46.02769983],[92.39979585,46.02767017],[92.39989054,46.02766715],[92.40112665,46.02767036],[92.40106973,46.02767147],[92.40106433,46.02758387],[92.40107707,46.02532781]]}},{"type":"Feature","id":"hetsuu-hutul-hetsuu-hutul-2025-magnetic-hetsuuhutul2025magnetic1ffyuqasfk4qgormq909qauxodbd4niasrvy0acqu0110hzraw-002","properties":{"project":"Hetsuu hutul","projectKey":"hetsuu-hutul","area":"Хэцүү хөтөл","licence":"XV-022905","campaignId":"hetsuu-hutul-2025-magnetic","campaignLabel":"2025 Соронзон хэмжилтийн GPS зам","campaignYear":2025,"sensor":"Magnetic survey","sensorVerified":false,"gnssSource":"unverified","dataType":"survey_campaign_track","plannedActual":"actual","contextOnly":true,"trajectoryAvailable":true,"status":"confirmed_source","qaStatus":"clean","qaFlags":[],"acquisitionId":"hetsuu-hutul-2025-magnetic__1FFyUqASfk4qGoRm_q909QAuXOdbd4nIA__SRVY0-ACQU0_1_-10Hz_raw#2","segmentIndex":2,"segmentCount":8,"pointCount":173,"simplifiedPointCount":3,"pointsOutsideLicence":0,"startTime":"2025-11-01T03:11:18","endTime":"2025-11-01T03:14:10","timeZone":"UTC (NMEA RMC)","samplingIntervalSeconds":1.0,"timestampProvenance":"embedded-nmea-rmc","latitudeColumn":"Latitude","longitudeColumn":"Longitude","sourceFile":"hetsuu-hutul-2025-magnetic__1FFyUqASfk4qGoRm_q909QAuXOdbd4nIA__SRVY0-ACQU0_1_-10Hz_raw.csv","sourceKind":"Survey GNSS coordinate table","sourceCrs":"EPSG:4326","displayCrs":"EPSG:4326","crsVerified":true,"coverageStatus":"not_calculated","coverageNote":"Зурвасын өргөн болон шугамын алхам баталгаажаагүй тул хамрах талбайг тооцоогүй.","sourceUrl":"https://drive.google.com/file/d/1FFyUqASfk4qGoRm_q909QAuXOdbd4nIA/view","sourceAltitudeMinM":2143.5,"sourceAltitudeMaxM":2173.2,"sourceAltitudeMeanM":2158.62,"sourceAltitudeSampleCount":173,"sourceAltitudeColumn":"Altitude","sourceAltitudeReference":"source-provided GNSS/absolute altitude"},"geometry":{"type":"LineString","coordinates":[[92.40108572,46.02536504],[92.401089,46.02540646],[92.40108071,46.02119795]]}},{"type":"Feature","id":"hetsuu-hutul-hetsuu-hutul-2025-magnetic-hetsuuhutul2025magnetic1ffyuqasfk4qgormq909qauxodbd4niasrvy0acqu0110hzraw-003","properties":{"project":"Hetsuu hutul","projectKey":"hetsuu-hutul","area":"Хэцүү хөтөл","licence":"XV-022905","campaignId":"hetsuu-hutul-2025-magnetic","campaignLabel":"2025 Соронзон хэмжилтийн GPS зам","campaignYear":2025,"sensor":"Magnetic survey","sensorVerified":false,"gnssSource":"unverified","dataType":"survey_campaign_track","plannedActual":"actual","contextOnly":true,"trajectoryAvailable":true,"status":"confirmed_source","qaStatus":"clean","qaFlags":[],"acquisitionId":"hetsuu-hutul-2025-magnetic__1FFyUqASfk4qGoRm_q909QAuXOdbd4nIA__SRVY0-ACQU0_1_-10Hz_raw#3","segmentIndex":3,"segmentCount":8,"pointCount":441,"simplifiedPointCount":12,"pointsOutsideLicence":0,"startTime":"2025-11-01T03:32:41","endTime":"2025-11-01T03:40:01","timeZone":"UTC (NMEA RMC)","samplingIntervalSeconds":1.0,"timestampProvenance":"embedded-nmea-rmc","latitudeColumn":"Latitude","longitudeColumn":"Longitude","sourceFile":"hetsuu-hutul-2025-magnetic__1FFyUqASfk4qGoRm_q909QAuXOdbd4nIA__SRVY0-ACQU0_1_-10Hz_raw.csv","sourceKind":"Survey GNSS coordinate table","sourceCrs":"EPSG:4326","displayCrs":"EPSG:4326","crsVerified":true,"coverageStatus":"not_calculated","coverageNote":"Зурвасын өргөн болон шугамын алхам баталгаажаагүй тул хамрах талбайг тооцоогүй.","sourceUrl":"https://drive.google.com/file/d/1FFyUqASfk4qGoRm_q909QAuXOdbd4nIA/view","sourceAltitudeMinM":2152.0,"sourceAltitudeMaxM":2248.5,"sourceAltitudeMeanM":2212.5,"sourceAltitudeSampleCount":441,"sourceAltitudeColumn":"Altitude","sourceAltitudeReference":"source-provided GNSS/absolute altitude"},"geometry":{"type":"LineString","coordinates":[[92.40102341,46.02099047],[92.40109313,46.02123068],[92.40107875,46.02118081],[92.4024089,46.02118545],[92.4023709,46.02121114],[92.4023689,46.02148945],[92.40237565,46.02145878],[92.40237423,46.0277154],[92.40238399,46.02767739],[92.40370826,46.02767853],[92.40366073,46.02760444],[92.40367198,46.02145009]]}},{"type":"Feature","id":"hetsuu-hutul-hetsuu-hutul-2025-magnetic-hetsuuhutul2025magnetic1ffyuqasfk4qgormq909qauxodbd4niasrvy0acqu0110hzraw-004","properties":{"project":"Hetsuu hutul","projectKey":"hetsuu-hutul","area":"Хэцүү хөтөл","licence":"XV-022905","campaignId":"hetsuu-hutul-2025-magnetic","campaignLabel":"2025 Соронзон хэмжилтийн GPS зам","campaignYear":2025,"sensor":"Magnetic survey","sensorVerified":false,"gnssSource":"unverified","dataType":"survey_campaign_track","plannedActual":"actual","contextOnly":true,"trajectoryAvailable":true,"status":"confirmed_source","qaStatus":"clean","qaFlags":[],"acquisitionId":"hetsuu-hutul-2025-magnetic__1FFyUqASfk4qGoRm_q909QAuXOdbd4nIA__SRVY0-ACQU0_1_-10Hz_raw#4","segmentIndex":4,"segmentCount":8,"pointCount":411,"simplifiedPointCount":7,"pointsOutsideLicence":0,"startTime":"2025-11-01T03:57:13","endTime":"2025-11-01T04:04:03","timeZone":"UTC (NMEA RMC)","samplingIntervalSeconds":1.0,"timestampProvenance":"embedded-nmea-rmc","latitudeColumn":"Latitude","longitudeColumn":"Longitude","sourceFile":"hetsuu-hutul-2025-magnetic__1FFyUqASfk4qGoRm_q909QAuXOdbd4nIA__SRVY0-ACQU0_1_-10Hz_raw.csv","sourceKind":"Survey GNSS coordinate table","sourceCrs":"EPSG:4326","displayCrs":"EPSG:4326","crsVerified":true,"coverageStatus":"not_calculated","coverageNote":"Зурвасын өргөн болон шугамын алхам баталгаажаагүй тул хамрах талбайг тооцоогүй.","sourceUrl":"https://drive.google.com/file/d/1FFyUqASfk4qGoRm_q909QAuXOdbd4nIA/view","sourceAltitudeMinM":2194.3,"sourceAltitudeMaxM":2248.9,"sourceAltitudeMeanM":2224.09,"sourceAltitudeSampleCount":411,"sourceAltitudeColumn":"Altitude","sourceAltitudeReference":"source-provided GNSS/absolute altitude"},"geometry":{"type":"LineString","coordinates":[[92.40368944,46.02302053],[92.40367227,46.02116201],[92.40375449,46.02119441],[92.40500454,46.02119534],[92.40495992,46.02147719],[92.40496194,46.02770571],[92.40496193,46.02767969]]}},{"type":"Feature","id":"hetsuu-hutul-hetsuu-hutul-2025-magnetic-hetsuuhutul2025magnetic1ffyuqasfk4qgormq909qauxodbd4niasrvy0acqu0110hzraw-005","properties":{"project":"Hetsuu hutul","projectKey":"hetsuu-hutul","area":"Хэцүү хөтөл","licence":"XV-022905","campaignId":"hetsuu-hutul-2025-magnetic","campaignLabel":"2025 Соронзон хэмжилтийн GPS зам","campaignYear":2025,"sensor":"Magnetic survey","sensorVerified":false,"gnssSource":"unverified","dataType":"survey_campaign_track","plannedActual":"actual","contextOnly":true,"trajectoryAvailable":true,"status":"confirmed_source","qaStatus":"clean","qaFlags":[],"acquisitionId":"hetsuu-hutul-2025-magnetic__1FFyUqASfk4qGoRm_q909QAuXOdbd4nIA__SRVY0-ACQU0_1_-10Hz_raw#5","segmentIndex":5,"segmentCount":8,"pointCount":691,"simplifiedPointCount":14,"pointsOutsideLicence":0,"startTime":"2025-11-01T07:45:35","endTime":"2025-11-01T07:57:05","timeZone":"UTC (NMEA RMC)","samplingIntervalSeconds":1.0,"timestampProvenance":"embedded-nmea-rmc","latitudeColumn":"Latitude","longitudeColumn":"Longitude","sourceFile":"hetsuu-hutul-2025-magnetic__1FFyUqASfk4qGoRm_q909QAuXOdbd4nIA__SRVY0-ACQU0_1_-10Hz_raw.csv","sourceKind":"Survey GNSS coordinate table","sourceCrs":"EPSG:4326","displayCrs":"EPSG:4326","crsVerified":true,"coverageStatus":"not_calculated","coverageNote":"Зурвасын өргөн болон шугамын алхам баталгаажаагүй тул хамрах талбайг тооцоогүй.","sourceUrl":"https://drive.google.com/file/d/1FFyUqASfk4qGoRm_q909QAuXOdbd4nIA/view","sourceAltitudeMinM":2110.2,"sourceAltitudeMaxM":2240.7,"sourceAltitudeMeanM":2184.42,"sourceAltitudeSampleCount":691,"sourceAltitudeColumn":"Altitude","sourceAltitudeReference":"source-provided GNSS/absolute altitude"},"geometry":{"type":"LineString","coordinates":[[92.40504713,46.02764558],[92.4050151,46.02765709],[92.40519229,46.02762899],[92.40627049,46.02763291],[92.40622587,46.02757888],[92.40623606,46.02113333],[92.40637739,46.021168],[92.40757964,46.02117924],[92.40753712,46.02118171],[92.40753044,46.02124183],[92.4075429,46.02769314],[92.40754132,46.0276593],[92.40765017,46.02765213],[92.40886944,46.02766229]]}},{"type":"Feature","id":"hetsuu-hutul-hetsuu-hutul-2025-magnetic-hetsuuhutul2025magnetic1ffyuqasfk4qgormq909qauxodbd4niasrvy0acqu0110hzraw-006","properties":{"project":"Hetsuu hutul","projectKey":"hetsuu-hutul","area":"Хэцүү хөтөл","licence":"XV-022905","campaignId":"hetsuu-hutul-2025-magnetic","campaignLabel":"2025 Соронзон хэмжилтийн GPS зам","campaignYear":2025,"sensor":"Magnetic survey","sensorVerified":false,"gnssSource":"unverified","dataType":"survey_campaign_track","plannedActual":"actual","contextOnly":true,"trajectoryAvailable":true,"status":"confirmed_source","qaStatus":"clean","qaFlags":[],"acquisitionId":"hetsuu-hutul-2025-magnetic__1FFyUqASfk4qGoRm_q909QAuXOdbd4nIA__SRVY0-ACQU0_1_-10Hz_raw#6","segmentIndex":6,"segmentCount":8,"pointCount":678,"simplifiedPointCount":12,"pointsOutsideLicence":0,"startTime":"2025-11-01T08:10:15","endTime":"2025-11-01T08:21:32","timeZone":"UTC (NMEA RMC)","samplingIntervalSeconds":1.0,"timestampProvenance":"embedded-nmea-rmc","latitudeColumn":"Latitude","longitudeColumn":"Longitude","sourceFile":"hetsuu-hutul-2025-magnetic__1FFyUqASfk4qGoRm_q909QAuXOdbd4nIA__SRVY0-ACQU0_1_-10Hz_raw.csv","sourceKind":"Survey GNSS coordinate table","sourceCrs":"EPSG:4326","displayCrs":"EPSG:4326","crsVerified":true,"coverageStatus":"not_calculated","coverageNote":"Зурвасын өргөн болон шугамын алхам баталгаажаагүй тул хамрах талбайг тооцоогүй.","sourceUrl":"https://drive.google.com/file/d/1FFyUqASfk4qGoRm_q909QAuXOdbd4nIA/view","sourceAltitudeMinM":2066.1,"sourceAltitudeMaxM":2210.8,"sourceAltitudeMeanM":2132.27,"sourceAltitudeSampleCount":678,"sourceAltitudeColumn":"Altitude","sourceAltitudeReference":"source-provided GNSS/absolute altitude"},"geometry":{"type":"LineString","coordinates":[[92.40878905,46.02768474],[92.40883364,46.02762509],[92.40883844,46.02739601],[92.4088429,46.02116158],[92.4088427,46.02120223],[92.41017603,46.02120357],[92.41012667,46.02125077],[92.41014219,46.02136499],[92.41012314,46.02134205],[92.4101179,46.02769385],[92.41021532,46.02766354],[92.4114445,46.02766787]]}},{"type":"Feature","id":"hetsuu-hutul-hetsuu-hutul-2025-magnetic-hetsuuhutul2025magnetic1ffyuqasfk4qgormq909qauxodbd4niasrvy0acqu0110hzraw-007","properties":{"project":"Hetsuu hutul","projectKey":"hetsuu-hutul","area":"Хэцүү хөтөл","licence":"XV-022905","campaignId":"hetsuu-hutul-2025-magnetic","campaignLabel":"2025 Соронзон хэмжилтийн GPS зам","campaignYear":2025,"sensor":"Magnetic survey","sensorVerified":false,"gnssSource":"unverified","dataType":"survey_campaign_track","plannedActual":"actual","contextOnly":true,"trajectoryAvailable":true,"status":"confirmed_source","qaStatus":"clean","qaFlags":[],"acquisitionId":"hetsuu-hutul-2025-magnetic__1FFyUqASfk4qGoRm_q909QAuXOdbd4nIA__SRVY0-ACQU0_1_-10Hz_raw#7","segmentIndex":7,"segmentCount":8,"pointCount":748,"simplifiedPointCount":15,"pointsOutsideLicence":0,"startTime":"2025-11-01T08:33:15","endTime":"2025-11-01T08:45:42","timeZone":"UTC (NMEA RMC)","samplingIntervalSeconds":1.0,"timestampProvenance":"embedded-nmea-rmc","latitudeColumn":"Latitude","longitudeColumn":"Longitude","sourceFile":"hetsuu-hutul-2025-magnetic__1FFyUqASfk4qGoRm_q909QAuXOdbd4nIA__SRVY0-ACQU0_1_-10Hz_raw.csv","sourceKind":"Survey GNSS coordinate table","sourceCrs":"EPSG:4326","displayCrs":"EPSG:4326","crsVerified":true,"coverageStatus":"not_calculated","coverageNote":"Зурвасын өргөн болон шугамын алхам баталгаажаагүй тул хамрах талбайг тооцоогүй.","sourceUrl":"https://drive.google.com/file/d/1FFyUqASfk4qGoRm_q909QAuXOdbd4nIA/view","sourceAltitudeMinM":2025.2,"sourceAltitudeMaxM":2165.4,"sourceAltitudeMeanM":2092.54,"sourceAltitudeSampleCount":748,"sourceAltitudeColumn":"Altitude","sourceAltitudeReference":"source-provided GNSS/absolute altitude"},"geometry":{"type":"LineString","coordinates":[[92.41136852,46.02770124],[92.41141652,46.02764487],[92.41141313,46.02738475],[92.41142007,46.02741055],[92.41141866,46.02118865],[92.41153411,46.02121652],[92.41276975,46.02121882],[92.41272907,46.02121737],[92.4127116,46.02128466],[92.41271933,46.02771065],[92.41272585,46.02767868],[92.41281414,46.02767525],[92.41405391,46.02767888],[92.4140043,46.02764822],[92.41403945,46.02711085]]}},{"type":"Feature","id":"hetsuu-hutul-hetsuu-hutul-2025-magnetic-hetsuuhutul2025magnetic1ffyuqasfk4qgormq909qauxodbd4niasrvy0acqu0110hzraw-008","properties":{"project":"Hetsuu hutul","projectKey":"hetsuu-hutul","area":"Хэцүү хөтөл","licence":"XV-022905","campaignId":"hetsuu-hutul-2025-magnetic","campaignLabel":"2025 Соронзон хэмжилтийн GPS зам","campaignYear":2025,"sensor":"Magnetic survey","sensorVerified":false,"gnssSource":"unverified","dataType":"survey_campaign_track","plannedActual":"actual","contextOnly":true,"trajectoryAvailable":true,"status":"confirmed_source","qaStatus":"clean","qaFlags":[],"acquisitionId":"hetsuu-hutul-2025-magnetic__1FFyUqASfk4qGoRm_q909QAuXOdbd4nIA__SRVY0-ACQU0_1_-10Hz_raw#8","segmentIndex":8,"segmentCount":8,"pointCount":239,"simplifiedPointCount":3,"pointsOutsideLicence":0,"startTime":"2025-11-01T08:55:09","endTime":"2025-11-01T08:59:07","timeZone":"UTC (NMEA RMC)","samplingIntervalSeconds":1.0,"timestampProvenance":"embedded-nmea-rmc","latitudeColumn":"Latitude","longitudeColumn":"Longitude","sourceFile":"hetsuu-hutul-2025-magnetic__1FFyUqASfk4qGoRm_q909QAuXOdbd4nIA__SRVY0-ACQU0_1_-10Hz_raw.csv","sourceKind":"Survey GNSS coordinate table","sourceCrs":"EPSG:4326","displayCrs":"EPSG:4326","crsVerified":true,"coverageStatus":"not_calculated","coverageNote":"Зурвасын өргөн болон шугамын алхам баталгаажаагүй тул хамрах талбайг тооцоогүй.","sourceUrl":"https://drive.google.com/file/d/1FFyUqASfk4qGoRm_q909QAuXOdbd4nIA/view","sourceAltitudeMinM":2004.4,"sourceAltitudeMaxM":2076.9,"sourceAltitudeMeanM":2041.58,"sourceAltitudeSampleCount":239,"sourceAltitudeColumn":"Altitude","sourceAltitudeReference":"source-provided GNSS/absolute altitude"},"geometry":{"type":"LineString","coordinates":[[92.41394548,46.02716429],[92.41399534,46.02700036],[92.41399916,46.0212139]]}},{"type":"Feature","id":"hetsuu-hutul-hetsuu-hutul-2025-magnetic-hetsuuhutul2025magnetic1frwzhnk3wtfkc4u7tf5ytrl7fjea31srvy0acqu1110hzraw-001","properties":{"project":"Hetsuu hutul","projectKey":"hetsuu-hutul","area":"Хэцүү хөтөл","licence":"XV-022905","campaignId":"hetsuu-hutul-2025-magnetic","campaignLabel":"2025 Соронзон хэмжилтийн GPS зам","campaignYear":2025,"sensor":"Magnetic survey","sensorVerified":false,"gnssSource":"unverified","dataType":"survey_campaign_track","plannedActual":"actual","contextOnly":true,"trajectoryAvailable":true,"status":"confirmed_source","qaStatus":"clean","qaFlags":[],"acquisitionId":"hetsuu-hutul-2025-magnetic__1fRWzHNK3wTfKc4u7tF5YT_RL7FjEa3_1__SRVY0-ACQU1_1_-10Hz_raw#1","segmentIndex":1,"segmentCount":4,"pointCount":956,"simplifiedPointCount":13,"pointsOutsideLicence":0,"startTime":"2025-10-31T06:46:55","endTime":"2025-10-31T07:02:50","timeZone":"UTC (NMEA RMC)","samplingIntervalSeconds":1.0,"timestampProvenance":"embedded-nmea-rmc","latitudeColumn":"Latitude","longitudeColumn":"Longitude","sourceFile":"hetsuu-hutul-2025-magnetic__1fRWzHNK3wTfKc4u7tF5YT_RL7FjEa3_1__SRVY0-ACQU1_1_-10Hz_raw.csv","sourceKind":"Survey GNSS coordinate table","sourceCrs":"EPSG:4326","displayCrs":"EPSG:4326","crsVerified":true,"coverageStatus":"not_calculated","coverageNote":"Зурвасын өргөн болон шугамын алхам баталгаажаагүй тул хамрах талбайг тооцоогүй.","sourceUrl":"https://drive.google.com/file/d/1fRWzHNK3wTfKc4u7tF5YT_RL7FjEa3_1/view","sourceAltitudeMinM":2086.3,"sourceAltitudeMaxM":2265.9,"sourceAltitudeMeanM":2197.89,"sourceAltitudeSampleCount":956,"sourceAltitudeColumn":"Altitude","sourceAltitudeReference":"source-provided GNSS/absolute altitude"},"geometry":{"type":"LineString","coordinates":[[92.39468553,46.02853938],[92.39467625,46.0212444],[92.39468028,46.02147041],[92.39467673,46.0212475],[92.39467585,46.021273],[92.39477806,46.02127942],[92.39554361,46.02127442],[92.39545502,46.02126995],[92.3958042,46.0212323],[92.3954346,46.02127416],[92.39601742,46.02126196],[92.39595254,46.02126873],[92.39597437,46.02757258]]}},{"type":"Feature","id":"hetsuu-hutul-hetsuu-hutul-2025-magnetic-hetsuuhutul2025magnetic1frwzhnk3wtfkc4u7tf5ytrl7fjea31srvy0acqu1110hzraw-002","properties":{"project":"Hetsuu hutul","projectKey":"hetsuu-hutul","area":"Хэцүү хөтөл","licence":"XV-022905","campaignId":"hetsuu-hutul-2025-magnetic","campaignLabel":"2025 Соронзон хэмжилтийн GPS зам","campaignYear":2025,"sensor":"Magnetic survey","sensorVerified":false,"gnssSource":"unverified","dataType":"survey_campaign_track","plannedActual":"actual","contextOnly":true,"trajectoryAvailable":true,"status":"confirmed_source","qaStatus":"clean","qaFlags":[],"acquisitionId":"hetsuu-hutul-2025-magnetic__1fRWzHNK3wTfKc4u7tF5YT_RL7FjEa3_1__SRVY0-ACQU1_1_-10Hz_raw#2","segmentIndex":2,"segmentCount":4,"pointCount":867,"simplifiedPointCount":8,"pointsOutsideLicence":0,"startTime":"2025-10-31T07:16:35","endTime":"2025-10-31T07:31:07","timeZone":"UTC (NMEA RMC)","samplingIntervalSeconds":1.0,"timestampProvenance":"embedded-nmea-rmc","latitudeColumn":"Latitude","longitudeColumn":"Longitude","sourceFile":"hetsuu-hutul-2025-magnetic__1fRWzHNK3wTfKc4u7tF5YT_RL7FjEa3_1__SRVY0-ACQU1_1_-10Hz_raw.csv","sourceKind":"Survey GNSS coordinate table","sourceCrs":"EPSG:4326","displayCrs":"EPSG:4326","crsVerified":true,"coverageStatus":"not_calculated","coverageNote":"Зурвасын өргөн болон шугамын алхам баталгаажаагүй тул хамрах талбайг тооцоогүй.","sourceUrl":"https://drive.google.com/file/d/1fRWzHNK3wTfKc4u7tF5YT_RL7FjEa3_1/view","sourceAltitudeMinM":1986.3,"sourceAltitudeMaxM":2260.4,"sourceAltitudeMeanM":2126.14,"sourceAltitudeSampleCount":867,"sourceAltitudeColumn":"Altitude","sourceAltitudeReference":"source-provided GNSS/absolute altitude"},"geometry":{"type":"LineString","coordinates":[[92.39602506,46.02564682],[92.39597444,46.02592689],[92.39597358,46.03258967],[92.39605003,46.03255747],[92.39601568,46.03257026],[92.39730641,46.03256429],[92.39725872,46.03256622],[92.39727047,46.02591985]]}},{"type":"Feature","id":"hetsuu-hutul-hetsuu-hutul-2025-magnetic-hetsuuhutul2025magnetic1frwzhnk3wtfkc4u7tf5ytrl7fjea31srvy0acqu1110hzraw-003","properties":{"project":"Hetsuu hutul","projectKey":"hetsuu-hutul","area":"Хэцүү хөтөл","licence":"XV-022905","campaignId":"hetsuu-hutul-2025-magnetic","campaignLabel":"2025 Соронзон хэмжилтийн GPS зам","campaignYear":2025,"sensor":"Magnetic survey","sensorVerified":false,"gnssSource":"unverified","dataType":"survey_campaign_track","plannedActual":"actual","contextOnly":true,"trajectoryAvailable":true,"status":"confirmed_source","qaStatus":"clean","qaFlags":[],"acquisitionId":"hetsuu-hutul-2025-magnetic__1fRWzHNK3wTfKc4u7tF5YT_RL7FjEa3_1__SRVY0-ACQU1_1_-10Hz_raw#3","segmentIndex":3,"segmentCount":4,"pointCount":790,"simplifiedPointCount":9,"pointsOutsideLicence":0,"startTime":"2025-10-31T07:46:50","endTime":"2025-10-31T07:59:59","timeZone":"UTC (NMEA RMC)","samplingIntervalSeconds":1.0,"timestampProvenance":"embedded-nmea-rmc","latitudeColumn":"Latitude","longitudeColumn":"Longitude","sourceFile":"hetsuu-hutul-2025-magnetic__1fRWzHNK3wTfKc4u7tF5YT_RL7FjEa3_1__SRVY0-ACQU1_1_-10Hz_raw.csv","sourceKind":"Survey GNSS coordinate table","sourceCrs":"EPSG:4326","displayCrs":"EPSG:4326","crsVerified":true,"coverageStatus":"not_calculated","coverageNote":"Зурвасын өргөн болон шугамын алхам баталгаажаагүй тул хамрах талбайг тооцоогүй.","sourceUrl":"https://drive.google.com/file/d/1fRWzHNK3wTfKc4u7tF5YT_RL7FjEa3_1/view","sourceAltitudeMinM":2160.2,"sourceAltitudeMaxM":2249.6,"sourceAltitudeMeanM":2201.78,"sourceAltitudeSampleCount":790,"sourceAltitudeColumn":"Altitude","sourceAltitudeReference":"source-provided GNSS/absolute altitude"},"geometry":{"type":"LineString","coordinates":[[92.39727012,46.02588457],[92.39726318,46.0212317],[92.39845601,46.02123844],[92.39721932,46.02124461],[92.39859166,46.02124026],[92.39719694,46.02124809],[92.39858926,46.0212411],[92.39854965,46.02123991],[92.39854988,46.02151989]]}},{"type":"Feature","id":"hetsuu-hutul-hetsuu-hutul-2025-magnetic-hetsuuhutul2025magnetic1frwzhnk3wtfkc4u7tf5ytrl7fjea31srvy0acqu1110hzraw-004","properties":{"project":"Hetsuu hutul","projectKey":"hetsuu-hutul","area":"Хэцүү хөтөл","licence":"XV-022905","campaignId":"hetsuu-hutul-2025-magnetic","campaignLabel":"2025 Соронзон хэмжилтийн GPS зам","campaignYear":2025,"sensor":"Magnetic survey","sensorVerified":false,"gnssSource":"unverified","dataType":"survey_campaign_track","plannedActual":"actual","contextOnly":true,"trajectoryAvailable":true,"status":"confirmed_source","qaStatus":"clean","qaFlags":[],"acquisitionId":"hetsuu-hutul-2025-magnetic__1fRWzHNK3wTfKc4u7tF5YT_RL7FjEa3_1__SRVY0-ACQU1_1_-10Hz_raw#4","segmentIndex":4,"segmentCount":4,"pointCount":842,"simplifiedPointCount":9,"pointsOutsideLicence":0,"startTime":"2025-10-31T08:13:45","endTime":"2025-10-31T08:27:50","timeZone":"UTC (NMEA RMC)","samplingIntervalSeconds":1.0,"timestampProvenance":"embedded-nmea-rmc","latitudeColumn":"Latitude","longitudeColumn":"Longitude","sourceFile":"hetsuu-hutul-2025-magnetic__1fRWzHNK3wTfKc4u7tF5YT_RL7FjEa3_1__SRVY0-ACQU1_1_-10Hz_raw.csv","sourceKind":"Survey GNSS coordinate table","sourceCrs":"EPSG:4326","displayCrs":"EPSG:4326","crsVerified":true,"coverageStatus":"not_calculated","coverageNote":"Зурвасын өргөн болон шугамын алхам баталгаажаагүй тул хамрах талбайг тооцоогүй.","sourceUrl":"https://drive.google.com/file/d/1fRWzHNK3wTfKc4u7tF5YT_RL7FjEa3_1/view","sourceAltitudeMinM":2115.4,"sourceAltitudeMaxM":2236.8,"sourceAltitudeMeanM":2206.81,"sourceAltitudeSampleCount":842,"sourceAltitudeColumn":"Altitude","sourceAltitudeReference":"source-provided GNSS/absolute altitude"},"geometry":{"type":"LineString","coordinates":[[92.3972714,46.02122476],[92.39725051,46.02124931],[92.39859404,46.02123088],[92.39854004,46.02126556],[92.39859276,46.02196525],[92.39851199,46.02295939],[92.3985792,46.02368752],[92.39849935,46.02934185],[92.39854998,46.02984851]]}},{"type":"Feature","id":"hetsuu-hutul-hetsuu-hutul-2025-magnetic-hetsuuhutul2025magnetic1fyedztivwqffyigaptxvxa2dlssnglysrvy0acqu210hzraw-001","properties":{"project":"Hetsuu hutul","projectKey":"hetsuu-hutul","area":"Хэцүү хөтөл","licence":"XV-022905","campaignId":"hetsuu-hutul-2025-magnetic","campaignLabel":"2025 Соронзон хэмжилтийн GPS зам","campaignYear":2025,"sensor":"Magnetic survey","sensorVerified":false,"gnssSource":"unverified","dataType":"survey_campaign_track","plannedActual":"actual","contextOnly":true,"trajectoryAvailable":true,"status":"confirmed_source","qaStatus":"clean","qaFlags":[],"acquisitionId":"hetsuu-hutul-2025-magnetic__1fyeDZtivwqFFyIgapTXvXA2D_LSsNglY__SRVY0-ACQU2-10Hz_raw#1","segmentIndex":1,"segmentCount":4,"pointCount":1210,"simplifiedPointCount":12,"pointsOutsideLicence":0,"startTime":"2025-10-20T03:17:46","endTime":"2025-10-20T03:37:55","timeZone":"UTC (NMEA RMC)","samplingIntervalSeconds":1.0,"timestampProvenance":"embedded-nmea-rmc","latitudeColumn":"Latitude","longitudeColumn":"Longitude","sourceFile":"hetsuu-hutul-2025-magnetic__1fyeDZtivwqFFyIgapTXvXA2D_LSsNglY__SRVY0-ACQU2-10Hz_raw.csv","sourceKind":"Survey GNSS coordinate table","sourceCrs":"EPSG:4326","displayCrs":"EPSG:4326","crsVerified":true,"coverageStatus":"not_calculated","coverageNote":"Зурвасын өргөн болон шугамын алхам баталгаажаагүй тул хамрах талбайг тооцоогүй.","sourceUrl":"https://drive.google.com/file/d/1fyeDZtivwqFFyIgapTXvXA2D_LSsNglY/view","sourceAltitudeMinM":1726.6,"sourceAltitudeMaxM":1939.7,"sourceAltitudeMeanM":1832.14,"sourceAltitudeSampleCount":1210,"sourceAltitudeColumn":"Altitude","sourceAltitudeReference":"source-provided GNSS/absolute altitude"},"geometry":{"type":"LineString","coordinates":[[92.33741238,46.02086719],[92.33738743,46.02085074],[92.34751945,46.01749222],[92.34748151,46.01750956],[92.34751882,46.0175394],[92.34752045,46.01811893],[92.34749721,46.02743205],[92.34883295,46.02743617],[92.34878128,46.02735425],[92.34878446,46.01757328],[92.33736226,46.02086328],[92.33740387,46.02084824]]}},{"type":"Feature","id":"hetsuu-hutul-hetsuu-hutul-2025-magnetic-hetsuuhutul2025magnetic1fyedztivwqffyigaptxvxa2dlssnglysrvy0acqu210hzraw-002","properties":{"project":"Hetsuu hutul","projectKey":"hetsuu-hutul","area":"Хэцүү хөтөл","licence":"XV-022905","campaignId":"hetsuu-hutul-2025-magnetic","campaignLabel":"2025 Соронзон хэмжилтийн GPS зам","campaignYear":2025,"sensor":"Magnetic survey","sensorVerified":false,"gnssSource":"unverified","dataType":"survey_campaign_track","plannedActual":"actual","contextOnly":true,"trajectoryAvailable":true,"status":"confirmed_source","qaStatus":"clean","qaFlags":[],"acquisitionId":"hetsuu-hutul-2025-magnetic__1fyeDZtivwqFFyIgapTXvXA2D_LSsNglY__SRVY0-ACQU2-10Hz_raw#2","segmentIndex":2,"segmentCount":4,"pointCount":1285,"simplifiedPointCount":15,"pointsOutsideLicence":0,"startTime":"2025-10-20T03:39:55","endTime":"2025-10-20T04:01:27","timeZone":"UTC (NMEA RMC)","samplingIntervalSeconds":1.0,"timestampProvenance":"embedded-nmea-rmc","latitudeColumn":"Latitude","longitudeColumn":"Longitude","sourceFile":"hetsuu-hutul-2025-magnetic__1fyeDZtivwqFFyIgapTXvXA2D_LSsNglY__SRVY0-ACQU2-10Hz_raw.csv","sourceKind":"Survey GNSS coordinate table","sourceCrs":"EPSG:4326","displayCrs":"EPSG:4326","crsVerified":true,"coverageStatus":"not_calculated","coverageNote":"Зурвасын өргөн болон шугамын алхам баталгаажаагүй тул хамрах талбайг тооцоогүй.","sourceUrl":"https://drive.google.com/file/d/1fyeDZtivwqFFyIgapTXvXA2D_LSsNglY/view","sourceAltitudeMinM":1716.3,"sourceAltitudeMaxM":1958.0,"sourceAltitudeMeanM":1847.7,"sourceAltitudeSampleCount":1285,"sourceAltitudeColumn":"Altitude","sourceAltitudeReference":"source-provided GNSS/absolute altitude"},"geometry":{"type":"LineString","coordinates":[[92.33740872,46.02086052],[92.33738908,46.02083888],[92.34880901,46.01755377],[92.34878622,46.01757611],[92.34877743,46.0141303],[92.34889576,46.01415843],[92.35008781,46.01414643],[92.35007169,46.02745391],[92.35141585,46.02745998],[92.35137025,46.02745342],[92.35136288,46.02738389],[92.35137659,46.02333353],[92.34498678,46.02226797],[92.33909519,46.02121469],[92.33740217,46.02086771]]}},{"type":"Feature","id":"hetsuu-hutul-hetsuu-hutul-2025-magnetic-hetsuuhutul2025magnetic1fyedztivwqffyigaptxvxa2dlssnglysrvy0acqu210hzraw-003","properties":{"project":"Hetsuu hutul","projectKey":"hetsuu-hutul","area":"Хэцүү хөтөл","licence":"XV-022905","campaignId":"hetsuu-hutul-2025-magnetic","campaignLabel":"2025 Соронзон хэмжилтийн GPS зам","campaignYear":2025,"sensor":"Magnetic survey","sensorVerified":false,"gnssSource":"unverified","dataType":"survey_campaign_track","plannedActual":"actual","contextOnly":true,"trajectoryAvailable":true,"status":"confirmed_source","qaStatus":"clean","qaFlags":[],"acquisitionId":"hetsuu-hutul-2025-magnetic__1fyeDZtivwqFFyIgapTXvXA2D_LSsNglY__SRVY0-ACQU2-10Hz_raw#3","segmentIndex":3,"segmentCount":4,"pointCount":1162,"simplifiedPointCount":14,"pointsOutsideLicence":0,"startTime":"2025-10-20T04:03:12","endTime":"2025-10-20T04:22:39","timeZone":"UTC (NMEA RMC)","samplingIntervalSeconds":1.0,"timestampProvenance":"embedded-nmea-rmc","latitudeColumn":"Latitude","longitudeColumn":"Longitude","sourceFile":"hetsuu-hutul-2025-magnetic__1fyeDZtivwqFFyIgapTXvXA2D_LSsNglY__SRVY0-ACQU2-10Hz_raw.csv","sourceKind":"Survey GNSS coordinate table","sourceCrs":"EPSG:4326","displayCrs":"EPSG:4326","crsVerified":true,"coverageStatus":"not_calculated","coverageNote":"Зурвасын өргөн болон шугамын алхам баталгаажаагүй тул хамрах талбайг тооцоогүй.","sourceUrl":"https://drive.google.com/file/d/1fyeDZtivwqFFyIgapTXvXA2D_LSsNglY/view","sourceAltitudeMinM":1714.2,"sourceAltitudeMaxM":1902.1,"sourceAltitudeMeanM":1814.37,"sourceAltitudeSampleCount":1162,"sourceAltitudeColumn":"Altitude","sourceAltitudeReference":"source-provided GNSS/absolute altitude"},"geometry":{"type":"LineString","coordinates":[[92.33741972,46.02088302],[92.3373956,46.02086706],[92.35144265,46.02335748],[92.35137752,46.02329725],[92.35136415,46.02177282],[92.35135748,46.02180269],[92.35137628,46.01413552],[92.35150828,46.01416167],[92.35271037,46.01414849],[92.35266709,46.01416342],[92.35266365,46.0145108],[92.3526753,46.02158218],[92.35266941,46.02154668],[92.33741236,46.02087106]]}},{"type":"Feature","id":"hetsuu-hutul-hetsuu-hutul-2025-magnetic-hetsuuhutul2025magnetic1fyedztivwqffyigaptxvxa2dlssnglysrvy0acqu210hzraw-004","properties":{"project":"Hetsuu hutul","projectKey":"hetsuu-hutul","area":"Хэцүү хөтөл","licence":"XV-022905","campaignId":"hetsuu-hutul-2025-magnetic","campaignLabel":"2025 Соронзон хэмжилтийн GPS зам","campaignYear":2025,"sensor":"Magnetic survey","sensorVerified":false,"gnssSource":"unverified","dataType":"survey_campaign_track","plannedActual":"actual","contextOnly":true,"trajectoryAvailable":true,"status":"confirmed_source","qaStatus":"clean","qaFlags":[],"acquisitionId":"hetsuu-hutul-2025-magnetic__1fyeDZtivwqFFyIgapTXvXA2D_LSsNglY__SRVY0-ACQU2-10Hz_raw#4","segmentIndex":4,"segmentCount":4,"pointCount":1382,"simplifiedPointCount":20,"pointsOutsideLicence":0,"startTime":"2025-10-20T04:25:30","endTime":"2025-10-20T04:48:45","timeZone":"UTC (NMEA RMC)","samplingIntervalSeconds":1.0,"timestampProvenance":"embedded-nmea-rmc","latitudeColumn":"Latitude","longitudeColumn":"Longitude","sourceFile":"hetsuu-hutul-2025-magnetic__1fyeDZtivwqFFyIgapTXvXA2D_LSsNglY__SRVY0-ACQU2-10Hz_raw.csv","sourceKind":"Survey GNSS coordinate table","sourceCrs":"EPSG:4326","displayCrs":"EPSG:4326","crsVerified":true,"coverageStatus":"not_calculated","coverageNote":"Зурвасын өргөн болон шугамын алхам баталгаажаагүй тул хамрах талбайг тооцоогүй.","sourceUrl":"https://drive.google.com/file/d/1fyeDZtivwqFFyIgapTXvXA2D_LSsNglY/view","sourceAltitudeMinM":1721.8,"sourceAltitudeMaxM":1953.9,"sourceAltitudeMeanM":1855.93,"sourceAltitudeSampleCount":1382,"sourceAltitudeColumn":"Altitude","sourceAltitudeReference":"source-provided GNSS/absolute altitude"},"geometry":{"type":"LineString","coordinates":[[92.33742572,46.02089302],[92.33740805,46.02087182],[92.34365576,46.02115431],[92.34508137,46.02140668],[92.34924916,46.02165715],[92.35029715,46.02165569],[92.35122177,46.0216067],[92.35246995,46.02148124],[92.35270205,46.02157001],[92.35267755,46.02155403],[92.35266984,46.02751722],[92.35274735,46.02744608],[92.35380237,46.02749318],[92.35379736,46.02722458],[92.35268785,46.02747026],[92.35383061,46.02749763],[92.35378686,46.02749186],[92.35379062,46.01582577],[92.35378638,46.01585546],[92.33740261,46.02087341]]}},{"type":"Feature","id":"hetsuu-hutul-hetsuu-hutul-2025-magnetic-hetsuuhutul2025magnetic1gmxsdpjqwsq91btpbuawfmcjzpd0ydosrvy0acqu01110hz-001","properties":{"project":"Hetsuu hutul","projectKey":"hetsuu-hutul","area":"Хэцүү хөтөл","licence":"XV-022905","campaignId":"hetsuu-hutul-2025-magnetic","campaignLabel":"2025 Соронзон хэмжилтийн GPS зам","campaignYear":2025,"sensor":"Magnetic survey","sensorVerified":false,"gnssSource":"unverified","dataType":"survey_campaign_track","plannedActual":"actual","contextOnly":true,"trajectoryAvailable":true,"status":"confirmed_source","qaStatus":"review_required","qaFlags":["INVALID_ROWS_DROPPED"],"acquisitionId":"hetsuu-hutul-2025-magnetic__1GMxSDpJqWsq9-1bTpbUAwFMcJzpD0YdO__SRVY0-ACQU0_11_-10Hz#1","segmentIndex":1,"segmentCount":8,"pointCount":14128,"simplifiedPointCount":13,"pointsOutsideLicence":0,"startTime":"2025-11-01T02:35:19.300000","endTime":"2025-11-01T02:59:37.700000","timeZone":"unverified","samplingIntervalSeconds":0.1,"timestampProvenance":"source-date+time-columns","latitudeColumn":"Latitude","longitudeColumn":"Longitude","sourceFile":"hetsuu-hutul-2025-magnetic__1GMxSDpJqWsq9-1bTpbUAwFMcJzpD0YdO__SRVY0-ACQU0_11_-10Hz.csv","sourceKind":"Survey GNSS coordinate table","sourceCrs":"EPSG:4326","displayCrs":"EPSG:4326","crsVerified":true,"coverageStatus":"not_calculated","coverageNote":"Зурвасын өргөн болон шугамын алхам баталгаажаагүй тул хамрах талбайг тооцоогүй.","sourceUrl":"https://drive.google.com/file/d/1GMxSDpJqWsq9-1bTpbUAwFMcJzpD0YdO/view","sourceAltitudeMinM":1564.3,"sourceAltitudeMaxM":2242.6,"sourceAltitudeMeanM":1999.6,"sourceAltitudeSampleCount":1420,"sourceAltitudeColumn":"Altitude","sourceAltitudeReference":"source-provided GNSS/absolute altitude"},"geometry":{"type":"LineString","coordinates":[[92.39355155,45.99499252],[92.399844,46.02118589],[92.39977543,46.02168918],[92.39978819,46.02165735],[92.39977845,46.02769983],[92.39979266,46.02767086],[92.39989054,46.02766715],[92.40111804,46.02767304],[92.40106973,46.02767147],[92.40106433,46.02758703],[92.40108276,46.02532775],[92.39378945,45.99662161],[92.39354793,45.99501124]]}},{"type":"Feature","id":"hetsuu-hutul-hetsuu-hutul-2025-magnetic-hetsuuhutul2025magnetic1gmxsdpjqwsq91btpbuawfmcjzpd0ydosrvy0acqu01110hz-002","properties":{"project":"Hetsuu hutul","projectKey":"hetsuu-hutul","area":"Хэцүү хөтөл","licence":"XV-022905","campaignId":"hetsuu-hutul-2025-magnetic","campaignLabel":"2025 Соронзон хэмжилтийн GPS зам","campaignYear":2025,"sensor":"Magnetic survey","sensorVerified":false,"gnssSource":"unverified","dataType":"survey_campaign_track","plannedActual":"actual","contextOnly":true,"trajectoryAvailable":true,"status":"confirmed_source","qaStatus":"review_required","qaFlags":["INVALID_ROWS_DROPPED"],"acquisitionId":"hetsuu-hutul-2025-magnetic__1GMxSDpJqWsq9-1bTpbUAwFMcJzpD0YdO__SRVY0-ACQU0_11_-10Hz#2","segmentIndex":2,"segmentCount":8,"pointCount":11592,"simplifiedPointCount":6,"pointsOutsideLicence":0,"startTime":"2025-11-01T03:03:26.300000","endTime":"2025-11-01T03:23:41.700000","timeZone":"unverified","samplingIntervalSeconds":0.1,"timestampProvenance":"source-date+time-columns","latitudeColumn":"Latitude","longitudeColumn":"Longitude","sourceFile":"hetsuu-hutul-2025-magnetic__1GMxSDpJqWsq9-1bTpbUAwFMcJzpD0YdO__SRVY0-ACQU0_11_-10Hz.csv","sourceKind":"Survey GNSS coordinate table","sourceCrs":"EPSG:4326","displayCrs":"EPSG:4326","crsVerified":true,"coverageStatus":"not_calculated","coverageNote":"Зурвасын өргөн болон шугамын алхам баталгаажаагүй тул хамрах талбайг тооцоогүй.","sourceUrl":"https://drive.google.com/file/d/1GMxSDpJqWsq9-1bTpbUAwFMcJzpD0YdO/view","sourceAltitudeMinM":1563.9,"sourceAltitudeMaxM":2173.2,"sourceAltitudeMeanM":1970.55,"sourceAltitudeSampleCount":1161,"sourceAltitudeColumn":"Altitude","sourceAltitudeReference":"source-provided GNSS/absolute altitude"},"geometry":{"type":"LineString","coordinates":[[92.3935476,45.99500936],[92.39583721,46.00467908],[92.40109172,46.0254064],[92.40109033,46.02115369],[92.39619767,46.00488732],[92.39355058,45.99503938]]}},{"type":"Feature","id":"hetsuu-hutul-hetsuu-hutul-2025-magnetic-hetsuuhutul2025magnetic1gmxsdpjqwsq91btpbuawfmcjzpd0ydosrvy0acqu01110hz-003","properties":{"project":"Hetsuu hutul","projectKey":"hetsuu-hutul","area":"Хэцүү хөтөл","licence":"XV-022905","campaignId":"hetsuu-hutul-2025-magnetic","campaignLabel":"2025 Соронзон хэмжилтийн GPS зам","campaignYear":2025,"sensor":"Magnetic survey","sensorVerified":false,"gnssSource":"unverified","dataType":"survey_campaign_track","plannedActual":"actual","contextOnly":true,"trajectoryAvailable":true,"status":"confirmed_source","qaStatus":"review_required","qaFlags":["INVALID_ROWS_DROPPED"],"acquisitionId":"hetsuu-hutul-2025-magnetic__1GMxSDpJqWsq9-1bTpbUAwFMcJzpD0YdO__SRVY0-ACQU0_11_-10Hz#3","segmentIndex":3,"segmentCount":8,"pointCount":12870,"simplifiedPointCount":22,"pointsOutsideLicence":0,"startTime":"2025-11-01T03:28:04.300000","endTime":"2025-11-01T03:50:04.700000","timeZone":"unverified","samplingIntervalSeconds":0.1,"timestampProvenance":"source-date+time-columns","latitudeColumn":"Latitude","longitudeColumn":"Longitude","sourceFile":"hetsuu-hutul-2025-magnetic__1GMxSDpJqWsq9-1bTpbUAwFMcJzpD0YdO__SRVY0-ACQU0_11_-10Hz.csv","sourceKind":"Survey GNSS coordinate table","sourceCrs":"EPSG:4326","displayCrs":"EPSG:4326","crsVerified":true,"coverageStatus":"not_calculated","coverageNote":"Зурвасын өргөн болон шугамын алхам баталгаажаагүй тул хамрах талбайг тооцоогүй.","sourceUrl":"https://drive.google.com/file/d/1GMxSDpJqWsq9-1bTpbUAwFMcJzpD0YdO/view","sourceAltitudeMinM":1564.1,"sourceAltitudeMaxM":2248.5,"sourceAltitudeMeanM":2040.65,"sourceAltitudeSampleCount":1289,"sourceAltitudeColumn":"Altitude","sourceAltitudeReference":"source-provided GNSS/absolute altitude"},"geometry":{"type":"LineString","coordinates":[[92.39355505,45.99502902],[92.39439285,45.99820159],[92.39803824,46.01092824],[92.40108116,46.02122554],[92.40107875,46.02118081],[92.40240946,46.02118677],[92.4023709,46.02121114],[92.40236821,46.02148579],[92.40237565,46.02145878],[92.40237423,46.0277154],[92.40238399,46.02767739],[92.40370557,46.02768092],[92.40366073,46.02760444],[92.40367092,46.02143015],[92.40367835,46.02146392],[92.40186966,46.01458848],[92.40157293,46.01329758],[92.40132639,46.00944821],[92.40125414,46.00928165],[92.4009693,46.00890172],[92.39456245,45.99753934],[92.39353586,45.99505452]]}},{"type":"Feature","id":"hetsuu-hutul-hetsuu-hutul-2025-magnetic-hetsuuhutul2025magnetic1gmxsdpjqwsq91btpbuawfmcjzpd0ydosrvy0acqu01110hz-004","properties":{"project":"Hetsuu hutul","projectKey":"hetsuu-hutul","area":"Хэцүү хөтөл","licence":"XV-022905","campaignId":"hetsuu-hutul-2025-magnetic","campaignLabel":"2025 Соронзон хэмжилтийн GPS зам","campaignYear":2025,"sensor":"Magnetic survey","sensorVerified":false,"gnssSource":"unverified","dataType":"survey_campaign_track","plannedActual":"actual","contextOnly":true,"trajectoryAvailable":true,"status":"confirmed_source","qaStatus":"review_required","qaFlags":["INVALID_ROWS_DROPPED"],"acquisitionId":"hetsuu-hutul-2025-magnetic__1GMxSDpJqWsq9-1bTpbUAwFMcJzpD0YdO__SRVY0-ACQU0_11_-10Hz#4","segmentIndex":4,"segmentCount":8,"pointCount":13908,"simplifiedPointCount":18,"pointsOutsideLicence":0,"startTime":"2025-11-01T03:52:34.300000","endTime":"2025-11-01T04:18:16.700000","timeZone":"unverified","samplingIntervalSeconds":0.1,"timestampProvenance":"source-date+time-columns","latitudeColumn":"Latitude","longitudeColumn":"Longitude","sourceFile":"hetsuu-hutul-2025-magnetic__1GMxSDpJqWsq9-1bTpbUAwFMcJzpD0YdO__SRVY0-ACQU0_11_-10Hz.csv","sourceKind":"Survey GNSS coordinate table","sourceCrs":"EPSG:4326","displayCrs":"EPSG:4326","crsVerified":true,"coverageStatus":"not_calculated","coverageNote":"Зурвасын өргөн болон шугамын алхам баталгаажаагүй тул хамрах талбайг тооцоогүй.","sourceUrl":"https://drive.google.com/file/d/1GMxSDpJqWsq9-1bTpbUAwFMcJzpD0YdO/view","sourceAltitudeMinM":1563.2,"sourceAltitudeMaxM":2258.0,"sourceAltitudeMeanM":2022.99,"sourceAltitudeSampleCount":1395,"sourceAltitudeColumn":"Altitude","sourceAltitudeReference":"source-provided GNSS/absolute altitude"},"geometry":{"type":"LineString","coordinates":[[92.39354488,45.99503519],[92.39512616,45.99941182],[92.4002847,46.0130665],[92.40368269,46.02302777],[92.40366671,46.02116524],[92.40375449,46.02119441],[92.40500454,46.02119534],[92.40495789,46.02147344],[92.40495573,46.02770445],[92.40496193,46.02767969],[92.40517646,46.02767805],[92.40516245,46.02710434],[92.40267928,46.02284831],[92.39954162,46.01424658],[92.39848871,46.00927311],[92.39421455,45.99814112],[92.39384588,45.99536874],[92.39353917,45.99503736]]}},{"type":"Feature","id":"hetsuu-hutul-hetsuu-hutul-2025-magnetic-hetsuuhutul2025magnetic1gmxsdpjqwsq91btpbuawfmcjzpd0ydosrvy0acqu01110hz-005","properties":{"project":"Hetsuu hutul","projectKey":"hetsuu-hutul","area":"Хэцүү хөтөл","licence":"XV-022905","campaignId":"hetsuu-hutul-2025-magnetic","campaignLabel":"2025 Соронзон хэмжилтийн GPS зам","campaignYear":2025,"sensor":"Magnetic survey","sensorVerified":false,"gnssSource":"unverified","dataType":"survey_campaign_track","plannedActual":"actual","contextOnly":true,"trajectoryAvailable":true,"status":"confirmed_source","qaStatus":"review_required","qaFlags":["INVALID_ROWS_DROPPED"],"acquisitionId":"hetsuu-hutul-2025-magnetic__1GMxSDpJqWsq9-1bTpbUAwFMcJzpD0YdO__SRVY0-ACQU0_11_-10Hz#5","segmentIndex":5,"segmentCount":8,"pointCount":13482,"simplifiedPointCount":22,"pointsOutsideLicence":0,"startTime":"2025-11-01T07:40:12.300000","endTime":"2025-11-01T08:02:52.700000","timeZone":"unverified","samplingIntervalSeconds":0.1,"timestampProvenance":"source-date+time-columns","latitudeColumn":"Latitude","longitudeColumn":"Longitude","sourceFile":"hetsuu-hutul-2025-magnetic__1GMxSDpJqWsq9-1bTpbUAwFMcJzpD0YdO__SRVY0-ACQU0_11_-10Hz.csv","sourceKind":"Survey GNSS coordinate table","sourceCrs":"EPSG:4326","displayCrs":"EPSG:4326","crsVerified":true,"coverageStatus":"not_calculated","coverageNote":"Зурвасын өргөн болон шугамын алхам баталгаажаагүй тул хамрах талбайг тооцоогүй.","sourceUrl":"https://drive.google.com/file/d/1GMxSDpJqWsq9-1bTpbUAwFMcJzpD0YdO/view","sourceAltitudeMinM":1815.1,"sourceAltitudeMaxM":2241.6,"sourceAltitudeMeanM":2134.26,"sourceAltitudeSampleCount":1349,"sourceAltitudeColumn":"Altitude","sourceAltitudeReference":"source-provided GNSS/absolute altitude"},"geometry":{"type":"LineString","coordinates":[[92.4288266,46.01817769],[92.42883264,46.0182078],[92.4050151,46.02765709],[92.40519229,46.02762899],[92.40627057,46.02763378],[92.40622335,46.02756803],[92.40623229,46.0275994],[92.40623408,46.0211341],[92.40662709,46.02117745],[92.40757964,46.02117924],[92.40753712,46.02118171],[92.40753044,46.02124183],[92.40753749,46.02768725],[92.40754132,46.0276593],[92.40765017,46.02765213],[92.40886944,46.02766229],[92.4093563,46.02750053],[92.41006777,46.02706659],[92.42089642,46.02209431],[92.42522702,46.02006715],[92.42885108,46.01822114],[92.42881886,46.01822904]]}},{"type":"Feature","id":"hetsuu-hutul-hetsuu-hutul-2025-magnetic-hetsuuhutul2025magnetic1gmxsdpjqwsq91btpbuawfmcjzpd0ydosrvy0acqu01110hz-006","properties":{"project":"Hetsuu hutul","projectKey":"hetsuu-hutul","area":"Хэцүү хөтөл","licence":"XV-022905","campaignId":"hetsuu-hutul-2025-magnetic","campaignLabel":"2025 Соронзон хэмжилтийн GPS зам","campaignYear":2025,"sensor":"Magnetic survey","sensorVerified":false,"gnssSource":"unverified","dataType":"survey_campaign_track","plannedActual":"actual","contextOnly":true,"trajectoryAvailable":true,"status":"confirmed_source","qaStatus":"review_required","qaFlags":["INVALID_ROWS_DROPPED"],"acquisitionId":"hetsuu-hutul-2025-magnetic__1GMxSDpJqWsq9-1bTpbUAwFMcJzpD0YdO__SRVY0-ACQU0_11_-10Hz#6","segmentIndex":6,"segmentCount":8,"pointCount":12882,"simplifiedPointCount":18,"pointsOutsideLicence":0,"startTime":"2025-11-01T08:05:30.300000","endTime":"2025-11-01T08:27:14.700000","timeZone":"unverified","samplingIntervalSeconds":0.1,"timestampProvenance":"source-date+time-columns","latitudeColumn":"Latitude","longitudeColumn":"Longitude","sourceFile":"hetsuu-hutul-2025-magnetic__1GMxSDpJqWsq9-1bTpbUAwFMcJzpD0YdO__SRVY0-ACQU0_11_-10Hz.csv","sourceKind":"Survey GNSS coordinate table","sourceCrs":"EPSG:4326","displayCrs":"EPSG:4326","crsVerified":true,"coverageStatus":"not_calculated","coverageNote":"Зурвасын өргөн болон шугамын алхам баталгаажаагүй тул хамрах талбайг тооцоогүй.","sourceUrl":"https://drive.google.com/file/d/1GMxSDpJqWsq9-1bTpbUAwFMcJzpD0YdO/view","sourceAltitudeMinM":1817.5,"sourceAltitudeMaxM":2212.2,"sourceAltitudeMeanM":2090.85,"sourceAltitudeSampleCount":1290,"sourceAltitudeColumn":"Altitude","sourceAltitudeReference":"source-provided GNSS/absolute altitude"},"geometry":{"type":"LineString","coordinates":[[92.42883921,46.01820719],[92.42883037,46.01824722],[92.40877981,46.02768598],[92.40883364,46.02762509],[92.40884264,46.02739598],[92.4088429,46.02116158],[92.4088427,46.02120223],[92.41017603,46.02120357],[92.41012667,46.02125077],[92.41014099,46.021366],[92.41012259,46.02134161],[92.4101179,46.02769385],[92.41021532,46.02766354],[92.4114445,46.02766787],[92.41593888,46.02418783],[92.41746043,46.0231151],[92.42443173,46.02037778],[92.42882504,46.01822764]]}},{"type":"Feature","id":"hetsuu-hutul-hetsuu-hutul-2025-magnetic-hetsuuhutul2025magnetic1gmxsdpjqwsq91btpbuawfmcjzpd0ydosrvy0acqu01110hz-007","properties":{"project":"Hetsuu hutul","projectKey":"hetsuu-hutul","area":"Хэцүү хөтөл","licence":"XV-022905","campaignId":"hetsuu-hutul-2025-magnetic","campaignLabel":"2025 Соронзон хэмжилтийн GPS зам","campaignYear":2025,"sensor":"Magnetic survey","sensorVerified":false,"gnssSource":"unverified","dataType":"survey_campaign_track","plannedActual":"actual","contextOnly":true,"trajectoryAvailable":true,"status":"confirmed_source","qaStatus":"review_required","qaFlags":["INVALID_ROWS_DROPPED"],"acquisitionId":"hetsuu-hutul-2025-magnetic__1GMxSDpJqWsq9-1bTpbUAwFMcJzpD0YdO__SRVY0-ACQU0_11_-10Hz#7","segmentIndex":7,"segmentCount":8,"pointCount":12139,"simplifiedPointCount":22,"pointsOutsideLicence":0,"startTime":"2025-11-01T08:29:00.300000","endTime":"2025-11-01T08:49:17.700000","timeZone":"unverified","samplingIntervalSeconds":0.1,"timestampProvenance":"source-date+time-columns","latitudeColumn":"Latitude","longitudeColumn":"Longitude","sourceFile":"hetsuu-hutul-2025-magnetic__1GMxSDpJqWsq9-1bTpbUAwFMcJzpD0YdO__SRVY0-ACQU0_11_-10Hz.csv","sourceKind":"Survey GNSS coordinate table","sourceCrs":"EPSG:4326","displayCrs":"EPSG:4326","crsVerified":true,"coverageStatus":"not_calculated","coverageNote":"Зурвасын өргөн болон шугамын алхам баталгаажаагүй тул хамрах талбайг тооцоогүй.","sourceUrl":"https://drive.google.com/file/d/1GMxSDpJqWsq9-1bTpbUAwFMcJzpD0YdO/view","sourceAltitudeMinM":1817.3,"sourceAltitudeMaxM":2166.7,"sourceAltitudeMeanM":2064.19,"sourceAltitudeSampleCount":1216,"sourceAltitudeColumn":"Altitude","sourceAltitudeReference":"source-provided GNSS/absolute altitude"},"geometry":{"type":"LineString","coordinates":[[92.42883237,46.01822019],[92.42881986,46.01825834],[92.41136254,46.02770171],[92.41141652,46.02764903],[92.41141313,46.02738475],[92.41142214,46.02741091],[92.41141563,46.02118896],[92.41153411,46.02121652],[92.41276975,46.02121882],[92.41272907,46.02121737],[92.41271198,46.02128206],[92.41271399,46.02151913],[92.41270811,46.02149471],[92.41271933,46.02771065],[92.41272585,46.02767868],[92.41281901,46.02767513],[92.41404979,46.0276833],[92.4140043,46.02764822],[92.41401748,46.02711107],[92.41472846,46.02673864],[92.42529848,46.02023808],[92.42882382,46.01824134]]}},{"type":"Feature","id":"hetsuu-hutul-hetsuu-hutul-2025-magnetic-hetsuuhutul2025magnetic1gmxsdpjqwsq91btpbuawfmcjzpd0ydosrvy0acqu01110hz-008","properties":{"project":"Hetsuu hutul","projectKey":"hetsuu-hutul","area":"Хэцүү хөтөл","licence":"XV-022905","campaignId":"hetsuu-hutul-2025-magnetic","campaignLabel":"2025 Соронзон хэмжилтийн GPS зам","campaignYear":2025,"sensor":"Magnetic survey","sensorVerified":false,"gnssSource":"unverified","dataType":"survey_campaign_track","plannedActual":"actual","contextOnly":true,"trajectoryAvailable":true,"status":"confirmed_source","qaStatus":"review_required","qaFlags":["INVALID_ROWS_DROPPED"],"acquisitionId":"hetsuu-hutul-2025-magnetic__1GMxSDpJqWsq9-1bTpbUAwFMcJzpD0YdO__SRVY0-ACQU0_11_-10Hz#8","segmentIndex":8,"segmentCount":8,"pointCount":6703,"simplifiedPointCount":9,"pointsOutsideLicence":0,"startTime":"2025-11-01T08:51:53.300000","endTime":"2025-11-01T09:03:06.700000","timeZone":"unverified","samplingIntervalSeconds":0.1,"timestampProvenance":"source-date+time-columns","latitudeColumn":"Latitude","longitudeColumn":"Longitude","sourceFile":"hetsuu-hutul-2025-magnetic__1GMxSDpJqWsq9-1bTpbUAwFMcJzpD0YdO__SRVY0-ACQU0_11_-10Hz.csv","sourceKind":"Survey GNSS coordinate table","sourceCrs":"EPSG:4326","displayCrs":"EPSG:4326","crsVerified":true,"coverageStatus":"not_calculated","coverageNote":"Зурвасын өргөн болон шугамын алхам баталгаажаагүй тул хамрах талбайг тооцоогүй.","sourceUrl":"https://drive.google.com/file/d/1GMxSDpJqWsq9-1bTpbUAwFMcJzpD0YdO/view","sourceAltitudeMinM":1817.0,"sourceAltitudeMaxM":2076.9,"sourceAltitudeMeanM":2012.56,"sourceAltitudeSampleCount":672,"sourceAltitudeColumn":"Altitude","sourceAltitudeReference":"source-provided GNSS/absolute altitude"},"geometry":{"type":"LineString","coordinates":[[92.42882366,46.01821686],[92.41394656,46.02716535],[92.41399278,46.02711214],[92.41399064,46.02666225],[92.41399985,46.02669381],[92.41400025,46.02120218],[92.41399964,46.02122656],[92.42883329,46.01824086],[92.42880358,46.01825073]]}},{"type":"Feature","id":"hetsuu-hutul-hetsuu-hutul-2025-magnetic-hetsuuhutul2025magnetic1gnbirpfg3ge0fymn90eis17clzerwflsrvy0acqu210hz-001","properties":{"project":"Hetsuu hutul","projectKey":"hetsuu-hutul","area":"Хэцүү хөтөл","licence":"XV-022905","campaignId":"hetsuu-hutul-2025-magnetic","campaignLabel":"2025 Соронзон хэмжилтийн GPS зам","campaignYear":2025,"sensor":"Magnetic survey","sensorVerified":false,"gnssSource":"unverified","dataType":"survey_campaign_track","plannedActual":"actual","contextOnly":true,"trajectoryAvailable":true,"status":"confirmed_source","qaStatus":"clean","qaFlags":[],"acquisitionId":"hetsuu-hutul-2025-magnetic__1gNbiRPFG3gE0fyMn90E-Is17clzErwfl__SRVY0-ACQU2-10Hz#1","segmentIndex":1,"segmentCount":2,"pointCount":11127,"simplifiedPointCount":6,"pointsOutsideLicence":0,"startTime":"2025-10-03T03:50:47.300000","endTime":"2025-10-03T04:09:36.700000","timeZone":"unverified","samplingIntervalSeconds":0.1,"timestampProvenance":"source-date+time-columns","latitudeColumn":"Latitude","longitudeColumn":"Longitude","sourceFile":"hetsuu-hutul-2025-magnetic__1gNbiRPFG3gE0fyMn90E-Is17clzErwfl__SRVY0-ACQU2-10Hz.csv","sourceKind":"Survey GNSS coordinate table","sourceCrs":"EPSG:4326","displayCrs":"EPSG:4326","crsVerified":true,"coverageStatus":"not_calculated","coverageNote":"Зурвасын өргөн болон шугамын алхам баталгаажаагүй тул хамрах талбайг тооцоогүй.","sourceUrl":"https://drive.google.com/file/d/1gNbiRPFG3gE0fyMn90E-Is17clzErwfl/view","sourceAltitudeMinM":1898.8,"sourceAltitudeMaxM":2066.7,"sourceAltitudeMeanM":1987.86,"sourceAltitudeSampleCount":1111,"sourceAltitudeColumn":"Altitude","sourceAltitudeReference":"source-provided GNSS/absolute altitude"},"geometry":{"type":"LineString","coordinates":[[92.3603906,46.01349519],[92.36035457,46.01350813],[92.34095645,46.00116705],[92.34100897,46.00133057],[92.34100083,46.01460263],[92.36037202,46.01349131]]}},{"type":"Feature","id":"hetsuu-hutul-hetsuu-hutul-2025-magnetic-hetsuuhutul2025magnetic1gnbirpfg3ge0fymn90eis17clzerwflsrvy0acqu210hz-002","properties":{"project":"Hetsuu hutul","projectKey":"hetsuu-hutul","area":"Хэцүү хөтөл","licence":"XV-022905","campaignId":"hetsuu-hutul-2025-magnetic","campaignLabel":"2025 Соронзон хэмжилтийн GPS зам","campaignYear":2025,"sensor":"Magnetic survey","sensorVerified":false,"gnssSource":"unverified","dataType":"survey_campaign_track","plannedActual":"actual","contextOnly":true,"trajectoryAvailable":true,"status":"confirmed_source","qaStatus":"clean","qaFlags":[],"acquisitionId":"hetsuu-hutul-2025-magnetic__1gNbiRPFG3gE0fyMn90E-Is17clzErwfl__SRVY0-ACQU2-10Hz#2","segmentIndex":2,"segmentCount":2,"pointCount":12483,"simplifiedPointCount":17,"pointsOutsideLicence":0,"startTime":"2025-10-03T04:11:46.300000","endTime":"2025-10-03T04:33:16","timeZone":"unverified","samplingIntervalSeconds":0.1,"timestampProvenance":"source-date+time-columns","latitudeColumn":"Latitude","longitudeColumn":"Longitude","sourceFile":"hetsuu-hutul-2025-magnetic__1gNbiRPFG3gE0fyMn90E-Is17clzErwfl__SRVY0-ACQU2-10Hz.csv","sourceKind":"Survey GNSS coordinate table","sourceCrs":"EPSG:4326","displayCrs":"EPSG:4326","crsVerified":true,"coverageStatus":"not_calculated","coverageNote":"Зурвасын өргөн болон шугамын алхам баталгаажаагүй тул хамрах талбайг тооцоогүй.","sourceUrl":"https://drive.google.com/file/d/1gNbiRPFG3gE0fyMn90E-Is17clzErwfl/view","sourceAltitudeMinM":1894.8,"sourceAltitudeMaxM":2051.7,"sourceAltitudeMeanM":1974.89,"sourceAltitudeSampleCount":1248,"sourceAltitudeColumn":"Altitude","sourceAltitudeReference":"source-provided GNSS/absolute altitude"},"geometry":{"type":"LineString","coordinates":[[92.36038072,46.01349536],[92.34093103,46.01458127],[92.34099908,46.01463481],[92.34100226,46.01566865],[92.34100345,46.01563998],[92.34111479,46.01563441],[92.34233995,46.01569502],[92.34229292,46.01562788],[92.3422943,46.00024464],[92.34240308,46.00028161],[92.34363663,46.00035038],[92.34358752,46.00041853],[92.34358565,46.00063694],[92.34359895,46.00526168],[92.35892356,46.0127867],[92.36037648,46.01353601],[92.36037272,46.01350786]]}},{"type":"Feature","id":"hetsuu-hutul-hetsuu-hutul-2025-magnetic-hetsuuhutul2025magnetic1gx7tuzreghz2bbb2wfu9psirxzipfbusrvy0acqu2100m10hz-001","properties":{"project":"Hetsuu hutul","projectKey":"hetsuu-hutul","area":"Хэцүү хөтөл","licence":"XV-022905","campaignId":"hetsuu-hutul-2025-magnetic","campaignLabel":"2025 Соронзон хэмжилтийн GPS зам","campaignYear":2025,"sensor":"Magnetic survey","sensorVerified":false,"gnssSource":"unverified","dataType":"survey_campaign_track","plannedActual":"actual","contextOnly":true,"trajectoryAvailable":true,"status":"confirmed_source","qaStatus":"clean","qaFlags":[],"acquisitionId":"hetsuu-hutul-2025-magnetic__1gX7TUZrEgHZ2bb-b2wFu9PsirxZIpFBu__SRVY0-ACQU2_100m-10Hz#1","segmentIndex":1,"segmentCount":2,"pointCount":906,"simplifiedPointCount":14,"pointsOutsideLicence":0,"startTime":"2025-11-02T05:58:44","endTime":"2025-11-02T06:13:49","timeZone":"UTC (NMEA RMC)","samplingIntervalSeconds":1.0,"timestampProvenance":"embedded-nmea-rmc","latitudeColumn":"Latitude","longitudeColumn":"Longitude","sourceFile":"hetsuu-hutul-2025-magnetic__1gX7TUZrEgHZ2bb-b2wFu9PsirxZIpFBu__SRVY0-ACQU2_100m-10Hz.csv","sourceKind":"Survey GNSS coordinate table","sourceCrs":"EPSG:4326","displayCrs":"EPSG:4326","crsVerified":true,"coverageStatus":"not_calculated","coverageNote":"Зурвасын өргөн болон шугамын алхам баталгаажаагүй тул хамрах талбайг тооцоогүй.","sourceUrl":"https://drive.google.com/file/d/1gX7TUZrEgHZ2bb-b2wFu9PsirxZIpFBu/view","sourceAltitudeMinM":1906.4,"sourceAltitudeMaxM":2069.5,"sourceAltitudeMeanM":1980.74,"sourceAltitudeSampleCount":906,"sourceAltitudeColumn":"Altitude","sourceAltitudeReference":"source-provided GNSS/absolute altitude"},"geometry":{"type":"LineString","coordinates":[[92.43891343,46.07764186],[92.44017622,46.08389872],[92.4401942,46.08382268],[92.44025142,46.08381013],[92.44023821,46.08907855],[92.44038988,46.08904808],[92.44156545,46.08904403],[92.44152714,46.0890448],[92.44153675,46.08387194],[92.44154231,46.08390942],[92.44287023,46.08394178],[92.4428284,46.0842371],[92.44282165,46.084213],[92.44283086,46.08629075]]}},{"type":"Feature","id":"hetsuu-hutul-hetsuu-hutul-2025-magnetic-hetsuuhutul2025magnetic1gx7tuzreghz2bbb2wfu9psirxzipfbusrvy0acqu2100m10hz-002","properties":{"project":"Hetsuu hutul","projectKey":"hetsuu-hutul","area":"Хэцүү хөтөл","licence":"XV-022905","campaignId":"hetsuu-hutul-2025-magnetic","campaignLabel":"2025 Соронзон хэмжилтийн GPS зам","campaignYear":2025,"sensor":"Magnetic survey","sensorVerified":false,"gnssSource":"unverified","dataType":"survey_campaign_track","plannedActual":"actual","contextOnly":true,"trajectoryAvailable":true,"status":"confirmed_source","qaStatus":"clean","qaFlags":[],"acquisitionId":"hetsuu-hutul-2025-magnetic__1gX7TUZrEgHZ2bb-b2wFu9PsirxZIpFBu__SRVY0-ACQU2_100m-10Hz#2","segmentIndex":2,"segmentCount":2,"pointCount":672,"simplifiedPointCount":12,"pointsOutsideLicence":0,"startTime":"2025-11-02T06:27:27","endTime":"2025-11-02T06:38:38","timeZone":"UTC (NMEA RMC)","samplingIntervalSeconds":1.0,"timestampProvenance":"embedded-nmea-rmc","latitudeColumn":"Latitude","longitudeColumn":"Longitude","sourceFile":"hetsuu-hutul-2025-magnetic__1gX7TUZrEgHZ2bb-b2wFu9PsirxZIpFBu__SRVY0-ACQU2_100m-10Hz.csv","sourceKind":"Survey GNSS coordinate table","sourceCrs":"EPSG:4326","displayCrs":"EPSG:4326","crsVerified":true,"coverageStatus":"not_calculated","coverageNote":"Зурвасын өргөн болон шугамын алхам баталгаажаагүй тул хамрах талбайг тооцоогүй.","sourceUrl":"https://drive.google.com/file/d/1gX7TUZrEgHZ2bb-b2wFu9PsirxZIpFBu/view","sourceAltitudeMinM":1879.3,"sourceAltitudeMaxM":2026.7,"sourceAltitudeMeanM":1950.99,"sourceAltitudeSampleCount":672,"sourceAltitudeColumn":"Altitude","sourceAltitudeReference":"source-provided GNSS/absolute altitude"},"geometry":{"type":"LineString","coordinates":[[92.44282256,46.08631369],[92.44282335,46.08910542],[92.44294396,46.08908106],[92.444167,46.08911896],[92.44412913,46.08911882],[92.44411879,46.08904951],[92.44411608,46.083893],[92.44411587,46.08393284],[92.44544636,46.08393523],[92.44540657,46.08397204],[92.44540222,46.08420171],[92.44540266,46.08917677]]}},{"type":"Feature","id":"hetsuu-hutul-hetsuu-hutul-2025-magnetic-hetsuuhutul2025magnetic1h6c2jlkstbup1ipu7nvnldkdwr4aosrvy0acqu0110hzraw-001","properties":{"project":"Hetsuu hutul","projectKey":"hetsuu-hutul","area":"Хэцүү хөтөл","licence":"XV-022905","campaignId":"hetsuu-hutul-2025-magnetic","campaignLabel":"2025 Соронзон хэмжилтийн GPS зам","campaignYear":2025,"sensor":"Magnetic survey","sensorVerified":false,"gnssSource":"unverified","dataType":"survey_campaign_track","plannedActual":"actual","contextOnly":true,"trajectoryAvailable":true,"status":"confirmed_source","qaStatus":"clean","qaFlags":[],"acquisitionId":"hetsuu-hutul-2025-magnetic__1h6c-2-jLkstBu_P1iPu7nvnlDkDWR4aO__SRVY0-ACQU0_1_-10Hz_raw#1","segmentIndex":1,"segmentCount":3,"pointCount":852,"simplifiedPointCount":19,"pointsOutsideLicence":0,"startTime":"2025-10-27T06:47:50","endTime":"2025-10-27T07:02:01","timeZone":"UTC (NMEA RMC)","samplingIntervalSeconds":1.0,"timestampProvenance":"embedded-nmea-rmc","latitudeColumn":"Latitude","longitudeColumn":"Longitude","sourceFile":"hetsuu-hutul-2025-magnetic__1h6c-2-jLkstBu_P1iPu7nvnlDkDWR4aO__SRVY0-ACQU0_1_-10Hz_raw.csv","sourceKind":"Survey GNSS coordinate table","sourceCrs":"EPSG:4326","displayCrs":"EPSG:4326","crsVerified":true,"coverageStatus":"not_calculated","coverageNote":"Зурвасын өргөн болон шугамын алхам баталгаажаагүй тул хамрах талбайг тооцоогүй.","sourceUrl":"https://drive.google.com/file/d/1h6c-2-jLkstBu_P1iPu7nvnlDkDWR4aO/view","sourceAltitudeMinM":1836.2,"sourceAltitudeMaxM":1955.2,"sourceAltitudeMeanM":1897.1,"sourceAltitudeSampleCount":852,"sourceAltitudeColumn":"Altitude","sourceAltitudeReference":"source-provided GNSS/absolute altitude"},"geometry":{"type":"LineString","coordinates":[[92.35635438,46.03191452],[92.35636602,46.02692627],[92.35635698,46.02695387],[92.35501316,46.02693009],[92.35504854,46.02692905],[92.35506984,46.02713399],[92.35506406,46.02710797],[92.35506732,46.0321192],[92.35506387,46.03208882],[92.35495647,46.03207902],[92.35373024,46.03208257],[92.3537674,46.03208232],[92.35377784,46.03186596],[92.35377312,46.03189664],[92.35377354,46.02689531],[92.35366849,46.02692093],[92.35243727,46.02690174],[92.35249043,46.02699141],[92.35247663,46.02985949]]}},{"type":"Feature","id":"hetsuu-hutul-hetsuu-hutul-2025-magnetic-hetsuuhutul2025magnetic1h6c2jlkstbup1ipu7nvnldkdwr4aosrvy0acqu0110hzraw-002","properties":{"project":"Hetsuu hutul","projectKey":"hetsuu-hutul","area":"Хэцүү хөтөл","licence":"XV-022905","campaignId":"hetsuu-hutul-2025-magnetic","campaignLabel":"2025 Соронзон хэмжилтийн GPS зам","campaignYear":2025,"sensor":"Magnetic survey","sensorVerified":false,"gnssSource":"unverified","dataType":"survey_campaign_track","plannedActual":"actual","contextOnly":true,"trajectoryAvailable":true,"status":"confirmed_source","qaStatus":"clean","qaFlags":[],"acquisitionId":"hetsuu-hutul-2025-magnetic__1h6c-2-jLkstBu_P1iPu7nvnlDkDWR4aO__SRVY0-ACQU0_1_-10Hz_raw#2","segmentIndex":2,"segmentCount":3,"pointCount":1021,"simplifiedPointCount":21,"pointsOutsideLicence":0,"startTime":"2025-10-27T07:09:20","endTime":"2025-10-27T07:26:20","timeZone":"UTC (NMEA RMC)","samplingIntervalSeconds":1.0,"timestampProvenance":"embedded-nmea-rmc","latitudeColumn":"Latitude","longitudeColumn":"Longitude","sourceFile":"hetsuu-hutul-2025-magnetic__1h6c-2-jLkstBu_P1iPu7nvnlDkDWR4aO__SRVY0-ACQU0_1_-10Hz_raw.csv","sourceKind":"Survey GNSS coordinate table","sourceCrs":"EPSG:4326","displayCrs":"EPSG:4326","crsVerified":true,"coverageStatus":"not_calculated","coverageNote":"Зурвасын өргөн болон шугамын алхам баталгаажаагүй тул хамрах талбайг тооцоогүй.","sourceUrl":"https://drive.google.com/file/d/1h6c-2-jLkstBu_P1iPu7nvnlDkDWR4aO/view","sourceAltitudeMinM":1844.5,"sourceAltitudeMaxM":1960.7,"sourceAltitudeMeanM":1911.75,"sourceAltitudeSampleCount":1021,"sourceAltitudeColumn":"Altitude","sourceAltitudeReference":"source-provided GNSS/absolute altitude"},"geometry":{"type":"LineString","coordinates":[[92.3525337,46.0291985],[92.3524819,46.02922532],[92.3524774,46.03211526],[92.35247596,46.03207427],[92.35235346,46.03206983],[92.35113968,46.03206699],[92.35118202,46.03206314],[92.35118845,46.03199027],[92.35118215,46.02686112],[92.35107498,46.0268894],[92.3498505,46.02686933],[92.34989348,46.02696503],[92.34990145,46.03207688],[92.34990299,46.03204398],[92.34856412,46.03204395],[92.34861227,46.03195865],[92.34860187,46.02681814],[92.34851873,46.02684761],[92.34727026,46.02683146],[92.34731949,46.02690133],[92.34731207,46.02968561]]}},{"type":"Feature","id":"hetsuu-hutul-hetsuu-hutul-2025-magnetic-hetsuuhutul2025magnetic1h6c2jlkstbup1ipu7nvnldkdwr4aosrvy0acqu0110hzraw-003","properties":{"project":"Hetsuu hutul","projectKey":"hetsuu-hutul","area":"Хэцүү хөтөл","licence":"XV-022905","campaignId":"hetsuu-hutul-2025-magnetic","campaignLabel":"2025 Соронзон хэмжилтийн GPS зам","campaignYear":2025,"sensor":"Magnetic survey","sensorVerified":false,"gnssSource":"unverified","dataType":"survey_campaign_track","plannedActual":"actual","contextOnly":true,"trajectoryAvailable":true,"status":"confirmed_source","qaStatus":"clean","qaFlags":[],"acquisitionId":"hetsuu-hutul-2025-magnetic__1h6c-2-jLkstBu_P1iPu7nvnlDkDWR4aO__SRVY0-ACQU0_1_-10Hz_raw#3","segmentIndex":3,"segmentCount":3,"pointCount":920,"simplifiedPointCount":19,"pointsOutsideLicence":0,"startTime":"2025-10-27T07:36:09","endTime":"2025-10-27T07:51:28","timeZone":"UTC (NMEA RMC)","samplingIntervalSeconds":1.0,"timestampProvenance":"embedded-nmea-rmc","latitudeColumn":"Latitude","longitudeColumn":"Longitude","sourceFile":"hetsuu-hutul-2025-magnetic__1h6c-2-jLkstBu_P1iPu7nvnlDkDWR4aO__SRVY0-ACQU0_1_-10Hz_raw.csv","sourceKind":"Survey GNSS coordinate table","sourceCrs":"EPSG:4326","displayCrs":"EPSG:4326","crsVerified":true,"coverageStatus":"not_calculated","coverageNote":"Зурвасын өргөн болон шугамын алхам баталгаажаагүй тул хамрах талбайг тооцоогүй.","sourceUrl":"https://drive.google.com/file/d/1h6c-2-jLkstBu_P1iPu7nvnlDkDWR4aO/view","sourceAltitudeMinM":1843.9,"sourceAltitudeMaxM":1916.8,"sourceAltitudeMeanM":1880.46,"sourceAltitudeSampleCount":920,"sourceAltitudeColumn":"Altitude","sourceAltitudeReference":"source-provided GNSS/absolute altitude"},"geometry":{"type":"LineString","coordinates":[[92.3473319,46.02964922],[92.34730679,46.03207869],[92.34730511,46.03203881],[92.34597226,46.03203327],[92.3460161,46.03194182],[92.34600863,46.02679929],[92.34600976,46.02682611],[92.3446759,46.02680573],[92.34472368,46.02688391],[92.34471976,46.03204858],[92.34464349,46.03202197],[92.34337624,46.03202109],[92.34341646,46.0320158],[92.34342603,46.03193796],[92.34341786,46.02675977],[92.3434249,46.02678338],[92.34208392,46.02677986],[92.34213689,46.0268556],[92.34212894,46.03203399]]}},{"type":"Feature","id":"hetsuu-hutul-hetsuu-hutul-2025-magnetic-hetsuuhutul2025magnetic1hyn1w7qocwwisgqmhlmklwht4qqggzsrvy0acqu110hz-001","properties":{"project":"Hetsuu hutul","projectKey":"hetsuu-hutul","area":"Хэцүү хөтөл","licence":"XV-022905","campaignId":"hetsuu-hutul-2025-magnetic","campaignLabel":"2025 Соронзон хэмжилтийн GPS зам","campaignYear":2025,"sensor":"Magnetic survey","sensorVerified":false,"gnssSource":"unverified","dataType":"survey_campaign_track","plannedActual":"actual","contextOnly":true,"trajectoryAvailable":true,"status":"confirmed_source","qaStatus":"clean","qaFlags":[],"acquisitionId":"hetsuu-hutul-2025-magnetic__1hyn1w7QOcWwiSGqMhlMK-lwHt4qq-gGz__SRVY0-ACQU1-10Hz#1","segmentIndex":1,"segmentCount":2,"pointCount":1307,"simplifiedPointCount":9,"pointsOutsideLicence":0,"startTime":"2025-10-09T02:12:16","endTime":"2025-10-09T02:34:50","timeZone":"UTC (NMEA RMC)","samplingIntervalSeconds":1.0,"timestampProvenance":"embedded-nmea-rmc","latitudeColumn":"Latitude","longitudeColumn":"Longitude","sourceFile":"hetsuu-hutul-2025-magnetic__1hyn1w7QOcWwiSGqMhlMK-lwHt4qq-gGz__SRVY0-ACQU1-10Hz.csv","sourceKind":"Survey GNSS coordinate table","sourceCrs":"EPSG:4326","displayCrs":"EPSG:4326","crsVerified":true,"coverageStatus":"not_calculated","coverageNote":"Зурвасын өргөн болон шугамын алхам баталгаажаагүй тул хамрах талбайг тооцоогүй.","sourceUrl":"https://drive.google.com/file/d/1hyn1w7QOcWwiSGqMhlMK-lwHt4qq-gGz/view","sourceAltitudeMinM":1570.3,"sourceAltitudeMaxM":2031.2,"sourceAltitudeMeanM":1855.61,"sourceAltitudeSampleCount":1307,"sourceAltitudeColumn":"Altitude","sourceAltitudeReference":"source-provided GNSS/absolute altitude"},"geometry":{"type":"LineString","coordinates":[[92.37226005,45.99515786],[92.37326675,46.0128022],[92.37326166,46.00198395],[92.37332075,46.00044624],[92.37321727,46.00006771],[92.37302851,45.99969515],[92.37209792,45.99855679],[92.37091694,45.99736289],[92.37227022,45.99520186]]}},{"type":"Feature","id":"hetsuu-hutul-hetsuu-hutul-2025-magnetic-hetsuuhutul2025magnetic1hyn1w7qocwwisgqmhlmklwht4qqggzsrvy0acqu110hz-002","properties":{"project":"Hetsuu hutul","projectKey":"hetsuu-hutul","area":"Хэцүү хөтөл","licence":"XV-022905","campaignId":"hetsuu-hutul-2025-magnetic","campaignLabel":"2025 Соронзон хэмжилтийн GPS зам","campaignYear":2025,"sensor":"Magnetic survey","sensorVerified":false,"gnssSource":"unverified","dataType":"survey_campaign_track","plannedActual":"actual","contextOnly":true,"trajectoryAvailable":true,"status":"confirmed_source","qaStatus":"clean","qaFlags":[],"acquisitionId":"hetsuu-hutul-2025-magnetic__1hyn1w7QOcWwiSGqMhlMK-lwHt4qq-gGz__SRVY0-ACQU1-10Hz#2","segmentIndex":2,"segmentCount":2,"pointCount":1387,"simplifiedPointCount":16,"pointsOutsideLicence":0,"startTime":"2025-10-09T02:37:44","endTime":"2025-10-09T03:01:15","timeZone":"UTC (NMEA RMC)","samplingIntervalSeconds":1.0,"timestampProvenance":"embedded-nmea-rmc","latitudeColumn":"Latitude","longitudeColumn":"Longitude","sourceFile":"hetsuu-hutul-2025-magnetic__1hyn1w7QOcWwiSGqMhlMK-lwHt4qq-gGz__SRVY0-ACQU1-10Hz.csv","sourceKind":"Survey GNSS coordinate table","sourceCrs":"EPSG:4326","displayCrs":"EPSG:4326","crsVerified":true,"coverageStatus":"not_calculated","coverageNote":"Зурвасын өргөн болон шугамын алхам баталгаажаагүй тул хамрах талбайг тооцоогүй.","sourceUrl":"https://drive.google.com/file/d/1hyn1w7QOcWwiSGqMhlMK-lwHt4qq-gGz/view","sourceAltitudeMinM":1572.2,"sourceAltitudeMaxM":2095.2,"sourceAltitudeMeanM":1888.4,"sourceAltitudeSampleCount":1387,"sourceAltitudeColumn":"Altitude","sourceAltitudeReference":"source-provided GNSS/absolute altitude"},"geometry":{"type":"LineString","coordinates":[[92.37226922,45.99518069],[92.37326571,46.00134513],[92.37326358,46.0000275],[92.37338483,46.00006289],[92.37460086,46.00005986],[92.37455466,46.00013902],[92.37456661,46.0150372],[92.37466012,46.01500553],[92.37589924,46.01501303],[92.37585035,46.01494474],[92.37585389,46.00820434],[92.37585403,46.00823975],[92.37345157,45.99936887],[92.37235732,45.99542939],[92.37224578,45.99517932],[92.37227698,45.99520153]]}},{"type":"Feature","id":"hetsuu-hutul-hetsuu-hutul-2025-magnetic-hetsuuhutul2025magnetic1iext0d2oxyiwhz9c4uqov4uvdsnztuuusrvy0acqu310hz-001","properties":{"project":"Hetsuu hutul","projectKey":"hetsuu-hutul","area":"Хэцүү хөтөл","licence":"XV-022905","campaignId":"hetsuu-hutul-2025-magnetic","campaignLabel":"2025 Соронзон хэмжилтийн GPS зам","campaignYear":2025,"sensor":"Magnetic survey","sensorVerified":false,"gnssSource":"unverified","dataType":"survey_campaign_track","plannedActual":"actual","contextOnly":true,"trajectoryAvailable":true,"status":"confirmed_source","qaStatus":"clean","qaFlags":[],"acquisitionId":"hetsuu-hutul-2025-magnetic__1iEXt0d2OxYIWHZ9c4UqOV4Uvdsnztuuu__SRVY0-ACQU3-10Hz#1","segmentIndex":1,"segmentCount":1,"pointCount":1153,"simplifiedPointCount":13,"pointsOutsideLicence":0,"startTime":"2025-10-17T05:31:07","endTime":"2025-10-17T05:50:24","timeZone":"UTC (NMEA RMC)","samplingIntervalSeconds":1.0,"timestampProvenance":"embedded-nmea-rmc","latitudeColumn":"Latitude","longitudeColumn":"Longitude","sourceFile":"hetsuu-hutul-2025-magnetic__1iEXt0d2OxYIWHZ9c4UqOV4Uvdsnztuuu__SRVY0-ACQU3-10Hz.csv","sourceKind":"Survey GNSS coordinate table","sourceCrs":"EPSG:4326","displayCrs":"EPSG:4326","crsVerified":true,"coverageStatus":"not_calculated","coverageNote":"Зурвасын өргөн болон шугамын алхам баталгаажаагүй тул хамрах талбайг тооцоогүй.","sourceUrl":"https://drive.google.com/file/d/1iEXt0d2OxYIWHZ9c4UqOV4Uvdsnztuuu/view","sourceAltitudeMinM":1795.2,"sourceAltitudeMaxM":2066.5,"sourceAltitudeMeanM":1942.43,"sourceAltitudeSampleCount":1153,"sourceAltitudeColumn":"Altitude","sourceAltitudeReference":"source-provided GNSS/absolute altitude"},"geometry":{"type":"LineString","coordinates":[[92.32322572,46.01690719],[92.32423651,46.01804684],[92.32938615,46.0234177],[92.32933318,46.0233903],[92.32933995,46.02443622],[92.3294044,46.02440632],[92.33068593,46.02440731],[92.33062914,46.02437376],[92.33063205,46.01495802],[92.33063208,46.01500054],[92.33062538,46.01497801],[92.32317964,46.01695282],[92.32320222,46.01691319]]}},{"type":"Feature","id":"hetsuu-hutul-hetsuu-hutul-2025-magnetic-hetsuuhutul2025magnetic1ihomxkrgvuptycziqvmarsfj5gwfkovrsrvy0acqu210hz-001","properties":{"project":"Hetsuu hutul","projectKey":"hetsuu-hutul","area":"Хэцүү хөтөл","licence":"XV-022905","campaignId":"hetsuu-hutul-2025-magnetic","campaignLabel":"2025 Соронзон хэмжилтийн GPS зам","campaignYear":2025,"sensor":"Magnetic survey","sensorVerified":false,"gnssSource":"unverified","dataType":"survey_campaign_track","plannedActual":"actual","contextOnly":true,"trajectoryAvailable":true,"status":"confirmed_source","qaStatus":"clean","qaFlags":[],"acquisitionId":"hetsuu-hutul-2025-magnetic__1ihOmXKRgvuPTYCziqvmARsFj5GWFkoVr__SRVY0-ACQU2-10Hz#1","segmentIndex":1,"segmentCount":2,"pointCount":1210,"simplifiedPointCount":10,"pointsOutsideLicence":0,"startTime":"2025-09-30T04:44:27","endTime":"2025-09-30T05:04:41","timeZone":"UTC (NMEA RMC)","samplingIntervalSeconds":1.0,"timestampProvenance":"embedded-nmea-rmc","latitudeColumn":"Latitude","longitudeColumn":"Longitude","sourceFile":"hetsuu-hutul-2025-magnetic__1ihOmXKRgvuPTYCziqvmARsFj5GWFkoVr__SRVY0-ACQU2-10Hz.csv","sourceKind":"Survey GNSS coordinate table","sourceCrs":"EPSG:4326","displayCrs":"EPSG:4326","crsVerified":true,"coverageStatus":"not_calculated","coverageNote":"Зурвасын өргөн болон шугамын алхам баталгаажаагүй тул хамрах талбайг тооцоогүй.","sourceUrl":"https://drive.google.com/file/d/1ihOmXKRgvuPTYCziqvmARsFj5GWFkoVr/view","sourceAltitudeMinM":2038.7,"sourceAltitudeMaxM":2180.9,"sourceAltitudeMeanM":2111.15,"sourceAltitudeSampleCount":1210,"sourceAltitudeColumn":"Altitude","sourceAltitudeReference":"source-provided GNSS/absolute altitude"},"geometry":{"type":"LineString","coordinates":[[92.32959538,46.01215902],[92.32955865,46.01215364],[92.32578434,46.00334626],[92.32580677,46.01541813],[92.32585516,46.0153828],[92.3258248,46.0153906],[92.32713201,46.01539113],[92.32708638,46.0153888],[92.32709173,46.01069149],[92.32956431,46.0121445]]}},{"type":"Feature","id":"hetsuu-hutul-hetsuu-hutul-2025-magnetic-hetsuuhutul2025magnetic1ihomxkrgvuptycziqvmarsfj5gwfkovrsrvy0acqu210hz-002","properties":{"project":"Hetsuu hutul","projectKey":"hetsuu-hutul","area":"Хэцүү хөтөл","licence":"XV-022905","campaignId":"hetsuu-hutul-2025-magnetic","campaignLabel":"2025 Соронзон хэмжилтийн GPS зам","campaignYear":2025,"sensor":"Magnetic survey","sensorVerified":false,"gnssSource":"unverified","dataType":"survey_campaign_track","plannedActual":"actual","contextOnly":true,"trajectoryAvailable":true,"status":"confirmed_source","qaStatus":"clean","qaFlags":[],"acquisitionId":"hetsuu-hutul-2025-magnetic__1ihOmXKRgvuPTYCziqvmARsFj5GWFkoVr__SRVY0-ACQU2-10Hz#2","segmentIndex":2,"segmentCount":2,"pointCount":1305,"simplifiedPointCount":16,"pointsOutsideLicence":0,"startTime":"2025-09-30T05:06:45","endTime":"2025-09-30T05:28:49","timeZone":"UTC (NMEA RMC)","samplingIntervalSeconds":1.0,"timestampProvenance":"embedded-nmea-rmc","latitudeColumn":"Latitude","longitudeColumn":"Longitude","sourceFile":"hetsuu-hutul-2025-magnetic__1ihOmXKRgvuPTYCziqvmARsFj5GWFkoVr__SRVY0-ACQU2-10Hz.csv","sourceKind":"Survey GNSS coordinate table","sourceCrs":"EPSG:4326","displayCrs":"EPSG:4326","crsVerified":true,"coverageStatus":"not_calculated","coverageNote":"Зурвасын өргөн болон шугамын алхам баталгаажаагүй тул хамрах талбайг тооцоогүй.","sourceUrl":"https://drive.google.com/file/d/1ihOmXKRgvuPTYCziqvmARsFj5GWFkoVr/view","sourceAltitudeMinM":1996.2,"sourceAltitudeMaxM":2184.6,"sourceAltitudeMeanM":2091.13,"sourceAltitudeSampleCount":1305,"sourceAltitudeColumn":"Altitude","sourceAltitudeReference":"source-provided GNSS/absolute altitude"},"geometry":{"type":"LineString","coordinates":[[92.32958072,46.01214502],[92.32706278,46.01068239],[92.32709792,46.01069354],[92.32710858,46.01035533],[92.32710491,45.99980793],[92.32718685,45.99983969],[92.32843907,45.99987072],[92.32839801,45.99987204],[92.32840136,46.0002596],[92.32839453,46.0002292],[92.32839539,46.01543753],[92.32846792,46.01540166],[92.32972519,46.01541564],[92.3296846,46.01540787],[92.32968759,46.0133307],[92.3295641,46.0121408]]}},{"type":"Feature","id":"hetsuu-hutul-hetsuu-hutul-2025-magnetic-hetsuuhutul2025magnetic1ikmfzcotx5wggslp2nhlhhpkj90lg8xsrvy0acqu1510hz0928raw-001","properties":{"project":"Hetsuu hutul","projectKey":"hetsuu-hutul","area":"Хэцүү хөтөл","licence":"XV-022905","campaignId":"hetsuu-hutul-2025-magnetic","campaignLabel":"2025 Соронзон хэмжилтийн GPS зам","campaignYear":2025,"sensor":"Magnetic survey","sensorVerified":false,"gnssSource":"unverified","dataType":"survey_campaign_track","plannedActual":"actual","contextOnly":true,"trajectoryAvailable":true,"status":"confirmed_source","qaStatus":"clean","qaFlags":[],"acquisitionId":"hetsuu-hutul-2025-magnetic__1IKmfzcOTX5WgGslP2nh-lHhpKj90lg8X__SRVY0-ACQU1_5_-10Hz_0928_raw#1","segmentIndex":1,"segmentCount":2,"pointCount":1063,"simplifiedPointCount":10,"pointsOutsideLicence":0,"startTime":"2025-09-28T02:54:29","endTime":"2025-09-28T03:12:11","timeZone":"UTC (NMEA RMC)","samplingIntervalSeconds":1.0,"timestampProvenance":"embedded-nmea-rmc","latitudeColumn":"Latitude","longitudeColumn":"Longitude","sourceFile":"hetsuu-hutul-2025-magnetic__1IKmfzcOTX5WgGslP2nh-lHhpKj90lg8X__SRVY0-ACQU1_5_-10Hz_0928_raw.csv","sourceKind":"Survey GNSS coordinate table","sourceCrs":"EPSG:4326","displayCrs":"EPSG:4326","crsVerified":true,"coverageStatus":"not_calculated","coverageNote":"Зурвасын өргөн болон шугамын алхам баталгаажаагүй тул хамрах талбайг тооцоогүй.","sourceUrl":"https://drive.google.com/file/d/1IKmfzcOTX5WgGslP2nh-lHhpKj90lg8X/view","sourceAltitudeMinM":2030.8,"sourceAltitudeMaxM":2089.7,"sourceAltitudeMeanM":2062.31,"sourceAltitudeSampleCount":1063,"sourceAltitudeColumn":"Altitude","sourceAltitudeReference":"source-provided GNSS/absolute altitude"},"geometry":{"type":"LineString","coordinates":[[92.31282503,46.00009787],[92.31282375,46.01505753],[92.3129503,46.01503326],[92.31415394,46.01504298],[92.31410746,46.01498533],[92.31411982,46.00007597],[92.31412895,46.00010918],[92.31545151,46.00010779],[92.31540633,46.00016806],[92.31541571,46.00069622]]}},{"type":"Feature","id":"hetsuu-hutul-hetsuu-hutul-2025-magnetic-hetsuuhutul2025magnetic1ikmfzcotx5wggslp2nhlhhpkj90lg8xsrvy0acqu1510hz0928raw-002","properties":{"project":"Hetsuu hutul","projectKey":"hetsuu-hutul","area":"Хэцүү хөтөл","licence":"XV-022905","campaignId":"hetsuu-hutul-2025-magnetic","campaignLabel":"2025 Соронзон хэмжилтийн GPS зам","campaignYear":2025,"sensor":"Magnetic survey","sensorVerified":false,"gnssSource":"unverified","dataType":"survey_campaign_track","plannedActual":"actual","contextOnly":true,"trajectoryAvailable":true,"status":"confirmed_source","qaStatus":"clean","qaFlags":[],"acquisitionId":"hetsuu-hutul-2025-magnetic__1IKmfzcOTX5WgGslP2nh-lHhpKj90lg8X__SRVY0-ACQU1_5_-10Hz_0928_raw#2","segmentIndex":2,"segmentCount":2,"pointCount":1075,"simplifiedPointCount":6,"pointsOutsideLicence":0,"startTime":"2025-09-28T03:18:47","endTime":"2025-09-28T03:36:41","timeZone":"UTC (NMEA RMC)","samplingIntervalSeconds":1.0,"timestampProvenance":"embedded-nmea-rmc","latitudeColumn":"Latitude","longitudeColumn":"Longitude","sourceFile":"hetsuu-hutul-2025-magnetic__1IKmfzcOTX5WgGslP2nh-lHhpKj90lg8X__SRVY0-ACQU1_5_-10Hz_0928_raw.csv","sourceKind":"Survey GNSS coordinate table","sourceCrs":"EPSG:4326","displayCrs":"EPSG:4326","crsVerified":true,"coverageStatus":"not_calculated","coverageNote":"Зурвасын өргөн болон шугамын алхам баталгаажаагүй тул хамрах талбайг тооцоогүй.","sourceUrl":"https://drive.google.com/file/d/1IKmfzcOTX5WgGslP2nh-lHhpKj90lg8X/view","sourceAltitudeMinM":2012.0,"sourceAltitudeMaxM":2088.2,"sourceAltitudeMeanM":2048.44,"sourceAltitudeSampleCount":1075,"sourceAltitudeColumn":"Altitude","sourceAltitudeReference":"source-provided GNSS/absolute altitude"},"geometry":{"type":"LineString","coordinates":[[92.31541819,46.00073465],[92.31541589,46.01509063],[92.31553442,46.01506],[92.31674457,46.01507443],[92.31670289,46.01499368],[92.31671592,46.00011035]]}},{"type":"Feature","id":"hetsuu-hutul-hetsuu-hutul-2025-magnetic-hetsuuhutul2025magnetic1iqmo9tjuiyimfmty1v8gqeser0ifem1srvy0acqu110hz-001","properties":{"project":"Hetsuu hutul","projectKey":"hetsuu-hutul","area":"Хэцүү хөтөл","licence":"XV-022905","campaignId":"hetsuu-hutul-2025-magnetic","campaignLabel":"2025 Соронзон хэмжилтийн GPS зам","campaignYear":2025,"sensor":"Magnetic survey","sensorVerified":false,"gnssSource":"unverified","dataType":"survey_campaign_track","plannedActual":"actual","contextOnly":true,"trajectoryAvailable":true,"status":"confirmed_source","qaStatus":"clean","qaFlags":[],"acquisitionId":"hetsuu-hutul-2025-magnetic__1iqmo9TJUiyIMfmTY1v8GQEsEr0-IFEM1__SRVY0-ACQU1-10Hz#1","segmentIndex":1,"segmentCount":10,"pointCount":1031,"simplifiedPointCount":7,"pointsOutsideLicence":0,"startTime":"2025-10-11T02:07:55","endTime":"2025-10-11T02:25:05","timeZone":"UTC (NMEA RMC)","samplingIntervalSeconds":1.0,"timestampProvenance":"embedded-nmea-rmc","latitudeColumn":"Latitude","longitudeColumn":"Longitude","sourceFile":"hetsuu-hutul-2025-magnetic__1iqmo9TJUiyIMfmTY1v8GQEsEr0-IFEM1__SRVY0-ACQU1-10Hz.csv","sourceKind":"Survey GNSS coordinate table","sourceCrs":"EPSG:4326","displayCrs":"EPSG:4326","crsVerified":true,"coverageStatus":"not_calculated","coverageNote":"Зурвасын өргөн болон шугамын алхам баталгаажаагүй тул хамрах талбайг тооцоогүй.","sourceUrl":"https://drive.google.com/file/d/1iqmo9TJUiyIMfmTY1v8GQEsEr0-IFEM1/view","sourceAltitudeMinM":1734.4,"sourceAltitudeMaxM":2064.3,"sourceAltitudeMeanM":1892.05,"sourceAltitudeSampleCount":1031,"sourceAltitudeColumn":"Altitude","sourceAltitudeReference":"source-provided GNSS/absolute altitude"},"geometry":{"type":"LineString","coordinates":[[92.40239349,46.00861768],[92.40239628,46.01502064],[92.40239018,46.0149949],[92.4037236,46.0149863],[92.40367818,46.01492211],[92.4036869,46.00241165],[92.40368621,46.00243761]]}},{"type":"Feature","id":"hetsuu-hutul-hetsuu-hutul-2025-magnetic-hetsuuhutul2025magnetic1iqmo9tjuiyimfmty1v8gqeser0ifem1srvy0acqu110hz-002","properties":{"project":"Hetsuu hutul","projectKey":"hetsuu-hutul","area":"Хэцүү хөтөл","licence":"XV-022905","campaignId":"hetsuu-hutul-2025-magnetic","campaignLabel":"2025 Соронзон хэмжилтийн GPS зам","campaignYear":2025,"sensor":"Magnetic survey","sensorVerified":false,"gnssSource":"unverified","dataType":"survey_campaign_track","plannedActual":"actual","contextOnly":true,"trajectoryAvailable":true,"status":"confirmed_source","qaStatus":"clean","qaFlags":[],"acquisitionId":"hetsuu-hutul-2025-magnetic__1iqmo9TJUiyIMfmTY1v8GQEsEr0-IFEM1__SRVY0-ACQU1-10Hz#2","segmentIndex":2,"segmentCount":10,"pointCount":861,"simplifiedPointCount":12,"pointsOutsideLicence":0,"startTime":"2025-10-11T02:34:07","endTime":"2025-10-11T02:48:27","timeZone":"UTC (NMEA RMC)","samplingIntervalSeconds":1.0,"timestampProvenance":"embedded-nmea-rmc","latitudeColumn":"Latitude","longitudeColumn":"Longitude","sourceFile":"hetsuu-hutul-2025-magnetic__1iqmo9TJUiyIMfmTY1v8GQEsEr0-IFEM1__SRVY0-ACQU1-10Hz.csv","sourceKind":"Survey GNSS coordinate table","sourceCrs":"EPSG:4326","displayCrs":"EPSG:4326","crsVerified":true,"coverageStatus":"not_calculated","coverageNote":"Зурвасын өргөн болон шугамын алхам баталгаажаагүй тул хамрах талбайг тооцоогүй.","sourceUrl":"https://drive.google.com/file/d/1iqmo9TJUiyIMfmTY1v8GQEsEr0-IFEM1/view","sourceAltitudeMinM":1688.7,"sourceAltitudeMaxM":2060.6,"sourceAltitudeMeanM":1868.01,"sourceAltitudeSampleCount":861,"sourceAltitudeColumn":"Altitude","sourceAltitudeReference":"source-provided GNSS/absolute altitude"},"geometry":{"type":"LineString","coordinates":[[92.40368989,46.00622884],[92.40368898,46.00001124],[92.40380912,46.00003759],[92.40502978,46.00003772],[92.40498674,46.00004101],[92.40498196,46.00011194],[92.40498501,46.01502111],[92.40498065,46.01499244],[92.405055,46.01498566],[92.40632104,46.01498376],[92.40627149,46.01492835],[92.40628176,46.0107503]]}},{"type":"Feature","id":"hetsuu-hutul-hetsuu-hutul-2025-magnetic-hetsuuhutul2025magnetic1iqmo9tjuiyimfmty1v8gqeser0ifem1srvy0acqu110hz-003","properties":{"project":"Hetsuu hutul","projectKey":"hetsuu-hutul","area":"Хэцүү хөтөл","licence":"XV-022905","campaignId":"hetsuu-hutul-2025-magnetic","campaignLabel":"2025 Соронзон хэмжилтийн GPS зам","campaignYear":2025,"sensor":"Magnetic survey","sensorVerified":false,"gnssSource":"unverified","dataType":"survey_campaign_track","plannedActual":"actual","contextOnly":true,"trajectoryAvailable":true,"status":"confirmed_source","qaStatus":"clean","qaFlags":[],"acquisitionId":"hetsuu-hutul-2025-magnetic__1iqmo9TJUiyIMfmTY1v8GQEsEr0-IFEM1__SRVY0-ACQU1-10Hz#3","segmentIndex":3,"segmentCount":10,"pointCount":682,"simplifiedPointCount":8,"pointsOutsideLicence":0,"startTime":"2025-10-11T03:03:15","endTime":"2025-10-11T03:14:36","timeZone":"UTC (NMEA RMC)","samplingIntervalSeconds":1.0,"timestampProvenance":"embedded-nmea-rmc","latitudeColumn":"Latitude","longitudeColumn":"Longitude","sourceFile":"hetsuu-hutul-2025-magnetic__1iqmo9TJUiyIMfmTY1v8GQEsEr0-IFEM1__SRVY0-ACQU1-10Hz.csv","sourceKind":"Survey GNSS coordinate table","sourceCrs":"EPSG:4326","displayCrs":"EPSG:4326","crsVerified":true,"coverageStatus":"not_calculated","coverageNote":"Зурвасын өргөн болон шугамын алхам баталгаажаагүй тул хамрах талбайг тооцоогүй.","sourceUrl":"https://drive.google.com/file/d/1iqmo9TJUiyIMfmTY1v8GQEsEr0-IFEM1/view","sourceAltitudeMinM":1683.1,"sourceAltitudeMaxM":1883.6,"sourceAltitudeMeanM":1764.98,"sourceAltitudeSampleCount":682,"sourceAltitudeColumn":"Altitude","sourceAltitudeReference":"source-provided GNSS/absolute altitude"},"geometry":{"type":"LineString","coordinates":[[92.4062893,46.01080173],[92.40627776,46.00000355],[92.40640543,46.00003446],[92.407615,46.00003129],[92.40757542,46.00003647],[92.40756675,46.00010455],[92.40757597,46.01071156],[92.40757786,46.01068821]]}},{"type":"Feature","id":"hetsuu-hutul-hetsuu-hutul-2025-magnetic-hetsuuhutul2025magnetic1iqmo9tjuiyimfmty1v8gqeser0ifem1srvy0acqu110hz-004","properties":{"project":"Hetsuu hutul","projectKey":"hetsuu-hutul","area":"Хэцүү хөтөл","licence":"XV-022905","campaignId":"hetsuu-hutul-2025-magnetic","campaignLabel":"2025 Соронзон хэмжилтийн GPS зам","campaignYear":2025,"sensor":"Magnetic survey","sensorVerified":false,"gnssSource":"unverified","dataType":"survey_campaign_track","plannedActual":"actual","contextOnly":true,"trajectoryAvailable":true,"status":"confirmed_source","qaStatus":"clean","qaFlags":[],"acquisitionId":"hetsuu-hutul-2025-magnetic__1iqmo9TJUiyIMfmTY1v8GQEsEr0-IFEM1__SRVY0-ACQU1-10Hz#4","segmentIndex":4,"segmentCount":10,"pointCount":720,"simplifiedPointCount":7,"pointsOutsideLicence":0,"startTime":"2025-10-11T03:26:58","endTime":"2025-10-11T03:38:57","timeZone":"UTC (NMEA RMC)","samplingIntervalSeconds":1.0,"timestampProvenance":"embedded-nmea-rmc","latitudeColumn":"Latitude","longitudeColumn":"Longitude","sourceFile":"hetsuu-hutul-2025-magnetic__1iqmo9TJUiyIMfmTY1v8GQEsEr0-IFEM1__SRVY0-ACQU1-10Hz.csv","sourceKind":"Survey GNSS coordinate table","sourceCrs":"EPSG:4326","displayCrs":"EPSG:4326","crsVerified":true,"coverageStatus":"not_calculated","coverageNote":"Зурвасын өргөн болон шугамын алхам баталгаажаагүй тул хамрах талбайг тооцоогүй.","sourceUrl":"https://drive.google.com/file/d/1iqmo9TJUiyIMfmTY1v8GQEsEr0-IFEM1/view","sourceAltitudeMinM":1756.4,"sourceAltitudeMaxM":2023.2,"sourceAltitudeMeanM":1905.49,"sourceAltitudeSampleCount":720,"sourceAltitudeColumn":"Altitude","sourceAltitudeReference":"source-provided GNSS/absolute altitude"},"geometry":{"type":"LineString","coordinates":[[92.40758138,46.01071884],[92.40757776,46.01500549],[92.40757145,46.01498154],[92.40767679,46.01496421],[92.40890517,46.01496304],[92.40885539,46.01494103],[92.40886318,46.00760294]]}},{"type":"Feature","id":"hetsuu-hutul-hetsuu-hutul-2025-magnetic-hetsuuhutul2025magnetic1iqmo9tjuiyimfmty1v8gqeser0ifem1srvy0acqu110hz-005","properties":{"project":"Hetsuu hutul","projectKey":"hetsuu-hutul","area":"Хэцүү хөтөл","licence":"XV-022905","campaignId":"hetsuu-hutul-2025-magnetic","campaignLabel":"2025 Соронзон хэмжилтийн GPS зам","campaignYear":2025,"sensor":"Magnetic survey","sensorVerified":false,"gnssSource":"unverified","dataType":"survey_campaign_track","plannedActual":"actual","contextOnly":true,"trajectoryAvailable":true,"status":"confirmed_source","qaStatus":"clean","qaFlags":[],"acquisitionId":"hetsuu-hutul-2025-magnetic__1iqmo9TJUiyIMfmTY1v8GQEsEr0-IFEM1__SRVY0-ACQU1-10Hz#5","segmentIndex":5,"segmentCount":10,"pointCount":892,"simplifiedPointCount":12,"pointsOutsideLicence":0,"startTime":"2025-10-11T03:48:19","endTime":"2025-10-11T04:03:10","timeZone":"UTC (NMEA RMC)","samplingIntervalSeconds":1.0,"timestampProvenance":"embedded-nmea-rmc","latitudeColumn":"Latitude","longitudeColumn":"Longitude","sourceFile":"hetsuu-hutul-2025-magnetic__1iqmo9TJUiyIMfmTY1v8GQEsEr0-IFEM1__SRVY0-ACQU1-10Hz.csv","sourceKind":"Survey GNSS coordinate table","sourceCrs":"EPSG:4326","displayCrs":"EPSG:4326","crsVerified":true,"coverageStatus":"not_calculated","coverageNote":"Зурвасын өргөн болон шугамын алхам баталгаажаагүй тул хамрах талбайг тооцоогүй.","sourceUrl":"https://drive.google.com/file/d/1iqmo9TJUiyIMfmTY1v8GQEsEr0-IFEM1/view","sourceAltitudeMinM":1675.4,"sourceAltitudeMaxM":1967.0,"sourceAltitudeMeanM":1805.68,"sourceAltitudeSampleCount":892,"sourceAltitudeColumn":"Altitude","sourceAltitudeReference":"source-provided GNSS/absolute altitude"},"geometry":{"type":"LineString","coordinates":[[92.40886711,46.0076489],[92.40886316,45.99998744],[92.40886634,46.00001991],[92.4089567,46.0000245],[92.41019892,46.00002438],[92.41015277,46.00011371],[92.41016735,46.01499583],[92.41023884,46.01496378],[92.41149625,46.01496181],[92.41145259,46.01496567],[92.41144385,46.01487782],[92.41145623,46.01076651]]}},{"type":"Feature","id":"hetsuu-hutul-hetsuu-hutul-2025-magnetic-hetsuuhutul2025magnetic1iqmo9tjuiyimfmty1v8gqeser0ifem1srvy0acqu110hz-006","properties":{"project":"Hetsuu hutul","projectKey":"hetsuu-hutul","area":"Хэцүү хөтөл","licence":"XV-022905","campaignId":"hetsuu-hutul-2025-magnetic","campaignLabel":"2025 Соронзон хэмжилтийн GPS зам","campaignYear":2025,"sensor":"Magnetic survey","sensorVerified":false,"gnssSource":"unverified","dataType":"survey_campaign_track","plannedActual":"actual","contextOnly":true,"trajectoryAvailable":true,"status":"confirmed_source","qaStatus":"clean","qaFlags":[],"acquisitionId":"hetsuu-hutul-2025-magnetic__1iqmo9TJUiyIMfmTY1v8GQEsEr0-IFEM1__SRVY0-ACQU1-10Hz#6","segmentIndex":6,"segmentCount":10,"pointCount":840,"simplifiedPointCount":7,"pointsOutsideLicence":0,"startTime":"2025-10-11T04:14:04","endTime":"2025-10-11T04:28:03","timeZone":"UTC (NMEA RMC)","samplingIntervalSeconds":1.0,"timestampProvenance":"embedded-nmea-rmc","latitudeColumn":"Latitude","longitudeColumn":"Longitude","sourceFile":"hetsuu-hutul-2025-magnetic__1iqmo9TJUiyIMfmTY1v8GQEsEr0-IFEM1__SRVY0-ACQU1-10Hz.csv","sourceKind":"Survey GNSS coordinate table","sourceCrs":"EPSG:4326","displayCrs":"EPSG:4326","crsVerified":true,"coverageStatus":"not_calculated","coverageNote":"Зурвасын өргөн болон шугамын алхам баталгаажаагүй тул хамрах талбайг тооцоогүй.","sourceUrl":"https://drive.google.com/file/d/1iqmo9TJUiyIMfmTY1v8GQEsEr0-IFEM1/view","sourceAltitudeMinM":1670.5,"sourceAltitudeMaxM":1885.6,"sourceAltitudeMeanM":1756.22,"sourceAltitudeSampleCount":840,"sourceAltitudeColumn":"Altitude","sourceAltitudeReference":"source-provided GNSS/absolute altitude"},"geometry":{"type":"LineString","coordinates":[[92.41146673,46.01210379],[92.41145848,45.99998876],[92.41145861,46.00001739],[92.41155155,46.00002227],[92.41279036,46.00001889],[92.4127436,46.00011169],[92.41275136,46.00981955]]}},{"type":"Feature","id":"hetsuu-hutul-hetsuu-hutul-2025-magnetic-hetsuuhutul2025magnetic1iqmo9tjuiyimfmty1v8gqeser0ifem1srvy0acqu110hz-007","properties":{"project":"Hetsuu hutul","projectKey":"hetsuu-hutul","area":"Хэцүү хөтөл","licence":"XV-022905","campaignId":"hetsuu-hutul-2025-magnetic","campaignLabel":"2025 Соронзон хэмжилтийн GPS зам","campaignYear":2025,"sensor":"Magnetic survey","sensorVerified":false,"gnssSource":"unverified","dataType":"survey_campaign_track","plannedActual":"actual","contextOnly":true,"trajectoryAvailable":true,"status":"confirmed_source","qaStatus":"clean","qaFlags":[],"acquisitionId":"hetsuu-hutul-2025-magnetic__1iqmo9TJUiyIMfmTY1v8GQEsEr0-IFEM1__SRVY0-ACQU1-10Hz#7","segmentIndex":7,"segmentCount":10,"pointCount":961,"simplifiedPointCount":8,"pointsOutsideLicence":0,"startTime":"2025-10-11T05:14:55","endTime":"2025-10-11T05:30:55","timeZone":"UTC (NMEA RMC)","samplingIntervalSeconds":1.0,"timestampProvenance":"embedded-nmea-rmc","latitudeColumn":"Latitude","longitudeColumn":"Longitude","sourceFile":"hetsuu-hutul-2025-magnetic__1iqmo9TJUiyIMfmTY1v8GQEsEr0-IFEM1__SRVY0-ACQU1-10Hz.csv","sourceKind":"Survey GNSS coordinate table","sourceCrs":"EPSG:4326","displayCrs":"EPSG:4326","crsVerified":true,"coverageStatus":"not_calculated","coverageNote":"Зурвасын өргөн болон шугамын алхам баталгаажаагүй тул хамрах талбайг тооцоогүй.","sourceUrl":"https://drive.google.com/file/d/1iqmo9TJUiyIMfmTY1v8GQEsEr0-IFEM1/view","sourceAltitudeMinM":1691.6,"sourceAltitudeMaxM":1997.6,"sourceAltitudeMeanM":1840.72,"sourceAltitudeSampleCount":961,"sourceAltitudeColumn":"Altitude","sourceAltitudeReference":"source-provided GNSS/absolute altitude"},"geometry":{"type":"LineString","coordinates":[[92.41277261,46.00986081],[92.41275742,46.01498888],[92.41283783,46.01495514],[92.41409909,46.01495517],[92.4140463,46.01495103],[92.41404007,46.01489427],[92.41405284,46.00036919],[92.41405199,46.000396]]}},{"type":"Feature","id":"hetsuu-hutul-hetsuu-hutul-2025-magnetic-hetsuuhutul2025magnetic1iqmo9tjuiyimfmty1v8gqeser0ifem1srvy0acqu110hz-008","properties":{"project":"Hetsuu hutul","projectKey":"hetsuu-hutul","area":"Хэцүү хөтөл","licence":"XV-022905","campaignId":"hetsuu-hutul-2025-magnetic","campaignLabel":"2025 Соронзон хэмжилтийн GPS зам","campaignYear":2025,"sensor":"Magnetic survey","sensorVerified":false,"gnssSource":"unverified","dataType":"survey_campaign_track","plannedActual":"actual","contextOnly":true,"trajectoryAvailable":true,"status":"confirmed_source","qaStatus":"clean","qaFlags":[],"acquisitionId":"hetsuu-hutul-2025-magnetic__1iqmo9TJUiyIMfmTY1v8GQEsEr0-IFEM1__SRVY0-ACQU1-10Hz#8","segmentIndex":8,"segmentCount":10,"pointCount":1006,"simplifiedPointCount":11,"pointsOutsideLicence":0,"startTime":"2025-10-11T05:39:05","endTime":"2025-10-11T05:55:50","timeZone":"UTC (NMEA RMC)","samplingIntervalSeconds":1.0,"timestampProvenance":"embedded-nmea-rmc","latitudeColumn":"Latitude","longitudeColumn":"Longitude","sourceFile":"hetsuu-hutul-2025-magnetic__1iqmo9TJUiyIMfmTY1v8GQEsEr0-IFEM1__SRVY0-ACQU1-10Hz.csv","sourceKind":"Survey GNSS coordinate table","sourceCrs":"EPSG:4326","displayCrs":"EPSG:4326","crsVerified":true,"coverageStatus":"not_calculated","coverageNote":"Зурвасын өргөн болон шугамын алхам баталгаажаагүй тул хамрах талбайг тооцоогүй.","sourceUrl":"https://drive.google.com/file/d/1iqmo9TJUiyIMfmTY1v8GQEsEr0-IFEM1/view","sourceAltitudeMinM":1669.2,"sourceAltitudeMaxM":1983.6,"sourceAltitudeMeanM":1814.25,"sourceAltitudeSampleCount":1006,"sourceAltitudeColumn":"Altitude","sourceAltitudeReference":"source-provided GNSS/absolute altitude"},"geometry":{"type":"LineString","coordinates":[[92.41405253,46.00038869],[92.41405185,46.00000781],[92.41418741,46.00004317],[92.41538454,46.00003786],[92.41533627,46.00011695],[92.41533154,46.01497535],[92.41543574,46.01493633],[92.41666876,46.01493487],[92.41662232,46.01490181],[92.41663643,46.00717265],[92.41663242,46.007197]]}},{"type":"Feature","id":"hetsuu-hutul-hetsuu-hutul-2025-magnetic-hetsuuhutul2025magnetic1iqmo9tjuiyimfmty1v8gqeser0ifem1srvy0acqu110hz-009","properties":{"project":"Hetsuu hutul","projectKey":"hetsuu-hutul","area":"Хэцүү хөтөл","licence":"XV-022905","campaignId":"hetsuu-hutul-2025-magnetic","campaignLabel":"2025 Соронзон хэмжилтийн GPS зам","campaignYear":2025,"sensor":"Magnetic survey","sensorVerified":false,"gnssSource":"unverified","dataType":"survey_campaign_track","plannedActual":"actual","contextOnly":true,"trajectoryAvailable":true,"status":"confirmed_source","qaStatus":"clean","qaFlags":[],"acquisitionId":"hetsuu-hutul-2025-magnetic__1iqmo9TJUiyIMfmTY1v8GQEsEr0-IFEM1__SRVY0-ACQU1-10Hz#9","segmentIndex":9,"segmentCount":10,"pointCount":917,"simplifiedPointCount":11,"pointsOutsideLicence":0,"startTime":"2025-10-11T06:07:04","endTime":"2025-10-11T06:22:20","timeZone":"UTC (NMEA RMC)","samplingIntervalSeconds":1.0,"timestampProvenance":"embedded-nmea-rmc","latitudeColumn":"Latitude","longitudeColumn":"Longitude","sourceFile":"hetsuu-hutul-2025-magnetic__1iqmo9TJUiyIMfmTY1v8GQEsEr0-IFEM1__SRVY0-ACQU1-10Hz.csv","sourceKind":"Survey GNSS coordinate table","sourceCrs":"EPSG:4326","displayCrs":"EPSG:4326","crsVerified":true,"coverageStatus":"not_calculated","coverageNote":"Зурвасын өргөн болон шугамын алхам баталгаажаагүй тул хамрах талбайг тооцоогүй.","sourceUrl":"https://drive.google.com/file/d/1iqmo9TJUiyIMfmTY1v8GQEsEr0-IFEM1/view","sourceAltitudeMinM":1662.4,"sourceAltitudeMaxM":1937.8,"sourceAltitudeMeanM":1782.69,"sourceAltitudeSampleCount":917,"sourceAltitudeColumn":"Altitude","sourceAltitudeReference":"source-provided GNSS/absolute altitude"},"geometry":{"type":"LineString","coordinates":[[92.41667589,46.0082045],[92.41663957,46.0081393],[92.41663649,46.00001196],[92.41796991,46.00003307],[92.41792938,46.00010929],[92.41793079,46.01499564],[92.41793144,46.01496226],[92.41803755,46.01495277],[92.41927328,46.01495446],[92.41922515,46.0149155],[92.41923114,46.00989026]]}},{"type":"Feature","id":"hetsuu-hutul-hetsuu-hutul-2025-magnetic-hetsuuhutul2025magnetic1iqmo9tjuiyimfmty1v8gqeser0ifem1srvy0acqu110hz-010","properties":{"project":"Hetsuu hutul","projectKey":"hetsuu-hutul","area":"Хэцүү хөтөл","licence":"XV-022905","campaignId":"hetsuu-hutul-2025-magnetic","campaignLabel":"2025 Соронзон хэмжилтийн GPS зам","campaignYear":2025,"sensor":"Magnetic survey","sensorVerified":false,"gnssSource":"unverified","dataType":"survey_campaign_track","plannedActual":"actual","contextOnly":true,"trajectoryAvailable":true,"status":"confirmed_source","qaStatus":"clean","qaFlags":[],"acquisitionId":"hetsuu-hutul-2025-magnetic__1iqmo9TJUiyIMfmTY1v8GQEsEr0-IFEM1__SRVY0-ACQU1-10Hz#10","segmentIndex":10,"segmentCount":10,"pointCount":403,"simplifiedPointCount":4,"pointsOutsideLicence":0,"startTime":"2025-10-11T06:31:59","endTime":"2025-10-11T06:38:41","timeZone":"UTC (NMEA RMC)","samplingIntervalSeconds":1.0,"timestampProvenance":"embedded-nmea-rmc","latitudeColumn":"Latitude","longitudeColumn":"Longitude","sourceFile":"hetsuu-hutul-2025-magnetic__1iqmo9TJUiyIMfmTY1v8GQEsEr0-IFEM1__SRVY0-ACQU1-10Hz.csv","sourceKind":"Survey GNSS coordinate table","sourceCrs":"EPSG:4326","displayCrs":"EPSG:4326","crsVerified":true,"coverageStatus":"not_calculated","coverageNote":"Зурвасын өргөн болон шугамын алхам баталгаажаагүй тул хамрах талбайг тооцоогүй.","sourceUrl":"https://drive.google.com/file/d/1iqmo9TJUiyIMfmTY1v8GQEsEr0-IFEM1/view","sourceAltitudeMinM":1671.7,"sourceAltitudeMaxM":1771.9,"sourceAltitudeMeanM":1720.01,"sourceAltitudeSampleCount":403,"sourceAltitudeColumn":"Altitude","sourceAltitudeReference":"source-provided GNSS/absolute altitude"},"geometry":{"type":"LineString","coordinates":[[92.41926731,46.01063468],[92.41923395,46.00882912],[92.41922825,46.00885485],[92.4192348,46.00003123]]}},{"type":"Feature","id":"hetsuu-hutul-hetsuu-hutul-2025-magnetic-hetsuuhutul2025magnetic1j6ljcktcezr1oolrdsewslxoe9pgjsrvy0acqu810hz-001","properties":{"project":"Hetsuu hutul","projectKey":"hetsuu-hutul","area":"Хэцүү хөтөл","licence":"XV-022905","campaignId":"hetsuu-hutul-2025-magnetic","campaignLabel":"2025 Соронзон хэмжилтийн GPS зам","campaignYear":2025,"sensor":"Magnetic survey","sensorVerified":false,"gnssSource":"unverified","dataType":"survey_campaign_track","plannedActual":"actual","contextOnly":true,"trajectoryAvailable":true,"status":"confirmed_source","qaStatus":"clean","qaFlags":[],"acquisitionId":"hetsuu-hutul-2025-magnetic__1J6lJ_cKTcEZR_1oolRDsEwSl_xoE9pgj__SRVY0-ACQU8-10Hz#1","segmentIndex":1,"segmentCount":2,"pointCount":1230,"simplifiedPointCount":8,"pointsOutsideLicence":0,"startTime":"2025-10-06T03:54:56","endTime":"2025-10-06T04:15:27","timeZone":"UTC (NMEA RMC)","samplingIntervalSeconds":1.0,"timestampProvenance":"embedded-nmea-rmc","latitudeColumn":"Latitude","longitudeColumn":"Longitude","sourceFile":"hetsuu-hutul-2025-magnetic__1J6lJ_cKTcEZR_1oolRDsEwSl_xoE9pgj__SRVY0-ACQU8-10Hz.csv","sourceKind":"Survey GNSS coordinate table","sourceCrs":"EPSG:4326","displayCrs":"EPSG:4326","crsVerified":true,"coverageStatus":"not_calculated","coverageNote":"Зурвасын өргөн болон шугамын алхам баталгаажаагүй тул хамрах талбайг тооцоогүй.","sourceUrl":"https://drive.google.com/file/d/1J6lJ_cKTcEZR_1oolRDsEwSl_xoE9pgj/view","sourceAltitudeMinM":1780.7,"sourceAltitudeMaxM":1948.0,"sourceAltitudeMeanM":1880.98,"sourceAltitudeSampleCount":1230,"sourceAltitudeColumn":"Altitude","sourceAltitudeReference":"source-provided GNSS/absolute altitude"},"geometry":{"type":"LineString","coordinates":[[92.36040105,46.01350652],[92.35643535,46.0059476],[92.35645306,46.01500629],[92.35654264,46.01497501],[92.35779184,46.01498214],[92.35774291,46.01491778],[92.35774854,46.00650586],[92.3603871,46.01350407]]}},{"type":"Feature","id":"hetsuu-hutul-hetsuu-hutul-2025-magnetic-hetsuuhutul2025magnetic1j6ljcktcezr1oolrdsewslxoe9pgjsrvy0acqu810hz-002","properties":{"project":"Hetsuu hutul","projectKey":"hetsuu-hutul","area":"Хэцүү хөтөл","licence":"XV-022905","campaignId":"hetsuu-hutul-2025-magnetic","campaignLabel":"2025 Соронзон хэмжилтийн GPS зам","campaignYear":2025,"sensor":"Magnetic survey","sensorVerified":false,"gnssSource":"unverified","dataType":"survey_campaign_track","plannedActual":"actual","contextOnly":true,"trajectoryAvailable":true,"status":"confirmed_source","qaStatus":"clean","qaFlags":[],"acquisitionId":"hetsuu-hutul-2025-magnetic__1J6lJ_cKTcEZR_1oolRDsEwSl_xoE9pgj__SRVY0-ACQU8-10Hz#2","segmentIndex":2,"segmentCount":2,"pointCount":1209,"simplifiedPointCount":10,"pointsOutsideLicence":0,"startTime":"2025-10-06T04:17:25","endTime":"2025-10-06T04:37:43","timeZone":"UTC (NMEA RMC)","samplingIntervalSeconds":1.0,"timestampProvenance":"embedded-nmea-rmc","latitudeColumn":"Latitude","longitudeColumn":"Longitude","sourceFile":"hetsuu-hutul-2025-magnetic__1J6lJ_cKTcEZR_1oolRDsEwSl_xoE9pgj__SRVY0-ACQU8-10Hz.csv","sourceKind":"Survey GNSS coordinate table","sourceCrs":"EPSG:4326","displayCrs":"EPSG:4326","crsVerified":true,"coverageStatus":"not_calculated","coverageNote":"Зурвасын өргөн болон шугамын алхам баталгаажаагүй тул хамрах талбайг тооцоогүй.","sourceUrl":"https://drive.google.com/file/d/1J6lJ_cKTcEZR_1oolRDsEwSl_xoE9pgj/view","sourceAltitudeMinM":1702.2,"sourceAltitudeMaxM":1948.6,"sourceAltitudeMeanM":1831.77,"sourceAltitudeSampleCount":1209,"sourceAltitudeColumn":"Altitude","sourceAltitudeReference":"source-provided GNSS/absolute altitude"},"geometry":{"type":"LineString","coordinates":[[92.36040705,46.01351669],[92.35773991,46.00647273],[92.35774555,46.00652026],[92.35775439,46.00000392],[92.35774886,46.00003245],[92.35784153,46.0000374],[92.35908715,46.00003409],[92.35903902,46.00012559],[92.35903808,46.00582024],[92.36038172,46.01349019]]}},{"type":"Feature","id":"hetsuu-hutul-hetsuu-hutul-2025-magnetic-hetsuuhutul2025magnetic1jgzdgjogp2xv3intg3qqhhoix86kprpgsrvy0acqu1510hz-001","properties":{"project":"Hetsuu hutul","projectKey":"hetsuu-hutul","area":"Хэцүү хөтөл","licence":"XV-022905","campaignId":"hetsuu-hutul-2025-magnetic","campaignLabel":"2025 Соронзон хэмжилтийн GPS зам","campaignYear":2025,"sensor":"Magnetic survey","sensorVerified":false,"gnssSource":"unverified","dataType":"survey_campaign_track","plannedActual":"actual","contextOnly":true,"trajectoryAvailable":true,"status":"review_required","qaStatus":"review_required","qaFlags":["AMBIGUOUS_DATE_TIME"],"acquisitionId":"hetsuu-hutul-2025-magnetic__1JGZdgjOgP2xV3INTg3qqHhOIx86KPRpg__SRVY0-ACQU1_5_-10Hz#1","segmentIndex":1,"segmentCount":2,"pointCount":2749,"simplifiedPointCount":23,"pointsOutsideLicence":0,"startTime":null,"endTime":null,"timeZone":"unverified","samplingIntervalSeconds":null,"timestampProvenance":"ambiguous","latitudeColumn":"Latitude","longitudeColumn":"Longitude","sourceFile":"hetsuu-hutul-2025-magnetic__1JGZdgjOgP2xV3INTg3qqHhOIx86KPRpg__SRVY0-ACQU1_5_-10Hz.csv","sourceKind":"Survey GNSS coordinate table","sourceCrs":"EPSG:4326","displayCrs":"EPSG:4326","crsVerified":true,"coverageStatus":"not_calculated","coverageNote":"Зурвасын өргөн болон шугамын алхам баталгаажаагүй тул хамрах талбайг тооцоогүй.","sourceUrl":"https://drive.google.com/file/d/1JGZdgjOgP2xV3INTg3qqHhOIx86KPRpg/view","sourceAltitudeMinM":2012.0,"sourceAltitudeMaxM":2114.5,"sourceAltitudeMeanM":2062.06,"sourceAltitudeSampleCount":2749,"sourceAltitudeColumn":"Altitude","sourceAltitudeReference":"source-provided GNSS/absolute altitude"},"geometry":{"type":"LineString","coordinates":[[92.30820222,46.00280519],[92.31278654,45.99999647],[92.31273667,46.0000292],[92.31283409,46.00008547],[92.31282375,46.01505753],[92.3129503,46.01503326],[92.31414864,46.01504436],[92.31410746,46.01498533],[92.31411982,46.00007597],[92.31412895,46.00010918],[92.31545151,46.00010779],[92.31540633,46.00016806],[92.31541703,46.00075664],[92.30820218,46.00283804],[92.31547241,46.00070006],[92.31541177,46.00071329],[92.31541589,46.01509063],[92.31553442,46.01506],[92.31674457,46.01507443],[92.31670289,46.01499368],[92.31671755,46.00009162],[92.31671895,46.0001314],[92.30821122,46.00283936]]}},{"type":"Feature","id":"hetsuu-hutul-hetsuu-hutul-2025-magnetic-hetsuuhutul2025magnetic1jgzdgjogp2xv3intg3qqhhoix86kprpgsrvy0acqu1510hz-002","properties":{"project":"Hetsuu hutul","projectKey":"hetsuu-hutul","area":"Хэцүү хөтөл","licence":"XV-022905","campaignId":"hetsuu-hutul-2025-magnetic","campaignLabel":"2025 Соронзон хэмжилтийн GPS зам","campaignYear":2025,"sensor":"Magnetic survey","sensorVerified":false,"gnssSource":"unverified","dataType":"survey_campaign_track","plannedActual":"actual","contextOnly":true,"trajectoryAvailable":true,"status":"review_required","qaStatus":"review_required","qaFlags":["AMBIGUOUS_DATE_TIME"],"acquisitionId":"hetsuu-hutul-2025-magnetic__1JGZdgjOgP2xV3INTg3qqHhOIx86KPRpg__SRVY0-ACQU1_5_-10Hz#2","segmentIndex":2,"segmentCount":2,"pointCount":2138,"simplifiedPointCount":14,"pointsOutsideLicence":0,"startTime":null,"endTime":null,"timeZone":"unverified","samplingIntervalSeconds":null,"timestampProvenance":"ambiguous","latitudeColumn":"Latitude","longitudeColumn":"Longitude","sourceFile":"hetsuu-hutul-2025-magnetic__1JGZdgjOgP2xV3INTg3qqHhOIx86KPRpg__SRVY0-ACQU1_5_-10Hz.csv","sourceKind":"Survey GNSS coordinate table","sourceCrs":"EPSG:4326","displayCrs":"EPSG:4326","crsVerified":true,"coverageStatus":"not_calculated","coverageNote":"Зурвасын өргөн болон шугамын алхам баталгаажаагүй тул хамрах талбайг тооцоогүй.","sourceUrl":"https://drive.google.com/file/d/1JGZdgjOgP2xV3INTg3qqHhOIx86KPRpg/view","sourceAltitudeMinM":2012.0,"sourceAltitudeMaxM":2089.7,"sourceAltitudeMeanM":2055.34,"sourceAltitudeSampleCount":2138,"sourceAltitudeColumn":"Altitude","sourceAltitudeReference":"source-provided GNSS/absolute altitude"},"geometry":{"type":"LineString","coordinates":[[92.31282503,46.00009787],[92.31282375,46.01505753],[92.3129503,46.01503326],[92.31415394,46.01504298],[92.31410746,46.01498533],[92.31411982,46.00007597],[92.31412895,46.00010918],[92.31545151,46.00010779],[92.31540633,46.00016806],[92.31541589,46.01509063],[92.31553442,46.01506],[92.31674457,46.01507443],[92.31670289,46.01499368],[92.31671592,46.00011035]]}},{"type":"Feature","id":"hetsuu-hutul-hetsuu-hutul-2025-magnetic-hetsuuhutul2025magnetic1jvclgqwqj4c5si6sglhxnne3mbec88usrvy0acqu0410hz-001","properties":{"project":"Hetsuu hutul","projectKey":"hetsuu-hutul","area":"Хэцүү хөтөл","licence":"XV-022905","campaignId":"hetsuu-hutul-2025-magnetic","campaignLabel":"2025 Соронзон хэмжилтийн GPS зам","campaignYear":2025,"sensor":"Magnetic survey","sensorVerified":false,"gnssSource":"unverified","dataType":"survey_campaign_track","plannedActual":"actual","contextOnly":true,"trajectoryAvailable":true,"status":"confirmed_source","qaStatus":"clean","qaFlags":[],"acquisitionId":"hetsuu-hutul-2025-magnetic__1jvcLGQwQj4C5Si6SGl-hxnNE3mbeC88u__SRVY0-ACQU0_4_-10Hz#1","segmentIndex":1,"segmentCount":2,"pointCount":1417,"simplifiedPointCount":18,"pointsOutsideLicence":0,"startTime":"2025-09-26T05:59:42","endTime":"2025-09-26T06:23:39","timeZone":"UTC (NMEA RMC)","samplingIntervalSeconds":1.0,"timestampProvenance":"embedded-nmea-rmc","latitudeColumn":"Latitude","longitudeColumn":"Longitude","sourceFile":"hetsuu-hutul-2025-magnetic__1jvcLGQwQj4C5Si6SGl-hxnNE3mbeC88u__SRVY0-ACQU0_4_-10Hz.csv","sourceKind":"Survey GNSS coordinate table","sourceCrs":"EPSG:4326","displayCrs":"EPSG:4326","crsVerified":true,"coverageStatus":"not_calculated","coverageNote":"Зурвасын өргөн болон шугамын алхам баталгаажаагүй тул хамрах талбайг тооцоогүй.","sourceUrl":"https://drive.google.com/file/d/1jvcLGQwQj4C5Si6SGl-hxnNE3mbeC88u/view","sourceAltitudeMinM":2017.1,"sourceAltitudeMaxM":2271.2,"sourceAltitudeMeanM":2135.79,"sourceAltitudeSampleCount":1417,"sourceAltitudeColumn":"Altitude","sourceAltitudeReference":"source-provided GNSS/absolute altitude"},"geometry":{"type":"LineString","coordinates":[[92.30414188,45.99966336],[92.30415488,45.99971234],[92.30081046,46.00204226],[92.30083516,46.00202352],[92.30085313,46.01017693],[92.30084814,46.01014483],[92.30090576,46.01014087],[92.30219138,46.01021357],[92.30214456,46.01014696],[92.30214541,45.99999787],[92.30370192,45.99988453],[92.30364908,45.99988799],[92.30363437,45.99999446],[92.30363726,46.00424026],[92.30407955,46.00002223],[92.30413247,45.99970366],[92.30412811,45.99973591],[92.30416022,45.99971969]]}},{"type":"Feature","id":"hetsuu-hutul-hetsuu-hutul-2025-magnetic-hetsuuhutul2025magnetic1jvclgqwqj4c5si6sglhxnne3mbec88usrvy0acqu0410hz-002","properties":{"project":"Hetsuu hutul","projectKey":"hetsuu-hutul","area":"Хэцүү хөтөл","licence":"XV-022905","campaignId":"hetsuu-hutul-2025-magnetic","campaignLabel":"2025 Соронзон хэмжилтийн GPS зам","campaignYear":2025,"sensor":"Magnetic survey","sensorVerified":false,"gnssSource":"unverified","dataType":"survey_campaign_track","plannedActual":"actual","contextOnly":true,"trajectoryAvailable":true,"status":"confirmed_source","qaStatus":"clean","qaFlags":[],"acquisitionId":"hetsuu-hutul-2025-magnetic__1jvcLGQwQj4C5Si6SGl-hxnNE3mbeC88u__SRVY0-ACQU0_4_-10Hz#2","segmentIndex":2,"segmentCount":2,"pointCount":1421,"simplifiedPointCount":16,"pointsOutsideLicence":0,"startTime":"2025-09-26T06:25:25","endTime":"2025-09-26T06:49:46","timeZone":"UTC (NMEA RMC)","samplingIntervalSeconds":1.0,"timestampProvenance":"embedded-nmea-rmc","latitudeColumn":"Latitude","longitudeColumn":"Longitude","sourceFile":"hetsuu-hutul-2025-magnetic__1jvcLGQwQj4C5Si6SGl-hxnNE3mbeC88u__SRVY0-ACQU0_4_-10Hz.csv","sourceKind":"Survey GNSS coordinate table","sourceCrs":"EPSG:4326","displayCrs":"EPSG:4326","crsVerified":true,"coverageStatus":"not_calculated","coverageNote":"Зурвасын өргөн болон шугамын алхам баталгаажаагүй тул хамрах талбайг тооцоогүй.","sourceUrl":"https://drive.google.com/file/d/1jvcLGQwQj4C5Si6SGl-hxnNE3mbeC88u/view","sourceAltitudeMinM":2020.0,"sourceAltitudeMaxM":2217.6,"sourceAltitudeMeanM":2109.9,"sourceAltitudeSampleCount":1421,"sourceAltitudeColumn":"Altitude","sourceAltitudeReference":"source-provided GNSS/absolute altitude"},"geometry":{"type":"LineString","coordinates":[[92.30416506,45.99970102],[92.30412731,45.99970818],[92.30362317,46.00423602],[92.30363474,46.00990942],[92.3036825,46.00988175],[92.30496811,46.00989857],[92.30492741,46.00982143],[92.30492509,45.9999409],[92.30492964,45.99996791],[92.30505059,45.99996854],[92.30627075,45.99994776],[92.30622825,45.99995817],[92.30622099,46.00002678],[92.3062329,46.00777742],[92.30414278,45.99969546],[92.30416822,45.99971386]]}},{"type":"Feature","id":"hetsuu-hutul-hetsuu-hutul-2025-magnetic-hetsuuhutul2025magnetic1kwpauqulwfrrxskj6guoz5swrwqbot6ksrvy0acqu210hz-001","properties":{"project":"Hetsuu hutul","projectKey":"hetsuu-hutul","area":"Хэцүү хөтөл","licence":"XV-022905","campaignId":"hetsuu-hutul-2025-magnetic","campaignLabel":"2025 Соронзон хэмжилтийн GPS зам","campaignYear":2025,"sensor":"Magnetic survey","sensorVerified":false,"gnssSource":"unverified","dataType":"survey_campaign_track","plannedActual":"actual","contextOnly":true,"trajectoryAvailable":true,"status":"confirmed_source","qaStatus":"clean","qaFlags":[],"acquisitionId":"hetsuu-hutul-2025-magnetic__1kwpAUqULwFrRXsKj6GuOz5SWRWqbOT6k__SRVY0-ACQU2-10Hz#1","segmentIndex":1,"segmentCount":2,"pointCount":1194,"simplifiedPointCount":12,"pointsOutsideLicence":0,"startTime":"2025-10-12T06:49:35","endTime":"2025-10-12T07:09:50","timeZone":"UTC (NMEA RMC)","samplingIntervalSeconds":1.0,"timestampProvenance":"embedded-nmea-rmc","latitudeColumn":"Latitude","longitudeColumn":"Longitude","sourceFile":"hetsuu-hutul-2025-magnetic__1kwpAUqULwFrRXsKj6GuOz5SWRWqbOT6k__SRVY0-ACQU2-10Hz.csv","sourceKind":"Survey GNSS coordinate table","sourceCrs":"EPSG:4326","displayCrs":"EPSG:4326","crsVerified":true,"coverageStatus":"not_calculated","coverageNote":"Зурвасын өргөн болон шугамын алхам баталгаажаагүй тул хамрах талбайг тооцоогүй.","sourceUrl":"https://drive.google.com/file/d/1kwpAUqULwFrRXsKj6GuOz5SWRWqbOT6k/view","sourceAltitudeMinM":1577.9,"sourceAltitudeMaxM":2060.3,"sourceAltitudeMeanM":1933.31,"sourceAltitudeSampleCount":1194,"sourceAltitudeColumn":"Altitude","sourceAltitudeReference":"source-provided GNSS/absolute altitude"},"geometry":{"type":"LineString","coordinates":[[92.43903421,46.00876952],[92.43901934,46.00880795],[92.4178766,46.01869958],[92.41793238,46.01863606],[92.41793947,46.01833752],[92.41794025,46.01409833],[92.41794105,46.01412386],[92.4178348,46.0141385],[92.41660447,46.01413301],[92.4166497,46.01421509],[92.41664181,46.0187304],[92.43901855,46.00878519]]}},{"type":"Feature","id":"hetsuu-hutul-hetsuu-hutul-2025-magnetic-hetsuuhutul2025magnetic1kwpauqulwfrrxskj6guoz5swrwqbot6ksrvy0acqu210hz-002","properties":{"project":"Hetsuu hutul","projectKey":"hetsuu-hutul","area":"Хэцүү хөтөл","licence":"XV-022905","campaignId":"hetsuu-hutul-2025-magnetic","campaignLabel":"2025 Соронзон хэмжилтийн GPS зам","campaignYear":2025,"sensor":"Magnetic survey","sensorVerified":false,"gnssSource":"unverified","dataType":"survey_campaign_track","plannedActual":"actual","contextOnly":true,"trajectoryAvailable":true,"status":"confirmed_source","qaStatus":"clean","qaFlags":[],"acquisitionId":"hetsuu-hutul-2025-magnetic__1kwpAUqULwFrRXsKj6GuOz5SWRWqbOT6k__SRVY0-ACQU2-10Hz#2","segmentIndex":2,"segmentCount":2,"pointCount":1390,"simplifiedPointCount":12,"pointsOutsideLicence":0,"startTime":"2025-10-12T07:12:06","endTime":"2025-10-12T07:35:38","timeZone":"UTC (NMEA RMC)","samplingIntervalSeconds":1.0,"timestampProvenance":"embedded-nmea-rmc","latitudeColumn":"Latitude","longitudeColumn":"Longitude","sourceFile":"hetsuu-hutul-2025-magnetic__1kwpAUqULwFrRXsKj6GuOz5SWRWqbOT6k__SRVY0-ACQU2-10Hz.csv","sourceKind":"Survey GNSS coordinate table","sourceCrs":"EPSG:4326","displayCrs":"EPSG:4326","crsVerified":true,"coverageStatus":"not_calculated","coverageNote":"Зурвасын өргөн болон шугамын алхам баталгаажаагүй тул хамрах талбайг тооцоогүй.","sourceUrl":"https://drive.google.com/file/d/1kwpAUqULwFrRXsKj6GuOz5SWRWqbOT6k/view","sourceAltitudeMinM":1579.0,"sourceAltitudeMaxM":2034.8,"sourceAltitudeMeanM":1929.61,"sourceAltitudeSampleCount":1390,"sourceAltitudeColumn":"Altitude","sourceAltitudeReference":"source-provided GNSS/absolute altitude"},"geometry":{"type":"LineString","coordinates":[[92.43904071,46.00876652],[92.4340261,46.01103569],[92.41659066,46.0187484],[92.41663822,46.01875199],[92.41663352,46.01892545],[92.41664992,46.01887055],[92.41664782,46.02788549],[92.41664667,46.02785768],[92.41654433,46.02785021],[92.4153265,46.02784186],[92.41534421,46.02560745],[92.43903854,46.00877469]]}},{"type":"Feature","id":"hetsuu-hutul-hetsuu-hutul-2025-magnetic-hetsuuhutul2025magnetic1loeaztzsw1ghfdqpvzs0aa5iveautkssrvy0acqu110hz-001","properties":{"project":"Hetsuu hutul","projectKey":"hetsuu-hutul","area":"Хэцүү хөтөл","licence":"XV-022905","campaignId":"hetsuu-hutul-2025-magnetic","campaignLabel":"2025 Соронзон хэмжилтийн GPS зам","campaignYear":2025,"sensor":"Magnetic survey","sensorVerified":false,"gnssSource":"unverified","dataType":"survey_campaign_track","plannedActual":"actual","contextOnly":true,"trajectoryAvailable":true,"status":"confirmed_source","qaStatus":"clean","qaFlags":[],"acquisitionId":"hetsuu-hutul-2025-magnetic__1LoeaZTZSW1ghfdqPvZs0AA_5iveAUtKS__SRVY0-ACQU1-10Hz#1","segmentIndex":1,"segmentCount":3,"pointCount":1284,"simplifiedPointCount":14,"pointsOutsideLicence":0,"startTime":"2025-10-18T05:36:33","endTime":"2025-10-18T05:57:58","timeZone":"UTC (NMEA RMC)","samplingIntervalSeconds":1.0,"timestampProvenance":"embedded-nmea-rmc","latitudeColumn":"Latitude","longitudeColumn":"Longitude","sourceFile":"hetsuu-hutul-2025-magnetic__1LoeaZTZSW1ghfdqPvZs0AA_5iveAUtKS__SRVY0-ACQU1-10Hz.csv","sourceKind":"Survey GNSS coordinate table","sourceCrs":"EPSG:4326","displayCrs":"EPSG:4326","crsVerified":true,"coverageStatus":"not_calculated","coverageNote":"Зурвасын өргөн болон шугамын алхам баталгаажаагүй тул хамрах талбайг тооцоогүй.","sourceUrl":"https://drive.google.com/file/d/1LoeaZTZSW1ghfdqPvZs0AA_5iveAUtKS/view","sourceAltitudeMinM":1764.7,"sourceAltitudeMaxM":2038.2,"sourceAltitudeMeanM":1886.55,"sourceAltitudeSampleCount":1284,"sourceAltitudeColumn":"Altitude","sourceAltitudeReference":"source-provided GNSS/absolute altitude"},"geometry":{"type":"LineString","coordinates":[[92.33740721,46.02087103],[92.33187406,46.0266504],[92.33188998,46.02724789],[92.33197196,46.02721901],[92.33322492,46.0272306],[92.33318101,46.02722538],[92.33317138,46.02713846],[92.33316764,46.02618419],[92.33319032,46.01428669],[92.33450929,46.01430708],[92.33447108,46.01430385],[92.33447155,46.0165083],[92.33625261,46.01954868],[92.33741538,46.0208672]]}},{"type":"Feature","id":"hetsuu-hutul-hetsuu-hutul-2025-magnetic-hetsuuhutul2025magnetic1loeaztzsw1ghfdqpvzs0aa5iveautkssrvy0acqu110hz-002","properties":{"project":"Hetsuu hutul","projectKey":"hetsuu-hutul","area":"Хэцүү хөтөл","licence":"XV-022905","campaignId":"hetsuu-hutul-2025-magnetic","campaignLabel":"2025 Соронзон хэмжилтийн GPS зам","campaignYear":2025,"sensor":"Magnetic survey","sensorVerified":false,"gnssSource":"unverified","dataType":"survey_campaign_track","plannedActual":"actual","contextOnly":true,"trajectoryAvailable":true,"status":"confirmed_source","qaStatus":"clean","qaFlags":[],"acquisitionId":"hetsuu-hutul-2025-magnetic__1LoeaZTZSW1ghfdqPvZs0AA_5iveAUtKS__SRVY0-ACQU1-10Hz#2","segmentIndex":2,"segmentCount":3,"pointCount":1177,"simplifiedPointCount":10,"pointsOutsideLicence":0,"startTime":"2025-10-18T06:00:00","endTime":"2025-10-18T06:19:36","timeZone":"UTC (NMEA RMC)","samplingIntervalSeconds":1.0,"timestampProvenance":"embedded-nmea-rmc","latitudeColumn":"Latitude","longitudeColumn":"Longitude","sourceFile":"hetsuu-hutul-2025-magnetic__1LoeaZTZSW1ghfdqPvZs0AA_5iveAUtKS__SRVY0-ACQU1-10Hz.csv","sourceKind":"Survey GNSS coordinate table","sourceCrs":"EPSG:4326","displayCrs":"EPSG:4326","crsVerified":true,"coverageStatus":"not_calculated","coverageNote":"Зурвасын өргөн болон шугамын алхам баталгаажаагүй тул хамрах талбайг тооцоогүй.","sourceUrl":"https://drive.google.com/file/d/1LoeaZTZSW1ghfdqPvZs0AA_5iveAUtKS/view","sourceAltitudeMinM":1765.3,"sourceAltitudeMaxM":1906.5,"sourceAltitudeMeanM":1845.78,"sourceAltitudeSampleCount":1177,"sourceAltitudeColumn":"Altitude","sourceAltitudeReference":"source-provided GNSS/absolute altitude"},"geometry":{"type":"LineString","coordinates":[[92.33741638,46.02088202],[92.33444171,46.0164702],[92.33449506,46.01994909],[92.33447756,46.02731857],[92.33455444,46.0272875],[92.33582226,46.02731233],[92.33577159,46.02731176],[92.33576212,46.02725196],[92.33578417,46.02001191],[92.33742153,46.02089951]]}},{"type":"Feature","id":"hetsuu-hutul-hetsuu-hutul-2025-magnetic-hetsuuhutul2025magnetic1loeaztzsw1ghfdqpvzs0aa5iveautkssrvy0acqu110hz-003","properties":{"project":"Hetsuu hutul","projectKey":"hetsuu-hutul","area":"Хэцүү хөтөл","licence":"XV-022905","campaignId":"hetsuu-hutul-2025-magnetic","campaignLabel":"2025 Соронзон хэмжилтийн GPS зам","campaignYear":2025,"sensor":"Magnetic survey","sensorVerified":false,"gnssSource":"unverified","dataType":"survey_campaign_track","plannedActual":"actual","contextOnly":true,"trajectoryAvailable":true,"status":"confirmed_source","qaStatus":"clean","qaFlags":[],"acquisitionId":"hetsuu-hutul-2025-magnetic__1LoeaZTZSW1ghfdqPvZs0AA_5iveAUtKS__SRVY0-ACQU1-10Hz#3","segmentIndex":3,"segmentCount":3,"pointCount":2451,"simplifiedPointCount":23,"pointsOutsideLicence":0,"startTime":"2025-10-18T06:21:53","endTime":"2025-10-18T07:03:32","timeZone":"UTC (NMEA RMC)","samplingIntervalSeconds":1.0,"timestampProvenance":"embedded-nmea-rmc","latitudeColumn":"Latitude","longitudeColumn":"Longitude","sourceFile":"hetsuu-hutul-2025-magnetic__1LoeaZTZSW1ghfdqPvZs0AA_5iveAUtKS__SRVY0-ACQU1-10Hz.csv","sourceKind":"Survey GNSS coordinate table","sourceCrs":"EPSG:4326","displayCrs":"EPSG:4326","crsVerified":true,"coverageStatus":"not_calculated","coverageNote":"Зурвасын өргөн болон шугамын алхам баталгаажаагүй тул хамрах талбайг тооцоогүй.","sourceUrl":"https://drive.google.com/file/d/1LoeaZTZSW1ghfdqPvZs0AA_5iveAUtKS/view","sourceAltitudeMinM":1762.3,"sourceAltitudeMaxM":1992.0,"sourceAltitudeMeanM":1855.46,"sourceAltitudeSampleCount":2451,"sourceAltitudeColumn":"Altitude","sourceAltitudeReference":"source-provided GNSS/absolute altitude"},"geometry":{"type":"LineString","coordinates":[[92.33742605,46.02090836],[92.33572484,46.0199934],[92.33576555,46.02001419],[92.33577838,46.01431488],[92.33578206,46.01434376],[92.33711614,46.01433325],[92.33707132,46.01442727],[92.33706219,46.0152319],[92.33706882,46.0248412],[92.33730173,46.02310912],[92.3374446,46.02146257],[92.33739789,46.02085002],[92.33705473,46.0248417],[92.33706216,46.02732392],[92.33705723,46.02729888],[92.33837308,46.02731734],[92.33837573,46.01426248],[92.3383832,46.01430152],[92.33971405,46.01428723],[92.33966579,46.01437896],[92.33966899,46.01766025],[92.33871599,46.01924103],[92.337432,46.02088207]]}},{"type":"Feature","id":"hetsuu-hutul-hetsuu-hutul-2025-magnetic-hetsuuhutul2025magnetic1mm4x6c90m67kiljk45mwdehi2ax7c8srvy0acqu110hz-001","properties":{"project":"Hetsuu hutul","projectKey":"hetsuu-hutul","area":"Хэцүү хөтөл","licence":"XV-022905","campaignId":"hetsuu-hutul-2025-magnetic","campaignLabel":"2025 Соронзон хэмжилтийн GPS зам","campaignYear":2025,"sensor":"Magnetic survey","sensorVerified":false,"gnssSource":"unverified","dataType":"survey_campaign_track","plannedActual":"actual","contextOnly":true,"trajectoryAvailable":true,"status":"confirmed_source","qaStatus":"clean","qaFlags":[],"acquisitionId":"hetsuu-hutul-2025-magnetic__1_mm4x6C90-M67kIljk45MwDEHi2Ax7c8__SRVY0-ACQU1-10Hz#1","segmentIndex":1,"segmentCount":2,"pointCount":1275,"simplifiedPointCount":16,"pointsOutsideLicence":0,"startTime":"2025-10-01T04:18:24","endTime":"2025-10-01T04:39:52","timeZone":"UTC (NMEA RMC)","samplingIntervalSeconds":1.0,"timestampProvenance":"embedded-nmea-rmc","latitudeColumn":"Latitude","longitudeColumn":"Longitude","sourceFile":"hetsuu-hutul-2025-magnetic__1_mm4x6C90-M67kIljk45MwDEHi2Ax7c8__SRVY0-ACQU1-10Hz.csv","sourceKind":"Survey GNSS coordinate table","sourceCrs":"EPSG:4326","displayCrs":"EPSG:4326","crsVerified":true,"coverageStatus":"not_calculated","coverageNote":"Зурвасын өргөн болон шугамын алхам баталгаажаагүй тул хамрах талбайг тооцоогүй.","sourceUrl":"https://drive.google.com/file/d/1_mm4x6C90-M67kIljk45MwDEHi2Ax7c8/view","sourceAltitudeMinM":1956.9,"sourceAltitudeMaxM":2144.1,"sourceAltitudeMeanM":2055.25,"sourceAltitudeSampleCount":1275,"sourceAltitudeColumn":"Altitude","sourceAltitudeReference":"source-provided GNSS/absolute altitude"},"geometry":{"type":"LineString","coordinates":[[92.32971672,46.01208136],[92.33363137,46.01507506],[92.33359792,46.01504593],[92.33358725,46.0154342],[92.3335846,46.01540907],[92.33367489,46.01540028],[92.33492903,46.01541319],[92.33488219,46.01537451],[92.33486779,46.01484169],[92.33488992,46.0000053],[92.33588559,45.99988594],[92.3358296,45.99989469],[92.33591349,45.99997632],[92.33590732,46.0091223],[92.32970428,46.01216566],[92.32975197,46.01213821]]}},{"type":"Feature","id":"hetsuu-hutul-hetsuu-hutul-2025-magnetic-hetsuuhutul2025magnetic1mm4x6c90m67kiljk45mwdehi2ax7c8srvy0acqu110hz-002","properties":{"project":"Hetsuu hutul","projectKey":"hetsuu-hutul","area":"Хэцүү хөтөл","licence":"XV-022905","campaignId":"hetsuu-hutul-2025-magnetic","campaignLabel":"2025 Соронзон хэмжилтийн GPS зам","campaignYear":2025,"sensor":"Magnetic survey","sensorVerified":false,"gnssSource":"unverified","dataType":"survey_campaign_track","plannedActual":"actual","contextOnly":true,"trajectoryAvailable":true,"status":"confirmed_source","qaStatus":"clean","qaFlags":[],"acquisitionId":"hetsuu-hutul-2025-magnetic__1_mm4x6C90-M67kIljk45MwDEHi2Ax7c8__SRVY0-ACQU1-10Hz#2","segmentIndex":2,"segmentCount":2,"pointCount":1318,"simplifiedPointCount":12,"pointsOutsideLicence":0,"startTime":"2025-10-01T04:42:33","endTime":"2025-10-01T05:04:53","timeZone":"UTC (NMEA RMC)","samplingIntervalSeconds":1.0,"timestampProvenance":"embedded-nmea-rmc","latitudeColumn":"Latitude","longitudeColumn":"Longitude","sourceFile":"hetsuu-hutul-2025-magnetic__1_mm4x6C90-M67kIljk45MwDEHi2Ax7c8__SRVY0-ACQU1-10Hz.csv","sourceKind":"Survey GNSS coordinate table","sourceCrs":"EPSG:4326","displayCrs":"EPSG:4326","crsVerified":true,"coverageStatus":"not_calculated","coverageNote":"Зурвасын өргөн болон шугамын алхам баталгаажаагүй тул хамрах талбайг тооцоогүй.","sourceUrl":"https://drive.google.com/file/d/1_mm4x6C90-M67kIljk45MwDEHi2Ax7c8/view","sourceAltitudeMinM":1969.1,"sourceAltitudeMaxM":2132.2,"sourceAltitudeMeanM":2051.98,"sourceAltitudeSampleCount":1318,"sourceAltitudeColumn":"Altitude","sourceAltitudeReference":"source-provided GNSS/absolute altitude"},"geometry":{"type":"LineString","coordinates":[[92.32972288,46.01212619],[92.32975273,46.01216018],[92.33594204,46.00908267],[92.3358966,46.00910571],[92.33588979,46.0095759],[92.33589647,46.01552841],[92.33589807,46.01549547],[92.3359922,46.01549045],[92.33723274,46.0155507],[92.33718356,46.01548332],[92.33719938,46.00220124],[92.32975658,46.01214261]]}},{"type":"Feature","id":"hetsuu-hutul-hetsuu-hutul-2025-magnetic-hetsuuhutul2025magnetic1mrtfpybbyhms6ha2zgnve1uc7msagbsrvy0acqu110hz-001","properties":{"project":"Hetsuu hutul","projectKey":"hetsuu-hutul","area":"Хэцүү хөтөл","licence":"XV-022905","campaignId":"hetsuu-hutul-2025-magnetic","campaignLabel":"2025 Соронзон хэмжилтийн GPS зам","campaignYear":2025,"sensor":"Magnetic survey","sensorVerified":false,"gnssSource":"unverified","dataType":"survey_campaign_track","plannedActual":"actual","contextOnly":true,"trajectoryAvailable":true,"status":"confirmed_source","qaStatus":"clean","qaFlags":[],"acquisitionId":"hetsuu-hutul-2025-magnetic__1mr-tfPYBBYHms6hA2zGNVe1uC7msAG-b__SRVY0-ACQU1-10Hz#1","segmentIndex":1,"segmentCount":2,"pointCount":1305,"simplifiedPointCount":15,"pointsOutsideLicence":0,"startTime":"2025-10-08T03:03:05","endTime":"2025-10-08T03:25:11","timeZone":"UTC (NMEA RMC)","samplingIntervalSeconds":1.0,"timestampProvenance":"embedded-nmea-rmc","latitudeColumn":"Latitude","longitudeColumn":"Longitude","sourceFile":"hetsuu-hutul-2025-magnetic__1mr-tfPYBBYHms6hA2zGNVe1uC7msAG-b__SRVY0-ACQU1-10Hz.csv","sourceKind":"Survey GNSS coordinate table","sourceCrs":"EPSG:4326","displayCrs":"EPSG:4326","crsVerified":true,"coverageStatus":"not_calculated","coverageNote":"Зурвасын өргөн болон шугамын алхам баталгаажаагүй тул хамрах талбайг тооцоогүй.","sourceUrl":"https://drive.google.com/file/d/1mr-tfPYBBYHms6hA2zGNVe1uC7msAG-b/view","sourceAltitudeMinM":1669.0,"sourceAltitudeMaxM":1992.8,"sourceAltitudeMeanM":1846.37,"sourceAltitudeSampleCount":1305,"sourceAltitudeColumn":"Altitude","sourceAltitudeReference":"source-provided GNSS/absolute altitude"},"geometry":{"type":"LineString","coordinates":[[92.37260555,46.00946436],[92.37261339,46.00944039],[92.36543105,46.00855027],[92.36548469,46.00850617],[92.36549161,46.00805117],[92.36549225,46.00006445],[92.36553734,46.00010516],[92.36681553,46.00009382],[92.36677549,46.0000893],[92.36679153,46.01509043],[92.36683832,46.01505674],[92.36757067,46.01505992],[92.36753309,46.0150583],[92.37264382,46.00942797],[92.37261788,46.0094483]]}},{"type":"Feature","id":"hetsuu-hutul-hetsuu-hutul-2025-magnetic-hetsuuhutul2025magnetic1mrtfpybbyhms6ha2zgnve1uc7msagbsrvy0acqu110hz-002","properties":{"project":"Hetsuu hutul","projectKey":"hetsuu-hutul","area":"Хэцүү хөтөл","licence":"XV-022905","campaignId":"hetsuu-hutul-2025-magnetic","campaignLabel":"2025 Соронзон хэмжилтийн GPS зам","campaignYear":2025,"sensor":"Magnetic survey","sensorVerified":false,"gnssSource":"unverified","dataType":"survey_campaign_track","plannedActual":"actual","contextOnly":true,"trajectoryAvailable":true,"status":"confirmed_source","qaStatus":"clean","qaFlags":[],"acquisitionId":"hetsuu-hutul-2025-magnetic__1mr-tfPYBBYHms6hA2zGNVe1uC7msAG-b__SRVY0-ACQU1-10Hz#2","segmentIndex":2,"segmentCount":2,"pointCount":1259,"simplifiedPointCount":12,"pointsOutsideLicence":0,"startTime":"2025-10-08T03:28:26","endTime":"2025-10-08T03:49:42","timeZone":"UTC (NMEA RMC)","samplingIntervalSeconds":1.0,"timestampProvenance":"embedded-nmea-rmc","latitudeColumn":"Latitude","longitudeColumn":"Longitude","sourceFile":"hetsuu-hutul-2025-magnetic__1mr-tfPYBBYHms6hA2zGNVe1uC7msAG-b__SRVY0-ACQU1-10Hz.csv","sourceKind":"Survey GNSS coordinate table","sourceCrs":"EPSG:4326","displayCrs":"EPSG:4326","crsVerified":true,"coverageStatus":"not_calculated","coverageNote":"Зурвасын өргөн болон шугамын алхам баталгаажаагүй тул хамрах талбайг тооцоогүй.","sourceUrl":"https://drive.google.com/file/d/1mr-tfPYBBYHms6hA2zGNVe1uC7msAG-b/view","sourceAltitudeMinM":1713.5,"sourceAltitudeMaxM":2008.0,"sourceAltitudeMeanM":1888.75,"sourceAltitudeSampleCount":1259,"sourceAltitudeColumn":"Altitude","sourceAltitudeReference":"source-provided GNSS/absolute altitude"},"geometry":{"type":"LineString","coordinates":[[92.37261022,46.00945569],[92.372621,46.00943064],[92.36753154,46.01508583],[92.36757995,46.01505727],[92.36812443,46.01505831],[92.36807728,46.01497617],[92.36808431,46.00006098],[92.36817586,46.0000938],[92.36941777,46.00009036],[92.36937529,46.00023244],[92.36937275,46.00921111],[92.37262467,46.00943984]]}},{"type":"Feature","id":"hetsuu-hutul-hetsuu-hutul-2025-magnetic-hetsuuhutul2025magnetic1mx235lotmifvaii1cr7mqnybqzwj4gsrvy0acqu410hz-001","properties":{"project":"Hetsuu hutul","projectKey":"hetsuu-hutul","area":"Хэцүү хөтөл","licence":"XV-022905","campaignId":"hetsuu-hutul-2025-magnetic","campaignLabel":"2025 Соронзон хэмжилтийн GPS зам","campaignYear":2025,"sensor":"Magnetic survey","sensorVerified":false,"gnssSource":"unverified","dataType":"survey_campaign_track","plannedActual":"actual","contextOnly":true,"trajectoryAvailable":true,"status":"confirmed_source","qaStatus":"clean","qaFlags":[],"acquisitionId":"hetsuu-hutul-2025-magnetic__1mX235LotmifvAii1CR7_mQNYBqZwJ4g-__SRVY0-ACQU4-10Hz#1","segmentIndex":1,"segmentCount":2,"pointCount":745,"simplifiedPointCount":8,"pointsOutsideLicence":0,"startTime":"2025-10-10T04:01:38","endTime":"2025-10-10T04:14:02","timeZone":"UTC (NMEA RMC)","samplingIntervalSeconds":1.0,"timestampProvenance":"embedded-nmea-rmc","latitudeColumn":"Latitude","longitudeColumn":"Longitude","sourceFile":"hetsuu-hutul-2025-magnetic__1mX235LotmifvAii1CR7_mQNYBqZwJ4g-__SRVY0-ACQU4-10Hz.csv","sourceKind":"Survey GNSS coordinate table","sourceCrs":"EPSG:4326","displayCrs":"EPSG:4326","crsVerified":true,"coverageStatus":"not_calculated","coverageNote":"Зурвасын өргөн болон шугамын алхам баталгаажаагүй тул хамрах талбайг тооцоогүй.","sourceUrl":"https://drive.google.com/file/d/1mX235LotmifvAii1CR7_mQNYBqZwJ4g-/view","sourceAltitudeMinM":1677.2,"sourceAltitudeMaxM":1913.0,"sourceAltitudeMeanM":1779.32,"sourceAltitudeSampleCount":745,"sourceAltitudeColumn":"Altitude","sourceAltitudeReference":"source-provided GNSS/absolute altitude"},"geometry":{"type":"LineString","coordinates":[[92.39127457,46.00838399],[92.39126737,46.00003826],[92.39138449,46.00007332],[92.39260759,46.0000656],[92.39256415,46.00007378],[92.39255177,46.00046282],[92.39255989,46.00042668],[92.39255408,46.00928631]]}},{"type":"Feature","id":"hetsuu-hutul-hetsuu-hutul-2025-magnetic-hetsuuhutul2025magnetic1mx235lotmifvaii1cr7mqnybqzwj4gsrvy0acqu410hz-002","properties":{"project":"Hetsuu hutul","projectKey":"hetsuu-hutul","area":"Хэцүү хөтөл","licence":"XV-022905","campaignId":"hetsuu-hutul-2025-magnetic","campaignLabel":"2025 Соронзон хэмжилтийн GPS зам","campaignYear":2025,"sensor":"Magnetic survey","sensorVerified":false,"gnssSource":"unverified","dataType":"survey_campaign_track","plannedActual":"actual","contextOnly":true,"trajectoryAvailable":true,"status":"confirmed_source","qaStatus":"clean","qaFlags":[],"acquisitionId":"hetsuu-hutul-2025-magnetic__1mX235LotmifvAii1CR7_mQNYBqZwJ4g-__SRVY0-ACQU4-10Hz#2","segmentIndex":2,"segmentCount":2,"pointCount":797,"simplifiedPointCount":7,"pointsOutsideLicence":0,"startTime":"2025-10-10T04:27:20","endTime":"2025-10-10T04:40:36","timeZone":"UTC (NMEA RMC)","samplingIntervalSeconds":1.0,"timestampProvenance":"embedded-nmea-rmc","latitudeColumn":"Latitude","longitudeColumn":"Longitude","sourceFile":"hetsuu-hutul-2025-magnetic__1mX235LotmifvAii1CR7_mQNYBqZwJ4g-__SRVY0-ACQU4-10Hz.csv","sourceKind":"Survey GNSS coordinate table","sourceCrs":"EPSG:4326","displayCrs":"EPSG:4326","crsVerified":true,"coverageStatus":"not_calculated","coverageNote":"Зурвасын өргөн болон шугамын алхам баталгаажаагүй тул хамрах талбайг тооцоогүй.","sourceUrl":"https://drive.google.com/file/d/1mX235LotmifvAii1CR7_mQNYBqZwJ4g-/view","sourceAltitudeMinM":1752.3,"sourceAltitudeMaxM":1986.0,"sourceAltitudeMeanM":1880.72,"sourceAltitudeSampleCount":797,"sourceAltitudeColumn":"Altitude","sourceAltitudeReference":"source-provided GNSS/absolute altitude"},"geometry":{"type":"LineString","coordinates":[[92.39253422,46.00913718],[92.39255798,46.01504381],[92.39262617,46.01502008],[92.39390311,46.01502179],[92.39385694,46.0150228],[92.39385009,46.01497832],[92.39385002,46.00441324]]}},{"type":"Feature","id":"hetsuu-hutul-hetsuu-hutul-2025-magnetic-hetsuuhutul2025magnetic1n3oxf7g48utzxij9c1aef3jjnklymzsrvy0acqu210hz-001","properties":{"project":"Hetsuu hutul","projectKey":"hetsuu-hutul","area":"Хэцүү хөтөл","licence":"XV-022905","campaignId":"hetsuu-hutul-2025-magnetic","campaignLabel":"2025 Соронзон хэмжилтийн GPS зам","campaignYear":2025,"sensor":"Magnetic survey","sensorVerified":false,"gnssSource":"unverified","dataType":"survey_campaign_track","plannedActual":"actual","contextOnly":true,"trajectoryAvailable":true,"status":"confirmed_source","qaStatus":"clean","qaFlags":[],"acquisitionId":"hetsuu-hutul-2025-magnetic__1_N3OXf7g48utz_xiJ9C1Aef3jJNklYMZ__SRVY0-ACQU2-10Hz#1","segmentIndex":1,"segmentCount":1,"pointCount":1374,"simplifiedPointCount":13,"pointsOutsideLicence":0,"startTime":"2025-10-17T05:04:52","endTime":"2025-10-17T05:27:51","timeZone":"UTC (NMEA RMC)","samplingIntervalSeconds":1.0,"timestampProvenance":"embedded-nmea-rmc","latitudeColumn":"Latitude","longitudeColumn":"Longitude","sourceFile":"hetsuu-hutul-2025-magnetic__1_N3OXf7g48utz_xiJ9C1Aef3jJNklYMZ__SRVY0-ACQU2-10Hz.csv","sourceKind":"Survey GNSS coordinate table","sourceCrs":"EPSG:4326","displayCrs":"EPSG:4326","crsVerified":true,"coverageStatus":"not_calculated","coverageNote":"Зурвасын өргөн болон шугамын алхам баталгаажаагүй тул хамрах талбайг тооцоогүй.","sourceUrl":"https://drive.google.com/file/d/1_N3OXf7g48utz_xiJ9C1Aef3jJNklYMZ/view","sourceAltitudeMinM":1810.3,"sourceAltitudeMaxM":2083.3,"sourceAltitudeMeanM":1967.67,"sourceAltitudeSampleCount":1374,"sourceAltitudeColumn":"Altitude","sourceAltitudeReference":"source-provided GNSS/absolute altitude"},"geometry":{"type":"LineString","coordinates":[[92.32321522,46.01691052],[92.3232191,46.01693807],[92.32413248,46.01720253],[92.32809754,46.01832329],[92.3280471,46.01830441],[92.32805704,46.01432237],[92.32807166,46.01435178],[92.32940051,46.01433941],[92.32935014,46.01434332],[92.32934121,46.01444191],[92.32935661,46.02339191],[92.32422464,46.01802959],[92.32321855,46.01690986]]}},{"type":"Feature","id":"hetsuu-hutul-hetsuu-hutul-2025-magnetic-hetsuuhutul2025magnetic1nscapzrkhtjgge0begty0ncdemt6i9hsrvy0acqu410hz-001","properties":{"project":"Hetsuu hutul","projectKey":"hetsuu-hutul","area":"Хэцүү хөтөл","licence":"XV-022905","campaignId":"hetsuu-hutul-2025-magnetic","campaignLabel":"2025 Соронзон хэмжилтийн GPS зам","campaignYear":2025,"sensor":"Magnetic survey","sensorVerified":false,"gnssSource":"unverified","dataType":"survey_campaign_track","plannedActual":"actual","contextOnly":true,"trajectoryAvailable":true,"status":"confirmed_source","qaStatus":"clean","qaFlags":[],"acquisitionId":"hetsuu-hutul-2025-magnetic__1NsCapzrkhtjGGE0Be_gTy0ncdeMt6I9H__SRVY0-ACQU4-10Hz#1","segmentIndex":1,"segmentCount":2,"pointCount":12735,"simplifiedPointCount":9,"pointsOutsideLicence":0,"startTime":"2025-10-09T04:47:10.300000","endTime":"2025-10-09T05:08:42.700000","timeZone":"unverified","samplingIntervalSeconds":0.1,"timestampProvenance":"source-date+time-columns","latitudeColumn":"Latitude","longitudeColumn":"Longitude","sourceFile":"hetsuu-hutul-2025-magnetic__1NsCapzrkhtjGGE0Be_gTy0ncdeMt6I9H__SRVY0-ACQU4-10Hz.csv","sourceKind":"Survey GNSS coordinate table","sourceCrs":"EPSG:4326","displayCrs":"EPSG:4326","crsVerified":true,"coverageStatus":"not_calculated","coverageNote":"Зурвасын өргөн болон шугамын алхам баталгаажаагүй тул хамрах талбайг тооцоогүй.","sourceUrl":"https://drive.google.com/file/d/1NsCapzrkhtjGGE0Be_gTy0ncdeMt6I9H/view","sourceAltitudeMinM":1570.0,"sourceAltitudeMaxM":1905.4,"sourceAltitudeMeanM":1804.79,"sourceAltitudeSampleCount":1273,"sourceAltitudeColumn":"Altitude","sourceAltitudeReference":"source-provided GNSS/absolute altitude"},"geometry":{"type":"LineString","coordinates":[[92.37227622,45.99516981],[92.38105812,46.00792393],[92.381029,46.00002246],[92.3811617,46.00005435],[92.38236867,46.0000485],[92.38232968,46.00005334],[92.38231935,46.00012929],[92.38233193,46.00877492],[92.37228257,45.99518647]]}},{"type":"Feature","id":"hetsuu-hutul-hetsuu-hutul-2025-magnetic-hetsuuhutul2025magnetic1nscapzrkhtjgge0begty0ncdemt6i9hsrvy0acqu410hz-002","properties":{"project":"Hetsuu hutul","projectKey":"hetsuu-hutul","area":"Хэцүү хөтөл","licence":"XV-022905","campaignId":"hetsuu-hutul-2025-magnetic","campaignLabel":"2025 Соронзон хэмжилтийн GPS зам","campaignYear":2025,"sensor":"Magnetic survey","sensorVerified":false,"gnssSource":"unverified","dataType":"survey_campaign_track","plannedActual":"actual","contextOnly":true,"trajectoryAvailable":true,"status":"confirmed_source","qaStatus":"clean","qaFlags":[],"acquisitionId":"hetsuu-hutul-2025-magnetic__1NsCapzrkhtjGGE0Be_gTy0ncdeMt6I9H__SRVY0-ACQU4-10Hz#2","segmentIndex":2,"segmentCount":2,"pointCount":13348,"simplifiedPointCount":9,"pointsOutsideLicence":0,"startTime":"2025-10-09T05:33:47.300000","endTime":"2025-10-09T05:56:24.700000","timeZone":"unverified","samplingIntervalSeconds":0.1,"timestampProvenance":"source-date+time-columns","latitudeColumn":"Latitude","longitudeColumn":"Longitude","sourceFile":"hetsuu-hutul-2025-magnetic__1NsCapzrkhtjGGE0Be_gTy0ncdeMt6I9H__SRVY0-ACQU4-10Hz.csv","sourceKind":"Survey GNSS coordinate table","sourceCrs":"EPSG:4326","displayCrs":"EPSG:4326","crsVerified":true,"coverageStatus":"not_calculated","coverageNote":"Зурвасын өргөн болон шугамын алхам баталгаажаагүй тул хамрах талбайг тооцоогүй.","sourceUrl":"https://drive.google.com/file/d/1NsCapzrkhtjGGE0Be_gTy0ncdeMt6I9H/view","sourceAltitudeMinM":1571.1,"sourceAltitudeMaxM":2003.2,"sourceAltitudeMeanM":1852.75,"sourceAltitudeSampleCount":1334,"sourceAltitudeColumn":"Altitude","sourceAltitudeReference":"source-provided GNSS/absolute altitude"},"geometry":{"type":"LineString","coordinates":[[92.37227088,45.99516686],[92.38235887,46.0087555],[92.38232562,46.00876264],[92.38232767,46.01502514],[92.38366765,46.01499894],[92.38362193,46.01500093],[92.383608,46.01473936],[92.38362653,46.00153819],[92.3722917,45.99519272]]}},{"type":"Feature","id":"hetsuu-hutul-hetsuu-hutul-2025-magnetic-hetsuuhutul2025magnetic1ntonk0gsbzji2du1vkrko1q0cy7h6w4bsrvy0acqu310hz-001","properties":{"project":"Hetsuu hutul","projectKey":"hetsuu-hutul","area":"Хэцүү хөтөл","licence":"XV-022905","campaignId":"hetsuu-hutul-2025-magnetic","campaignLabel":"2025 Соронзон хэмжилтийн GPS зам","campaignYear":2025,"sensor":"Magnetic survey","sensorVerified":false,"gnssSource":"unverified","dataType":"survey_campaign_track","plannedActual":"actual","contextOnly":true,"trajectoryAvailable":true,"status":"confirmed_source","qaStatus":"clean","qaFlags":[],"acquisitionId":"hetsuu-hutul-2025-magnetic__1NToNK0gSbZji2Du1VKrKO1q0cy7H6W4B__SRVY0-ACQU3-10Hz#1","segmentIndex":1,"segmentCount":2,"pointCount":1204,"simplifiedPointCount":14,"pointsOutsideLicence":0,"startTime":"2025-10-04T02:30:50","endTime":"2025-10-04T02:50:55","timeZone":"UTC (NMEA RMC)","samplingIntervalSeconds":1.0,"timestampProvenance":"embedded-nmea-rmc","latitudeColumn":"Latitude","longitudeColumn":"Longitude","sourceFile":"hetsuu-hutul-2025-magnetic__1NToNK0gSbZji2Du1VKrKO1q0cy7H6W4B__SRVY0-ACQU3-10Hz.csv","sourceKind":"Survey GNSS coordinate table","sourceCrs":"EPSG:4326","displayCrs":"EPSG:4326","crsVerified":true,"coverageStatus":"not_calculated","coverageNote":"Зурвасын өргөн болон шугамын алхам баталгаажаагүй тул хамрах талбайг тооцоогүй.","sourceUrl":"https://drive.google.com/file/d/1NToNK0gSbZji2Du1VKrKO1q0cy7H6W4B/view","sourceAltitudeMinM":1878.2,"sourceAltitudeMaxM":2036.3,"sourceAltitudeMeanM":1956.37,"sourceAltitudeSampleCount":1204,"sourceAltitudeColumn":"Altitude","sourceAltitudeReference":"source-provided GNSS/absolute altitude"},"geometry":{"type":"LineString","coordinates":[[92.36041038,46.01347819],[92.36037482,46.01349103],[92.34347357,46.00523256],[92.34354099,46.00529316],[92.34356916,46.00565583],[92.34354963,46.01582783],[92.34363429,46.01579783],[92.34422659,46.01583853],[92.34433439,46.01504209],[92.34434051,46.01507505],[92.34479223,46.01506066],[92.34473606,46.01506706],[92.34474521,46.01273588],[92.36037754,46.01349335]]}},{"type":"Feature","id":"hetsuu-hutul-hetsuu-hutul-2025-magnetic-hetsuuhutul2025magnetic1ntonk0gsbzji2du1vkrko1q0cy7h6w4bsrvy0acqu310hz-002","properties":{"project":"Hetsuu hutul","projectKey":"hetsuu-hutul","area":"Хэцүү хөтөл","licence":"XV-022905","campaignId":"hetsuu-hutul-2025-magnetic","campaignLabel":"2025 Соронзон хэмжилтийн GPS зам","campaignYear":2025,"sensor":"Magnetic survey","sensorVerified":false,"gnssSource":"unverified","dataType":"survey_campaign_track","plannedActual":"actual","contextOnly":true,"trajectoryAvailable":true,"status":"confirmed_source","qaStatus":"clean","qaFlags":[],"acquisitionId":"hetsuu-hutul-2025-magnetic__1NToNK0gSbZji2Du1VKrKO1q0cy7H6W4B__SRVY0-ACQU3-10Hz#2","segmentIndex":2,"segmentCount":2,"pointCount":1259,"simplifiedPointCount":10,"pointsOutsideLicence":0,"startTime":"2025-10-04T02:53:33","endTime":"2025-10-04T03:14:54","timeZone":"UTC (NMEA RMC)","samplingIntervalSeconds":1.0,"timestampProvenance":"embedded-nmea-rmc","latitudeColumn":"Latitude","longitudeColumn":"Longitude","sourceFile":"hetsuu-hutul-2025-magnetic__1NToNK0gSbZji2Du1VKrKO1q0cy7H6W4B__SRVY0-ACQU3-10Hz.csv","sourceKind":"Survey GNSS coordinate table","sourceCrs":"EPSG:4326","displayCrs":"EPSG:4326","crsVerified":true,"coverageStatus":"not_calculated","coverageNote":"Зурвасын өргөн болон шугамын алхам баталгаажаагүй тул хамрах талбайг тооцоогүй.","sourceUrl":"https://drive.google.com/file/d/1NToNK0gSbZji2Du1VKrKO1q0cy7H6W4B/view","sourceAltitudeMinM":1858.7,"sourceAltitudeMaxM":2027.5,"sourceAltitudeMeanM":1962.96,"sourceAltitudeSampleCount":1259,"sourceAltitudeColumn":"Altitude","sourceAltitudeReference":"source-provided GNSS/absolute altitude"},"geometry":{"type":"LineString","coordinates":[[92.36039555,46.01349602],[92.34468232,46.01274004],[92.34474418,46.01274586],[92.34474986,46.01250416],[92.3447523,46.00006408],[92.34488099,46.0001005],[92.34607604,46.00009814],[92.34603285,46.00009461],[92.34604642,46.00624237],[92.36039705,46.01349536]]}},{"type":"Feature","id":"hetsuu-hutul-hetsuu-hutul-2025-magnetic-hetsuuhutul2025magnetic1oby379rcc5dkwzxwylr1bxt4m8xt7xbcsrvy0acqu610hz-001","properties":{"project":"Hetsuu hutul","projectKey":"hetsuu-hutul","area":"Хэцүү хөтөл","licence":"XV-022905","campaignId":"hetsuu-hutul-2025-magnetic","campaignLabel":"2025 Соронзон хэмжилтийн GPS зам","campaignYear":2025,"sensor":"Magnetic survey","sensorVerified":false,"gnssSource":"unverified","dataType":"survey_campaign_track","plannedActual":"actual","contextOnly":true,"trajectoryAvailable":true,"status":"confirmed_source","qaStatus":"clean","qaFlags":[],"acquisitionId":"hetsuu-hutul-2025-magnetic__1oBY379rcC5DKWZxWYLR1bxt4m8xt7XBc__SRVY0-ACQU6-10Hz#1","segmentIndex":1,"segmentCount":2,"pointCount":1113,"simplifiedPointCount":14,"pointsOutsideLicence":0,"startTime":"2025-10-05T03:32:21","endTime":"2025-10-05T03:51:47","timeZone":"UTC (NMEA RMC)","samplingIntervalSeconds":1.0,"timestampProvenance":"embedded-nmea-rmc","latitudeColumn":"Latitude","longitudeColumn":"Longitude","sourceFile":"hetsuu-hutul-2025-magnetic__1oBY379rcC5DKWZxWYLR1bxt4m8xt7XBc__SRVY0-ACQU6-10Hz.csv","sourceKind":"Survey GNSS coordinate table","sourceCrs":"EPSG:4326","displayCrs":"EPSG:4326","crsVerified":true,"coverageStatus":"not_calculated","coverageNote":"Зурвасын өргөн болон шугамын алхам баталгаажаагүй тул хамрах талбайг тооцоогүй.","sourceUrl":"https://drive.google.com/file/d/1oBY379rcC5DKWZxWYLR1bxt4m8xt7XBc/view","sourceAltitudeMinM":1762.2,"sourceAltitudeMaxM":1971.4,"sourceAltitudeMeanM":1887.27,"sourceAltitudeSampleCount":1113,"sourceAltitudeColumn":"Altitude","sourceAltitudeReference":"source-provided GNSS/absolute altitude"},"geometry":{"type":"LineString","coordinates":[[92.36036705,46.01346002],[92.35252032,46.01493972],[92.3525627,46.01492762],[92.35256144,46.00001712],[92.35256601,46.00004296],[92.3527161,46.00004868],[92.35389249,46.00004868],[92.35385508,46.00008937],[92.35383637,46.00087257],[92.35386139,46.00195991],[92.35676915,46.00716431],[92.35881308,46.01065703],[92.36023635,46.0132985],[92.36036354,46.01345637]]}},{"type":"Feature","id":"hetsuu-hutul-hetsuu-hutul-2025-magnetic-hetsuuhutul2025magnetic1oby379rcc5dkwzxwylr1bxt4m8xt7xbcsrvy0acqu610hz-002","properties":{"project":"Hetsuu hutul","projectKey":"hetsuu-hutul","area":"Хэцүү хөтөл","licence":"XV-022905","campaignId":"hetsuu-hutul-2025-magnetic","campaignLabel":"2025 Соронзон хэмжилтийн GPS зам","campaignYear":2025,"sensor":"Magnetic survey","sensorVerified":false,"gnssSource":"unverified","dataType":"survey_campaign_track","plannedActual":"actual","contextOnly":true,"trajectoryAvailable":true,"status":"confirmed_source","qaStatus":"clean","qaFlags":[],"acquisitionId":"hetsuu-hutul-2025-magnetic__1oBY379rcC5DKWZxWYLR1bxt4m8xt7XBc__SRVY0-ACQU6-10Hz#2","segmentIndex":2,"segmentCount":2,"pointCount":240,"simplifiedPointCount":9,"pointsOutsideLicence":0,"startTime":"2025-10-05T03:53:31","endTime":"2025-10-05T03:57:53","timeZone":"UTC (NMEA RMC)","samplingIntervalSeconds":1.0,"timestampProvenance":"embedded-nmea-rmc","latitudeColumn":"Latitude","longitudeColumn":"Longitude","sourceFile":"hetsuu-hutul-2025-magnetic__1oBY379rcC5DKWZxWYLR1bxt4m8xt7XBc__SRVY0-ACQU6-10Hz.csv","sourceKind":"Survey GNSS coordinate table","sourceCrs":"EPSG:4326","displayCrs":"EPSG:4326","crsVerified":true,"coverageStatus":"not_calculated","coverageNote":"Зурвасын өргөн болон шугамын алхам баталгаажаагүй тул хамрах талбайг тооцоогүй.","sourceUrl":"https://drive.google.com/file/d/1oBY379rcC5DKWZxWYLR1bxt4m8xt7XBc/view","sourceAltitudeMinM":1896.4,"sourceAltitudeMaxM":1935.0,"sourceAltitudeMeanM":1922.5,"sourceAltitudeSampleCount":240,"sourceAltitudeColumn":"Altitude","sourceAltitudeReference":"source-provided GNSS/absolute altitude"},"geometry":{"type":"LineString","coordinates":[[92.36036905,46.01346619],[92.35979934,46.01244649],[92.35929858,46.01131016],[92.35839134,46.00984517],[92.35753444,46.00824282],[92.35750226,46.00817177],[92.35754869,46.00812473],[92.35957152,46.01202626],[92.36036422,46.01346186]]}},{"type":"Feature","id":"hetsuu-hutul-hetsuu-hutul-2025-magnetic-hetsuuhutul2025magnetic1ohxf8byv9m7cp5zqqkpzksajowzjepoisrvy0acqu11210hzraw-001","properties":{"project":"Hetsuu hutul","projectKey":"hetsuu-hutul","area":"Хэцүү хөтөл","licence":"XV-022905","campaignId":"hetsuu-hutul-2025-magnetic","campaignLabel":"2025 Соронзон хэмжилтийн GPS зам","campaignYear":2025,"sensor":"Magnetic survey","sensorVerified":false,"gnssSource":"unverified","dataType":"survey_campaign_track","plannedActual":"actual","contextOnly":true,"trajectoryAvailable":true,"status":"confirmed_source","qaStatus":"clean","qaFlags":[],"acquisitionId":"hetsuu-hutul-2025-magnetic__1oHxF8byV9M7CP5ZqqKPzKSAjowzJEpoi__SRVY0-ACQU1_1__2-10Hz_raw#1","segmentIndex":1,"segmentCount":8,"pointCount":1143,"simplifiedPointCount":32,"pointsOutsideLicence":0,"startTime":"2025-10-29T03:19:10","endTime":"2025-10-29T03:38:12","timeZone":"UTC (NMEA RMC)","samplingIntervalSeconds":1.0,"timestampProvenance":"embedded-nmea-rmc","latitudeColumn":"Latitude","longitudeColumn":"Longitude","sourceFile":"hetsuu-hutul-2025-magnetic__1oHxF8byV9M7CP5ZqqKPzKSAjowzJEpoi__SRVY0-ACQU1_1__2-10Hz_raw.csv","sourceKind":"Survey GNSS coordinate table","sourceCrs":"EPSG:4326","displayCrs":"EPSG:4326","crsVerified":true,"coverageStatus":"not_calculated","coverageNote":"Зурвасын өргөн болон шугамын алхам баталгаажаагүй тул хамрах талбайг тооцоогүй.","sourceUrl":"https://drive.google.com/file/d/1oHxF8byV9M7CP5ZqqKPzKSAjowzJEpoi/view","sourceAltitudeMinM":1807.0,"sourceAltitudeMaxM":1985.6,"sourceAltitudeMeanM":1870.06,"sourceAltitudeSampleCount":1143,"sourceAltitudeColumn":"Altitude","sourceAltitudeReference":"source-provided GNSS/absolute altitude"},"geometry":{"type":"LineString","coordinates":[[92.35704958,46.03207721],[92.35758146,46.03208215],[92.35753806,46.0320775],[92.35752792,46.0318519],[92.35753339,46.02687684],[92.35753134,46.02690503],[92.35761214,46.02691317],[92.35886254,46.02691485],[92.3588187,46.02691388],[92.35882833,46.03212962],[92.35882973,46.03210379],[92.3589188,46.03209847],[92.36016139,46.0321084],[92.36011283,46.03202875],[92.36012635,46.0269003],[92.36023151,46.02692813],[92.36145992,46.02693798],[92.36142341,46.0269397],[92.36141115,46.02703757],[92.36141786,46.03214254],[92.36141477,46.03210846],[92.36153469,46.03210559],[92.36275838,46.03212115],[92.36271626,46.03211895],[92.36270633,46.03205527],[92.36271044,46.02692603],[92.36277316,46.02695274],[92.36405123,46.02695829],[92.36400168,46.02716282],[92.36401103,46.02712984],[92.3640092,46.02916909],[92.36400397,46.02914049]]}},{"type":"Feature","id":"hetsuu-hutul-hetsuu-hutul-2025-magnetic-hetsuuhutul2025magnetic1ohxf8byv9m7cp5zqqkpzksajowzjepoisrvy0acqu11210hzraw-002","properties":{"project":"Hetsuu hutul","projectKey":"hetsuu-hutul","area":"Хэцүү хөтөл","licence":"XV-022905","campaignId":"hetsuu-hutul-2025-magnetic","campaignLabel":"2025 Соронзон хэмжилтийн GPS зам","campaignYear":2025,"sensor":"Magnetic survey","sensorVerified":false,"gnssSource":"unverified","dataType":"survey_campaign_track","plannedActual":"actual","contextOnly":true,"trajectoryAvailable":true,"status":"confirmed_source","qaStatus":"clean","qaFlags":[],"acquisitionId":"hetsuu-hutul-2025-magnetic__1oHxF8byV9M7CP5ZqqKPzKSAjowzJEpoi__SRVY0-ACQU1_1__2-10Hz_raw#2","segmentIndex":2,"segmentCount":8,"pointCount":999,"simplifiedPointCount":23,"pointsOutsideLicence":0,"startTime":"2025-10-29T03:45:00","endTime":"2025-10-29T04:01:38","timeZone":"UTC (NMEA RMC)","samplingIntervalSeconds":1.0,"timestampProvenance":"embedded-nmea-rmc","latitudeColumn":"Latitude","longitudeColumn":"Longitude","sourceFile":"hetsuu-hutul-2025-magnetic__1oHxF8byV9M7CP5ZqqKPzKSAjowzJEpoi__SRVY0-ACQU1_1__2-10Hz_raw.csv","sourceKind":"Survey GNSS coordinate table","sourceCrs":"EPSG:4326","displayCrs":"EPSG:4326","crsVerified":true,"coverageStatus":"not_calculated","coverageNote":"Зурвасын өргөн болон шугамын алхам баталгаажаагүй тул хамрах талбайг тооцоогүй.","sourceUrl":"https://drive.google.com/file/d/1oHxF8byV9M7CP5ZqqKPzKSAjowzJEpoi/view","sourceAltitudeMinM":1824.5,"sourceAltitudeMaxM":2010.7,"sourceAltitudeMeanM":1914.2,"sourceAltitudeSampleCount":999,"sourceAltitudeColumn":"Altitude","sourceAltitudeReference":"source-provided GNSS/absolute altitude"},"geometry":{"type":"LineString","coordinates":[[92.36401074,46.02920667],[92.36400847,46.03214985],[92.36411179,46.03212009],[92.3653434,46.03213023],[92.36529139,46.0320441],[92.36530093,46.02693556],[92.36530355,46.02696437],[92.36539298,46.02696727],[92.36663523,46.02697615],[92.36658851,46.02704029],[92.3665964,46.03215798],[92.3665941,46.03213269],[92.36670506,46.0321255],[92.36793672,46.03213834],[92.36789735,46.03214208],[92.36788038,46.03192809],[92.36789296,46.03195971],[92.36788828,46.02694023],[92.36789032,46.02699162],[92.36922728,46.0269956],[92.36918822,46.02699761],[92.36918113,46.02705305],[92.36918121,46.02769497]]}},{"type":"Feature","id":"hetsuu-hutul-hetsuu-hutul-2025-magnetic-hetsuuhutul2025magnetic1ohxf8byv9m7cp5zqqkpzksajowzjepoisrvy0acqu11210hzraw-003","properties":{"project":"Hetsuu hutul","projectKey":"hetsuu-hutul","area":"Хэцүү хөтөл","licence":"XV-022905","campaignId":"hetsuu-hutul-2025-magnetic","campaignLabel":"2025 Соронзон хэмжилтийн GPS зам","campaignYear":2025,"sensor":"Magnetic survey","sensorVerified":false,"gnssSource":"unverified","dataType":"survey_campaign_track","plannedActual":"actual","contextOnly":true,"trajectoryAvailable":true,"status":"confirmed_source","qaStatus":"clean","qaFlags":[],"acquisitionId":"hetsuu-hutul-2025-magnetic__1oHxF8byV9M7CP5ZqqKPzKSAjowzJEpoi__SRVY0-ACQU1_1__2-10Hz_raw#3","segmentIndex":3,"segmentCount":8,"pointCount":720,"simplifiedPointCount":18,"pointsOutsideLicence":0,"startTime":"2025-10-29T04:08:55","endTime":"2025-10-29T04:20:54","timeZone":"UTC (NMEA RMC)","samplingIntervalSeconds":1.0,"timestampProvenance":"embedded-nmea-rmc","latitudeColumn":"Latitude","longitudeColumn":"Longitude","sourceFile":"hetsuu-hutul-2025-magnetic__1oHxF8byV9M7CP5ZqqKPzKSAjowzJEpoi__SRVY0-ACQU1_1__2-10Hz_raw.csv","sourceKind":"Survey GNSS coordinate table","sourceCrs":"EPSG:4326","displayCrs":"EPSG:4326","crsVerified":true,"coverageStatus":"not_calculated","coverageNote":"Зурвасын өргөн болон шугамын алхам баталгаажаагүй тул хамрах талбайг тооцоогүй.","sourceUrl":"https://drive.google.com/file/d/1oHxF8byV9M7CP5ZqqKPzKSAjowzJEpoi/view","sourceAltitudeMinM":1857.1,"sourceAltitudeMaxM":1986.6,"sourceAltitudeMeanM":1915.56,"sourceAltitudeSampleCount":720,"sourceAltitudeColumn":"Altitude","sourceAltitudeReference":"source-provided GNSS/absolute altitude"},"geometry":{"type":"LineString","coordinates":[[92.36921446,46.02767624],[92.36917538,46.0278271],[92.36917903,46.03217893],[92.36917527,46.03214673],[92.36925448,46.03214342],[92.37051447,46.03215431],[92.37047061,46.03215082],[92.3704617,46.0320839],[92.37046527,46.02697444],[92.37057914,46.02700502],[92.37181036,46.02700882],[92.37176347,46.02700883],[92.37175411,46.0271841],[92.37176635,46.03216757],[92.37186595,46.03213988],[92.37309992,46.03215182],[92.37305115,46.03207412],[92.37306049,46.02912005]]}},{"type":"Feature","id":"hetsuu-hutul-hetsuu-hutul-2025-magnetic-hetsuuhutul2025magnetic1ohxf8byv9m7cp5zqqkpzksajowzjepoisrvy0acqu11210hzraw-004","properties":{"project":"Hetsuu hutul","projectKey":"hetsuu-hutul","area":"Хэцүү хөтөл","licence":"XV-022905","campaignId":"hetsuu-hutul-2025-magnetic","campaignLabel":"2025 Соронзон хэмжилтийн GPS зам","campaignYear":2025,"sensor":"Magnetic survey","sensorVerified":false,"gnssSource":"unverified","dataType":"survey_campaign_track","plannedActual":"actual","contextOnly":true,"trajectoryAvailable":true,"status":"confirmed_source","qaStatus":"clean","qaFlags":[],"acquisitionId":"hetsuu-hutul-2025-magnetic__1oHxF8byV9M7CP5ZqqKPzKSAjowzJEpoi__SRVY0-ACQU1_1__2-10Hz_raw#4","segmentIndex":4,"segmentCount":8,"pointCount":685,"simplifiedPointCount":13,"pointsOutsideLicence":0,"startTime":"2025-10-29T04:29:56","endTime":"2025-10-29T04:41:20","timeZone":"UTC (NMEA RMC)","samplingIntervalSeconds":1.0,"timestampProvenance":"embedded-nmea-rmc","latitudeColumn":"Latitude","longitudeColumn":"Longitude","sourceFile":"hetsuu-hutul-2025-magnetic__1oHxF8byV9M7CP5ZqqKPzKSAjowzJEpoi__SRVY0-ACQU1_1__2-10Hz_raw.csv","sourceKind":"Survey GNSS coordinate table","sourceCrs":"EPSG:4326","displayCrs":"EPSG:4326","crsVerified":true,"coverageStatus":"not_calculated","coverageNote":"Зурвасын өргөн болон шугамын алхам баталгаажаагүй тул хамрах талбайг тооцоогүй.","sourceUrl":"https://drive.google.com/file/d/1oHxF8byV9M7CP5ZqqKPzKSAjowzJEpoi/view","sourceAltitudeMinM":1895.9,"sourceAltitudeMaxM":2171.6,"sourceAltitudeMeanM":1982.54,"sourceAltitudeSampleCount":685,"sourceAltitudeColumn":"Altitude","sourceAltitudeReference":"source-provided GNSS/absolute altitude"},"geometry":{"type":"LineString","coordinates":[[92.37310958,46.02910842],[92.37305756,46.02908475],[92.37305319,46.02897552],[92.37304878,46.02698473],[92.37438676,46.02701778],[92.37434622,46.02701879],[92.37434099,46.02720382],[92.37434429,46.0321802],[92.37567114,46.03216838],[92.37562428,46.03217044],[92.37561566,46.03208388],[92.37561942,46.02320768],[92.37557848,46.02346527]]}},{"type":"Feature","id":"hetsuu-hutul-hetsuu-hutul-2025-magnetic-hetsuuhutul2025magnetic1ohxf8byv9m7cp5zqqkpzksajowzjepoisrvy0acqu11210hzraw-005","properties":{"project":"Hetsuu hutul","projectKey":"hetsuu-hutul","area":"Хэцүү хөтөл","licence":"XV-022905","campaignId":"hetsuu-hutul-2025-magnetic","campaignLabel":"2025 Соронзон хэмжилтийн GPS зам","campaignYear":2025,"sensor":"Magnetic survey","sensorVerified":false,"gnssSource":"unverified","dataType":"survey_campaign_track","plannedActual":"actual","contextOnly":true,"trajectoryAvailable":true,"status":"confirmed_source","qaStatus":"clean","qaFlags":[],"acquisitionId":"hetsuu-hutul-2025-magnetic__1oHxF8byV9M7CP5ZqqKPzKSAjowzJEpoi__SRVY0-ACQU1_1__2-10Hz_raw#5","segmentIndex":5,"segmentCount":8,"pointCount":907,"simplifiedPointCount":12,"pointsOutsideLicence":0,"startTime":"2025-10-29T09:36:55","endTime":"2025-10-29T09:52:01","timeZone":"UTC (NMEA RMC)","samplingIntervalSeconds":1.0,"timestampProvenance":"embedded-nmea-rmc","latitudeColumn":"Latitude","longitudeColumn":"Longitude","sourceFile":"hetsuu-hutul-2025-magnetic__1oHxF8byV9M7CP5ZqqKPzKSAjowzJEpoi__SRVY0-ACQU1_1__2-10Hz_raw.csv","sourceKind":"Survey GNSS coordinate table","sourceCrs":"EPSG:4326","displayCrs":"EPSG:4326","crsVerified":true,"coverageStatus":"not_calculated","coverageNote":"Зурвасын өргөн болон шугамын алхам баталгаажаагүй тул хамрах талбайг тооцоогүй.","sourceUrl":"https://drive.google.com/file/d/1oHxF8byV9M7CP5ZqqKPzKSAjowzJEpoi/view","sourceAltitudeMinM":1908.6,"sourceAltitudeMaxM":2164.8,"sourceAltitudeMeanM":2038.6,"sourceAltitudeSampleCount":907,"sourceAltitudeColumn":"Altitude","sourceAltitudeReference":"source-provided GNSS/absolute altitude"},"geometry":{"type":"LineString","coordinates":[[92.37559696,46.02322803],[92.37560094,46.02224287],[92.37694835,46.02225682],[92.37689973,46.02225792],[92.37689892,46.02234065],[92.37690083,46.03222419],[92.37700506,46.03219799],[92.37824004,46.03221521],[92.37820523,46.0322206],[92.37818949,46.03213784],[92.37820348,46.02409709],[92.37819978,46.02412503]]}},{"type":"Feature","id":"hetsuu-hutul-hetsuu-hutul-2025-magnetic-hetsuuhutul2025magnetic1ohxf8byv9m7cp5zqqkpzksajowzjepoisrvy0acqu11210hzraw-006","properties":{"project":"Hetsuu hutul","projectKey":"hetsuu-hutul","area":"Хэцүү хөтөл","licence":"XV-022905","campaignId":"hetsuu-hutul-2025-magnetic","campaignLabel":"2025 Соронзон хэмжилтийн GPS зам","campaignYear":2025,"sensor":"Magnetic survey","sensorVerified":false,"gnssSource":"unverified","dataType":"survey_campaign_track","plannedActual":"actual","contextOnly":true,"trajectoryAvailable":true,"status":"confirmed_source","qaStatus":"clean","qaFlags":[],"acquisitionId":"hetsuu-hutul-2025-magnetic__1oHxF8byV9M7CP5ZqqKPzKSAjowzJEpoi__SRVY0-ACQU1_1__2-10Hz_raw#6","segmentIndex":6,"segmentCount":8,"pointCount":867,"simplifiedPointCount":11,"pointsOutsideLicence":0,"startTime":"2025-10-29T10:04:26","endTime":"2025-10-29T10:18:52","timeZone":"UTC (NMEA RMC)","samplingIntervalSeconds":1.0,"timestampProvenance":"embedded-nmea-rmc","latitudeColumn":"Latitude","longitudeColumn":"Longitude","sourceFile":"hetsuu-hutul-2025-magnetic__1oHxF8byV9M7CP5ZqqKPzKSAjowzJEpoi__SRVY0-ACQU1_1__2-10Hz_raw.csv","sourceKind":"Survey GNSS coordinate table","sourceCrs":"EPSG:4326","displayCrs":"EPSG:4326","crsVerified":true,"coverageStatus":"not_calculated","coverageNote":"Зурвасын өргөн болон шугамын алхам баталгаажаагүй тул хамрах талбайг тооцоогүй.","sourceUrl":"https://drive.google.com/file/d/1oHxF8byV9M7CP5ZqqKPzKSAjowzJEpoi/view","sourceAltitudeMinM":1913.1,"sourceAltitudeMaxM":2157.7,"sourceAltitudeMeanM":2033.41,"sourceAltitudeSampleCount":867,"sourceAltitudeColumn":"Altitude","sourceAltitudeReference":"source-provided GNSS/absolute altitude"},"geometry":{"type":"LineString","coordinates":[[92.37820127,46.02344127],[92.3782032,46.02225034],[92.37820093,46.02227942],[92.37952662,46.02227449],[92.37948667,46.02227639],[92.37948836,46.03224094],[92.3796013,46.03221438],[92.38082508,46.03223438],[92.38077891,46.03216358],[92.3807874,46.02490754],[92.38078753,46.02493042]]}},{"type":"Feature","id":"hetsuu-hutul-hetsuu-hutul-2025-magnetic-hetsuuhutul2025magnetic1ohxf8byv9m7cp5zqqkpzksajowzjepoisrvy0acqu11210hzraw-007","properties":{"project":"Hetsuu hutul","projectKey":"hetsuu-hutul","area":"Хэцүү хөтөл","licence":"XV-022905","campaignId":"hetsuu-hutul-2025-magnetic","campaignLabel":"2025 Соронзон хэмжилтийн GPS зам","campaignYear":2025,"sensor":"Magnetic survey","sensorVerified":false,"gnssSource":"unverified","dataType":"survey_campaign_track","plannedActual":"actual","contextOnly":true,"trajectoryAvailable":true,"status":"confirmed_source","qaStatus":"clean","qaFlags":[],"acquisitionId":"hetsuu-hutul-2025-magnetic__1oHxF8byV9M7CP5ZqqKPzKSAjowzJEpoi__SRVY0-ACQU1_1__2-10Hz_raw#7","segmentIndex":7,"segmentCount":8,"pointCount":929,"simplifiedPointCount":13,"pointsOutsideLicence":0,"startTime":"2025-10-29T10:26:56","endTime":"2025-10-29T10:42:24","timeZone":"UTC (NMEA RMC)","samplingIntervalSeconds":1.0,"timestampProvenance":"embedded-nmea-rmc","latitudeColumn":"Latitude","longitudeColumn":"Longitude","sourceFile":"hetsuu-hutul-2025-magnetic__1oHxF8byV9M7CP5ZqqKPzKSAjowzJEpoi__SRVY0-ACQU1_1__2-10Hz_raw.csv","sourceKind":"Survey GNSS coordinate table","sourceCrs":"EPSG:4326","displayCrs":"EPSG:4326","crsVerified":true,"coverageStatus":"not_calculated","coverageNote":"Зурвасын өргөн болон шугамын алхам баталгаажаагүй тул хамрах талбайг тооцоогүй.","sourceUrl":"https://drive.google.com/file/d/1oHxF8byV9M7CP5ZqqKPzKSAjowzJEpoi/view","sourceAltitudeMinM":1933.7,"sourceAltitudeMaxM":2161.7,"sourceAltitudeMeanM":2043.39,"sourceAltitudeSampleCount":929,"sourceAltitudeColumn":"Altitude","sourceAltitudeReference":"source-provided GNSS/absolute altitude"},"geometry":{"type":"LineString","coordinates":[[92.38081794,46.02487334],[92.3807941,46.0248954],[92.3807949,46.02223887],[92.38079236,46.02227494],[92.38213111,46.02226997],[92.38208972,46.02227243],[92.38208394,46.02233754],[92.38208879,46.03229723],[92.38208548,46.0322746],[92.38340897,46.03227993],[92.38337527,46.03220624],[92.38337827,46.02865672],[92.38337721,46.02868054]]}},{"type":"Feature","id":"hetsuu-hutul-hetsuu-hutul-2025-magnetic-hetsuuhutul2025magnetic1ohxf8byv9m7cp5zqqkpzksajowzjepoisrvy0acqu11210hzraw-008","properties":{"project":"Hetsuu hutul","projectKey":"hetsuu-hutul","area":"Хэцүү хөтөл","licence":"XV-022905","campaignId":"hetsuu-hutul-2025-magnetic","campaignLabel":"2025 Соронзон хэмжилтийн GPS зам","campaignYear":2025,"sensor":"Magnetic survey","sensorVerified":false,"gnssSource":"unverified","dataType":"survey_campaign_track","plannedActual":"actual","contextOnly":true,"trajectoryAvailable":true,"status":"confirmed_source","qaStatus":"clean","qaFlags":[],"acquisitionId":"hetsuu-hutul-2025-magnetic__1oHxF8byV9M7CP5ZqqKPzKSAjowzJEpoi__SRVY0-ACQU1_1__2-10Hz_raw#8","segmentIndex":8,"segmentCount":8,"pointCount":1040,"simplifiedPointCount":14,"pointsOutsideLicence":0,"startTime":"2025-10-29T10:47:59","endTime":"2025-10-29T11:05:18","timeZone":"UTC (NMEA RMC)","samplingIntervalSeconds":1.0,"timestampProvenance":"embedded-nmea-rmc","latitudeColumn":"Latitude","longitudeColumn":"Longitude","sourceFile":"hetsuu-hutul-2025-magnetic__1oHxF8byV9M7CP5ZqqKPzKSAjowzJEpoi__SRVY0-ACQU1_1__2-10Hz_raw.csv","sourceKind":"Survey GNSS coordinate table","sourceCrs":"EPSG:4326","displayCrs":"EPSG:4326","crsVerified":true,"coverageStatus":"not_calculated","coverageNote":"Зурвасын өргөн болон шугамын алхам баталгаажаагүй тул хамрах талбайг тооцоогүй.","sourceUrl":"https://drive.google.com/file/d/1oHxF8byV9M7CP5ZqqKPzKSAjowzJEpoi/view","sourceAltitudeMinM":1938.9,"sourceAltitudeMaxM":2156.6,"sourceAltitudeMeanM":2042.66,"sourceAltitudeSampleCount":1040,"sourceAltitudeColumn":"Altitude","sourceAltitudeReference":"source-provided GNSS/absolute altitude"},"geometry":{"type":"LineString","coordinates":[[92.38341107,46.02866378],[92.38337063,46.02861989],[92.38336826,46.02226128],[92.38348311,46.02228753],[92.38471689,46.02227802],[92.38467155,46.02227761],[92.38466163,46.02249166],[92.38466762,46.02245664],[92.38466551,46.03229819],[92.38480063,46.03227378],[92.38600044,46.03229325],[92.38595618,46.03222575],[92.38596671,46.02755509],[92.38597079,46.02796517]]}},{"type":"Feature","id":"hetsuu-hutul-hetsuu-hutul-2025-magnetic-hetsuuhutul2025magnetic1ony4wbfemaaealupcsdzheprttzjtrsrvy0acqu310hz-001","properties":{"project":"Hetsuu hutul","projectKey":"hetsuu-hutul","area":"Хэцүү хөтөл","licence":"XV-022905","campaignId":"hetsuu-hutul-2025-magnetic","campaignLabel":"2025 Соронзон хэмжилтийн GPS зам","campaignYear":2025,"sensor":"Magnetic survey","sensorVerified":false,"gnssSource":"unverified","dataType":"survey_campaign_track","plannedActual":"actual","contextOnly":true,"trajectoryAvailable":true,"status":"confirmed_source","qaStatus":"clean","qaFlags":[],"acquisitionId":"hetsuu-hutul-2025-magnetic__1ONy4_WBFeMAAEAlUPcsDZHEPRtTZ-JTr__SRVY0-ACQU3-10Hz#1","segmentIndex":1,"segmentCount":2,"pointCount":694,"simplifiedPointCount":7,"pointsOutsideLicence":0,"startTime":"2025-10-10T03:13:16","endTime":"2025-10-10T03:24:49","timeZone":"UTC (NMEA RMC)","samplingIntervalSeconds":1.0,"timestampProvenance":"embedded-nmea-rmc","latitudeColumn":"Latitude","longitudeColumn":"Longitude","sourceFile":"hetsuu-hutul-2025-magnetic__1ONy4_WBFeMAAEAlUPcsDZHEPRtTZ-JTr__SRVY0-ACQU3-10Hz.csv","sourceKind":"Survey GNSS coordinate table","sourceCrs":"EPSG:4326","displayCrs":"EPSG:4326","crsVerified":true,"coverageStatus":"not_calculated","coverageNote":"Зурвасын өргөн болон шугамын алхам баталгаажаагүй тул хамрах талбайг тооцоогүй.","sourceUrl":"https://drive.google.com/file/d/1ONy4_WBFeMAAEAlUPcsDZHEPRtTZ-JTr/view","sourceAltitudeMinM":1673.1,"sourceAltitudeMaxM":1879.3,"sourceAltitudeMeanM":1758.38,"sourceAltitudeSampleCount":694,"sourceAltitudeColumn":"Altitude","sourceAltitudeReference":"source-provided GNSS/absolute altitude"},"geometry":{"type":"LineString","coordinates":[[92.38868606,46.00919828],[92.38868166,46.00003202],[92.38868176,46.0000582],[92.38876856,46.00006426],[92.39001457,46.00006032],[92.38996576,46.00015669],[92.38997349,46.00776286]]}},{"type":"Feature","id":"hetsuu-hutul-hetsuu-hutul-2025-magnetic-hetsuuhutul2025magnetic1ony4wbfemaaealupcsdzheprttzjtrsrvy0acqu310hz-002","properties":{"project":"Hetsuu hutul","projectKey":"hetsuu-hutul","area":"Хэцүү хөтөл","licence":"XV-022905","campaignId":"hetsuu-hutul-2025-magnetic","campaignLabel":"2025 Соронзон хэмжилтийн GPS зам","campaignYear":2025,"sensor":"Magnetic survey","sensorVerified":false,"gnssSource":"unverified","dataType":"survey_campaign_track","plannedActual":"actual","contextOnly":true,"trajectoryAvailable":true,"status":"confirmed_source","qaStatus":"clean","qaFlags":[],"acquisitionId":"hetsuu-hutul-2025-magnetic__1ONy4_WBFeMAAEAlUPcsDZHEPRtTZ-JTr__SRVY0-ACQU3-10Hz#2","segmentIndex":2,"segmentCount":2,"pointCount":679,"simplifiedPointCount":7,"pointsOutsideLicence":0,"startTime":"2025-10-10T03:36:12","endTime":"2025-10-10T03:47:30","timeZone":"UTC (NMEA RMC)","samplingIntervalSeconds":1.0,"timestampProvenance":"embedded-nmea-rmc","latitudeColumn":"Latitude","longitudeColumn":"Longitude","sourceFile":"hetsuu-hutul-2025-magnetic__1ONy4_WBFeMAAEAlUPcsDZHEPRtTZ-JTr__SRVY0-ACQU3-10Hz.csv","sourceKind":"Survey GNSS coordinate table","sourceCrs":"EPSG:4326","displayCrs":"EPSG:4326","crsVerified":true,"coverageStatus":"not_calculated","coverageNote":"Зурвасын өргөн болон шугамын алхам баталгаажаагүй тул хамрах талбайг тооцоогүй.","sourceUrl":"https://drive.google.com/file/d/1ONy4_WBFeMAAEAlUPcsDZHEPRtTZ-JTr/view","sourceAltitudeMinM":1879.0,"sourceAltitudeMaxM":2053.8,"sourceAltitudeMeanM":1960.23,"sourceAltitudeSampleCount":679,"sourceAltitudeColumn":"Altitude","sourceAltitudeReference":"source-provided GNSS/absolute altitude"},"geometry":{"type":"LineString","coordinates":[[92.38997567,46.006575],[92.38997229,46.01504239],[92.39005588,46.0150134],[92.39131909,46.0150196],[92.39127094,46.01502234],[92.39125465,46.01486627],[92.39126463,46.00608073]]}},{"type":"Feature","id":"hetsuu-hutul-hetsuu-hutul-2025-magnetic-hetsuuhutul2025magnetic1pjorysgz6v0owvytuordxiw7k8dmpfgsrvy0acqu110hz-001","properties":{"project":"Hetsuu hutul","projectKey":"hetsuu-hutul","area":"Хэцүү хөтөл","licence":"XV-022905","campaignId":"hetsuu-hutul-2025-magnetic","campaignLabel":"2025 Соронзон хэмжилтийн GPS зам","campaignYear":2025,"sensor":"Magnetic survey","sensorVerified":false,"gnssSource":"unverified","dataType":"survey_campaign_track","plannedActual":"actual","contextOnly":true,"trajectoryAvailable":true,"status":"confirmed_source","qaStatus":"clean","qaFlags":[],"acquisitionId":"hetsuu-hutul-2025-magnetic__1pjOrysgZ6V0-owVytUORdXiw7K8DmPfg__SRVY0-ACQU1-10Hz#1","segmentIndex":1,"segmentCount":4,"pointCount":1136,"simplifiedPointCount":9,"pointsOutsideLicence":0,"startTime":"2025-10-21T03:24:05","endTime":"2025-10-21T03:43:00","timeZone":"UTC (NMEA RMC)","samplingIntervalSeconds":1.0,"timestampProvenance":"embedded-nmea-rmc","latitudeColumn":"Latitude","longitudeColumn":"Longitude","sourceFile":"hetsuu-hutul-2025-magnetic__1pjOrysgZ6V0-owVytUORdXiw7K8DmPfg__SRVY0-ACQU1-10Hz.csv","sourceKind":"Survey GNSS coordinate table","sourceCrs":"EPSG:4326","displayCrs":"EPSG:4326","crsVerified":true,"coverageStatus":"not_calculated","coverageNote":"Зурвасын өргөн болон шугамын алхам баталгаажаагүй тул хамрах талбайг тооцоогүй.","sourceUrl":"https://drive.google.com/file/d/1pjOrysgZ6V0-owVytUORdXiw7K8DmPfg/view","sourceAltitudeMinM":1733.0,"sourceAltitudeMaxM":1883.9,"sourceAltitudeMeanM":1816.96,"sourceAltitudeSampleCount":1136,"sourceAltitudeColumn":"Altitude","sourceAltitudeReference":"source-provided GNSS/absolute altitude"},"geometry":{"type":"LineString","coordinates":[[92.35378388,46.01586018],[92.35378718,46.01401819],[92.35387623,46.01404262],[92.35512413,46.01403228],[92.35508628,46.01404793],[92.35509059,46.02753565],[92.35519203,46.02750427],[92.35640532,46.02751984],[92.35638227,46.019227]]}},{"type":"Feature","id":"hetsuu-hutul-hetsuu-hutul-2025-magnetic-hetsuuhutul2025magnetic1pjorysgz6v0owvytuordxiw7k8dmpfgsrvy0acqu110hz-002","properties":{"project":"Hetsuu hutul","projectKey":"hetsuu-hutul","area":"Хэцүү хөтөл","licence":"XV-022905","campaignId":"hetsuu-hutul-2025-magnetic","campaignLabel":"2025 Соронзон хэмжилтийн GPS зам","campaignYear":2025,"sensor":"Magnetic survey","sensorVerified":false,"gnssSource":"unverified","dataType":"survey_campaign_track","plannedActual":"actual","contextOnly":true,"trajectoryAvailable":true,"status":"confirmed_source","qaStatus":"clean","qaFlags":[],"acquisitionId":"hetsuu-hutul-2025-magnetic__1pjOrysgZ6V0-owVytUORdXiw7K8DmPfg__SRVY0-ACQU1-10Hz#2","segmentIndex":2,"segmentCount":4,"pointCount":1046,"simplifiedPointCount":8,"pointsOutsideLicence":0,"startTime":"2025-10-21T03:55:10","endTime":"2025-10-21T04:12:35","timeZone":"UTC (NMEA RMC)","samplingIntervalSeconds":1.0,"timestampProvenance":"embedded-nmea-rmc","latitudeColumn":"Latitude","longitudeColumn":"Longitude","sourceFile":"hetsuu-hutul-2025-magnetic__1pjOrysgZ6V0-owVytUORdXiw7K8DmPfg__SRVY0-ACQU1-10Hz.csv","sourceKind":"Survey GNSS coordinate table","sourceCrs":"EPSG:4326","displayCrs":"EPSG:4326","crsVerified":true,"coverageStatus":"not_calculated","coverageNote":"Зурвасын өргөн болон шугамын алхам баталгаажаагүй тул хамрах талбайг тооцоогүй.","sourceUrl":"https://drive.google.com/file/d/1pjOrysgZ6V0-owVytUORdXiw7K8DmPfg/view","sourceAltitudeMinM":1745.2,"sourceAltitudeMaxM":1906.1,"sourceAltitudeMeanM":1832.36,"sourceAltitudeSampleCount":1046,"sourceAltitudeColumn":"Altitude","sourceAltitudeReference":"source-provided GNSS/absolute altitude"},"geometry":{"type":"LineString","coordinates":[[92.35638301,46.01922515],[92.35638492,46.01402303],[92.35651082,46.01405628],[92.35771969,46.01405815],[92.35767096,46.01415137],[92.35767847,46.02756307],[92.35775591,46.02753257],[92.35835718,46.02754091]]}},{"type":"Feature","id":"hetsuu-hutul-hetsuu-hutul-2025-magnetic-hetsuuhutul2025magnetic1pjorysgz6v0owvytuordxiw7k8dmpfgsrvy0acqu110hz-003","properties":{"project":"Hetsuu hutul","projectKey":"hetsuu-hutul","area":"Хэцүү хөтөл","licence":"XV-022905","campaignId":"hetsuu-hutul-2025-magnetic","campaignLabel":"2025 Соронзон хэмжилтийн GPS зам","campaignYear":2025,"sensor":"Magnetic survey","sensorVerified":false,"gnssSource":"unverified","dataType":"survey_campaign_track","plannedActual":"actual","contextOnly":true,"trajectoryAvailable":true,"status":"confirmed_source","qaStatus":"clean","qaFlags":[],"acquisitionId":"hetsuu-hutul-2025-magnetic__1pjOrysgZ6V0-owVytUORdXiw7K8DmPfg__SRVY0-ACQU1-10Hz#3","segmentIndex":3,"segmentCount":4,"pointCount":1068,"simplifiedPointCount":8,"pointsOutsideLicence":0,"startTime":"2025-10-21T04:18:09","endTime":"2025-10-21T04:35:58","timeZone":"UTC (NMEA RMC)","samplingIntervalSeconds":1.0,"timestampProvenance":"embedded-nmea-rmc","latitudeColumn":"Latitude","longitudeColumn":"Longitude","sourceFile":"hetsuu-hutul-2025-magnetic__1pjOrysgZ6V0-owVytUORdXiw7K8DmPfg__SRVY0-ACQU1-10Hz.csv","sourceKind":"Survey GNSS coordinate table","sourceCrs":"EPSG:4326","displayCrs":"EPSG:4326","crsVerified":true,"coverageStatus":"not_calculated","coverageNote":"Зурвасын өргөн болон шугамын алхам баталгаажаагүй тул хамрах талбайг тооцоогүй.","sourceUrl":"https://drive.google.com/file/d/1pjOrysgZ6V0-owVytUORdXiw7K8DmPfg/view","sourceAltitudeMinM":1750.8,"sourceAltitudeMaxM":1927.1,"sourceAltitudeMeanM":1856.81,"sourceAltitudeSampleCount":1068,"sourceAltitudeColumn":"Altitude","sourceAltitudeReference":"source-provided GNSS/absolute altitude"},"geometry":{"type":"LineString","coordinates":[[92.35838771,46.02754437],[92.35897895,46.02754761],[92.35897182,46.01404891],[92.35908957,46.0140865],[92.36031818,46.01408718],[92.3602666,46.01408827],[92.36025962,46.01416416],[92.36026804,46.01563869]]}},{"type":"Feature","id":"hetsuu-hutul-hetsuu-hutul-2025-magnetic-hetsuuhutul2025magnetic1pjorysgz6v0owvytuordxiw7k8dmpfgsrvy0acqu110hz-004","properties":{"project":"Hetsuu hutul","projectKey":"hetsuu-hutul","area":"Хэцүү хөтөл","licence":"XV-022905","campaignId":"hetsuu-hutul-2025-magnetic","campaignLabel":"2025 Соронзон хэмжилтийн GPS зам","campaignYear":2025,"sensor":"Magnetic survey","sensorVerified":false,"gnssSource":"unverified","dataType":"survey_campaign_track","plannedActual":"actual","contextOnly":true,"trajectoryAvailable":true,"status":"confirmed_source","qaStatus":"clean","qaFlags":[],"acquisitionId":"hetsuu-hutul-2025-magnetic__1pjOrysgZ6V0-owVytUORdXiw7K8DmPfg__SRVY0-ACQU1-10Hz#4","segmentIndex":4,"segmentCount":4,"pointCount":1121,"simplifiedPointCount":7,"pointsOutsideLicence":0,"startTime":"2025-10-21T04:41:27","endTime":"2025-10-21T05:00:07","timeZone":"UTC (NMEA RMC)","samplingIntervalSeconds":1.0,"timestampProvenance":"embedded-nmea-rmc","latitudeColumn":"Latitude","longitudeColumn":"Longitude","sourceFile":"hetsuu-hutul-2025-magnetic__1pjOrysgZ6V0-owVytUORdXiw7K8DmPfg__SRVY0-ACQU1-10Hz.csv","sourceKind":"Survey GNSS coordinate table","sourceCrs":"EPSG:4326","displayCrs":"EPSG:4326","crsVerified":true,"coverageStatus":"not_calculated","coverageNote":"Зурвасын өргөн болон шугамын алхам баталгаажаагүй тул хамрах талбайг тооцоогүй.","sourceUrl":"https://drive.google.com/file/d/1pjOrysgZ6V0-owVytUORdXiw7K8DmPfg/view","sourceAltitudeMinM":1794.5,"sourceAltitudeMaxM":1966.0,"sourceAltitudeMeanM":1898.87,"sourceAltitudeSampleCount":1121,"sourceAltitudeColumn":"Altitude","sourceAltitudeReference":"source-provided GNSS/absolute altitude"},"geometry":{"type":"LineString","coordinates":[[92.36026036,46.01564079],[92.36025854,46.0275583],[92.36025018,46.02753197],[92.36031217,46.02752654],[92.36158571,46.0275341],[92.36154037,46.02745767],[92.36155065,46.01682852]]}},{"type":"Feature","id":"hetsuu-hutul-hetsuu-hutul-2025-magnetic-hetsuuhutul2025magnetic1plxiy4u9ybvyl7wokq8ooiq5ablqdasrvy0acqu110hz-001","properties":{"project":"Hetsuu hutul","projectKey":"hetsuu-hutul","area":"Хэцүү хөтөл","licence":"XV-022905","campaignId":"hetsuu-hutul-2025-magnetic","campaignLabel":"2025 Соронзон хэмжилтийн GPS зам","campaignYear":2025,"sensor":"Magnetic survey","sensorVerified":false,"gnssSource":"unverified","dataType":"survey_campaign_track","plannedActual":"actual","contextOnly":true,"trajectoryAvailable":true,"status":"confirmed_source","qaStatus":"clean","qaFlags":[],"acquisitionId":"hetsuu-hutul-2025-magnetic__1plxiY4U9_ybvYl7wOKQ8ooiq5AB_lqda__SRVY0-ACQU1-10Hz#1","segmentIndex":1,"segmentCount":2,"pointCount":15014,"simplifiedPointCount":11,"pointsOutsideLicence":0,"startTime":"2025-10-03T02:59:45.300000","endTime":"2025-10-03T03:26:16","timeZone":"unverified","samplingIntervalSeconds":0.1,"timestampProvenance":"source-date+time-columns","latitudeColumn":"Latitude","longitudeColumn":"Longitude","sourceFile":"hetsuu-hutul-2025-magnetic__1plxiY4U9_ybvYl7wOKQ8ooiq5AB_lqda__SRVY0-ACQU1-10Hz.csv","sourceKind":"Survey GNSS coordinate table","sourceCrs":"EPSG:4326","displayCrs":"EPSG:4326","crsVerified":true,"coverageStatus":"not_calculated","coverageNote":"Зурвасын өргөн болон шугамын алхам баталгаажаагүй тул хамрах талбайг тооцоогүй.","sourceUrl":"https://drive.google.com/file/d/1plxiY4U9_ybvYl7wOKQ8ooiq5AB_lqda/view","sourceAltitudeMinM":1895.2,"sourceAltitudeMaxM":2097.8,"sourceAltitudeMeanM":2001.04,"sourceAltitudeSampleCount":1505,"sourceAltitudeColumn":"Altitude","sourceAltitudeReference":"source-provided GNSS/absolute altitude"},"geometry":{"type":"LineString","coordinates":[[92.36041482,46.01346857],[92.3603894,46.01350412],[92.33708997,46.00211495],[92.33713121,46.00210552],[92.33714568,46.00173834],[92.33714002,45.99995601],[92.33724075,45.99998812],[92.33848061,46.00005722],[92.33843083,46.00043673],[92.33842962,46.01388616],[92.36040222,46.01348436]]}},{"type":"Feature","id":"hetsuu-hutul-hetsuu-hutul-2025-magnetic-hetsuuhutul2025magnetic1plxiy4u9ybvyl7wokq8ooiq5ablqdasrvy0acqu110hz-002","properties":{"project":"Hetsuu hutul","projectKey":"hetsuu-hutul","area":"Хэцүү хөтөл","licence":"XV-022905","campaignId":"hetsuu-hutul-2025-magnetic","campaignLabel":"2025 Соронзон хэмжилтийн GPS зам","campaignYear":2025,"sensor":"Magnetic survey","sensorVerified":false,"gnssSource":"unverified","dataType":"survey_campaign_track","plannedActual":"actual","contextOnly":true,"trajectoryAvailable":true,"status":"confirmed_source","qaStatus":"clean","qaFlags":[],"acquisitionId":"hetsuu-hutul-2025-magnetic__1plxiY4U9_ybvYl7wOKQ8ooiq5AB_lqda__SRVY0-ACQU1-10Hz#2","segmentIndex":2,"segmentCount":2,"pointCount":12964,"simplifiedPointCount":21,"pointsOutsideLicence":0,"startTime":"2025-10-03T03:27:08.300000","endTime":"2025-10-03T03:49:13.700000","timeZone":"unverified","samplingIntervalSeconds":0.1,"timestampProvenance":"source-date+time-columns","latitudeColumn":"Latitude","longitudeColumn":"Longitude","sourceFile":"hetsuu-hutul-2025-magnetic__1plxiY4U9_ybvYl7wOKQ8ooiq5AB_lqda__SRVY0-ACQU1-10Hz.csv","sourceKind":"Survey GNSS coordinate table","sourceCrs":"EPSG:4326","displayCrs":"EPSG:4326","crsVerified":true,"coverageStatus":"not_calculated","coverageNote":"Зурвасын өргөн болон шугамын алхам баталгаажаагүй тул хамрах талбайг тооцоогүй.","sourceUrl":"https://drive.google.com/file/d/1plxiY4U9_ybvYl7wOKQ8ooiq5AB_lqda/view","sourceAltitudeMinM":1899.3,"sourceAltitudeMaxM":2079.4,"sourceAltitudeMeanM":1992.25,"sourceAltitudeSampleCount":1296,"sourceAltitudeColumn":"Altitude","sourceAltitudeReference":"source-provided GNSS/absolute altitude"},"geometry":{"type":"LineString","coordinates":[[92.360402,46.01348336],[92.33834742,46.01385194],[92.33840579,46.01387646],[92.3384232,46.01397807],[92.33842383,46.01554802],[92.33841867,46.01552239],[92.33850211,46.01551707],[92.33976809,46.01558079],[92.33972345,46.01557903],[92.33971642,46.01553317],[92.33972655,46.01519433],[92.3397114,46.01522663],[92.33971757,46.0000946],[92.3397189,46.00012272],[92.33980763,46.00013374],[92.34105292,46.00020129],[92.3410079,46.00028416],[92.34100784,46.00126929],[92.35686661,46.01131042],[92.36039533,46.01351634],[92.36038667,46.01349219]]}},{"type":"Feature","id":"hetsuu-hutul-hetsuu-hutul-2025-magnetic-hetsuuhutul2025magnetic1pm4sztlvglxdfl1hyztrfgrh39wvafpsrvy0acqu2110hz-001","properties":{"project":"Hetsuu hutul","projectKey":"hetsuu-hutul","area":"Хэцүү хөтөл","licence":"XV-022905","campaignId":"hetsuu-hutul-2025-magnetic","campaignLabel":"2025 Соронзон хэмжилтийн GPS зам","campaignYear":2025,"sensor":"Magnetic survey","sensorVerified":false,"gnssSource":"unverified","dataType":"survey_campaign_track","plannedActual":"actual","contextOnly":true,"trajectoryAvailable":true,"status":"confirmed_source","qaStatus":"clean","qaFlags":[],"acquisitionId":"hetsuu-hutul-2025-magnetic__1pM4sztlVglxdfL1HyZTRfGRh39W-VafP__SRVY0-ACQU2_1_-10Hz#1","segmentIndex":1,"segmentCount":1,"pointCount":1654,"simplifiedPointCount":22,"pointsOutsideLicence":0,"startTime":"2025-09-23T04:10:22","endTime":"2025-09-23T04:39:08","timeZone":"UTC (NMEA RMC)","samplingIntervalSeconds":1.0,"timestampProvenance":"embedded-nmea-rmc","latitudeColumn":"Latitude","longitudeColumn":"Longitude","sourceFile":"hetsuu-hutul-2025-magnetic__1pM4sztlVglxdfL1HyZTRfGRh39W-VafP__SRVY0-ACQU2_1_-10Hz.csv","sourceKind":"Survey GNSS coordinate table","sourceCrs":"EPSG:4326","displayCrs":"EPSG:4326","crsVerified":true,"coverageStatus":"not_calculated","coverageNote":"Зурвасын өргөн болон шугамын алхам баталгаажаагүй тул хамрах талбайг тооцоогүй.","sourceUrl":"https://drive.google.com/file/d/1pM4sztlVglxdfL1HyZTRfGRh39W-VafP/view","sourceAltitudeMinM":2010.2,"sourceAltitudeMaxM":2258.6,"sourceAltitudeMeanM":2130.61,"sourceAltitudeSampleCount":1654,"sourceAltitudeColumn":"Altitude","sourceAltitudeReference":"source-provided GNSS/absolute altitude"},"geometry":{"type":"LineString","coordinates":[[92.28992456,45.99634836],[92.29060075,46.00206551],[92.2906087,46.00002281],[92.29075645,46.00004763],[92.29194699,46.00001506],[92.29189813,46.00001874],[92.29189181,46.00021955],[92.29189552,46.00554563],[92.29190458,46.00550977],[92.29322608,46.00554405],[92.29318411,46.00547475],[92.29319417,45.9999566],[92.29331314,45.99997959],[92.29452787,45.99994367],[92.29448677,46.0000097],[92.29448377,46.00560485],[92.29455796,46.0055731],[92.2958208,46.00560778],[92.29577547,46.00555372],[92.29578586,46.00361681],[92.29010787,45.99652625],[92.28993523,45.99636219]]}},{"type":"Feature","id":"hetsuu-hutul-hetsuu-hutul-2025-magnetic-hetsuuhutul2025magnetic1pnkpjpizs7e5ic6ccxrtjgmp4jp1winjsrvy0acqu210hz-001","properties":{"project":"Hetsuu hutul","projectKey":"hetsuu-hutul","area":"Хэцүү хөтөл","licence":"XV-022905","campaignId":"hetsuu-hutul-2025-magnetic","campaignLabel":"2025 Соронзон хэмжилтийн GPS зам","campaignYear":2025,"sensor":"Magnetic survey","sensorVerified":false,"gnssSource":"unverified","dataType":"survey_campaign_track","plannedActual":"actual","contextOnly":true,"trajectoryAvailable":true,"status":"confirmed_source","qaStatus":"clean","qaFlags":[],"acquisitionId":"hetsuu-hutul-2025-magnetic__1PnkPJPiZS7e5iC6ccxrTJgmp4JP1wINj__SRVY0-ACQU2-10Hz#1","segmentIndex":1,"segmentCount":2,"pointCount":682,"simplifiedPointCount":8,"pointsOutsideLicence":0,"startTime":"2025-10-11T03:03:15","endTime":"2025-10-11T03:14:36","timeZone":"UTC (NMEA RMC)","samplingIntervalSeconds":1.0,"timestampProvenance":"embedded-nmea-rmc","latitudeColumn":"Latitude","longitudeColumn":"Longitude","sourceFile":"hetsuu-hutul-2025-magnetic__1PnkPJPiZS7e5iC6ccxrTJgmp4JP1wINj__SRVY0-ACQU2-10Hz.csv","sourceKind":"Survey GNSS coordinate table","sourceCrs":"EPSG:4326","displayCrs":"EPSG:4326","crsVerified":true,"coverageStatus":"not_calculated","coverageNote":"Зурвасын өргөн болон шугамын алхам баталгаажаагүй тул хамрах талбайг тооцоогүй.","sourceUrl":"https://drive.google.com/file/d/1PnkPJPiZS7e5iC6ccxrTJgmp4JP1wINj/view","sourceAltitudeMinM":1683.1,"sourceAltitudeMaxM":1883.6,"sourceAltitudeMeanM":1764.98,"sourceAltitudeSampleCount":682,"sourceAltitudeColumn":"Altitude","sourceAltitudeReference":"source-provided GNSS/absolute altitude"},"geometry":{"type":"LineString","coordinates":[[92.4062893,46.01080173],[92.40627776,46.00000355],[92.40640543,46.00003446],[92.407615,46.00003129],[92.40757542,46.00003647],[92.40756675,46.00010455],[92.40757597,46.01071156],[92.40757786,46.01068821]]}},{"type":"Feature","id":"hetsuu-hutul-hetsuu-hutul-2025-magnetic-hetsuuhutul2025magnetic1pnkpjpizs7e5ic6ccxrtjgmp4jp1winjsrvy0acqu210hz-002","properties":{"project":"Hetsuu hutul","projectKey":"hetsuu-hutul","area":"Хэцүү хөтөл","licence":"XV-022905","campaignId":"hetsuu-hutul-2025-magnetic","campaignLabel":"2025 Соронзон хэмжилтийн GPS зам","campaignYear":2025,"sensor":"Magnetic survey","sensorVerified":false,"gnssSource":"unverified","dataType":"survey_campaign_track","plannedActual":"actual","contextOnly":true,"trajectoryAvailable":true,"status":"confirmed_source","qaStatus":"clean","qaFlags":[],"acquisitionId":"hetsuu-hutul-2025-magnetic__1PnkPJPiZS7e5iC6ccxrTJgmp4JP1wINj__SRVY0-ACQU2-10Hz#2","segmentIndex":2,"segmentCount":2,"pointCount":720,"simplifiedPointCount":7,"pointsOutsideLicence":0,"startTime":"2025-10-11T03:26:58","endTime":"2025-10-11T03:38:57","timeZone":"UTC (NMEA RMC)","samplingIntervalSeconds":1.0,"timestampProvenance":"embedded-nmea-rmc","latitudeColumn":"Latitude","longitudeColumn":"Longitude","sourceFile":"hetsuu-hutul-2025-magnetic__1PnkPJPiZS7e5iC6ccxrTJgmp4JP1wINj__SRVY0-ACQU2-10Hz.csv","sourceKind":"Survey GNSS coordinate table","sourceCrs":"EPSG:4326","displayCrs":"EPSG:4326","crsVerified":true,"coverageStatus":"not_calculated","coverageNote":"Зурвасын өргөн болон шугамын алхам баталгаажаагүй тул хамрах талбайг тооцоогүй.","sourceUrl":"https://drive.google.com/file/d/1PnkPJPiZS7e5iC6ccxrTJgmp4JP1wINj/view","sourceAltitudeMinM":1756.4,"sourceAltitudeMaxM":2023.2,"sourceAltitudeMeanM":1905.49,"sourceAltitudeSampleCount":720,"sourceAltitudeColumn":"Altitude","sourceAltitudeReference":"source-provided GNSS/absolute altitude"},"geometry":{"type":"LineString","coordinates":[[92.40758138,46.01071884],[92.40757776,46.01500549],[92.40757145,46.01498154],[92.40767679,46.01496421],[92.40890517,46.01496304],[92.40885539,46.01494103],[92.40886318,46.00760294]]}},{"type":"Feature","id":"hetsuu-hutul-hetsuu-hutul-2025-magnetic-hetsuuhutul2025magnetic1q9pleu1ff54rwyqsqzlwudi5ivjzt8lzsrvy0acqu710hz-001","properties":{"project":"Hetsuu hutul","projectKey":"hetsuu-hutul","area":"Хэцүү хөтөл","licence":"XV-022905","campaignId":"hetsuu-hutul-2025-magnetic","campaignLabel":"2025 Соронзон хэмжилтийн GPS зам","campaignYear":2025,"sensor":"Magnetic survey","sensorVerified":false,"gnssSource":"unverified","dataType":"survey_campaign_track","plannedActual":"actual","contextOnly":true,"trajectoryAvailable":true,"status":"confirmed_source","qaStatus":"clean","qaFlags":[],"acquisitionId":"hetsuu-hutul-2025-magnetic__1q9pleU1fF54RwYQsqzlwuDI5IVjZt8lz__SRVY0-ACQU7-10Hz#1","segmentIndex":1,"segmentCount":2,"pointCount":1292,"simplifiedPointCount":10,"pointsOutsideLicence":0,"startTime":"2025-10-06T03:08:09","endTime":"2025-10-06T03:29:43","timeZone":"UTC (NMEA RMC)","samplingIntervalSeconds":1.0,"timestampProvenance":"embedded-nmea-rmc","latitudeColumn":"Latitude","longitudeColumn":"Longitude","sourceFile":"hetsuu-hutul-2025-magnetic__1q9pleU1fF54RwYQsqzlwuDI5IVjZt8lz__SRVY0-ACQU7-10Hz.csv","sourceKind":"Survey GNSS coordinate table","sourceCrs":"EPSG:4326","displayCrs":"EPSG:4326","crsVerified":true,"coverageStatus":"not_calculated","coverageNote":"Зурвасын өргөн болон шугамын алхам баталгаажаагүй тул хамрах талбайг тооцоогүй.","sourceUrl":"https://drive.google.com/file/d/1q9pleU1fF54RwYQsqzlwuDI5IVjZt8lz/view","sourceAltitudeMinM":1721.9,"sourceAltitudeMaxM":1949.4,"sourceAltitudeMeanM":1846.74,"sourceAltitudeSampleCount":1292,"sourceAltitudeColumn":"Altitude","sourceAltitudeReference":"source-provided GNSS/absolute altitude"},"geometry":{"type":"LineString","coordinates":[[92.36039438,46.01348802],[92.36007702,46.01299108],[92.35380962,46.0018806],[92.35386349,46.00226263],[92.35384644,46.01501271],[92.35393965,46.01498235],[92.35517102,46.01498439],[92.35513664,46.01489526],[92.35514188,46.00953853],[92.36038092,46.01350412]]}},{"type":"Feature","id":"hetsuu-hutul-hetsuu-hutul-2025-magnetic-hetsuuhutul2025magnetic1q9pleu1ff54rwyqsqzlwudi5ivjzt8lzsrvy0acqu710hz-002","properties":{"project":"Hetsuu hutul","projectKey":"hetsuu-hutul","area":"Хэцүү хөтөл","licence":"XV-022905","campaignId":"hetsuu-hutul-2025-magnetic","campaignLabel":"2025 Соронзон хэмжилтийн GPS зам","campaignYear":2025,"sensor":"Magnetic survey","sensorVerified":false,"gnssSource":"unverified","dataType":"survey_campaign_track","plannedActual":"actual","contextOnly":true,"trajectoryAvailable":true,"status":"confirmed_source","qaStatus":"clean","qaFlags":[],"acquisitionId":"hetsuu-hutul-2025-magnetic__1q9pleU1fF54RwYQsqzlwuDI5IVjZt8lz__SRVY0-ACQU7-10Hz#2","segmentIndex":2,"segmentCount":2,"pointCount":1261,"simplifiedPointCount":10,"pointsOutsideLicence":0,"startTime":"2025-10-06T03:31:36","endTime":"2025-10-06T03:53:10","timeZone":"UTC (NMEA RMC)","samplingIntervalSeconds":1.0,"timestampProvenance":"embedded-nmea-rmc","latitudeColumn":"Latitude","longitudeColumn":"Longitude","sourceFile":"hetsuu-hutul-2025-magnetic__1q9pleU1fF54RwYQsqzlwuDI5IVjZt8lz__SRVY0-ACQU7-10Hz.csv","sourceKind":"Survey GNSS coordinate table","sourceCrs":"EPSG:4326","displayCrs":"EPSG:4326","crsVerified":true,"coverageStatus":"not_calculated","coverageNote":"Зурвасын өргөн болон шугамын алхам баталгаажаагүй тул хамрах талбайг тооцоогүй.","sourceUrl":"https://drive.google.com/file/d/1q9pleU1fF54RwYQsqzlwuDI5IVjZt8lz/view","sourceAltitudeMinM":1733.3,"sourceAltitudeMaxM":1949.1,"sourceAltitudeMeanM":1852.3,"sourceAltitudeSampleCount":1261,"sourceAltitudeColumn":"Altitude","sourceAltitudeReference":"source-provided GNSS/absolute altitude"},"geometry":{"type":"LineString","coordinates":[[92.36039705,46.01350819],[92.35511209,46.00951409],[92.35515822,46.00954455],[92.35515777,45.99999843],[92.35525275,46.00002786],[92.35649247,46.00002487],[92.35644111,46.00009117],[92.3564443,46.0060045],[92.36039631,46.01352077],[92.36037702,46.01350203]]}},{"type":"Feature","id":"hetsuu-hutul-hetsuu-hutul-2025-magnetic-hetsuuhutul2025magnetic1qdqnsdkwouuqpfddvrrrsc5w5tarfupxsrvy0acqu010hz-001","properties":{"project":"Hetsuu hutul","projectKey":"hetsuu-hutul","area":"Хэцүү хөтөл","licence":"XV-022905","campaignId":"hetsuu-hutul-2025-magnetic","campaignLabel":"2025 Соронзон хэмжилтийн GPS зам","campaignYear":2025,"sensor":"Magnetic survey","sensorVerified":false,"gnssSource":"unverified","dataType":"survey_campaign_track","plannedActual":"actual","contextOnly":true,"trajectoryAvailable":true,"status":"confirmed_source","qaStatus":"clean","qaFlags":[],"acquisitionId":"hetsuu-hutul-2025-magnetic__1QDqNsdkWoUuQPfDDvRRRSC5W5TarFUpX__SRVY0-ACQU0-10Hz#1","segmentIndex":1,"segmentCount":2,"pointCount":1370,"simplifiedPointCount":13,"pointsOutsideLicence":0,"startTime":"2025-10-01T03:22:13","endTime":"2025-10-01T03:45:03","timeZone":"UTC (NMEA RMC)","samplingIntervalSeconds":1.0,"timestampProvenance":"embedded-nmea-rmc","latitudeColumn":"Latitude","longitudeColumn":"Longitude","sourceFile":"hetsuu-hutul-2025-magnetic__1QDqNsdkWoUuQPfDDvRRRSC5W5TarFUpX__SRVY0-ACQU0-10Hz.csv","sourceKind":"Survey GNSS coordinate table","sourceCrs":"EPSG:4326","displayCrs":"EPSG:4326","crsVerified":true,"coverageStatus":"not_calculated","coverageNote":"Зурвасын өргөн болон шугамын алхам баталгаажаагүй тул хамрах талбайг тооцоогүй.","sourceUrl":"https://drive.google.com/file/d/1QDqNsdkWoUuQPfDDvRRRSC5W5TarFUpX/view","sourceAltitudeMinM":2009.6,"sourceAltitudeMaxM":2166.9,"sourceAltitudeMeanM":2090.34,"sourceAltitudeSampleCount":1370,"sourceAltitudeColumn":"Altitude","sourceAltitudeReference":"source-provided GNSS/absolute altitude"},"geometry":{"type":"LineString","coordinates":[[92.32969872,46.01208302],[92.32973191,46.01211168],[92.32970616,46.01336498],[92.32970146,45.99987838],[92.3297001,45.99990593],[92.32978708,45.99991453],[92.33103493,45.99994575],[92.33098755,46.00005054],[92.33098002,46.0154484],[92.33097868,46.01542023],[92.33232642,46.0154344],[92.33228054,46.01543794],[92.32971807,46.01212887]]}},{"type":"Feature","id":"hetsuu-hutul-hetsuu-hutul-2025-magnetic-hetsuuhutul2025magnetic1qdqnsdkwouuqpfddvrrrsc5w5tarfupxsrvy0acqu010hz-002","properties":{"project":"Hetsuu hutul","projectKey":"hetsuu-hutul","area":"Хэцүү хөтөл","licence":"XV-022905","campaignId":"hetsuu-hutul-2025-magnetic","campaignLabel":"2025 Соронзон хэмжилтийн GPS зам","campaignYear":2025,"sensor":"Magnetic survey","sensorVerified":false,"gnssSource":"unverified","dataType":"survey_campaign_track","plannedActual":"actual","contextOnly":true,"trajectoryAvailable":true,"status":"confirmed_source","qaStatus":"clean","qaFlags":[],"acquisitionId":"hetsuu-hutul-2025-magnetic__1QDqNsdkWoUuQPfDDvRRRSC5W5TarFUpX__SRVY0-ACQU0-10Hz#2","segmentIndex":2,"segmentCount":2,"pointCount":1413,"simplifiedPointCount":10,"pointsOutsideLicence":0,"startTime":"2025-10-01T03:46:49","endTime":"2025-10-01T04:11:09","timeZone":"UTC (NMEA RMC)","samplingIntervalSeconds":1.0,"timestampProvenance":"embedded-nmea-rmc","latitudeColumn":"Latitude","longitudeColumn":"Longitude","sourceFile":"hetsuu-hutul-2025-magnetic__1QDqNsdkWoUuQPfDDvRRRSC5W5TarFUpX__SRVY0-ACQU0-10Hz.csv","sourceKind":"Survey GNSS coordinate table","sourceCrs":"EPSG:4326","displayCrs":"EPSG:4326","crsVerified":true,"coverageStatus":"not_calculated","coverageNote":"Зурвасын өргөн болон шугамын алхам баталгаажаагүй тул хамрах талбайг тооцоогүй.","sourceUrl":"https://drive.google.com/file/d/1QDqNsdkWoUuQPfDDvRRRSC5W5TarFUpX/view","sourceAltitudeMinM":1994.8,"sourceAltitudeMaxM":2132.7,"sourceAltitudeMeanM":2071.94,"sourceAltitudeSampleCount":1413,"sourceAltitudeColumn":"Altitude","sourceAltitudeReference":"source-provided GNSS/absolute altitude"},"geometry":{"type":"LineString","coordinates":[[92.32969972,46.01211386],[92.33230567,46.01544031],[92.33226801,46.01540501],[92.33229602,45.99994659],[92.33229304,45.99997435],[92.33362958,46.0000139],[92.33358484,46.00010605],[92.33358994,46.01509903],[92.32972004,46.01211125],[92.32974844,46.0121291]]}},{"type":"Feature","id":"hetsuu-hutul-hetsuu-hutul-2025-magnetic-hetsuuhutul2025magnetic1sicgztt3cgn38zhvu5aimvhokbzcnwcsrvy0acqu310hz-001","properties":{"project":"Hetsuu hutul","projectKey":"hetsuu-hutul","area":"Хэцүү хөтөл","licence":"XV-022905","campaignId":"hetsuu-hutul-2025-magnetic","campaignLabel":"2025 Соронзон хэмжилтийн GPS зам","campaignYear":2025,"sensor":"Magnetic survey","sensorVerified":false,"gnssSource":"unverified","dataType":"survey_campaign_track","plannedActual":"actual","contextOnly":true,"trajectoryAvailable":true,"status":"confirmed_source","qaStatus":"clean","qaFlags":[],"acquisitionId":"hetsuu-hutul-2025-magnetic__1SiCgZtt3CGn3_8Zhvu5aimvhoKbZCNwC__SRVY0-ACQU3-10Hz#1","segmentIndex":1,"segmentCount":1,"pointCount":1316,"simplifiedPointCount":10,"pointsOutsideLicence":0,"startTime":"2025-10-12T07:38:13","endTime":"2025-10-12T08:00:08","timeZone":"UTC (NMEA RMC)","samplingIntervalSeconds":1.0,"timestampProvenance":"embedded-nmea-rmc","latitudeColumn":"Latitude","longitudeColumn":"Longitude","sourceFile":"hetsuu-hutul-2025-magnetic__1SiCgZtt3CGn3_8Zhvu5aimvhoKbZCNwC__SRVY0-ACQU3-10Hz.csv","sourceKind":"Survey GNSS coordinate table","sourceCrs":"EPSG:4326","displayCrs":"EPSG:4326","crsVerified":true,"coverageStatus":"not_calculated","coverageNote":"Зурвасын өргөн болон шугамын алхам баталгаажаагүй тул хамрах талбайг тооцоогүй.","sourceUrl":"https://drive.google.com/file/d/1SiCgZtt3CGn3_8Zhvu5aimvhoKbZCNwC/view","sourceAltitudeMinM":1639.1,"sourceAltitudeMaxM":2070.1,"sourceAltitudeMeanM":1949.3,"sourceAltitudeSampleCount":1316,"sourceAltitudeColumn":"Altitude","sourceAltitudeReference":"source-provided GNSS/absolute altitude"},"geometry":{"type":"LineString","coordinates":[[92.4390266,46.00878994],[92.41529529,46.02568954],[92.4153536,46.02555924],[92.41535553,46.01409949],[92.41535451,46.01412803],[92.41524665,46.01414038],[92.41401584,46.01413818],[92.4215509,46.01254841],[92.43903311,46.00877593],[92.43901293,46.00879747]]}},{"type":"Feature","id":"hetsuu-hutul-hetsuu-hutul-2025-magnetic-hetsuuhutul2025magnetic1thndu8o2rv8affhuwwgaj1szf3ezltqksrvy0acqu110hz-001","properties":{"project":"Hetsuu hutul","projectKey":"hetsuu-hutul","area":"Хэцүү хөтөл","licence":"XV-022905","campaignId":"hetsuu-hutul-2025-magnetic","campaignLabel":"2025 Соронзон хэмжилтийн GPS зам","campaignYear":2025,"sensor":"Magnetic survey","sensorVerified":false,"gnssSource":"unverified","dataType":"survey_campaign_track","plannedActual":"actual","contextOnly":true,"trajectoryAvailable":true,"status":"confirmed_source","qaStatus":"clean","qaFlags":[],"acquisitionId":"hetsuu-hutul-2025-magnetic__1thnDU8o2rV8afFHUwwgAJ1SZF3EZLTqk__SRVY0-ACQU1-10Hz#1","segmentIndex":1,"segmentCount":1,"pointCount":1384,"simplifiedPointCount":16,"pointsOutsideLicence":0,"startTime":"2025-09-30T04:12:46","endTime":"2025-09-30T04:36:39","timeZone":"UTC (NMEA RMC)","samplingIntervalSeconds":1.0,"timestampProvenance":"embedded-nmea-rmc","latitudeColumn":"Latitude","longitudeColumn":"Longitude","sourceFile":"hetsuu-hutul-2025-magnetic__1thnDU8o2rV8afFHUwwgAJ1SZF3EZLTqk__SRVY0-ACQU1-10Hz.csv","sourceKind":"Survey GNSS coordinate table","sourceCrs":"EPSG:4326","displayCrs":"EPSG:4326","crsVerified":true,"coverageStatus":"not_calculated","coverageNote":"Зурвасын өргөн болон шугамын алхам баталгаажаагүй тул хамрах талбайг тооцоогүй.","sourceUrl":"https://drive.google.com/file/d/1thnDU8o2rV8afFHUwwgAJ1SZF3EZLTqk/view","sourceAltitudeMinM":1973.6,"sourceAltitudeMaxM":2167.5,"sourceAltitudeMeanM":2083.75,"sourceAltitudeSampleCount":1384,"sourceAltitudeColumn":"Altitude","sourceAltitudeReference":"source-provided GNSS/absolute altitude"},"geometry":{"type":"LineString","coordinates":[[92.32960122,46.01211552],[92.32318185,46.01469649],[92.32322434,46.01468106],[92.32321768,46.01537381],[92.32332214,46.01533376],[92.32454223,46.01534648],[92.32449477,46.01534635],[92.32450732,45.99970735],[92.32450737,45.99973472],[92.32462012,45.9997511],[92.32584702,45.99977664],[92.32580359,45.99978247],[92.32579801,45.99988041],[92.32579878,46.00337169],[92.32944278,46.01190088],[92.32959172,46.01214469]]}},{"type":"Feature","id":"hetsuu-hutul-hetsuu-hutul-2025-magnetic-hetsuuhutul2025magnetic1tkgjc8loz5miphwmwl0cvdboh5idreczsrvy0acqu510hz-001","properties":{"project":"Hetsuu hutul","projectKey":"hetsuu-hutul","area":"Хэцүү хөтөл","licence":"XV-022905","campaignId":"hetsuu-hutul-2025-magnetic","campaignLabel":"2025 Соронзон хэмжилтийн GPS зам","campaignYear":2025,"sensor":"Magnetic survey","sensorVerified":false,"gnssSource":"unverified","dataType":"survey_campaign_track","plannedActual":"actual","contextOnly":true,"trajectoryAvailable":true,"status":"confirmed_source","qaStatus":"clean","qaFlags":[],"acquisitionId":"hetsuu-hutul-2025-magnetic__1TKGjc8Loz5miPHwmWL0cvdBoh5IdRecz__SRVY0-ACQU5-10Hz#1","segmentIndex":1,"segmentCount":2,"pointCount":917,"simplifiedPointCount":11,"pointsOutsideLicence":0,"startTime":"2025-10-11T06:07:04","endTime":"2025-10-11T06:22:20","timeZone":"UTC (NMEA RMC)","samplingIntervalSeconds":1.0,"timestampProvenance":"embedded-nmea-rmc","latitudeColumn":"Latitude","longitudeColumn":"Longitude","sourceFile":"hetsuu-hutul-2025-magnetic__1TKGjc8Loz5miPHwmWL0cvdBoh5IdRecz__SRVY0-ACQU5-10Hz.csv","sourceKind":"Survey GNSS coordinate table","sourceCrs":"EPSG:4326","displayCrs":"EPSG:4326","crsVerified":true,"coverageStatus":"not_calculated","coverageNote":"Зурвасын өргөн болон шугамын алхам баталгаажаагүй тул хамрах талбайг тооцоогүй.","sourceUrl":"https://drive.google.com/file/d/1TKGjc8Loz5miPHwmWL0cvdBoh5IdRecz/view","sourceAltitudeMinM":1662.4,"sourceAltitudeMaxM":1937.8,"sourceAltitudeMeanM":1782.69,"sourceAltitudeSampleCount":917,"sourceAltitudeColumn":"Altitude","sourceAltitudeReference":"source-provided GNSS/absolute altitude"},"geometry":{"type":"LineString","coordinates":[[92.41667589,46.0082045],[92.41663957,46.0081393],[92.41663649,46.00001196],[92.41796991,46.00003307],[92.41792938,46.00010929],[92.41793079,46.01499564],[92.41793144,46.01496226],[92.41803755,46.01495277],[92.41927328,46.01495446],[92.41922515,46.0149155],[92.41923114,46.00989026]]}},{"type":"Feature","id":"hetsuu-hutul-hetsuu-hutul-2025-magnetic-hetsuuhutul2025magnetic1tkgjc8loz5miphwmwl0cvdboh5idreczsrvy0acqu510hz-002","properties":{"project":"Hetsuu hutul","projectKey":"hetsuu-hutul","area":"Хэцүү хөтөл","licence":"XV-022905","campaignId":"hetsuu-hutul-2025-magnetic","campaignLabel":"2025 Соронзон хэмжилтийн GPS зам","campaignYear":2025,"sensor":"Magnetic survey","sensorVerified":false,"gnssSource":"unverified","dataType":"survey_campaign_track","plannedActual":"actual","contextOnly":true,"trajectoryAvailable":true,"status":"confirmed_source","qaStatus":"clean","qaFlags":[],"acquisitionId":"hetsuu-hutul-2025-magnetic__1TKGjc8Loz5miPHwmWL0cvdBoh5IdRecz__SRVY0-ACQU5-10Hz#2","segmentIndex":2,"segmentCount":2,"pointCount":403,"simplifiedPointCount":4,"pointsOutsideLicence":0,"startTime":"2025-10-11T06:31:59","endTime":"2025-10-11T06:38:41","timeZone":"UTC (NMEA RMC)","samplingIntervalSeconds":1.0,"timestampProvenance":"embedded-nmea-rmc","latitudeColumn":"Latitude","longitudeColumn":"Longitude","sourceFile":"hetsuu-hutul-2025-magnetic__1TKGjc8Loz5miPHwmWL0cvdBoh5IdRecz__SRVY0-ACQU5-10Hz.csv","sourceKind":"Survey GNSS coordinate table","sourceCrs":"EPSG:4326","displayCrs":"EPSG:4326","crsVerified":true,"coverageStatus":"not_calculated","coverageNote":"Зурвасын өргөн болон шугамын алхам баталгаажаагүй тул хамрах талбайг тооцоогүй.","sourceUrl":"https://drive.google.com/file/d/1TKGjc8Loz5miPHwmWL0cvdBoh5IdRecz/view","sourceAltitudeMinM":1671.7,"sourceAltitudeMaxM":1771.9,"sourceAltitudeMeanM":1720.01,"sourceAltitudeSampleCount":403,"sourceAltitudeColumn":"Altitude","sourceAltitudeReference":"source-provided GNSS/absolute altitude"},"geometry":{"type":"LineString","coordinates":[[92.41926731,46.01063468],[92.41923395,46.00882912],[92.41922825,46.00885485],[92.4192348,46.00003123]]}},{"type":"Feature","id":"hetsuu-hutul-hetsuu-hutul-2025-magnetic-hetsuuhutul2025magnetic1utuptrvggapngsemw3iefm0mibq0seesrvy0acqu110hzraw-001","properties":{"project":"Hetsuu hutul","projectKey":"hetsuu-hutul","area":"Хэцүү хөтөл","licence":"XV-022905","campaignId":"hetsuu-hutul-2025-magnetic","campaignLabel":"2025 Соронзон хэмжилтийн GPS зам","campaignYear":2025,"sensor":"Magnetic survey","sensorVerified":false,"gnssSource":"unverified","dataType":"survey_campaign_track","plannedActual":"actual","contextOnly":true,"trajectoryAvailable":true,"status":"confirmed_source","qaStatus":"clean","qaFlags":[],"acquisitionId":"hetsuu-hutul-2025-magnetic__1-UtuPTRVggAPngsemw3iEfm0MIBQ0SeE__SRVY0-ACQU1-10Hz_raw#1","segmentIndex":1,"segmentCount":9,"pointCount":367,"simplifiedPointCount":8,"pointsOutsideLicence":0,"startTime":"2025-10-26T03:08:56","endTime":"2025-10-26T03:15:02","timeZone":"UTC (NMEA RMC)","samplingIntervalSeconds":1.0,"timestampProvenance":"embedded-nmea-rmc","latitudeColumn":"Latitude","longitudeColumn":"Longitude","sourceFile":"hetsuu-hutul-2025-magnetic__1-UtuPTRVggAPngsemw3iEfm0MIBQ0SeE__SRVY0-ACQU1-10Hz_raw.csv","sourceKind":"Survey GNSS coordinate table","sourceCrs":"EPSG:4326","displayCrs":"EPSG:4326","crsVerified":true,"coverageStatus":"not_calculated","coverageNote":"Зурвасын өргөн болон шугамын алхам баталгаажаагүй тул хамрах талбайг тооцоогүй.","sourceUrl":"https://drive.google.com/file/d/1-UtuPTRVggAPngsemw3iEfm0MIBQ0SeE/view","sourceAltitudeMinM":2060.0,"sourceAltitudeMaxM":2159.0,"sourceAltitudeMeanM":2118.96,"sourceAltitudeSampleCount":367,"sourceAltitudeColumn":"Altitude","sourceAltitudeReference":"source-provided GNSS/absolute altitude"},"geometry":{"type":"LineString","coordinates":[[92.38853327,46.0141496],[92.38857335,46.01434173],[92.38856481,46.01431278],[92.38856224,46.02247678],[92.38855596,46.0224437],[92.38722764,46.0224395],[92.38727667,46.02238495],[92.38727388,46.02031164]]}},{"type":"Feature","id":"hetsuu-hutul-hetsuu-hutul-2025-magnetic-hetsuuhutul2025magnetic1utuptrvggapngsemw3iefm0mibq0seesrvy0acqu110hzraw-002","properties":{"project":"Hetsuu hutul","projectKey":"hetsuu-hutul","area":"Хэцүү хөтөл","licence":"XV-022905","campaignId":"hetsuu-hutul-2025-magnetic","campaignLabel":"2025 Соронзон хэмжилтийн GPS зам","campaignYear":2025,"sensor":"Magnetic survey","sensorVerified":false,"gnssSource":"unverified","dataType":"survey_campaign_track","plannedActual":"actual","contextOnly":true,"trajectoryAvailable":true,"status":"confirmed_source","qaStatus":"clean","qaFlags":[],"acquisitionId":"hetsuu-hutul-2025-magnetic__1-UtuPTRVggAPngsemw3iEfm0MIBQ0SeE__SRVY0-ACQU1-10Hz_raw#2","segmentIndex":2,"segmentCount":9,"pointCount":259,"simplifiedPointCount":2,"pointsOutsideLicence":0,"startTime":"2025-10-26T03:34:24","endTime":"2025-10-26T03:38:42","timeZone":"UTC (NMEA RMC)","samplingIntervalSeconds":1.0,"timestampProvenance":"embedded-nmea-rmc","latitudeColumn":"Latitude","longitudeColumn":"Longitude","sourceFile":"hetsuu-hutul-2025-magnetic__1-UtuPTRVggAPngsemw3iEfm0MIBQ0SeE__SRVY0-ACQU1-10Hz_raw.csv","sourceKind":"Survey GNSS coordinate table","sourceCrs":"EPSG:4326","displayCrs":"EPSG:4326","crsVerified":true,"coverageStatus":"not_calculated","coverageNote":"Зурвасын өргөн болон шугамын алхам баталгаажаагүй тул хамрах талбайг тооцоогүй.","sourceUrl":"https://drive.google.com/file/d/1-UtuPTRVggAPngsemw3iEfm0MIBQ0SeE/view","sourceAltitudeMinM":2062.9,"sourceAltitudeMaxM":2150.2,"sourceAltitudeMeanM":2103.93,"sourceAltitudeSampleCount":259,"sourceAltitudeColumn":"Altitude","sourceAltitudeReference":"source-provided GNSS/absolute altitude"},"geometry":{"type":"LineString","coordinates":[[92.3872997,46.02038827],[92.38727017,46.01537225]]}},{"type":"Feature","id":"hetsuu-hutul-hetsuu-hutul-2025-magnetic-hetsuuhutul2025magnetic1utuptrvggapngsemw3iefm0mibq0seesrvy0acqu110hzraw-003","properties":{"project":"Hetsuu hutul","projectKey":"hetsuu-hutul","area":"Хэцүү хөтөл","licence":"XV-022905","campaignId":"hetsuu-hutul-2025-magnetic","campaignLabel":"2025 Соронзон хэмжилтийн GPS зам","campaignYear":2025,"sensor":"Magnetic survey","sensorVerified":false,"gnssSource":"unverified","dataType":"survey_campaign_track","plannedActual":"actual","contextOnly":true,"trajectoryAvailable":true,"status":"confirmed_source","qaStatus":"clean","qaFlags":[],"acquisitionId":"hetsuu-hutul-2025-magnetic__1-UtuPTRVggAPngsemw3iEfm0MIBQ0SeE__SRVY0-ACQU1-10Hz_raw#3","segmentIndex":3,"segmentCount":9,"pointCount":351,"simplifiedPointCount":8,"pointsOutsideLicence":0,"startTime":"2025-10-26T03:54:44","endTime":"2025-10-26T04:00:34","timeZone":"UTC (NMEA RMC)","samplingIntervalSeconds":1.0,"timestampProvenance":"embedded-nmea-rmc","latitudeColumn":"Latitude","longitudeColumn":"Longitude","sourceFile":"hetsuu-hutul-2025-magnetic__1-UtuPTRVggAPngsemw3iEfm0MIBQ0SeE__SRVY0-ACQU1-10Hz_raw.csv","sourceKind":"Survey GNSS coordinate table","sourceCrs":"EPSG:4326","displayCrs":"EPSG:4326","crsVerified":true,"coverageStatus":"not_calculated","coverageNote":"Зурвасын өргөн болон шугамын алхам баталгаажаагүй тул хамрах талбайг тооцоогүй.","sourceUrl":"https://drive.google.com/file/d/1-UtuPTRVggAPngsemw3iEfm0MIBQ0SeE/view","sourceAltitudeMinM":2023.3,"sourceAltitudeMaxM":2153.8,"sourceAltitudeMeanM":2077.91,"sourceAltitudeSampleCount":351,"sourceAltitudeColumn":"Altitude","sourceAltitudeReference":"source-provided GNSS/absolute altitude"},"geometry":{"type":"LineString","coordinates":[[92.38728534,46.01653943],[92.38727991,46.01429695],[92.3871709,46.01432885],[92.38593785,46.0143339],[92.38597934,46.01433079],[92.38599863,46.01457078],[92.3859921,46.0213126],[92.38599323,46.021286]]}},{"type":"Feature","id":"hetsuu-hutul-hetsuu-hutul-2025-magnetic-hetsuuhutul2025magnetic1utuptrvggapngsemw3iefm0mibq0seesrvy0acqu110hzraw-004","properties":{"project":"Hetsuu hutul","projectKey":"hetsuu-hutul","area":"Хэцүү хөтөл","licence":"XV-022905","campaignId":"hetsuu-hutul-2025-magnetic","campaignLabel":"2025 Соронзон хэмжилтийн GPS зам","campaignYear":2025,"sensor":"Magnetic survey","sensorVerified":false,"gnssSource":"unverified","dataType":"survey_campaign_track","plannedActual":"actual","contextOnly":true,"trajectoryAvailable":true,"status":"confirmed_source","qaStatus":"clean","qaFlags":[],"acquisitionId":"hetsuu-hutul-2025-magnetic__1-UtuPTRVggAPngsemw3iEfm0MIBQ0SeE__SRVY0-ACQU1-10Hz_raw#4","segmentIndex":4,"segmentCount":9,"pointCount":466,"simplifiedPointCount":7,"pointsOutsideLicence":0,"startTime":"2025-10-26T04:18:25","endTime":"2025-10-26T04:26:10","timeZone":"UTC (NMEA RMC)","samplingIntervalSeconds":1.0,"timestampProvenance":"embedded-nmea-rmc","latitudeColumn":"Latitude","longitudeColumn":"Longitude","sourceFile":"hetsuu-hutul-2025-magnetic__1-UtuPTRVggAPngsemw3iEfm0MIBQ0SeE__SRVY0-ACQU1-10Hz_raw.csv","sourceKind":"Survey GNSS coordinate table","sourceCrs":"EPSG:4326","displayCrs":"EPSG:4326","crsVerified":true,"coverageStatus":"not_calculated","coverageNote":"Зурвасын өргөн болон шугамын алхам баталгаажаагүй тул хамрах талбайг тооцоогүй.","sourceUrl":"https://drive.google.com/file/d/1-UtuPTRVggAPngsemw3iEfm0MIBQ0SeE/view","sourceAltitudeMinM":2052.1,"sourceAltitudeMaxM":2174.2,"sourceAltitudeMeanM":2118.09,"sourceAltitudeSampleCount":466,"sourceAltitudeColumn":"Altitude","sourceAltitudeReference":"source-provided GNSS/absolute altitude"},"geometry":{"type":"LineString","coordinates":[[92.38600906,46.02088236],[92.38598485,46.02247314],[92.38597232,46.02244419],[92.38587932,46.02244156],[92.38464003,46.02244605],[92.38470686,46.02244747],[92.38469219,46.01707351]]}},{"type":"Feature","id":"hetsuu-hutul-hetsuu-hutul-2025-magnetic-hetsuuhutul2025magnetic1utuptrvggapngsemw3iefm0mibq0seesrvy0acqu110hzraw-005","properties":{"project":"Hetsuu hutul","projectKey":"hetsuu-hutul","area":"Хэцүү хөтөл","licence":"XV-022905","campaignId":"hetsuu-hutul-2025-magnetic","campaignLabel":"2025 Соронзон хэмжилтийн GPS зам","campaignYear":2025,"sensor":"Magnetic survey","sensorVerified":false,"gnssSource":"unverified","dataType":"survey_campaign_track","plannedActual":"actual","contextOnly":true,"trajectoryAvailable":true,"status":"confirmed_source","qaStatus":"clean","qaFlags":[],"acquisitionId":"hetsuu-hutul-2025-magnetic__1-UtuPTRVggAPngsemw3iEfm0MIBQ0SeE__SRVY0-ACQU1-10Hz_raw#5","segmentIndex":5,"segmentCount":9,"pointCount":454,"simplifiedPointCount":6,"pointsOutsideLicence":0,"startTime":"2025-10-26T05:20:12","endTime":"2025-10-26T05:27:45","timeZone":"UTC (NMEA RMC)","samplingIntervalSeconds":1.0,"timestampProvenance":"embedded-nmea-rmc","latitudeColumn":"Latitude","longitudeColumn":"Longitude","sourceFile":"hetsuu-hutul-2025-magnetic__1-UtuPTRVggAPngsemw3iEfm0MIBQ0SeE__SRVY0-ACQU1-10Hz_raw.csv","sourceKind":"Survey GNSS coordinate table","sourceCrs":"EPSG:4326","displayCrs":"EPSG:4326","crsVerified":true,"coverageStatus":"not_calculated","coverageNote":"Зурвасын өргөн болон шугамын алхам баталгаажаагүй тул хамрах талбайг тооцоогүй.","sourceUrl":"https://drive.google.com/file/d/1-UtuPTRVggAPngsemw3iEfm0MIBQ0SeE/view","sourceAltitudeMinM":1976.9,"sourceAltitudeMaxM":2156.2,"sourceAltitudeMeanM":2056.68,"sourceAltitudeSampleCount":454,"sourceAltitudeColumn":"Altitude","sourceAltitudeReference":"source-provided GNSS/absolute altitude"},"geometry":{"type":"LineString","coordinates":[[92.38471984,46.01712485],[92.38468914,46.01429779],[92.38454979,46.01433157],[92.38335835,46.01433695],[92.38340724,46.0143754],[92.38340145,46.021192]]}},{"type":"Feature","id":"hetsuu-hutul-hetsuu-hutul-2025-magnetic-hetsuuhutul2025magnetic1utuptrvggapngsemw3iefm0mibq0seesrvy0acqu110hzraw-006","properties":{"project":"Hetsuu hutul","projectKey":"hetsuu-hutul","area":"Хэцүү хөтөл","licence":"XV-022905","campaignId":"hetsuu-hutul-2025-magnetic","campaignLabel":"2025 Соронзон хэмжилтийн GPS зам","campaignYear":2025,"sensor":"Magnetic survey","sensorVerified":false,"gnssSource":"unverified","dataType":"survey_campaign_track","plannedActual":"actual","contextOnly":true,"trajectoryAvailable":true,"status":"confirmed_source","qaStatus":"clean","qaFlags":[],"acquisitionId":"hetsuu-hutul-2025-magnetic__1-UtuPTRVggAPngsemw3iEfm0MIBQ0SeE__SRVY0-ACQU1-10Hz_raw#6","segmentIndex":6,"segmentCount":9,"pointCount":466,"simplifiedPointCount":6,"pointsOutsideLicence":0,"startTime":"2025-10-26T06:22:22","endTime":"2025-10-26T06:30:08","timeZone":"UTC (NMEA RMC)","samplingIntervalSeconds":1.0,"timestampProvenance":"embedded-nmea-rmc","latitudeColumn":"Latitude","longitudeColumn":"Longitude","sourceFile":"hetsuu-hutul-2025-magnetic__1-UtuPTRVggAPngsemw3iEfm0MIBQ0SeE__SRVY0-ACQU1-10Hz_raw.csv","sourceKind":"Survey GNSS coordinate table","sourceCrs":"EPSG:4326","displayCrs":"EPSG:4326","crsVerified":true,"coverageStatus":"not_calculated","coverageNote":"Зурвасын өргөн болон шугамын алхам баталгаажаагүй тул хамрах талбайг тооцоогүй.","sourceUrl":"https://drive.google.com/file/d/1-UtuPTRVggAPngsemw3iEfm0MIBQ0SeE/view","sourceAltitudeMinM":2041.1,"sourceAltitudeMaxM":2158.8,"sourceAltitudeMeanM":2111.05,"sourceAltitudeSampleCount":466,"sourceAltitudeColumn":"Altitude","sourceAltitudeReference":"source-provided GNSS/absolute altitude"},"geometry":{"type":"LineString","coordinates":[[92.38339062,46.02126199],[92.38339358,46.0224672],[92.38327902,46.02243721],[92.38205823,46.02243867],[92.38210454,46.02239864],[92.38209607,46.0158512]]}},{"type":"Feature","id":"hetsuu-hutul-hetsuu-hutul-2025-magnetic-hetsuuhutul2025magnetic1utuptrvggapngsemw3iefm0mibq0seesrvy0acqu110hzraw-007","properties":{"project":"Hetsuu hutul","projectKey":"hetsuu-hutul","area":"Хэцүү хөтөл","licence":"XV-022905","campaignId":"hetsuu-hutul-2025-magnetic","campaignLabel":"2025 Соронзон хэмжилтийн GPS зам","campaignYear":2025,"sensor":"Magnetic survey","sensorVerified":false,"gnssSource":"unverified","dataType":"survey_campaign_track","plannedActual":"actual","contextOnly":true,"trajectoryAvailable":true,"status":"confirmed_source","qaStatus":"clean","qaFlags":[],"acquisitionId":"hetsuu-hutul-2025-magnetic__1-UtuPTRVggAPngsemw3iEfm0MIBQ0SeE__SRVY0-ACQU1-10Hz_raw#7","segmentIndex":7,"segmentCount":9,"pointCount":533,"simplifiedPointCount":12,"pointsOutsideLicence":0,"startTime":"2025-10-26T06:45:40","endTime":"2025-10-26T06:54:32","timeZone":"UTC (NMEA RMC)","samplingIntervalSeconds":1.0,"timestampProvenance":"embedded-nmea-rmc","latitudeColumn":"Latitude","longitudeColumn":"Longitude","sourceFile":"hetsuu-hutul-2025-magnetic__1-UtuPTRVggAPngsemw3iEfm0MIBQ0SeE__SRVY0-ACQU1-10Hz_raw.csv","sourceKind":"Survey GNSS coordinate table","sourceCrs":"EPSG:4326","displayCrs":"EPSG:4326","crsVerified":true,"coverageStatus":"not_calculated","coverageNote":"Зурвасын өргөн болон шугамын алхам баталгаажаагүй тул хамрах талбайг тооцоогүй.","sourceUrl":"https://drive.google.com/file/d/1-UtuPTRVggAPngsemw3iEfm0MIBQ0SeE/view","sourceAltitudeMinM":2007.7,"sourceAltitudeMaxM":2132.5,"sourceAltitudeMeanM":2086.2,"sourceAltitudeSampleCount":533,"sourceAltitudeColumn":"Altitude","sourceAltitudeReference":"source-provided GNSS/absolute altitude"},"geometry":{"type":"LineString","coordinates":[[92.38205959,46.01590841],[92.38209469,46.01431738],[92.38209756,46.01434368],[92.38190379,46.01435414],[92.38074634,46.01435693],[92.38079663,46.01464966],[92.38080572,46.014619],[92.38079597,46.02246941],[92.38064827,46.02243959],[92.37946784,46.02244177],[92.37950612,46.02213934],[92.37949879,46.01570224]]}},{"type":"Feature","id":"hetsuu-hutul-hetsuu-hutul-2025-magnetic-hetsuuhutul2025magnetic1utuptrvggapngsemw3iefm0mibq0seesrvy0acqu110hzraw-008","properties":{"project":"Hetsuu hutul","projectKey":"hetsuu-hutul","area":"Хэцүү хөтөл","licence":"XV-022905","campaignId":"hetsuu-hutul-2025-magnetic","campaignLabel":"2025 Соронзон хэмжилтийн GPS зам","campaignYear":2025,"sensor":"Magnetic survey","sensorVerified":false,"gnssSource":"unverified","dataType":"survey_campaign_track","plannedActual":"actual","contextOnly":true,"trajectoryAvailable":true,"status":"confirmed_source","qaStatus":"clean","qaFlags":[],"acquisitionId":"hetsuu-hutul-2025-magnetic__1-UtuPTRVggAPngsemw3iEfm0MIBQ0SeE__SRVY0-ACQU1-10Hz_raw#8","segmentIndex":8,"segmentCount":9,"pointCount":591,"simplifiedPointCount":14,"pointsOutsideLicence":0,"startTime":"2025-10-26T07:10:20","endTime":"2025-10-26T07:20:10","timeZone":"UTC (NMEA RMC)","samplingIntervalSeconds":1.0,"timestampProvenance":"embedded-nmea-rmc","latitudeColumn":"Latitude","longitudeColumn":"Longitude","sourceFile":"hetsuu-hutul-2025-magnetic__1-UtuPTRVggAPngsemw3iEfm0MIBQ0SeE__SRVY0-ACQU1-10Hz_raw.csv","sourceKind":"Survey GNSS coordinate table","sourceCrs":"EPSG:4326","displayCrs":"EPSG:4326","crsVerified":true,"coverageStatus":"not_calculated","coverageNote":"Зурвасын өргөн болон шугамын алхам баталгаажаагүй тул хамрах талбайг тооцоогүй.","sourceUrl":"https://drive.google.com/file/d/1-UtuPTRVggAPngsemw3iEfm0MIBQ0SeE/view","sourceAltitudeMinM":2054.6,"sourceAltitudeMaxM":2165.3,"sourceAltitudeMeanM":2115.63,"sourceAltitudeSampleCount":591,"sourceAltitudeColumn":"Altitude","sourceAltitudeReference":"source-provided GNSS/absolute altitude"},"geometry":{"type":"LineString","coordinates":[[92.37960721,46.0155825],[92.37945855,46.01574703],[92.37949819,46.01565641],[92.37950229,46.01433551],[92.3793795,46.01437116],[92.37815821,46.01437954],[92.378193,46.01437561],[92.37821417,46.01445742],[92.37821087,46.02246394],[92.37816747,46.0224326],[92.37687653,46.02243614],[92.37692169,46.0223691],[92.37692374,46.01689824],[92.37692004,46.01693152]]}},{"type":"Feature","id":"hetsuu-hutul-hetsuu-hutul-2025-magnetic-hetsuuhutul2025magnetic1utuptrvggapngsemw3iefm0mibq0seesrvy0acqu110hzraw-009","properties":{"project":"Hetsuu hutul","projectKey":"hetsuu-hutul","area":"Хэцүү хөтөл","licence":"XV-022905","campaignId":"hetsuu-hutul-2025-magnetic","campaignLabel":"2025 Соронзон хэмжилтийн GPS зам","campaignYear":2025,"sensor":"Magnetic survey","sensorVerified":false,"gnssSource":"unverified","dataType":"survey_campaign_track","plannedActual":"actual","contextOnly":true,"trajectoryAvailable":true,"status":"confirmed_source","qaStatus":"clean","qaFlags":[],"acquisitionId":"hetsuu-hutul-2025-magnetic__1-UtuPTRVggAPngsemw3iEfm0MIBQ0SeE__SRVY0-ACQU1-10Hz_raw#9","segmentIndex":9,"segmentCount":9,"pointCount":312,"simplifiedPointCount":10,"pointsOutsideLicence":0,"startTime":"2025-10-26T07:52:16","endTime":"2025-10-26T07:57:27","timeZone":"UTC (NMEA RMC)","samplingIntervalSeconds":1.0,"timestampProvenance":"embedded-nmea-rmc","latitudeColumn":"Latitude","longitudeColumn":"Longitude","sourceFile":"hetsuu-hutul-2025-magnetic__1-UtuPTRVggAPngsemw3iEfm0MIBQ0SeE__SRVY0-ACQU1-10Hz_raw.csv","sourceKind":"Survey GNSS coordinate table","sourceCrs":"EPSG:4326","displayCrs":"EPSG:4326","crsVerified":true,"coverageStatus":"not_calculated","coverageNote":"Зурвасын өргөн болон шугамын алхам баталгаажаагүй тул хамрах талбайг тооцоогүй.","sourceUrl":"https://drive.google.com/file/d/1-UtuPTRVggAPngsemw3iEfm0MIBQ0SeE/view","sourceAltitudeMinM":2068.1,"sourceAltitudeMaxM":2144.8,"sourceAltitudeMeanM":2100.33,"sourceAltitudeSampleCount":312,"sourceAltitudeColumn":"Altitude","sourceAltitudeReference":"source-provided GNSS/absolute altitude"},"geometry":{"type":"LineString","coordinates":[[92.37690018,46.0168867],[92.37686509,46.01691511],[92.37691871,46.01683301],[92.37691636,46.01434048],[92.37691888,46.01436735],[92.37679971,46.01437204],[92.37557815,46.01437531],[92.3756297,46.0144529],[92.37562016,46.02244341],[92.37567304,46.02234038]]}},{"type":"Feature","id":"hetsuu-hutul-hetsuu-hutul-2025-magnetic-hetsuuhutul2025magnetic1vbdey86fd14brrksewrqkz6jzw3b7crzsrvy0acqu210hz-001","properties":{"project":"Hetsuu hutul","projectKey":"hetsuu-hutul","area":"Хэцүү хөтөл","licence":"XV-022905","campaignId":"hetsuu-hutul-2025-magnetic","campaignLabel":"2025 Соронзон хэмжилтийн GPS зам","campaignYear":2025,"sensor":"Magnetic survey","sensorVerified":false,"gnssSource":"unverified","dataType":"survey_campaign_track","plannedActual":"actual","contextOnly":true,"trajectoryAvailable":true,"status":"confirmed_source","qaStatus":"clean","qaFlags":[],"acquisitionId":"hetsuu-hutul-2025-magnetic__1Vbdey86FD14BRrkSeWRqkz6JzW3B7CRZ__SRVY0-ACQU2-10Hz#1","segmentIndex":1,"segmentCount":2,"pointCount":666,"simplifiedPointCount":6,"pointsOutsideLicence":0,"startTime":"2025-10-10T02:26:55","endTime":"2025-10-10T02:38:02","timeZone":"UTC (NMEA RMC)","samplingIntervalSeconds":1.0,"timestampProvenance":"embedded-nmea-rmc","latitudeColumn":"Latitude","longitudeColumn":"Longitude","sourceFile":"hetsuu-hutul-2025-magnetic__1Vbdey86FD14BRrkSeWRqkz6JzW3B7CRZ__SRVY0-ACQU2-10Hz.csv","sourceKind":"Survey GNSS coordinate table","sourceCrs":"EPSG:4326","displayCrs":"EPSG:4326","crsVerified":true,"coverageStatus":"not_calculated","coverageNote":"Зурвасын өргөн болон шугамын алхам баталгаажаагүй тул хамрах талбайг тооцоогүй.","sourceUrl":"https://drive.google.com/file/d/1Vbdey86FD14BRrkSeWRqkz6JzW3B7CRZ/view","sourceAltitudeMinM":1669.5,"sourceAltitudeMaxM":1844.8,"sourceAltitudeMeanM":1760.98,"sourceAltitudeSampleCount":666,"sourceAltitudeColumn":"Altitude","sourceAltitudeReference":"source-provided GNSS/absolute altitude"},"geometry":{"type":"LineString","coordinates":[[92.38608694,46.00574989],[92.38609595,46.00003567],[92.38618416,46.00006357],[92.38743291,46.00005975],[92.38738347,46.00015572],[92.38739041,46.00823867]]}},{"type":"Feature","id":"hetsuu-hutul-hetsuu-hutul-2025-magnetic-hetsuuhutul2025magnetic1vbdey86fd14brrksewrqkz6jzw3b7crzsrvy0acqu210hz-002","properties":{"project":"Hetsuu hutul","projectKey":"hetsuu-hutul","area":"Хэцүү хөтөл","licence":"XV-022905","campaignId":"hetsuu-hutul-2025-magnetic","campaignLabel":"2025 Соронзон хэмжилтийн GPS зам","campaignYear":2025,"sensor":"Magnetic survey","sensorVerified":false,"gnssSource":"unverified","dataType":"survey_campaign_track","plannedActual":"actual","contextOnly":true,"trajectoryAvailable":true,"status":"confirmed_source","qaStatus":"clean","qaFlags":[],"acquisitionId":"hetsuu-hutul-2025-magnetic__1Vbdey86FD14BRrkSeWRqkz6JzW3B7CRZ__SRVY0-ACQU2-10Hz#2","segmentIndex":2,"segmentCount":2,"pointCount":656,"simplifiedPointCount":7,"pointsOutsideLicence":0,"startTime":"2025-10-10T02:49:56","endTime":"2025-10-10T03:00:51","timeZone":"UTC (NMEA RMC)","samplingIntervalSeconds":1.0,"timestampProvenance":"embedded-nmea-rmc","latitudeColumn":"Latitude","longitudeColumn":"Longitude","sourceFile":"hetsuu-hutul-2025-magnetic__1Vbdey86FD14BRrkSeWRqkz6JzW3B7CRZ__SRVY0-ACQU2-10Hz.csv","sourceKind":"Survey GNSS coordinate table","sourceCrs":"EPSG:4326","displayCrs":"EPSG:4326","crsVerified":true,"coverageStatus":"not_calculated","coverageNote":"Зурвасын өргөн болон шугамын алхам баталгаажаагүй тул хамрах талбайг тооцоогүй.","sourceUrl":"https://drive.google.com/file/d/1Vbdey86FD14BRrkSeWRqkz6JzW3B7CRZ/view","sourceAltitudeMinM":1844.6,"sourceAltitudeMaxM":2070.6,"sourceAltitudeMeanM":1974.68,"sourceAltitudeSampleCount":656,"sourceAltitudeColumn":"Altitude","sourceAltitudeReference":"source-provided GNSS/absolute altitude"},"geometry":{"type":"LineString","coordinates":[[92.38738509,46.00827746],[92.38738891,46.01505073],[92.38745904,46.01501755],[92.38873466,46.01502265],[92.38868533,46.01502215],[92.38867368,46.01495685],[92.3886785,46.0091431]]}},{"type":"Feature","id":"hetsuu-hutul-hetsuu-hutul-2025-magnetic-hetsuuhutul2025magnetic1x3q9skj9yiemukxdsmmppbuqo0dyfa5srvy0acqu110hzraw-001","properties":{"project":"Hetsuu hutul","projectKey":"hetsuu-hutul","area":"Хэцүү хөтөл","licence":"XV-022905","campaignId":"hetsuu-hutul-2025-magnetic","campaignLabel":"2025 Соронзон хэмжилтийн GPS зам","campaignYear":2025,"sensor":"Magnetic survey","sensorVerified":false,"gnssSource":"unverified","dataType":"survey_campaign_track","plannedActual":"actual","contextOnly":true,"trajectoryAvailable":true,"status":"confirmed_source","qaStatus":"clean","qaFlags":[],"acquisitionId":"hetsuu-hutul-2025-magnetic__1x3q9skj9yie-MUKXdsMmppBuqO0dyfA5__SRVY0-ACQU1-10Hz_raw#1","segmentIndex":1,"segmentCount":4,"pointCount":1070,"simplifiedPointCount":9,"pointsOutsideLicence":0,"startTime":"2025-10-22T03:09:04","endTime":"2025-10-22T03:26:53","timeZone":"UTC (NMEA RMC)","samplingIntervalSeconds":1.0,"timestampProvenance":"embedded-nmea-rmc","latitudeColumn":"Latitude","longitudeColumn":"Longitude","sourceFile":"hetsuu-hutul-2025-magnetic__1x3q9skj9yie-MUKXdsMmppBuqO0dyfA5__SRVY0-ACQU1-10Hz_raw.csv","sourceKind":"Survey GNSS coordinate table","sourceCrs":"EPSG:4326","displayCrs":"EPSG:4326","crsVerified":true,"coverageStatus":"not_calculated","coverageNote":"Зурвасын өргөн болон шугамын алхам баталгаажаагүй тул хамрах талбайг тооцоогүй.","sourceUrl":"https://drive.google.com/file/d/1x3q9skj9yie-MUKXdsMmppBuqO0dyfA5/view","sourceAltitudeMinM":1800.6,"sourceAltitudeMaxM":1997.1,"sourceAltitudeMeanM":1910.59,"sourceAltitudeSampleCount":1070,"sourceAltitudeColumn":"Altitude","sourceAltitudeReference":"source-provided GNSS/absolute altitude"},"geometry":{"type":"LineString","coordinates":[[92.3614785,46.01678007],[92.36148729,46.01401613],[92.36280736,46.01403987],[92.36278375,46.02753497],[92.36287464,46.02750167],[92.36412656,46.02751124],[92.36407809,46.02750854],[92.36406923,46.02743748],[92.36407668,46.02475671]]}},{"type":"Feature","id":"hetsuu-hutul-hetsuu-hutul-2025-magnetic-hetsuuhutul2025magnetic1x3q9skj9yiemukxdsmmppbuqo0dyfa5srvy0acqu110hzraw-002","properties":{"project":"Hetsuu hutul","projectKey":"hetsuu-hutul","area":"Хэцүү хөтөл","licence":"XV-022905","campaignId":"hetsuu-hutul-2025-magnetic","campaignLabel":"2025 Соронзон хэмжилтийн GPS зам","campaignYear":2025,"sensor":"Magnetic survey","sensorVerified":false,"gnssSource":"unverified","dataType":"survey_campaign_track","plannedActual":"actual","contextOnly":true,"trajectoryAvailable":true,"status":"confirmed_source","qaStatus":"clean","qaFlags":[],"acquisitionId":"hetsuu-hutul-2025-magnetic__1x3q9skj9yie-MUKXdsMmppBuqO0dyfA5__SRVY0-ACQU1-10Hz_raw#2","segmentIndex":2,"segmentCount":4,"pointCount":1021,"simplifiedPointCount":6,"pointsOutsideLicence":0,"startTime":"2025-10-22T03:32:36","endTime":"2025-10-22T03:49:37","timeZone":"UTC (NMEA RMC)","samplingIntervalSeconds":1.0,"timestampProvenance":"embedded-nmea-rmc","latitudeColumn":"Latitude","longitudeColumn":"Longitude","sourceFile":"hetsuu-hutul-2025-magnetic__1x3q9skj9yie-MUKXdsMmppBuqO0dyfA5__SRVY0-ACQU1-10Hz_raw.csv","sourceKind":"Survey GNSS coordinate table","sourceCrs":"EPSG:4326","displayCrs":"EPSG:4326","crsVerified":true,"coverageStatus":"not_calculated","coverageNote":"Зурвасын өргөн болон шугамын алхам баталгаажаагүй тул хамрах талбайг тооцоогүй.","sourceUrl":"https://drive.google.com/file/d/1x3q9skj9yie-MUKXdsMmppBuqO0dyfA5/view","sourceAltitudeMinM":1839.1,"sourceAltitudeMaxM":2040.0,"sourceAltitudeMeanM":1938.06,"sourceAltitudeSampleCount":1021,"sourceAltitudeColumn":"Altitude","sourceAltitudeReference":"source-provided GNSS/absolute altitude"},"geometry":{"type":"LineString","coordinates":[[92.36411078,46.02478655],[92.36407189,46.02326048],[92.36407988,46.01403132],[92.36540167,46.01406154],[92.36536522,46.01443093],[92.36537699,46.02289713]]}},{"type":"Feature","id":"hetsuu-hutul-hetsuu-hutul-2025-magnetic-hetsuuhutul2025magnetic1x3q9skj9yiemukxdsmmppbuqo0dyfa5srvy0acqu110hzraw-003","properties":{"project":"Hetsuu hutul","projectKey":"hetsuu-hutul","area":"Хэцүү хөтөл","licence":"XV-022905","campaignId":"hetsuu-hutul-2025-magnetic","campaignLabel":"2025 Соронзон хэмжилтийн GPS зам","campaignYear":2025,"sensor":"Magnetic survey","sensorVerified":false,"gnssSource":"unverified","dataType":"survey_campaign_track","plannedActual":"actual","contextOnly":true,"trajectoryAvailable":true,"status":"confirmed_source","qaStatus":"clean","qaFlags":[],"acquisitionId":"hetsuu-hutul-2025-magnetic__1x3q9skj9yie-MUKXdsMmppBuqO0dyfA5__SRVY0-ACQU1-10Hz_raw#3","segmentIndex":3,"segmentCount":4,"pointCount":928,"simplifiedPointCount":9,"pointsOutsideLicence":0,"startTime":"2025-10-22T03:56:54","endTime":"2025-10-22T04:12:21","timeZone":"UTC (NMEA RMC)","samplingIntervalSeconds":1.0,"timestampProvenance":"embedded-nmea-rmc","latitudeColumn":"Latitude","longitudeColumn":"Longitude","sourceFile":"hetsuu-hutul-2025-magnetic__1x3q9skj9yie-MUKXdsMmppBuqO0dyfA5__SRVY0-ACQU1-10Hz_raw.csv","sourceKind":"Survey GNSS coordinate table","sourceCrs":"EPSG:4326","displayCrs":"EPSG:4326","crsVerified":true,"coverageStatus":"not_calculated","coverageNote":"Зурвасын өргөн болон шугамын алхам баталгаажаагүй тул хамрах талбайг тооцоогүй.","sourceUrl":"https://drive.google.com/file/d/1x3q9skj9yie-MUKXdsMmppBuqO0dyfA5/view","sourceAltitudeMinM":1947.7,"sourceAltitudeMaxM":2062.9,"sourceAltitudeMeanM":1999.25,"sourceAltitudeSampleCount":928,"sourceAltitudeColumn":"Altitude","sourceAltitudeReference":"source-provided GNSS/absolute altitude"},"geometry":{"type":"LineString","coordinates":[[92.36541553,46.0228581],[92.36537284,46.02324103],[92.36537325,46.0275701],[92.36537077,46.0275407],[92.36544027,46.02753323],[92.36671478,46.02754167],[92.36667183,46.02753946],[92.36666287,46.02747724],[92.36667106,46.01601433]]}},{"type":"Feature","id":"hetsuu-hutul-hetsuu-hutul-2025-magnetic-hetsuuhutul2025magnetic1x3q9skj9yiemukxdsmmppbuqo0dyfa5srvy0acqu110hzraw-004","properties":{"project":"Hetsuu hutul","projectKey":"hetsuu-hutul","area":"Хэцүү хөтөл","licence":"XV-022905","campaignId":"hetsuu-hutul-2025-magnetic","campaignLabel":"2025 Соронзон хэмжилтийн GPS зам","campaignYear":2025,"sensor":"Magnetic survey","sensorVerified":false,"gnssSource":"unverified","dataType":"survey_campaign_track","plannedActual":"actual","contextOnly":true,"trajectoryAvailable":true,"status":"confirmed_source","qaStatus":"clean","qaFlags":[],"acquisitionId":"hetsuu-hutul-2025-magnetic__1x3q9skj9yie-MUKXdsMmppBuqO0dyfA5__SRVY0-ACQU1-10Hz_raw#4","segmentIndex":4,"segmentCount":4,"pointCount":963,"simplifiedPointCount":17,"pointsOutsideLicence":0,"startTime":"2025-10-22T04:18:49","endTime":"2025-10-22T04:34:52","timeZone":"UTC (NMEA RMC)","samplingIntervalSeconds":1.0,"timestampProvenance":"embedded-nmea-rmc","latitudeColumn":"Latitude","longitudeColumn":"Longitude","sourceFile":"hetsuu-hutul-2025-magnetic__1x3q9skj9yie-MUKXdsMmppBuqO0dyfA5__SRVY0-ACQU1-10Hz_raw.csv","sourceKind":"Survey GNSS coordinate table","sourceCrs":"EPSG:4326","displayCrs":"EPSG:4326","crsVerified":true,"coverageStatus":"not_calculated","coverageNote":"Зурвасын өргөн болон шугамын алхам баталгаажаагүй тул хамрах талбайг тооцоогүй.","sourceUrl":"https://drive.google.com/file/d/1x3q9skj9yie-MUKXdsMmppBuqO0dyfA5/view","sourceAltitudeMinM":1929.0,"sourceAltitudeMaxM":2084.2,"sourceAltitudeMeanM":2002.38,"sourceAltitudeSampleCount":963,"sourceAltitudeColumn":"Altitude","sourceAltitudeReference":"source-provided GNSS/absolute altitude"},"geometry":{"type":"LineString","coordinates":[[92.36672112,46.0159434],[92.36667469,46.01593617],[92.3666758,46.01404634],[92.36667548,46.01407507],[92.36677226,46.01407997],[92.36801654,46.01408092],[92.36797598,46.01412443],[92.36796901,46.01445029],[92.36796714,46.0275755],[92.36796749,46.02755088],[92.36892546,46.02754833],[92.36828946,46.02718818],[92.36793485,46.02756343],[92.36796091,46.02753837],[92.36929021,46.02754954],[92.36925206,46.02748525],[92.36925378,46.02625014]]}},{"type":"Feature","id":"hetsuu-hutul-hetsuu-hutul-2025-magnetic-hetsuuhutul2025magnetic1yhxflraeb1dogvcqnsjwynpiheupjprsrvy0acqu060m10hz-001","properties":{"project":"Hetsuu hutul","projectKey":"hetsuu-hutul","area":"Хэцүү хөтөл","licence":"XV-022905","campaignId":"hetsuu-hutul-2025-magnetic","campaignLabel":"2025 Соронзон хэмжилтийн GPS зам","campaignYear":2025,"sensor":"Magnetic survey","sensorVerified":false,"gnssSource":"unverified","dataType":"survey_campaign_track","plannedActual":"actual","contextOnly":true,"trajectoryAvailable":true,"status":"confirmed_source","qaStatus":"clean","qaFlags":[],"acquisitionId":"hetsuu-hutul-2025-magnetic__1YHXfLrAeB1DOgvCqnsjwY_nPiheuPjpR__SRVY0-ACQU0_60m-10Hz#1","segmentIndex":1,"segmentCount":7,"pointCount":903,"simplifiedPointCount":6,"pointsOutsideLicence":0,"startTime":"2025-11-03T03:17:00","endTime":"2025-11-03T03:32:02","timeZone":"UTC (NMEA RMC)","samplingIntervalSeconds":1.0,"timestampProvenance":"embedded-nmea-rmc","latitudeColumn":"Latitude","longitudeColumn":"Longitude","sourceFile":"hetsuu-hutul-2025-magnetic__1YHXfLrAeB1DOgvCqnsjwY_nPiheuPjpR__SRVY0-ACQU0_60m-10Hz.csv","sourceKind":"Survey GNSS coordinate table","sourceCrs":"EPSG:4326","displayCrs":"EPSG:4326","crsVerified":true,"coverageStatus":"not_calculated","coverageNote":"Зурвасын өргөн болон шугамын алхам баталгаажаагүй тул хамрах талбайг тооцоогүй.","sourceUrl":"https://drive.google.com/file/d/1YHXfLrAeB1DOgvCqnsjwY_nPiheuPjpR/view","sourceAltitudeMinM":1951.7,"sourceAltitudeMaxM":2087.6,"sourceAltitudeMeanM":2020.62,"sourceAltitudeSampleCount":903,"sourceAltitudeColumn":"Altitude","sourceAltitudeReference":"source-provided GNSS/absolute altitude"},"geometry":{"type":"LineString","coordinates":[[92.43272645,46.08907352],[92.43272095,46.06490766],[92.43271742,46.0649473],[92.43138839,46.06493981],[92.43143298,46.06501773],[92.43142809,46.07882494]]}},{"type":"Feature","id":"hetsuu-hutul-hetsuu-hutul-2025-magnetic-hetsuuhutul2025magnetic1yhxflraeb1dogvcqnsjwynpiheupjprsrvy0acqu060m10hz-002","properties":{"project":"Hetsuu hutul","projectKey":"hetsuu-hutul","area":"Хэцүү хөтөл","licence":"XV-022905","campaignId":"hetsuu-hutul-2025-magnetic","campaignLabel":"2025 Соронзон хэмжилтийн GPS зам","campaignYear":2025,"sensor":"Magnetic survey","sensorVerified":false,"gnssSource":"unverified","dataType":"survey_campaign_track","plannedActual":"actual","contextOnly":true,"trajectoryAvailable":true,"status":"confirmed_source","qaStatus":"clean","qaFlags":[],"acquisitionId":"hetsuu-hutul-2025-magnetic__1YHXfLrAeB1DOgvCqnsjwY_nPiheuPjpR__SRVY0-ACQU0_60m-10Hz#2","segmentIndex":2,"segmentCount":7,"pointCount":995,"simplifiedPointCount":10,"pointsOutsideLicence":0,"startTime":"2025-11-03T03:37:47","endTime":"2025-11-03T03:54:21","timeZone":"UTC (NMEA RMC)","samplingIntervalSeconds":1.0,"timestampProvenance":"embedded-nmea-rmc","latitudeColumn":"Latitude","longitudeColumn":"Longitude","sourceFile":"hetsuu-hutul-2025-magnetic__1YHXfLrAeB1DOgvCqnsjwY_nPiheuPjpR__SRVY0-ACQU0_60m-10Hz.csv","sourceKind":"Survey GNSS coordinate table","sourceCrs":"EPSG:4326","displayCrs":"EPSG:4326","crsVerified":true,"coverageStatus":"not_calculated","coverageNote":"Зурвасын өргөн болон шугамын алхам баталгаажаагүй тул хамрах талбайг тооцоогүй.","sourceUrl":"https://drive.google.com/file/d/1YHXfLrAeB1DOgvCqnsjwY_nPiheuPjpR/view","sourceAltitudeMinM":1918.0,"sourceAltitudeMaxM":2080.9,"sourceAltitudeMeanM":2010.11,"sourceAltitudeSampleCount":995,"sourceAltitudeColumn":"Altitude","sourceAltitudeReference":"source-provided GNSS/absolute altitude"},"geometry":{"type":"LineString","coordinates":[[92.43138815,46.07885038],[92.43142175,46.07883377],[92.43143042,46.07893465],[92.43143866,46.08910676],[92.43143352,46.08906679],[92.43126609,46.08906194],[92.43133085,46.08907313],[92.43010729,46.08907336],[92.43014786,46.08880436],[92.43014604,46.06516535]]}},{"type":"Feature","id":"hetsuu-hutul-hetsuu-hutul-2025-magnetic-hetsuuhutul2025magnetic1yhxflraeb1dogvcqnsjwynpiheupjprsrvy0acqu060m10hz-003","properties":{"project":"Hetsuu hutul","projectKey":"hetsuu-hutul","area":"Хэцүү хөтөл","licence":"XV-022905","campaignId":"hetsuu-hutul-2025-magnetic","campaignLabel":"2025 Соронзон хэмжилтийн GPS зам","campaignYear":2025,"sensor":"Magnetic survey","sensorVerified":false,"gnssSource":"unverified","dataType":"survey_campaign_track","plannedActual":"actual","contextOnly":true,"trajectoryAvailable":true,"status":"confirmed_source","qaStatus":"clean","qaFlags":[],"acquisitionId":"hetsuu-hutul-2025-magnetic__1YHXfLrAeB1DOgvCqnsjwY_nPiheuPjpR__SRVY0-ACQU0_60m-10Hz#3","segmentIndex":3,"segmentCount":7,"pointCount":1095,"simplifiedPointCount":12,"pointsOutsideLicence":0,"startTime":"2025-11-03T04:01:11","endTime":"2025-11-03T04:19:25","timeZone":"UTC (NMEA RMC)","samplingIntervalSeconds":1.0,"timestampProvenance":"embedded-nmea-rmc","latitudeColumn":"Latitude","longitudeColumn":"Longitude","sourceFile":"hetsuu-hutul-2025-magnetic__1YHXfLrAeB1DOgvCqnsjwY_nPiheuPjpR__SRVY0-ACQU0_60m-10Hz.csv","sourceKind":"Survey GNSS coordinate table","sourceCrs":"EPSG:4326","displayCrs":"EPSG:4326","crsVerified":true,"coverageStatus":"not_calculated","coverageNote":"Зурвасын өргөн болон шугамын алхам баталгаажаагүй тул хамрах талбайг тооцоогүй.","sourceUrl":"https://drive.google.com/file/d/1YHXfLrAeB1DOgvCqnsjwY_nPiheuPjpR/view","sourceAltitudeMinM":1925.6,"sourceAltitudeMaxM":2093.2,"sourceAltitudeMeanM":2020.91,"sourceAltitudeSampleCount":1095,"sourceAltitudeColumn":"Altitude","sourceAltitudeReference":"source-provided GNSS/absolute altitude"},"geometry":{"type":"LineString","coordinates":[[92.43013135,46.06514816],[92.4301406,46.06489605],[92.43014989,46.06493306],[92.43003074,46.06494174],[92.42879928,46.06493323],[92.42883939,46.06493129],[92.42885091,46.06501763],[92.4288551,46.08910113],[92.42884867,46.08905907],[92.42751163,46.08906217],[92.42756338,46.08904778],[92.42756114,46.07930395]]}},{"type":"Feature","id":"hetsuu-hutul-hetsuu-hutul-2025-magnetic-hetsuuhutul2025magnetic1yhxflraeb1dogvcqnsjwynpiheupjprsrvy0acqu060m10hz-004","properties":{"project":"Hetsuu hutul","projectKey":"hetsuu-hutul","area":"Хэцүү хөтөл","licence":"XV-022905","campaignId":"hetsuu-hutul-2025-magnetic","campaignLabel":"2025 Соронзон хэмжилтийн GPS зам","campaignYear":2025,"sensor":"Magnetic survey","sensorVerified":false,"gnssSource":"unverified","dataType":"survey_campaign_track","plannedActual":"actual","contextOnly":true,"trajectoryAvailable":true,"status":"confirmed_source","qaStatus":"clean","qaFlags":[],"acquisitionId":"hetsuu-hutul-2025-magnetic__1YHXfLrAeB1DOgvCqnsjwY_nPiheuPjpR__SRVY0-ACQU0_60m-10Hz#4","segmentIndex":4,"segmentCount":7,"pointCount":1070,"simplifiedPointCount":14,"pointsOutsideLicence":0,"startTime":"2025-11-03T04:25:22","endTime":"2025-11-03T04:43:11","timeZone":"UTC (NMEA RMC)","samplingIntervalSeconds":1.0,"timestampProvenance":"embedded-nmea-rmc","latitudeColumn":"Latitude","longitudeColumn":"Longitude","sourceFile":"hetsuu-hutul-2025-magnetic__1YHXfLrAeB1DOgvCqnsjwY_nPiheuPjpR__SRVY0-ACQU0_60m-10Hz.csv","sourceKind":"Survey GNSS coordinate table","sourceCrs":"EPSG:4326","displayCrs":"EPSG:4326","crsVerified":true,"coverageStatus":"not_calculated","coverageNote":"Зурвасын өргөн болон шугамын алхам баталгаажаагүй тул хамрах талбайг тооцоогүй.","sourceUrl":"https://drive.google.com/file/d/1YHXfLrAeB1DOgvCqnsjwY_nPiheuPjpR/view","sourceAltitudeMinM":1993.8,"sourceAltitudeMaxM":2094.2,"sourceAltitudeMeanM":2021.25,"sourceAltitudeSampleCount":1070,"sourceAltitudeColumn":"Altitude","sourceAltitudeReference":"source-provided GNSS/absolute altitude"},"geometry":{"type":"LineString","coordinates":[[92.42859676,46.07895892],[92.42750975,46.07938079],[92.42755489,46.07930622],[92.42755434,46.06490325],[92.42743418,46.06493466],[92.42621653,46.0649263],[92.42625653,46.06493024],[92.42626488,46.06499674],[92.42625734,46.08911371],[92.426248,46.08907281],[92.42491293,46.08907216],[92.42496314,46.08906985],[92.4249656,46.08900978],[92.42496695,46.08706217]]}},{"type":"Feature","id":"hetsuu-hutul-hetsuu-hutul-2025-magnetic-hetsuuhutul2025magnetic1yhxflraeb1dogvcqnsjwynpiheupjprsrvy0acqu060m10hz-005","properties":{"project":"Hetsuu hutul","projectKey":"hetsuu-hutul","area":"Хэцүү хөтөл","licence":"XV-022905","campaignId":"hetsuu-hutul-2025-magnetic","campaignLabel":"2025 Соронзон хэмжилтийн GPS зам","campaignYear":2025,"sensor":"Magnetic survey","sensorVerified":false,"gnssSource":"unverified","dataType":"survey_campaign_track","plannedActual":"actual","contextOnly":true,"trajectoryAvailable":true,"status":"confirmed_source","qaStatus":"clean","qaFlags":[],"acquisitionId":"hetsuu-hutul-2025-magnetic__1YHXfLrAeB1DOgvCqnsjwY_nPiheuPjpR__SRVY0-ACQU0_60m-10Hz#5","segmentIndex":5,"segmentCount":7,"pointCount":1033,"simplifiedPointCount":7,"pointsOutsideLicence":0,"startTime":"2025-11-03T04:51:04","endTime":"2025-11-03T05:08:16","timeZone":"UTC (NMEA RMC)","samplingIntervalSeconds":1.0,"timestampProvenance":"embedded-nmea-rmc","latitudeColumn":"Latitude","longitudeColumn":"Longitude","sourceFile":"hetsuu-hutul-2025-magnetic__1YHXfLrAeB1DOgvCqnsjwY_nPiheuPjpR__SRVY0-ACQU0_60m-10Hz.csv","sourceKind":"Survey GNSS coordinate table","sourceCrs":"EPSG:4326","displayCrs":"EPSG:4326","crsVerified":true,"coverageStatus":"not_calculated","coverageNote":"Зурвасын өргөн болон шугамын алхам баталгаажаагүй тул хамрах талбайг тооцоогүй.","sourceUrl":"https://drive.google.com/file/d/1YHXfLrAeB1DOgvCqnsjwY_nPiheuPjpR/view","sourceAltitudeMinM":1988.7,"sourceAltitudeMaxM":2093.6,"sourceAltitudeMeanM":2015.19,"sourceAltitudeSampleCount":1033,"sourceAltitudeColumn":"Altitude","sourceAltitudeReference":"source-provided GNSS/absolute altitude"},"geometry":{"type":"LineString","coordinates":[[92.4249297,46.08708636],[92.42496691,46.06491343],[92.4249125,46.06493988],[92.42362745,46.06493153],[92.42366779,46.06493198],[92.42368035,46.06501974],[92.42367132,46.08530341]]}},{"type":"Feature","id":"hetsuu-hutul-hetsuu-hutul-2025-magnetic-hetsuuhutul2025magnetic1yhxflraeb1dogvcqnsjwynpiheupjprsrvy0acqu060m10hz-006","properties":{"project":"Hetsuu hutul","projectKey":"hetsuu-hutul","area":"Хэцүү хөтөл","licence":"XV-022905","campaignId":"hetsuu-hutul-2025-magnetic","campaignLabel":"2025 Соронзон хэмжилтийн GPS зам","campaignYear":2025,"sensor":"Magnetic survey","sensorVerified":false,"gnssSource":"unverified","dataType":"survey_campaign_track","plannedActual":"actual","contextOnly":true,"trajectoryAvailable":true,"status":"confirmed_source","qaStatus":"clean","qaFlags":[],"acquisitionId":"hetsuu-hutul-2025-magnetic__1YHXfLrAeB1DOgvCqnsjwY_nPiheuPjpR__SRVY0-ACQU0_60m-10Hz#6","segmentIndex":6,"segmentCount":7,"pointCount":1066,"simplifiedPointCount":12,"pointsOutsideLicence":0,"startTime":"2025-11-03T05:21:16","endTime":"2025-11-03T05:39:01","timeZone":"UTC (NMEA RMC)","samplingIntervalSeconds":1.0,"timestampProvenance":"embedded-nmea-rmc","latitudeColumn":"Latitude","longitudeColumn":"Longitude","sourceFile":"hetsuu-hutul-2025-magnetic__1YHXfLrAeB1DOgvCqnsjwY_nPiheuPjpR__SRVY0-ACQU0_60m-10Hz.csv","sourceKind":"Survey GNSS coordinate table","sourceCrs":"EPSG:4326","displayCrs":"EPSG:4326","crsVerified":true,"coverageStatus":"not_calculated","coverageNote":"Зурвасын өргөн болон шугамын алхам баталгаажаагүй тул хамрах талбайг тооцоогүй.","sourceUrl":"https://drive.google.com/file/d/1YHXfLrAeB1DOgvCqnsjwY_nPiheuPjpR/view","sourceAltitudeMinM":1983.6,"sourceAltitudeMaxM":2083.0,"sourceAltitudeMeanM":2018.04,"sourceAltitudeSampleCount":1066,"sourceAltitudeColumn":"Altitude","sourceAltitudeReference":"source-provided GNSS/absolute altitude"},"geometry":{"type":"LineString","coordinates":[[92.42362717,46.08530748],[92.42367162,46.08527752],[92.42366642,46.08911813],[92.42366135,46.08908442],[92.42232914,46.08908659],[92.42236392,46.0890873],[92.42237886,46.08900244],[92.42238952,46.0649108],[92.42238111,46.06494543],[92.42105052,46.06494082],[92.42110365,46.0650279],[92.4210903,46.073409]]}},{"type":"Feature","id":"hetsuu-hutul-hetsuu-hutul-2025-magnetic-hetsuuhutul2025magnetic1yhxflraeb1dogvcqnsjwynpiheupjprsrvy0acqu060m10hz-007","properties":{"project":"Hetsuu hutul","projectKey":"hetsuu-hutul","area":"Хэцүү хөтөл","licence":"XV-022905","campaignId":"hetsuu-hutul-2025-magnetic","campaignLabel":"2025 Соронзон хэмжилтийн GPS зам","campaignYear":2025,"sensor":"Magnetic survey","sensorVerified":false,"gnssSource":"unverified","dataType":"survey_campaign_track","plannedActual":"actual","contextOnly":true,"trajectoryAvailable":true,"status":"confirmed_source","qaStatus":"clean","qaFlags":[],"acquisitionId":"hetsuu-hutul-2025-magnetic__1YHXfLrAeB1DOgvCqnsjwY_nPiheuPjpR__SRVY0-ACQU0_60m-10Hz#7","segmentIndex":7,"segmentCount":7,"pointCount":938,"simplifiedPointCount":9,"pointsOutsideLicence":0,"startTime":"2025-11-03T07:04:13","endTime":"2025-11-03T07:19:50","timeZone":"UTC (NMEA RMC)","samplingIntervalSeconds":1.0,"timestampProvenance":"embedded-nmea-rmc","latitudeColumn":"Latitude","longitudeColumn":"Longitude","sourceFile":"hetsuu-hutul-2025-magnetic__1YHXfLrAeB1DOgvCqnsjwY_nPiheuPjpR__SRVY0-ACQU0_60m-10Hz.csv","sourceKind":"Survey GNSS coordinate table","sourceCrs":"EPSG:4326","displayCrs":"EPSG:4326","crsVerified":true,"coverageStatus":"not_calculated","coverageNote":"Зурвасын өргөн болон шугамын алхам баталгаажаагүй тул хамрах талбайг тооцоогүй.","sourceUrl":"https://drive.google.com/file/d/1YHXfLrAeB1DOgvCqnsjwY_nPiheuPjpR/view","sourceAltitudeMinM":1978.5,"sourceAltitudeMaxM":2061.4,"sourceAltitudeMeanM":2006.75,"sourceAltitudeSampleCount":938,"sourceAltitudeColumn":"Altitude","sourceAltitudeReference":"source-provided GNSS/absolute altitude"},"geometry":{"type":"LineString","coordinates":[[92.42110558,46.07340561],[92.42116197,46.07340847],[92.42110394,46.07345002],[92.42108966,46.08906835],[92.42109075,46.08904267],[92.42094941,46.08903828],[92.41975594,46.08903981],[92.41980385,46.08894398],[92.41979864,46.06484568]]}},{"type":"Feature","id":"hetsuu-hutul-hetsuu-hutul-2025-magnetic-hetsuuhutul2025magnetic1ysw9mxtvt3jgpk2ujfpqrzmablbvvhsrvy0acqu610hz-001","properties":{"project":"Hetsuu hutul","projectKey":"hetsuu-hutul","area":"Хэцүү хөтөл","licence":"XV-022905","campaignId":"hetsuu-hutul-2025-magnetic","campaignLabel":"2025 Соронзон хэмжилтийн GPS зам","campaignYear":2025,"sensor":"Magnetic survey","sensorVerified":false,"gnssSource":"unverified","dataType":"survey_campaign_track","plannedActual":"actual","contextOnly":true,"trajectoryAvailable":true,"status":"confirmed_source","qaStatus":"clean","qaFlags":[],"acquisitionId":"hetsuu-hutul-2025-magnetic__1ysw9mxtVT3JgPk2uJfP-qrZmAb-LbvVh__SRVY0-ACQU6-10Hz#1","segmentIndex":1,"segmentCount":2,"pointCount":747,"simplifiedPointCount":9,"pointsOutsideLicence":0,"startTime":"2025-10-10T06:10:32","endTime":"2025-10-10T06:22:58","timeZone":"UTC (NMEA RMC)","samplingIntervalSeconds":1.0,"timestampProvenance":"embedded-nmea-rmc","latitudeColumn":"Latitude","longitudeColumn":"Longitude","sourceFile":"hetsuu-hutul-2025-magnetic__1ysw9mxtVT3JgPk2uJfP-qrZmAb-LbvVh__SRVY0-ACQU6-10Hz.csv","sourceKind":"Survey GNSS coordinate table","sourceCrs":"EPSG:4326","displayCrs":"EPSG:4326","crsVerified":true,"coverageStatus":"not_calculated","coverageNote":"Зурвасын өргөн болон шугамын алхам баталгаажаагүй тул хамрах талбайг тооцоогүй.","sourceUrl":"https://drive.google.com/file/d/1ysw9mxtVT3JgPk2uJfP-qrZmAb-LbvVh/view","sourceAltitudeMinM":1753.1,"sourceAltitudeMaxM":2011.6,"sourceAltitudeMeanM":1918.08,"sourceAltitudeSampleCount":747,"sourceAltitudeColumn":"Altitude","sourceAltitudeReference":"source-provided GNSS/absolute altitude"},"geometry":{"type":"LineString","coordinates":[[92.39775138,46.01127878],[92.39775059,46.01506285],[92.3977513,46.01503569],[92.39783714,46.01502848],[92.39908937,46.01503443],[92.39903684,46.01503498],[92.39903287,46.01497656],[92.399043,46.00644193],[92.39747957,46.00449631]]}},{"type":"Feature","id":"hetsuu-hutul-hetsuu-hutul-2025-magnetic-hetsuuhutul2025magnetic1ysw9mxtvt3jgpk2ujfpqrzmablbvvhsrvy0acqu610hz-002","properties":{"project":"Hetsuu hutul","projectKey":"hetsuu-hutul","area":"Хэцүү хөтөл","licence":"XV-022905","campaignId":"hetsuu-hutul-2025-magnetic","campaignLabel":"2025 Соронзон хэмжилтийн GPS зам","campaignYear":2025,"sensor":"Magnetic survey","sensorVerified":false,"gnssSource":"unverified","dataType":"survey_campaign_track","plannedActual":"actual","contextOnly":true,"trajectoryAvailable":true,"status":"confirmed_source","qaStatus":"clean","qaFlags":[],"acquisitionId":"hetsuu-hutul-2025-magnetic__1ysw9mxtVT3JgPk2uJfP-qrZmAb-LbvVh__SRVY0-ACQU6-10Hz#2","segmentIndex":2,"segmentCount":2,"pointCount":668,"simplifiedPointCount":8,"pointsOutsideLicence":0,"startTime":"2025-10-10T07:22:34","endTime":"2025-10-10T07:33:41","timeZone":"UTC (NMEA RMC)","samplingIntervalSeconds":1.0,"timestampProvenance":"embedded-nmea-rmc","latitudeColumn":"Latitude","longitudeColumn":"Longitude","sourceFile":"hetsuu-hutul-2025-magnetic__1ysw9mxtVT3JgPk2uJfP-qrZmAb-LbvVh__SRVY0-ACQU6-10Hz.csv","sourceKind":"Survey GNSS coordinate table","sourceCrs":"EPSG:4326","displayCrs":"EPSG:4326","crsVerified":true,"coverageStatus":"not_calculated","coverageNote":"Зурвасын өргөн болон шугамын алхам баталгаажаагүй тул хамрах талбайг тооцоогүй.","sourceUrl":"https://drive.google.com/file/d/1ysw9mxtVT3JgPk2uJfP-qrZmAb-LbvVh/view","sourceAltitudeMinM":1681.6,"sourceAltitudeMaxM":2046.8,"sourceAltitudeMeanM":1789.85,"sourceAltitudeSampleCount":668,"sourceAltitudeColumn":"Altitude","sourceAltitudeReference":"source-provided GNSS/absolute altitude"},"geometry":{"type":"LineString","coordinates":[[92.39687191,46.00357513],[92.39905656,46.00657894],[92.3990406,46.00003764],[92.3990426,46.00007378],[92.39917076,46.00008001],[92.40037155,46.00007741],[92.40032921,46.00015455],[92.40033849,46.01506635]]}},{"type":"Feature","id":"hetsuu-hutul-hetsuu-hutul-2025-magnetic-hetsuuhutul2025magnetic1ytmphk4vvgt40xgrlre7y7aewlmexpywsrvy0acqu110hz-001","properties":{"project":"Hetsuu hutul","projectKey":"hetsuu-hutul","area":"Хэцүү хөтөл","licence":"XV-022905","campaignId":"hetsuu-hutul-2025-magnetic","campaignLabel":"2025 Соронзон хэмжилтийн GPS зам","campaignYear":2025,"sensor":"Magnetic survey","sensorVerified":false,"gnssSource":"unverified","dataType":"survey_campaign_track","plannedActual":"actual","contextOnly":true,"trajectoryAvailable":true,"status":"confirmed_source","qaStatus":"clean","qaFlags":[],"acquisitionId":"hetsuu-hutul-2025-magnetic__1ytMpHk4VvGT40xgRLre7y7AewLMEXPYw__SRVY0-ACQU1-10Hz#1","segmentIndex":1,"segmentCount":1,"pointCount":1253,"simplifiedPointCount":12,"pointsOutsideLicence":0,"startTime":"2025-10-17T04:41:38","endTime":"2025-10-17T05:02:35","timeZone":"UTC (NMEA RMC)","samplingIntervalSeconds":1.0,"timestampProvenance":"embedded-nmea-rmc","latitudeColumn":"Latitude","longitudeColumn":"Longitude","sourceFile":"hetsuu-hutul-2025-magnetic__1ytMpHk4VvGT40xgRLre7y7AewLMEXPYw__SRVY0-ACQU1-10Hz.csv","sourceKind":"Survey GNSS coordinate table","sourceCrs":"EPSG:4326","displayCrs":"EPSG:4326","crsVerified":true,"coverageStatus":"not_calculated","coverageNote":"Зурвасын өргөн болон шугамын алхам баталгаажаагүй тул хамрах талбайг тооцоогүй.","sourceUrl":"https://drive.google.com/file/d/1ytMpHk4VvGT40xgRLre7y7AewLMEXPYw/view","sourceAltitudeMinM":1785.6,"sourceAltitudeMaxM":2071.2,"sourceAltitudeMeanM":1954.45,"sourceAltitudeSampleCount":1253,"sourceAltitudeColumn":"Altitude","sourceAltitudeReference":"source-provided GNSS/absolute altitude"},"geometry":{"type":"LineString","coordinates":[[92.32319172,46.01688236],[92.3231999,46.01691578],[92.3267642,46.01481514],[92.32673624,46.01484208],[92.32673519,46.0143182],[92.32675005,46.02444773],[92.3267442,46.02441829],[92.32805292,46.02440015],[92.32803931,46.01828992],[92.32359402,46.01704948],[92.323198,46.01692408],[92.32319638,46.01689502]]}},{"type":"Feature","id":"hetsuu-hutul-hetsuu-hutul-2025-magnetic-hetsuuhutul2025magnetic1yvt9n6t6cvwko1bqnrxzscxjyhytusrvy0acqu210hz-001","properties":{"project":"Hetsuu hutul","projectKey":"hetsuu-hutul","area":"Хэцүү хөтөл","licence":"XV-022905","campaignId":"hetsuu-hutul-2025-magnetic","campaignLabel":"2025 Соронзон хэмжилтийн GPS зам","campaignYear":2025,"sensor":"Magnetic survey","sensorVerified":false,"gnssSource":"unverified","dataType":"survey_campaign_track","plannedActual":"actual","contextOnly":true,"trajectoryAvailable":true,"status":"confirmed_source","qaStatus":"clean","qaFlags":[],"acquisitionId":"hetsuu-hutul-2025-magnetic__1yvt9n6T6CvWko1BQ-NRxZS_cX_jyHYTU__SRVY0-ACQU2-10Hz#1","segmentIndex":1,"segmentCount":2,"pointCount":11551,"simplifiedPointCount":7,"pointsOutsideLicence":0,"startTime":"2025-10-09T03:06:22.300000","endTime":"2025-10-09T03:25:44.700000","timeZone":"unverified","samplingIntervalSeconds":0.1,"timestampProvenance":"source-date+time-columns","latitudeColumn":"Latitude","longitudeColumn":"Longitude","sourceFile":"hetsuu-hutul-2025-magnetic__1yvt9n6T6CvWko1BQ-NRxZS_cX_jyHYTU__SRVY0-ACQU2-10Hz.csv","sourceKind":"Survey GNSS coordinate table","sourceCrs":"EPSG:4326","displayCrs":"EPSG:4326","crsVerified":true,"coverageStatus":"not_calculated","coverageNote":"Зурвасын өргөн болон шугамын алхам баталгаажаагүй тул хамрах талбайг тооцоогүй.","sourceUrl":"https://drive.google.com/file/d/1yvt9n6T6CvWko1BQ-NRxZS_cX_jyHYTU/view","sourceAltitudeMinM":1572.6,"sourceAltitudeMaxM":1971.3,"sourceAltitudeMeanM":1802.44,"sourceAltitudeSampleCount":1156,"sourceAltitudeColumn":"Altitude","sourceAltitudeReference":"source-provided GNSS/absolute altitude"},"geometry":{"type":"LineString","coordinates":[[92.37226555,45.99516574],[92.37586139,46.00946819],[92.37584778,46.00002834],[92.37718576,46.00003709],[92.37714232,46.00010721],[92.37714577,46.00042638],[92.37226928,45.99517892]]}},{"type":"Feature","id":"hetsuu-hutul-hetsuu-hutul-2025-magnetic-hetsuuhutul2025magnetic1yvt9n6t6cvwko1bqnrxzscxjyhytusrvy0acqu210hz-002","properties":{"project":"Hetsuu hutul","projectKey":"hetsuu-hutul","area":"Хэцүү хөтөл","licence":"XV-022905","campaignId":"hetsuu-hutul-2025-magnetic","campaignLabel":"2025 Соронзон хэмжилтийн GPS зам","campaignYear":2025,"sensor":"Magnetic survey","sensorVerified":false,"gnssSource":"unverified","dataType":"survey_campaign_track","plannedActual":"actual","contextOnly":true,"trajectoryAvailable":true,"status":"confirmed_source","qaStatus":"clean","qaFlags":[],"acquisitionId":"hetsuu-hutul-2025-magnetic__1yvt9n6T6CvWko1BQ-NRxZS_cX_jyHYTU__SRVY0-ACQU2-10Hz#2","segmentIndex":2,"segmentCount":2,"pointCount":14009,"simplifiedPointCount":8,"pointsOutsideLicence":0,"startTime":"2025-10-09T03:27:40.300000","endTime":"2025-10-09T03:51:20.700000","timeZone":"unverified","samplingIntervalSeconds":0.1,"timestampProvenance":"source-date+time-columns","latitudeColumn":"Latitude","longitudeColumn":"Longitude","sourceFile":"hetsuu-hutul-2025-magnetic__1yvt9n6T6CvWko1BQ-NRxZS_cX_jyHYTU__SRVY0-ACQU2-10Hz.csv","sourceKind":"Survey GNSS coordinate table","sourceCrs":"EPSG:4326","displayCrs":"EPSG:4326","crsVerified":true,"coverageStatus":"not_calculated","coverageNote":"Зурвасын өргөн болон шугамын алхам баталгаажаагүй тул хамрах талбайг тооцоогүй.","sourceUrl":"https://drive.google.com/file/d/1yvt9n6T6CvWko1BQ-NRxZS_cX_jyHYTU/view","sourceAltitudeMinM":1570.7,"sourceAltitudeMaxM":2097.2,"sourceAltitudeMeanM":1893.97,"sourceAltitudeSampleCount":1399,"sourceAltitudeColumn":"Altitude","sourceAltitudeReference":"source-provided GNSS/absolute altitude"},"geometry":{"type":"LineString","coordinates":[[92.37226555,45.99516236],[92.37717215,46.00045657],[92.37714602,46.01500316],[92.37848001,46.01500158],[92.37843635,46.01495198],[92.37843314,46.01448998],[92.37845335,46.00462603],[92.372275,45.99518802]]}},{"type":"Feature","id":"hetsuu-hutul-hetsuu-hutul-2025-magnetic-hetsuuhutul2025magnetic1yyptowphbgeiqggtucoaaaswdyulbhsrvy0acqu140m10hz-001","properties":{"project":"Hetsuu hutul","projectKey":"hetsuu-hutul","area":"Хэцүү хөтөл","licence":"XV-022905","campaignId":"hetsuu-hutul-2025-magnetic","campaignLabel":"2025 Соронзон хэмжилтийн GPS зам","campaignYear":2025,"sensor":"Magnetic survey","sensorVerified":false,"gnssSource":"unverified","dataType":"survey_campaign_track","plannedActual":"actual","contextOnly":true,"trajectoryAvailable":true,"status":"confirmed_source","qaStatus":"clean","qaFlags":[],"acquisitionId":"hetsuu-hutul-2025-magnetic__1y_yPTowPhBgeIQgGTuCOAaaSwD_YuLBh__SRVY0-ACQU1_40m-10Hz#1","segmentIndex":1,"segmentCount":7,"pointCount":1068,"simplifiedPointCount":7,"pointsOutsideLicence":0,"startTime":"2025-11-03T07:29:16","endTime":"2025-11-03T07:47:03","timeZone":"UTC (NMEA RMC)","samplingIntervalSeconds":1.0,"timestampProvenance":"embedded-nmea-rmc","latitudeColumn":"Latitude","longitudeColumn":"Longitude","sourceFile":"hetsuu-hutul-2025-magnetic__1y_yPTowPhBgeIQgGTuCOAaaSwD_YuLBh__SRVY0-ACQU1_40m-10Hz.csv","sourceKind":"Survey GNSS coordinate table","sourceCrs":"EPSG:4326","displayCrs":"EPSG:4326","crsVerified":true,"coverageStatus":"not_calculated","coverageNote":"Зурвасын өргөн болон шугамын алхам баталгаажаагүй тул хамрах талбайг тооцоогүй.","sourceUrl":"https://drive.google.com/file/d/1y_yPTowPhBgeIQgGTuCOAaaSwD_YuLBh/view","sourceAltitudeMinM":1973.2,"sourceAltitudeMaxM":2061.8,"sourceAltitudeMeanM":1992.21,"sourceAltitudeSampleCount":1068,"sourceAltitudeColumn":"Altitude","sourceAltitudeReference":"source-provided GNSS/absolute altitude"},"geometry":{"type":"LineString","coordinates":[[92.41859251,46.08939784],[92.41857101,46.06506179],[92.41857145,46.06508655],[92.4184439,46.0650923],[92.41723018,46.06508266],[92.41728148,46.06515849],[92.41727822,46.08625101]]}},{"type":"Feature","id":"hetsuu-hutul-hetsuu-hutul-2025-magnetic-hetsuuhutul2025magnetic1yyptowphbgeiqggtucoaaaswdyulbhsrvy0acqu140m10hz-002","properties":{"project":"Hetsuu hutul","projectKey":"hetsuu-hutul","area":"Хэцүү хөтөл","licence":"XV-022905","campaignId":"hetsuu-hutul-2025-magnetic","campaignLabel":"2025 Соронзон хэмжилтийн GPS зам","campaignYear":2025,"sensor":"Magnetic survey","sensorVerified":false,"gnssSource":"unverified","dataType":"survey_campaign_track","plannedActual":"actual","contextOnly":true,"trajectoryAvailable":true,"status":"confirmed_source","qaStatus":"clean","qaFlags":[],"acquisitionId":"hetsuu-hutul-2025-magnetic__1y_yPTowPhBgeIQgGTuCOAaaSwD_YuLBh__SRVY0-ACQU1_40m-10Hz#2","segmentIndex":2,"segmentCount":7,"pointCount":1028,"simplifiedPointCount":11,"pointsOutsideLicence":0,"startTime":"2025-11-03T07:54:55","endTime":"2025-11-03T08:12:02","timeZone":"UTC (NMEA RMC)","samplingIntervalSeconds":1.0,"timestampProvenance":"embedded-nmea-rmc","latitudeColumn":"Latitude","longitudeColumn":"Longitude","sourceFile":"hetsuu-hutul-2025-magnetic__1y_yPTowPhBgeIQgGTuCOAaaSwD_YuLBh__SRVY0-ACQU1_40m-10Hz.csv","sourceKind":"Survey GNSS coordinate table","sourceCrs":"EPSG:4326","displayCrs":"EPSG:4326","crsVerified":true,"coverageStatus":"not_calculated","coverageNote":"Зурвасын өргөн болон шугамын алхам баталгаажаагүй тул хамрах талбайг тооцоогүй.","sourceUrl":"https://drive.google.com/file/d/1y_yPTowPhBgeIQgGTuCOAaaSwD_YuLBh/view","sourceAltitudeMinM":1966.4,"sourceAltitudeMaxM":2056.7,"sourceAltitudeMeanM":1989.29,"sourceAltitudeSampleCount":1028,"sourceAltitudeColumn":"Altitude","sourceAltitudeReference":"source-provided GNSS/absolute altitude"},"geometry":{"type":"LineString","coordinates":[[92.41728722,46.08623381],[92.4172783,46.08935425],[92.41727468,46.08931993],[92.4159418,46.08928788],[92.41597692,46.08928811],[92.41598867,46.08918939],[92.41597676,46.06504881],[92.41597957,46.0650777],[92.41464689,46.06507032],[92.41469932,46.06516252],[92.41468645,46.08133042]]}},{"type":"Feature","id":"hetsuu-hutul-hetsuu-hutul-2025-magnetic-hetsuuhutul2025magnetic1yyptowphbgeiqggtucoaaaswdyulbhsrvy0acqu140m10hz-003","properties":{"project":"Hetsuu hutul","projectKey":"hetsuu-hutul","area":"Хэцүү хөтөл","licence":"XV-022905","campaignId":"hetsuu-hutul-2025-magnetic","campaignLabel":"2025 Соронзон хэмжилтийн GPS зам","campaignYear":2025,"sensor":"Magnetic survey","sensorVerified":false,"gnssSource":"unverified","dataType":"survey_campaign_track","plannedActual":"actual","contextOnly":true,"trajectoryAvailable":true,"status":"confirmed_source","qaStatus":"clean","qaFlags":[],"acquisitionId":"hetsuu-hutul-2025-magnetic__1y_yPTowPhBgeIQgGTuCOAaaSwD_YuLBh__SRVY0-ACQU1_40m-10Hz#3","segmentIndex":3,"segmentCount":7,"pointCount":1176,"simplifiedPointCount":12,"pointsOutsideLicence":0,"startTime":"2025-11-03T08:18:34","endTime":"2025-11-03T08:38:09","timeZone":"UTC (NMEA RMC)","samplingIntervalSeconds":1.0,"timestampProvenance":"embedded-nmea-rmc","latitudeColumn":"Latitude","longitudeColumn":"Longitude","sourceFile":"hetsuu-hutul-2025-magnetic__1y_yPTowPhBgeIQgGTuCOAaaSwD_YuLBh__SRVY0-ACQU1_40m-10Hz.csv","sourceKind":"Survey GNSS coordinate table","sourceCrs":"EPSG:4326","displayCrs":"EPSG:4326","crsVerified":true,"coverageStatus":"not_calculated","coverageNote":"Зурвасын өргөн болон шугамын алхам баталгаажаагүй тул хамрах талбайг тооцоогүй.","sourceUrl":"https://drive.google.com/file/d/1y_yPTowPhBgeIQgGTuCOAaaSwD_YuLBh/view","sourceAltitudeMinM":1959.9,"sourceAltitudeMaxM":2064.9,"sourceAltitudeMeanM":1982.5,"sourceAltitudeSampleCount":1176,"sourceAltitudeColumn":"Altitude","sourceAltitudeReference":"source-provided GNSS/absolute altitude"},"geometry":{"type":"LineString","coordinates":[[92.4146883,46.08181903],[92.41468563,46.08928063],[92.41467753,46.08924908],[92.41335251,46.0892168],[92.41339725,46.08913775],[92.41340166,46.08753536],[92.41339971,46.08758647],[92.41339659,46.06505291],[92.41205337,46.0650534],[92.41209663,46.06506092],[92.41210626,46.0651323],[92.41210061,46.08463195]]}},{"type":"Feature","id":"hetsuu-hutul-hetsuu-hutul-2025-magnetic-hetsuuhutul2025magnetic1yyptowphbgeiqggtucoaaaswdyulbhsrvy0acqu140m10hz-004","properties":{"project":"Hetsuu hutul","projectKey":"hetsuu-hutul","area":"Хэцүү хөтөл","licence":"XV-022905","campaignId":"hetsuu-hutul-2025-magnetic","campaignLabel":"2025 Соронзон хэмжилтийн GPS зам","campaignYear":2025,"sensor":"Magnetic survey","sensorVerified":false,"gnssSource":"unverified","dataType":"survey_campaign_track","plannedActual":"actual","contextOnly":true,"trajectoryAvailable":true,"status":"confirmed_source","qaStatus":"clean","qaFlags":[],"acquisitionId":"hetsuu-hutul-2025-magnetic__1y_yPTowPhBgeIQgGTuCOAaaSwD_YuLBh__SRVY0-ACQU1_40m-10Hz#4","segmentIndex":4,"segmentCount":7,"pointCount":1176,"simplifiedPointCount":12,"pointsOutsideLicence":0,"startTime":"2025-11-03T08:47:49","endTime":"2025-11-03T09:07:24","timeZone":"UTC (NMEA RMC)","samplingIntervalSeconds":1.0,"timestampProvenance":"embedded-nmea-rmc","latitudeColumn":"Latitude","longitudeColumn":"Longitude","sourceFile":"hetsuu-hutul-2025-magnetic__1y_yPTowPhBgeIQgGTuCOAaaSwD_YuLBh__SRVY0-ACQU1_40m-10Hz.csv","sourceKind":"Survey GNSS coordinate table","sourceCrs":"EPSG:4326","displayCrs":"EPSG:4326","crsVerified":true,"coverageStatus":"not_calculated","coverageNote":"Зурвасын өргөн болон шугамын алхам баталгаажаагүй тул хамрах талбайг тооцоогүй.","sourceUrl":"https://drive.google.com/file/d/1y_yPTowPhBgeIQgGTuCOAaaSwD_YuLBh/view","sourceAltitudeMinM":1958.8,"sourceAltitudeMaxM":2063.5,"sourceAltitudeMeanM":1983.11,"sourceAltitudeSampleCount":1176,"sourceAltitudeColumn":"Altitude","sourceAltitudeReference":"source-provided GNSS/absolute altitude"},"geometry":{"type":"LineString","coordinates":[[92.41208516,46.0846298],[92.41209434,46.08922158],[92.4120888,46.08918439],[92.41075455,46.08915295],[92.41079028,46.08915096],[92.41080352,46.08905547],[92.41080597,46.08862125],[92.41080436,46.08867255],[92.4108025,46.0650332],[92.40946492,46.06504433],[92.40951488,46.06512173],[92.40950593,46.08666722]]}},{"type":"Feature","id":"hetsuu-hutul-hetsuu-hutul-2025-magnetic-hetsuuhutul2025magnetic1yyptowphbgeiqggtucoaaaswdyulbhsrvy0acqu140m10hz-005","properties":{"project":"Hetsuu hutul","projectKey":"hetsuu-hutul","area":"Хэцүү хөтөл","licence":"XV-022905","campaignId":"hetsuu-hutul-2025-magnetic","campaignLabel":"2025 Соронзон хэмжилтийн GPS зам","campaignYear":2025,"sensor":"Magnetic survey","sensorVerified":false,"gnssSource":"unverified","dataType":"survey_campaign_track","plannedActual":"actual","contextOnly":true,"trajectoryAvailable":true,"status":"confirmed_source","qaStatus":"clean","qaFlags":[],"acquisitionId":"hetsuu-hutul-2025-magnetic__1y_yPTowPhBgeIQgGTuCOAaaSwD_YuLBh__SRVY0-ACQU1_40m-10Hz#5","segmentIndex":5,"segmentCount":7,"pointCount":1051,"simplifiedPointCount":16,"pointsOutsideLicence":0,"startTime":"2025-11-03T09:14:34","endTime":"2025-11-03T09:32:04","timeZone":"UTC (NMEA RMC)","samplingIntervalSeconds":1.0,"timestampProvenance":"embedded-nmea-rmc","latitudeColumn":"Latitude","longitudeColumn":"Longitude","sourceFile":"hetsuu-hutul-2025-magnetic__1y_yPTowPhBgeIQgGTuCOAaaSwD_YuLBh__SRVY0-ACQU1_40m-10Hz.csv","sourceKind":"Survey GNSS coordinate table","sourceCrs":"EPSG:4326","displayCrs":"EPSG:4326","crsVerified":true,"coverageStatus":"not_calculated","coverageNote":"Зурвасын өргөн болон шугамын алхам баталгаажаагүй тул хамрах талбайг тооцоогүй.","sourceUrl":"https://drive.google.com/file/d/1y_yPTowPhBgeIQgGTuCOAaaSwD_YuLBh/view","sourceAltitudeMinM":1949.5,"sourceAltitudeMaxM":2059.1,"sourceAltitudeMeanM":1973.92,"sourceAltitudeSampleCount":1051,"sourceAltitudeColumn":"Altitude","sourceAltitudeReference":"source-provided GNSS/absolute altitude"},"geometry":{"type":"LineString","coordinates":[[92.40950065,46.0866431],[92.40950338,46.08915299],[92.40947252,46.08912873],[92.40817057,46.08909304],[92.40820647,46.089088],[92.40821324,46.08899154],[92.40821263,46.06502024],[92.40686933,46.06503811],[92.40690907,46.0650408],[92.40692158,46.06510875],[92.40691354,46.07564855],[92.4068422,46.07561738],[92.40557475,46.07562098],[92.40561453,46.07561533],[92.40562593,46.07553787],[92.40562042,46.06742902]]}},{"type":"Feature","id":"hetsuu-hutul-hetsuu-hutul-2025-magnetic-hetsuuhutul2025magnetic1yyptowphbgeiqggtucoaaaswdyulbhsrvy0acqu140m10hz-006","properties":{"project":"Hetsuu hutul","projectKey":"hetsuu-hutul","area":"Хэцүү хөтөл","licence":"XV-022905","campaignId":"hetsuu-hutul-2025-magnetic","campaignLabel":"2025 Соронзон хэмжилтийн GPS зам","campaignYear":2025,"sensor":"Magnetic survey","sensorVerified":false,"gnssSource":"unverified","dataType":"survey_campaign_track","plannedActual":"actual","contextOnly":true,"trajectoryAvailable":true,"status":"confirmed_source","qaStatus":"clean","qaFlags":[],"acquisitionId":"hetsuu-hutul-2025-magnetic__1y_yPTowPhBgeIQgGTuCOAaaSwD_YuLBh__SRVY0-ACQU1_40m-10Hz#6","segmentIndex":6,"segmentCount":7,"pointCount":1003,"simplifiedPointCount":18,"pointsOutsideLicence":0,"startTime":"2025-11-03T09:42:16","endTime":"2025-11-03T09:58:58","timeZone":"UTC (NMEA RMC)","samplingIntervalSeconds":1.0,"timestampProvenance":"embedded-nmea-rmc","latitudeColumn":"Latitude","longitudeColumn":"Longitude","sourceFile":"hetsuu-hutul-2025-magnetic__1y_yPTowPhBgeIQgGTuCOAaaSwD_YuLBh__SRVY0-ACQU1_40m-10Hz.csv","sourceKind":"Survey GNSS coordinate table","sourceCrs":"EPSG:4326","displayCrs":"EPSG:4326","crsVerified":true,"coverageStatus":"not_calculated","coverageNote":"Зурвасын өргөн болон шугамын алхам баталгаажаагүй тул хамрах талбайг тооцоогүй.","sourceUrl":"https://drive.google.com/file/d/1y_yPTowPhBgeIQgGTuCOAaaSwD_YuLBh/view","sourceAltitudeMinM":1943.1,"sourceAltitudeMaxM":1958.6,"sourceAltitudeMeanM":1950.32,"sourceAltitudeSampleCount":1003,"sourceAltitudeColumn":"Altitude","sourceAltitudeReference":"source-provided GNSS/absolute altitude"},"geometry":{"type":"LineString","coordinates":[[92.40560529,46.06739744],[92.40562181,46.06501025],[92.40550478,46.06503823],[92.40427196,46.06502896],[92.40431971,46.0650302],[92.40432966,46.06509796],[92.40432632,46.07564984],[92.40427206,46.07562628],[92.40297935,46.07563036],[92.40302754,46.07562901],[92.403034,46.07555804],[92.40303294,46.06501662],[92.40169311,46.06502446],[92.40174607,46.06510959],[92.4017419,46.07565524],[92.40040345,46.0756372],[92.4004552,46.0755423],[92.40044366,46.06527368]]}},{"type":"Feature","id":"hetsuu-hutul-hetsuu-hutul-2025-magnetic-hetsuuhutul2025magnetic1yyptowphbgeiqggtucoaaaswdyulbhsrvy0acqu140m10hz-007","properties":{"project":"Hetsuu hutul","projectKey":"hetsuu-hutul","area":"Хэцүү хөтөл","licence":"XV-022905","campaignId":"hetsuu-hutul-2025-magnetic","campaignLabel":"2025 Соронзон хэмжилтийн GPS зам","campaignYear":2025,"sensor":"Magnetic survey","sensorVerified":false,"gnssSource":"unverified","dataType":"survey_campaign_track","plannedActual":"actual","contextOnly":true,"trajectoryAvailable":true,"status":"confirmed_source","qaStatus":"clean","qaFlags":[],"acquisitionId":"hetsuu-hutul-2025-magnetic__1y_yPTowPhBgeIQgGTuCOAaaSwD_YuLBh__SRVY0-ACQU1_40m-10Hz#7","segmentIndex":7,"segmentCount":7,"pointCount":971,"simplifiedPointCount":22,"pointsOutsideLicence":0,"startTime":"2025-11-03T10:12:06","endTime":"2025-11-03T10:28:16","timeZone":"UTC (NMEA RMC)","samplingIntervalSeconds":1.0,"timestampProvenance":"embedded-nmea-rmc","latitudeColumn":"Latitude","longitudeColumn":"Longitude","sourceFile":"hetsuu-hutul-2025-magnetic__1y_yPTowPhBgeIQgGTuCOAaaSwD_YuLBh__SRVY0-ACQU1_40m-10Hz.csv","sourceKind":"Survey GNSS coordinate table","sourceCrs":"EPSG:4326","displayCrs":"EPSG:4326","crsVerified":true,"coverageStatus":"not_calculated","coverageNote":"Зурвасын өргөн болон шугамын алхам баталгаажаагүй тул хамрах талбайг тооцоогүй.","sourceUrl":"https://drive.google.com/file/d/1y_yPTowPhBgeIQgGTuCOAaaSwD_YuLBh/view","sourceAltitudeMinM":1934.2,"sourceAltitudeMaxM":1952.2,"sourceAltitudeMeanM":1943.53,"sourceAltitudeSampleCount":971,"sourceAltitudeColumn":"Altitude","sourceAltitudeReference":"source-provided GNSS/absolute altitude"},"geometry":{"type":"LineString","coordinates":[[92.40041073,46.06530588],[92.40041475,46.06503054],[92.40040394,46.06505955],[92.40031254,46.06506639],[92.39908075,46.06507281],[92.39912941,46.06516676],[92.3991176,46.07572851],[92.39910637,46.07569713],[92.39777459,46.07570266],[92.39782088,46.0756986],[92.39782722,46.07559456],[92.3978277,46.06505387],[92.3977136,46.06507954],[92.39647867,46.06506915],[92.39652608,46.06506757],[92.39653497,46.06513199],[92.39652942,46.07574044],[92.39651832,46.07570606],[92.39518731,46.07571084],[92.39523147,46.07570623],[92.39524021,46.07563383],[92.39523868,46.0650468]]}},{"type":"Feature","id":"hetsuu-hutul-hetsuu-hutul-2025-magnetic-hetsuuhutul2025magnetic1zquygqpuwib97eknhjqqt9omzatgkq6ssrvy0acqu910hz-001","properties":{"project":"Hetsuu hutul","projectKey":"hetsuu-hutul","area":"Хэцүү хөтөл","licence":"XV-022905","campaignId":"hetsuu-hutul-2025-magnetic","campaignLabel":"2025 Соронзон хэмжилтийн GPS зам","campaignYear":2025,"sensor":"Magnetic survey","sensorVerified":false,"gnssSource":"unverified","dataType":"survey_campaign_track","plannedActual":"actual","contextOnly":true,"trajectoryAvailable":true,"status":"confirmed_source","qaStatus":"clean","qaFlags":[],"acquisitionId":"hetsuu-hutul-2025-magnetic__1zqUYgqpUWIB97EknHjQqT9oMZATgKq6S__SRVY0-ACQU9-10Hz#1","segmentIndex":1,"segmentCount":2,"pointCount":1307,"simplifiedPointCount":8,"pointsOutsideLicence":0,"startTime":"2025-10-07T03:28:07","endTime":"2025-10-07T03:50:01","timeZone":"UTC (NMEA RMC)","samplingIntervalSeconds":1.0,"timestampProvenance":"embedded-nmea-rmc","latitudeColumn":"Latitude","longitudeColumn":"Longitude","sourceFile":"hetsuu-hutul-2025-magnetic__1zqUYgqpUWIB97EknHjQqT9oMZATgKq6S__SRVY0-ACQU9-10Hz.csv","sourceKind":"Survey GNSS coordinate table","sourceCrs":"EPSG:4326","displayCrs":"EPSG:4326","crsVerified":true,"coverageStatus":"not_calculated","coverageNote":"Зурвасын өргөн болон шугамын алхам баталгаажаагүй тул хамрах талбайг тооцоогүй.","sourceUrl":"https://drive.google.com/file/d/1zqUYgqpUWIB97EknHjQqT9oMZATgKq6S/view","sourceAltitudeMinM":1754.3,"sourceAltitudeMaxM":1975.4,"sourceAltitudeMeanM":1892.33,"sourceAltitudeSampleCount":1307,"sourceAltitudeColumn":"Altitude","sourceAltitudeReference":"source-provided GNSS/absolute altitude"},"geometry":{"type":"LineString","coordinates":[[92.36039288,46.01349102],[92.3589783,46.00586175],[92.35899318,46.01507244],[92.35908412,46.01504345],[92.36032424,46.01504712],[92.36027805,46.014975],[92.36028378,46.00239375],[92.36038197,46.01348581]]}},{"type":"Feature","id":"hetsuu-hutul-hetsuu-hutul-2025-magnetic-hetsuuhutul2025magnetic1zquygqpuwib97eknhjqqt9omzatgkq6ssrvy0acqu910hz-002","properties":{"project":"Hetsuu hutul","projectKey":"hetsuu-hutul","area":"Хэцүү хөтөл","licence":"XV-022905","campaignId":"hetsuu-hutul-2025-magnetic","campaignLabel":"2025 Соронзон хэмжилтийн GPS зам","campaignYear":2025,"sensor":"Magnetic survey","sensorVerified":false,"gnssSource":"unverified","dataType":"survey_campaign_track","plannedActual":"actual","contextOnly":true,"trajectoryAvailable":true,"status":"confirmed_source","qaStatus":"clean","qaFlags":[],"acquisitionId":"hetsuu-hutul-2025-magnetic__1zqUYgqpUWIB97EknHjQqT9oMZATgKq6S__SRVY0-ACQU9-10Hz#2","segmentIndex":2,"segmentCount":2,"pointCount":1248,"simplifiedPointCount":14,"pointsOutsideLicence":0,"startTime":"2025-10-07T03:53:06","endTime":"2025-10-07T04:13:59","timeZone":"UTC (NMEA RMC)","samplingIntervalSeconds":1.0,"timestampProvenance":"embedded-nmea-rmc","latitudeColumn":"Latitude","longitudeColumn":"Longitude","sourceFile":"hetsuu-hutul-2025-magnetic__1zqUYgqpUWIB97EknHjQqT9oMZATgKq6S__SRVY0-ACQU9-10Hz.csv","sourceKind":"Survey GNSS coordinate table","sourceCrs":"EPSG:4326","displayCrs":"EPSG:4326","crsVerified":true,"coverageStatus":"not_calculated","coverageNote":"Зурвасын өргөн болон шугамын алхам баталгаажаагүй тул хамрах талбайг тооцоогүй.","sourceUrl":"https://drive.google.com/file/d/1zqUYgqpUWIB97EknHjQqT9oMZATgKq6S/view","sourceAltitudeMinM":1691.5,"sourceAltitudeMaxM":1964.0,"sourceAltitudeMeanM":1864.47,"sourceAltitudeSampleCount":1248,"sourceAltitudeColumn":"Altitude","sourceAltitudeReference":"source-provided GNSS/absolute altitude"},"geometry":{"type":"LineString","coordinates":[[92.36040105,46.01348636],[92.36028288,46.00006124],[92.36039259,46.0000905],[92.36162026,46.00008852],[92.36157422,46.00009052],[92.36156642,46.00015112],[92.36157907,46.01507147],[92.36166762,46.01503872],[92.36290744,46.01504554],[92.36286917,46.01504487],[92.36287831,46.01338878],[92.36287758,46.01341689],[92.36035889,46.01348613],[92.36040373,46.01349469]]}},{"type":"Feature","id":"hetsuu-hutul-hetsuu-hutul-2025-magnetic-hetsuuhutul2025magnetic1zuwgczyfhpvtnsjdjklsset4kfj6me74srvy0acqu0610hz-001","properties":{"project":"Hetsuu hutul","projectKey":"hetsuu-hutul","area":"Хэцүү хөтөл","licence":"XV-022905","campaignId":"hetsuu-hutul-2025-magnetic","campaignLabel":"2025 Соронзон хэмжилтийн GPS зам","campaignYear":2025,"sensor":"Magnetic survey","sensorVerified":false,"gnssSource":"unverified","dataType":"survey_campaign_track","plannedActual":"actual","contextOnly":true,"trajectoryAvailable":true,"status":"confirmed_source","qaStatus":"clean","qaFlags":[],"acquisitionId":"hetsuu-hutul-2025-magnetic__1ZUWGCZYFhPVTNsJdjkLsseT4KfJ6me74__SRVY0-ACQU0_6_-10Hz#1","segmentIndex":1,"segmentCount":2,"pointCount":804,"simplifiedPointCount":11,"pointsOutsideLicence":0,"startTime":"2025-09-27T03:04:08","endTime":"2025-09-27T03:17:31","timeZone":"UTC (NMEA RMC)","samplingIntervalSeconds":1.0,"timestampProvenance":"embedded-nmea-rmc","latitudeColumn":"Latitude","longitudeColumn":"Longitude","sourceFile":"hetsuu-hutul-2025-magnetic__1ZUWGCZYFhPVTNsJdjkLsseT4KfJ6me74__SRVY0-ACQU0_6_-10Hz.csv","sourceKind":"Survey GNSS coordinate table","sourceCrs":"EPSG:4326","displayCrs":"EPSG:4326","crsVerified":true,"coverageStatus":"not_calculated","coverageNote":"Зурвасын өргөн болон шугамын алхам баталгаажаагүй тул хамрах талбайг тооцоогүй.","sourceUrl":"https://drive.google.com/file/d/1ZUWGCZYFhPVTNsJdjkLsseT4KfJ6me74/view","sourceAltitudeMinM":2058.9,"sourceAltitudeMaxM":2135.4,"sourceAltitudeMeanM":2097.35,"sourceAltitudeSampleCount":804,"sourceAltitudeColumn":"Altitude","sourceAltitudeReference":"source-provided GNSS/absolute altitude"},"geometry":{"type":"LineString","coordinates":[[92.30619987,46.00779386],[92.30619945,46.00988811],[92.30629286,46.00985849],[92.30753941,46.0098735],[92.30748702,46.00979276],[92.30749769,45.9998543],[92.30756696,45.99989007],[92.30884042,45.9998665],[92.30879605,45.99987211],[92.30878814,45.99994562],[92.30879034,46.00985547]]}},{"type":"Feature","id":"hetsuu-hutul-hetsuu-hutul-2025-magnetic-hetsuuhutul2025magnetic1zuwgczyfhpvtnsjdjklsset4kfj6me74srvy0acqu0610hz-002","properties":{"project":"Hetsuu hutul","projectKey":"hetsuu-hutul","area":"Хэцүү хөтөл","licence":"XV-022905","campaignId":"hetsuu-hutul-2025-magnetic","campaignLabel":"2025 Соронзон хэмжилтийн GPS зам","campaignYear":2025,"sensor":"Magnetic survey","sensorVerified":false,"gnssSource":"unverified","dataType":"survey_campaign_track","plannedActual":"actual","contextOnly":true,"trajectoryAvailable":true,"status":"confirmed_source","qaStatus":"clean","qaFlags":[],"acquisitionId":"hetsuu-hutul-2025-magnetic__1ZUWGCZYFhPVTNsJdjkLsseT4KfJ6me74__SRVY0-ACQU0_6_-10Hz#2","segmentIndex":2,"segmentCount":2,"pointCount":1024,"simplifiedPointCount":6,"pointsOutsideLicence":0,"startTime":"2025-09-27T03:29:25","endTime":"2025-09-27T03:46:28","timeZone":"UTC (NMEA RMC)","samplingIntervalSeconds":1.0,"timestampProvenance":"embedded-nmea-rmc","latitudeColumn":"Latitude","longitudeColumn":"Longitude","sourceFile":"hetsuu-hutul-2025-magnetic__1ZUWGCZYFhPVTNsJdjkLsseT4KfJ6me74__SRVY0-ACQU0_6_-10Hz.csv","sourceKind":"Survey GNSS coordinate table","sourceCrs":"EPSG:4326","displayCrs":"EPSG:4326","crsVerified":true,"coverageStatus":"not_calculated","coverageNote":"Зурвасын өргөн болон шугамын алхам баталгаажаагүй тул хамрах талбайг тооцоогүй.","sourceUrl":"https://drive.google.com/file/d/1ZUWGCZYFhPVTNsJdjkLsseT4KfJ6me74/view","sourceAltitudeMinM":2049.5,"sourceAltitudeMaxM":2155.2,"sourceAltitudeMeanM":2094.52,"sourceAltitudeSampleCount":1024,"sourceAltitudeColumn":"Altitude","sourceAltitudeReference":"source-provided GNSS/absolute altitude"},"geometry":{"type":"LineString","coordinates":[[92.30982669,45.99993564],[92.30982896,46.00994384],[92.30987469,46.009914],[92.31116912,46.00997244],[92.31112144,46.00993827],[92.31113474,45.99990163]]}}]}