{"type":"FeatureCollection","name":"Nergui Undur MagArrow Actual GNSS Trajectories","project":"Nergui Undur","sensor":"MagArrow","dataType":"actual_flight_track","features":[{"type":"Feature","id":"magarrow-actual-srvy0-acqu0","properties":{"project":"Nergui Undur","area":"Nergui Undur","sensor":"MagArrow","acquisition":"SRVY0-ACQU0","dataType":"actual_flight_track","plannedActual":"actual","status":"confirmed_source","date":"2026-08-22","startTime":"2026-08-22T01:30:24Z","endTime":"2026-08-22T01:50:50Z","sourceFile":"SRVY0-ACQU0.magdata","sourceUrl":"https://drive.google.com/drive/folders/1ctZs3rBgYtqIL9fa7J_C_L_y3LLSwXfX","sourceCrs":"EPSG:4326","displayCrs":"EPSG:4326","crsVerified":true,"pointCount":1227,"nmeaSource":"embedded GGA/RMC"},"geometry":{"type":"LineString","coordinates":[[113.56306517,49.20673217],[113.56267483,49.21011867],[113.56260583,49.21011867],[113.5627665,49.21009667],[113.56269467,49.2101295],[113.56265917,49.210088],[113.56267667,49.21012217],[113.562695,49.20730717],[113.56262283,49.20128167],[113.56258483,49.201232],[113.56250767,49.20122033],[113.56199983,49.2012245],[113.561933,49.2012925],[113.561994,49.21008733],[113.561927,49.2101225],[113.56134917,49.2101165],[113.56129717,49.21004233],[113.5612405,49.20124717],[113.561266,49.20168],[113.563055,49.20663517]]}},{"type":"Feature","id":"magarrow-actual-srvy0-acqu1","properties":{"project":"Nergui Undur","area":"Nergui Undur","sensor":"MagArrow","acquisition":"SRVY0-ACQU1","dataType":"actual_flight_track","plannedActual":"actual","status":"confirmed_source","date":"2026-08-22","startTime":"2026-08-22T01:55:50Z","endTime":"2026-08-22T02:29:37Z","sourceFile":"SRVY0-ACQU1.magdata","sourceUrl":"https://drive.google.com/drive/folders/1ctZs3rBgYtqIL9fa7J_C_L_y3LLSwXfX","sourceCrs":"EPSG:4326","displayCrs":"EPSG:4326","crsVerified":true,"pointCount":2028,"nmeaSource":"embedded GGA/RMC"},"geometry":{"type":"LineString","coordinates":[[113.56310033,49.206668],[113.56307,49.2066475],[113.561481,49.208869],[113.56060467,49.21013783],[113.560642,49.21012867],[113.56065767,49.210177],[113.56061717,49.21017917],[113.5606495,49.21010233],[113.56057567,49.21012467],[113.56063183,49.21013183],[113.56056417,49.21010983],[113.56061483,49.210141],[113.56060383,49.21011867],[113.5605705,49.21017083],[113.56064383,49.21014467],[113.56059333,49.21012883],[113.56063483,49.20622233],[113.560619,49.206247],[113.56058367,49.2062225],[113.5606235,49.20603883],[113.56057333,49.2044785],[113.560596,49.20313933],[113.56058183,49.20264067],[113.56053167,49.20259483],[113.560607,49.202547],[113.56059083,49.20147267],[113.5605735,49.20129783],[113.5604905,49.20126933],[113.5599435,49.20128183],[113.559884,49.20134217],[113.55988983,49.201622],[113.55984783,49.20167717],[113.55990133,49.201706],[113.55991317,49.20729683],[113.5599685,49.20740317],[113.55994933,49.208125],[113.55989683,49.20816117],[113.55995233,49.20829],[113.55991517,49.20831733],[113.55994267,49.2087245],[113.559901,49.20890733],[113.55993917,49.2089585],[113.5599335,49.21007067],[113.55986767,49.21011867],[113.55925667,49.2100985],[113.559235,49.20922667],[113.55929083,49.2089995],[113.559228,49.208953],[113.55926983,49.20889583],[113.55924083,49.20829083],[113.559283,49.20771917],[113.55924467,49.20769967],[113.559247,49.206854],[113.55925417,49.20673417],[113.5592975,49.20671417],[113.55924417,49.20666967],[113.55927917,49.20655883],[113.55923933,49.20636433],[113.5592785,49.20635683],[113.55924267,49.2050945],[113.559303,49.20506283],[113.559238,49.205036],[113.559272,49.204798],[113.559218,49.202695],[113.55925333,49.20263117],[113.5592115,49.20261833],[113.55918183,49.2015945],[113.55919017,49.2012995],[113.5592325,49.2013125],[113.55918733,49.20130033],[113.559198,49.2016055],[113.56079367,49.20368083],[113.56075867,49.203646],[113.55856067,49.210128],[113.55851133,49.21011017],[113.55857533,49.21014033],[113.55858367,49.2100915],[113.55852667,49.2101],[113.55851867,49.21014767],[113.55857033,49.2101055],[113.55857783,49.20927467],[113.5585335,49.20925183],[113.55857117,49.2092075],[113.55852767,49.208907],[113.558558,49.2061105],[113.55851233,49.20161717],[113.55847767,49.20160983],[113.55855083,49.20157483],[113.55845933,49.20155833],[113.55850817,49.20151233],[113.55849817,49.20137783],[113.55844367,49.20133483],[113.557825,49.20135583],[113.5578265,49.20521833],[113.56306183,49.20665033],[113.5631745,49.20662783]]}},{"type":"Feature","id":"magarrow-actual-srvy0-acqu10","properties":{"project":"Nergui Undur","area":"Nergui Undur","sensor":"MagArrow","acquisition":"SRVY0-ACQU10","dataType":"actual_flight_track","plannedActual":"actual","status":"confirmed_source","date":"2026-08-22","startTime":"2026-08-22T08:14:32Z","endTime":"2026-08-22T08:48:36Z","sourceFile":"SRVY0-ACQU10.magdata","sourceUrl":"https://drive.google.com/drive/folders/1ctZs3rBgYtqIL9fa7J_C_L_y3LLSwXfX","sourceCrs":"EPSG:4326","displayCrs":"EPSG:4326","crsVerified":true,"pointCount":2042,"nmeaSource":"embedded GGA/RMC"},"geometry":{"type":"LineString","coordinates":[[113.540398,49.20844933],[113.54043367,49.20843017],[113.54258467,49.2103465],[113.5437515,49.211286],[113.5462295,49.21343167],[113.54600483,49.18911317],[113.54537767,49.189107],[113.54532683,49.18918367],[113.54552983,49.21344233],[113.54552967,49.21328633],[113.54552933,49.213309],[113.54050817,49.20851283]]}},{"type":"Feature","id":"magarrow-actual-srvy0-acqu100","properties":{"project":"Nergui Undur","area":"Nergui Undur","sensor":"MagArrow","acquisition":"SRVY0-ACQU100","dataType":"actual_flight_track","plannedActual":"actual","status":"confirmed_source","date":"2026-09-19","startTime":"2026-09-19T08:01:50.300000Z","endTime":"2026-09-19T08:42:21Z","sourceFile":"SRVY0-ACQU100-10Hz.csv","sourceUrl":"https://drive.google.com/drive/folders/1ctZs3rBgYtqIL9fa7J_C_L_y3LLSwXfX","sourceCrs":"EPSG:4326","displayCrs":"EPSG:4326","crsVerified":true,"pointCount":2430,"nmeaSource":"verified 10 Hz CSV","sourceFingerprint":"ca9b2401c9db5cb20e9b120b"},"geometry":{"type":"LineString","coordinates":[[113.52679011,49.14404403],[113.52683032,49.14406725],[113.51416459,49.1417439],[113.51417266,49.14170838],[113.51417137,49.14175827],[113.51417894,49.14173551],[113.49198624,49.14172729],[113.49191425,49.14169826],[113.49119151,49.14086581],[113.49125806,49.14082377],[113.52777692,49.14086708],[113.52785944,49.14078554],[113.52784178,49.14001673],[113.52772969,49.1399597],[113.50556883,49.13993169],[113.52684242,49.14407928],[113.52678878,49.1440377]]}},{"type":"Feature","id":"magarrow-actual-srvy0-acqu101","properties":{"project":"Nergui Undur","area":"Nergui Undur","sensor":"MagArrow","acquisition":"SRVY0-ACQU101","dataType":"actual_flight_track","plannedActual":"actual","status":"confirmed_source","date":"2026-09-19","startTime":"2026-09-19T08:54:12.300000Z","endTime":"2026-09-19T09:14:35Z","sourceFile":"SRVY0-ACQU101-10Hz.csv","sourceUrl":"https://drive.google.com/drive/folders/1ctZs3rBgYtqIL9fa7J_C_L_y3LLSwXfX","sourceCrs":"EPSG:4326","displayCrs":"EPSG:4326","crsVerified":true,"pointCount":1223,"nmeaSource":"verified 10 Hz CSV","sourceFingerprint":"a55dd56f99a2bc3fe567fb09"},"geometry":{"type":"LineString","coordinates":[[113.52683228,49.14402237],[113.52685858,49.14404725],[113.50560796,49.13991705],[113.5056117,49.13987016],[113.50561733,49.13991831],[113.50243992,49.1399223],[113.50249412,49.13992707],[113.50249585,49.13987622],[113.50250346,49.13992293],[113.50245273,49.13991641],[113.50248724,49.13993344],[113.50247284,49.13991093],[113.49042741,49.139901],[113.49033115,49.13985109],[113.4896292,49.13904378],[113.48973779,49.13900179],[113.49274477,49.13899256],[113.50180009,49.1390187],[113.52682174,49.14406343],[113.52678245,49.1440292]]}},{"type":"Feature","id":"magarrow-actual-srvy0-acqu102","properties":{"project":"Nergui Undur","area":"Nergui Undur","sensor":"MagArrow","acquisition":"SRVY0-ACQU102","dataType":"actual_flight_track","plannedActual":"actual","status":"confirmed_source","date":"2026-09-19","startTime":"2026-09-19T09:23:41.300000Z","endTime":"2026-09-19T09:46:17Z","sourceFile":"SRVY0-ACQU102-10Hz.csv","sourceUrl":"https://drive.google.com/drive/folders/1ctZs3rBgYtqIL9fa7J_C_L_y3LLSwXfX","sourceCrs":"EPSG:4326","displayCrs":"EPSG:4326","crsVerified":true,"pointCount":1353,"nmeaSource":"verified 10 Hz CSV","sourceFingerprint":"a652297f3c26de16dd8bc472"},"geometry":{"type":"LineString","coordinates":[[113.52683216,49.14401337],[113.52686709,49.14403146],[113.5242658,49.14347788],[113.52423063,49.14350334],[113.52337013,49.14331654],[113.52338422,49.14327902],[113.52332572,49.14331266],[113.52322015,49.1433037],[113.52273265,49.14321174],[113.52272429,49.14315742],[113.52267264,49.14319284],[113.52212292,49.14307782],[113.52195986,49.14296562],[113.52197038,49.14302138],[113.51470431,49.14112089],[113.51054567,49.13994104],[113.50961349,49.13981093],[113.50936514,49.13983372],[113.50933567,49.13979821],[113.50833759,49.13967654],[113.50829047,49.1397116],[113.50797688,49.13966906],[113.50783151,49.13970181],[113.50782076,49.13978257],[113.50793322,49.13970013],[113.50753607,49.13989452],[113.50703608,49.14004621],[113.50629675,49.14012152],[113.50576899,49.14001542],[113.50290759,49.13900829],[113.50288664,49.13904295],[113.50272604,49.13900673],[113.50183154,49.13898921],[113.50197011,49.13898803],[113.50195537,49.13903356],[113.50192403,49.13897392],[113.50471247,49.13900911],[113.52783691,49.1390152],[113.52682212,49.1440247],[113.52685332,49.14404358],[113.526841,49.14401574]]}},{"type":"Feature","id":"magarrow-actual-srvy0-acqu103","properties":{"project":"Nergui Undur","area":"Nergui Undur","sensor":"MagArrow","acquisition":"SRVY0-ACQU103","dataType":"actual_flight_track","plannedActual":"actual","status":"confirmed_source","date":"2026-09-19","startTime":"2026-09-19T09:48:20.300000Z","endTime":"2026-09-19T10:17:04Z","sourceFile":"SRVY0-ACQU103-10Hz.csv","sourceUrl":"https://drive.google.com/drive/folders/1ctZs3rBgYtqIL9fa7J_C_L_y3LLSwXfX","sourceCrs":"EPSG:4326","displayCrs":"EPSG:4326","crsVerified":true,"pointCount":1724,"nmeaSource":"verified 10 Hz CSV","sourceFingerprint":"99dd2e57bbfb21eeb759a7cb"},"geometry":{"type":"LineString","coordinates":[[113.52678773,49.14400358],[113.52683153,49.14403686],[113.50830787,49.17114842],[113.50835908,49.17115356],[113.50828614,49.17113834],[113.50984385,49.16809414],[113.52476135,49.13811951],[113.52469781,49.13823611],[113.52683117,49.14404006],[113.52679202,49.14407619]]}},{"type":"Feature","id":"magarrow-actual-srvy0-acqu104","properties":{"project":"Nergui Undur","area":"Nergui Undur","sensor":"MagArrow","acquisition":"SRVY0-ACQU104","dataType":"actual_flight_track","plannedActual":"actual","status":"confirmed_source","date":"2026-09-19","startTime":"2026-09-19T10:22:47.300000Z","endTime":"2026-09-19T10:53:41Z","sourceFile":"SRVY0-ACQU104-10Hz.csv","sourceUrl":"https://drive.google.com/drive/folders/1ctZs3rBgYtqIL9fa7J_C_L_y3LLSwXfX","sourceCrs":"EPSG:4326","displayCrs":"EPSG:4326","crsVerified":true,"pointCount":1855,"nmeaSource":"verified 10 Hz CSV","sourceFingerprint":"962862d9a67320ebae2cca7e"},"geometry":{"type":"LineString","coordinates":[[113.52689761,49.14403298],[113.52686035,49.14402493],[113.54797167,49.14342327],[113.54656423,49.1461387],[113.5308,49.17783769],[113.52684035,49.14403075],[113.52695927,49.14404844]]}},{"type":"Feature","id":"magarrow-actual-srvy0-acqu105","properties":{"project":"Nergui Undur","area":"Nergui Undur","sensor":"MagArrow","acquisition":"SRVY0-ACQU105","dataType":"actual_flight_track","plannedActual":"actual","status":"confirmed_source","date":"2026-09-20","startTime":"2026-09-20T00:21:37.300000Z","endTime":"2026-09-20T00:59:21Z","sourceFile":"SRVY0-ACQU105-10Hz.csv","sourceUrl":"https://drive.google.com/drive/folders/1ctZs3rBgYtqIL9fa7J_C_L_y3LLSwXfX","sourceCrs":"EPSG:4326","displayCrs":"EPSG:4326","crsVerified":true,"pointCount":2265,"nmeaSource":"verified 10 Hz CSV","sourceFingerprint":"395fb274226bb378e1d7919a"},"geometry":{"type":"LineString","coordinates":[[113.52277316,49.12835542],[113.52283559,49.12836899],[113.52784683,49.13815932],[113.52779603,49.13816927],[113.52785978,49.13813772],[113.52396057,49.13812436],[113.4888937,49.13809514],[113.48878661,49.13805117],[113.48807901,49.13724777],[113.48807045,49.13722085],[113.48816826,49.1371933],[113.52097132,49.13724766],[113.52278461,49.12850751],[113.52281513,49.12836704],[113.52287991,49.12836484],[113.52280537,49.12835163],[113.5228121,49.12839091],[113.52277575,49.12838298],[113.52285686,49.12839107],[113.52276295,49.12838337]]}},{"type":"Feature","id":"magarrow-actual-srvy0-acqu106","properties":{"project":"Nergui Undur","area":"Nergui Undur","sensor":"MagArrow","acquisition":"SRVY0-ACQU106","dataType":"actual_flight_track","plannedActual":"actual","status":"confirmed_source","date":"2026-09-20","startTime":"2026-09-20T01:01:49.300000Z","endTime":"2026-09-20T01:34:33Z","sourceFile":"SRVY0-ACQU106-10Hz.csv","sourceUrl":"https://drive.google.com/drive/folders/1ctZs3rBgYtqIL9fa7J_C_L_y3LLSwXfX","sourceCrs":"EPSG:4326","displayCrs":"EPSG:4326","crsVerified":true,"pointCount":1965,"nmeaSource":"verified 10 Hz CSV","sourceFingerprint":"2a0e5e8f23a36abd64973bce"},"geometry":{"type":"LineString","coordinates":[[113.52276143,49.1283792],[113.52281638,49.12838317],[113.52094188,49.1372609],[113.52094237,49.13721696],[113.52094637,49.13725599],[113.52779574,49.1372453],[113.52781265,49.13640329],[113.52771856,49.13635073],[113.48726185,49.13630273],[113.48718811,49.13627087],[113.486473,49.13545465],[113.48651134,49.13539671],[113.49086705,49.13543855],[113.49096325,49.13541303],[113.49104117,49.13543837],[113.50465379,49.13543541],[113.5227847,49.12839543],[113.52284397,49.12835191],[113.5228013,49.12835574]]}},{"type":"Feature","id":"magarrow-actual-srvy0-acqu107","properties":{"project":"Nergui Undur","area":"Nergui Undur","sensor":"MagArrow","acquisition":"SRVY0-ACQU107","dataType":"actual_flight_track","plannedActual":"actual","status":"confirmed_source","date":"2026-09-20","startTime":"2026-09-20T01:36:44.300000Z","endTime":"2026-09-20T02:06:44Z","sourceFile":"SRVY0-ACQU107-10Hz.csv","sourceUrl":"https://drive.google.com/drive/folders/1ctZs3rBgYtqIL9fa7J_C_L_y3LLSwXfX","sourceCrs":"EPSG:4326","displayCrs":"EPSG:4326","crsVerified":true,"pointCount":1801,"nmeaSource":"verified 10 Hz CSV","sourceFingerprint":"feceff3482ffd58564eef977"},"geometry":{"type":"LineString","coordinates":[[113.52275416,49.12837203],[113.52281284,49.12836663],[113.51935151,49.12968251],[113.50461555,49.13543057],[113.52780635,49.13546167],[113.52776969,49.13455136],[113.49454134,49.13451169],[113.52282208,49.12837737]]}},{"type":"Feature","id":"magarrow-actual-srvy0-acqu108","properties":{"project":"Nergui Undur","area":"Nergui Undur","sensor":"MagArrow","acquisition":"SRVY0-ACQU108","dataType":"actual_flight_track","plannedActual":"actual","status":"confirmed_source","date":"2026-09-20","startTime":"2026-09-20T02:09:10.300000Z","endTime":"2026-09-20T02:44:29Z","sourceFile":"SRVY0-ACQU108-10Hz.csv","sourceUrl":"https://drive.google.com/drive/folders/1ctZs3rBgYtqIL9fa7J_C_L_y3LLSwXfX","sourceCrs":"EPSG:4326","displayCrs":"EPSG:4326","crsVerified":true,"pointCount":2120,"nmeaSource":"verified 10 Hz CSV","sourceFingerprint":"fcc4c366c33db4338e1f0836"},"geometry":{"type":"LineString","coordinates":[[113.52276045,49.1283627],[113.52281559,49.12836544],[113.49456823,49.13450948],[113.49462267,49.1344863],[113.49460124,49.13445532],[113.49461223,49.13451002],[113.48568843,49.13449801],[113.48489467,49.13363898],[113.48494875,49.13359582],[113.4850675,49.1335948],[113.49937871,49.13363636],[113.49951412,49.13359796],[113.49958743,49.13363231],[113.49978574,49.1336062],[113.53562963,49.13363926],[113.53566892,49.13279813],[113.53558273,49.1327375],[113.5256266,49.13272514],[113.52282358,49.1283358]]}},{"type":"Feature","id":"magarrow-actual-srvy0-acqu109","properties":{"project":"Nergui Undur","area":"Nergui Undur","sensor":"MagArrow","acquisition":"SRVY0-ACQU109","dataType":"actual_flight_track","plannedActual":"actual","status":"confirmed_source","date":"2026-09-20","startTime":"2026-09-20T02:46:48.300000Z","endTime":"2026-09-20T03:10:31Z","sourceFile":"SRVY0-ACQU109-10Hz.csv","sourceUrl":"https://drive.google.com/drive/folders/1ctZs3rBgYtqIL9fa7J_C_L_y3LLSwXfX","sourceCrs":"EPSG:4326","displayCrs":"EPSG:4326","crsVerified":true,"pointCount":1424,"nmeaSource":"verified 10 Hz CSV","sourceFingerprint":"91bbeb1873d3e4b24aeb9b6e"},"geometry":{"type":"LineString","coordinates":[[113.52273733,49.12833208],[113.52280493,49.1283383],[113.52566842,49.13273438],[113.48403381,49.13269277],[113.48324517,49.13178289],[113.48317525,49.13181666],[113.4832606,49.13177251],[113.48491424,49.13171213],[113.48652662,49.13160559],[113.52173948,49.12845734],[113.52279162,49.1283593],[113.52287796,49.1283189]]}},{"type":"Feature","id":"magarrow-actual-srvy0-acqu11","properties":{"project":"Nergui Undur","area":"Nergui Undur","sensor":"MagArrow","acquisition":"SRVY0-ACQU11","dataType":"actual_flight_track","plannedActual":"actual","status":"confirmed_source","date":"2026-08-22","startTime":"2026-08-22T08:51:04Z","endTime":"2026-08-22T09:13:51Z","sourceFile":"SRVY0-ACQU11.magdata","sourceUrl":"https://drive.google.com/drive/folders/1ctZs3rBgYtqIL9fa7J_C_L_y3LLSwXfX","sourceCrs":"EPSG:4326","displayCrs":"EPSG:4326","crsVerified":true,"pointCount":1368,"nmeaSource":"embedded GGA/RMC"},"geometry":{"type":"LineString","coordinates":[[113.540419,49.208463],[113.54045167,49.208447],[113.544865,49.2134565],[113.54467333,49.18916083],[113.54455217,49.1891065],[113.54404917,49.18910567],[113.5439885,49.18917967],[113.54405967,49.19807933]]}},{"type":"Feature","id":"magarrow-actual-srvy0-acqu110","properties":{"project":"Nergui Undur","area":"Nergui Undur","sensor":"MagArrow","acquisition":"SRVY0-ACQU110","dataType":"actual_flight_track","plannedActual":"actual","status":"confirmed_source","date":"2026-09-20","startTime":"2026-09-20T08:39:28.300000Z","endTime":"2026-09-20T09:18:28Z","sourceFile":"SRVY0-ACQU110-10Hz.csv","sourceUrl":"https://drive.google.com/drive/folders/1ctZs3rBgYtqIL9fa7J_C_L_y3LLSwXfX","sourceCrs":"EPSG:4326","displayCrs":"EPSG:4326","crsVerified":true,"pointCount":2341,"nmeaSource":"verified 10 Hz CSV","sourceFingerprint":"6e0f14031457cce2c0fa6b01"},"geometry":{"type":"LineString","coordinates":[[113.5219058,49.1275353],[113.4846473,49.13162209],[113.48321841,49.1317831],[113.48322393,49.13181592],[113.4832295,49.13175821],[113.48319674,49.13180639],[113.48325767,49.1317846],[113.48322715,49.1317731],[113.52988764,49.13185546],[113.53558924,49.13185615],[113.53565155,49.13181908],[113.535659,49.13100533],[113.53554996,49.13095924],[113.50761648,49.1309144],[113.52194246,49.12754079]]}},{"type":"Feature","id":"magarrow-actual-srvy0-acqu111","properties":{"project":"Nergui Undur","area":"Nergui Undur","sensor":"MagArrow","acquisition":"SRVY0-ACQU111","dataType":"actual_flight_track","plannedActual":"actual","status":"confirmed_source","date":"2026-09-20","startTime":"2026-09-20T09:20:57.300000Z","endTime":"2026-09-20T09:47:32Z","sourceFile":"SRVY0-ACQU111-10Hz.csv","sourceUrl":"https://drive.google.com/drive/folders/1ctZs3rBgYtqIL9fa7J_C_L_y3LLSwXfX","sourceCrs":"EPSG:4326","displayCrs":"EPSG:4326","crsVerified":true,"pointCount":1596,"nmeaSource":"verified 10 Hz CSV","sourceFingerprint":"9dab503c0a173bf387086b7a"},"geometry":{"type":"LineString","coordinates":[[113.52189851,49.12754877],[113.50858544,49.13069411],[113.50764067,49.13092003],[113.50764679,49.13094972],[113.50764227,49.13090745],[113.48517159,49.13088789],[113.48527328,49.1308702],[113.48520826,49.13088103],[113.48521962,49.13091413],[113.4852292,49.13086845],[113.48517171,49.13090841],[113.4852385,49.13087591],[113.48504111,49.13088642],[113.50121979,49.12943057],[113.49786281,49.12972235],[113.49790845,49.12970255],[113.49785386,49.129736],[113.49787783,49.12970995],[113.4850411,49.13088235],[113.49838274,49.12968965],[113.49833722,49.12968389],[113.49820364,49.12850243],[113.49802868,49.12817809],[113.49805125,49.1280617],[113.49816458,49.12773117],[113.49929692,49.12563198],[113.49947547,49.12554157],[113.49953229,49.12559952],[113.49946279,49.12561103]]}},{"type":"Feature","id":"magarrow-actual-srvy0-acqu112","properties":{"project":"Nergui Undur","area":"Nergui Undur","sensor":"MagArrow","acquisition":"SRVY0-ACQU112","dataType":"actual_flight_track","plannedActual":"actual","status":"confirmed_source","date":"2026-09-20","startTime":"2026-09-20T09:49:24.300000Z","endTime":"2026-09-20T10:22:55Z","sourceFile":"SRVY0-ACQU112-10Hz.csv","sourceUrl":"https://drive.google.com/drive/folders/1ctZs3rBgYtqIL9fa7J_C_L_y3LLSwXfX","sourceCrs":"EPSG:4326","displayCrs":"EPSG:4326","crsVerified":true,"pointCount":2012,"nmeaSource":"verified 10 Hz CSV","sourceFingerprint":"5bf3b4102983551fd9651d0b"},"geometry":{"type":"LineString","coordinates":[[113.49946557,49.12561982],[113.49950419,49.12560554],[113.48543202,49.13075077],[113.48504484,49.13089339],[113.48505796,49.1309242],[113.48506862,49.1308752],[113.48274423,49.13087056],[113.48263631,49.13083198],[113.48261256,49.13001232],[113.48274573,49.12997054],[113.54330665,49.13006943],[113.53357196,49.13320132],[113.53371424,49.133143],[113.49949259,49.12560082]]}},{"type":"Feature","id":"magarrow-actual-srvy0-acqu113","properties":{"project":"Nergui Undur","area":"Nergui Undur","sensor":"MagArrow","acquisition":"SRVY0-ACQU113","dataType":"actual_flight_track","plannedActual":"actual","status":"confirmed_source","date":"2026-09-20","startTime":"2026-09-20T10:25:11.300000Z","endTime":"2026-09-20T11:01:48Z","sourceFile":"SRVY0-ACQU113-10Hz.csv","sourceUrl":"https://drive.google.com/drive/folders/1ctZs3rBgYtqIL9fa7J_C_L_y3LLSwXfX","sourceCrs":"EPSG:4326","displayCrs":"EPSG:4326","crsVerified":true,"pointCount":2198,"nmeaSource":"verified 10 Hz CSV","sourceFingerprint":"b4c75280f10b50bb580f9a40"},"geometry":{"type":"LineString","coordinates":[[113.49946922,49.12562675],[113.50695012,49.12175956],[113.50720419,49.12163218],[113.50723635,49.12165195],[113.50718243,49.12163061],[113.50607516,49.12381963],[113.49528993,49.14551115],[113.49548324,49.14510639],[113.49577328,49.14502296],[113.52452307,49.13821454],[113.52479786,49.13815328],[113.52481053,49.13817933],[113.52477321,49.13813687],[113.52481241,49.13811391],[113.524771,49.13816504],[113.53302957,49.12154902],[113.53507982,49.12673271],[113.535222,49.127076],[113.53525419,49.12706604],[113.5351636,49.12706594],[113.53529524,49.12733892],[113.53518184,49.12736311],[113.53530665,49.12736971],[113.53525947,49.12735444],[113.53524088,49.12739661],[113.53520576,49.12736518],[113.53529789,49.12727141],[113.53523366,49.127246],[113.53528328,49.12721855],[113.53538079,49.12745697],[113.5353065,49.12746715]]}},{"type":"Feature","id":"magarrow-actual-srvy0-acqu114","properties":{"project":"Nergui Undur","area":"Nergui Undur","sensor":"MagArrow","acquisition":"SRVY0-ACQU114","dataType":"actual_flight_track","plannedActual":"actual","status":"confirmed_source","date":"2026-09-21","startTime":"2026-09-21T02:35:37.300000Z","endTime":"2026-09-21T03:07:26Z","sourceFile":"SRVY0-ACQU114-10Hz.csv","sourceUrl":"https://drive.google.com/drive/folders/1ctZs3rBgYtqIL9fa7J_C_L_y3LLSwXfX","sourceCrs":"EPSG:4326","displayCrs":"EPSG:4326","crsVerified":true,"pointCount":1910,"nmeaSource":"verified 10 Hz CSV","sourceFingerprint":"d1df6476bfe5c908e4a399c8"},"geometry":{"type":"LineString","coordinates":[[113.49807257,49.12567792],[113.48291544,49.12902258],[113.4825721,49.12909514],[113.48253935,49.12906798],[113.48254375,49.12910811],[113.48262157,49.12907964],[113.48255439,49.12908712],[113.48260787,49.12905391],[113.48255002,49.12901964],[113.48259236,49.12909274],[113.48260853,49.12905765],[113.48254248,49.12906819],[113.48257425,49.12911245],[113.48260186,49.12906628],[113.48256679,49.12913839],[113.48259282,49.129079],[113.48250992,49.12909757],[113.48252234,49.12904623],[113.48260019,49.12911052],[113.48253083,49.12903789],[113.48257694,49.12909408],[113.48606385,49.12910269],[113.51278761,49.12911899],[113.51290524,49.12908691],[113.51290029,49.12826815],[113.51277274,49.12821858],[113.48326922,49.12818336],[113.48268306,49.1281805],[113.4825582,49.12817225],[113.48253633,49.12814144],[113.4825201,49.12743101],[113.48258631,49.12728649],[113.48455796,49.12729712],[113.49802809,49.12566995]]}},{"type":"Feature","id":"magarrow-actual-srvy0-acqu115","properties":{"project":"Nergui Undur","area":"Nergui Undur","sensor":"MagArrow","acquisition":"SRVY0-ACQU115","dataType":"actual_flight_track","plannedActual":"actual","status":"confirmed_source","date":"2026-09-21","startTime":"2026-09-21T03:12:15.300000Z","endTime":"2026-09-21T03:40:34Z","sourceFile":"SRVY0-ACQU115-10Hz.csv","sourceUrl":"https://drive.google.com/drive/folders/1ctZs3rBgYtqIL9fa7J_C_L_y3LLSwXfX","sourceCrs":"EPSG:4326","displayCrs":"EPSG:4326","crsVerified":true,"pointCount":1700,"nmeaSource":"verified 10 Hz CSV","sourceFingerprint":"e0049598adea32ee7d69c0f8"},"geometry":{"type":"LineString","coordinates":[[113.49805196,49.12568237],[113.48454294,49.12730404],[113.48448525,49.12725679],[113.48452475,49.12722063],[113.48451962,49.12728744],[113.48459654,49.1273043],[113.48450862,49.12730575],[113.48656808,49.12729936],[113.48675803,49.12733497],[113.48678235,49.12728353],[113.48698979,49.1273088],[113.49658713,49.12733087],[113.5023119,49.12733584],[113.50229726,49.12730916],[113.50238564,49.12733452],[113.50636318,49.12733199],[113.50643213,49.12735533],[113.50645649,49.12731645],[113.50650277,49.12733982],[113.51274029,49.12734295],[113.51289173,49.1273032],[113.51288664,49.12647802],[113.51281283,49.12644521],[113.48422867,49.12640238],[113.49806071,49.12566907],[113.49807429,49.12569869]]}},{"type":"Feature","id":"magarrow-actual-srvy0-acqu116","properties":{"project":"Nergui Undur","area":"Nergui Undur","sensor":"MagArrow","acquisition":"SRVY0-ACQU116","dataType":"actual_flight_track","plannedActual":"actual","status":"confirmed_source","date":"2026-09-21","startTime":"2026-09-21T03:45:22.300000Z","endTime":"2026-09-21T04:18:21Z","sourceFile":"SRVY0-ACQU116-10Hz.csv","sourceUrl":"https://drive.google.com/drive/folders/1ctZs3rBgYtqIL9fa7J_C_L_y3LLSwXfX","sourceCrs":"EPSG:4326","displayCrs":"EPSG:4326","crsVerified":true,"pointCount":1980,"nmeaSource":"verified 10 Hz CSV","sourceFingerprint":"afed71ba370c00fe6c216f72"},"geometry":{"type":"LineString","coordinates":[[113.4980629,49.12569748],[113.48422254,49.12641834],[113.48421094,49.12638842],[113.4842432,49.1264189],[113.48257524,49.12641002],[113.48251047,49.12634258],[113.48249646,49.12555183],[113.48259604,49.1255066],[113.48608528,49.12553945],[113.50141909,49.12551554],[113.51285854,49.1255516],[113.5128328,49.12463803],[113.48261824,49.12460312],[113.48249792,49.12459632],[113.48245435,49.12452357],[113.4824511,49.12373215],[113.48289512,49.12370289],[113.4872145,49.1237269],[113.49804109,49.12570437]]}},{"type":"Feature","id":"magarrow-actual-srvy0-acqu117","properties":{"project":"Nergui Undur","area":"Nergui Undur","sensor":"MagArrow","acquisition":"SRVY0-ACQU117","dataType":"actual_flight_track","plannedActual":"actual","status":"confirmed_source","date":"2026-09-21","startTime":"2026-09-21T04:23:18.300000Z","endTime":"2026-09-21T05:02:54Z","sourceFile":"SRVY0-ACQU117-10Hz.csv","sourceUrl":"https://drive.google.com/drive/folders/1ctZs3rBgYtqIL9fa7J_C_L_y3LLSwXfX","sourceCrs":"EPSG:4326","displayCrs":"EPSG:4326","crsVerified":true,"pointCount":2377,"nmeaSource":"verified 10 Hz CSV","sourceFingerprint":"773cac5545fd2b9f3ce5d259"},"geometry":{"type":"LineString","coordinates":[[113.49804957,49.12570187],[113.487186,49.12371799],[113.48719474,49.12368457],[113.48718419,49.12370862],[113.51273813,49.12375603],[113.51283091,49.12370699],[113.51279944,49.12288],[113.5116367,49.12285399],[113.4826063,49.12281961],[113.48248802,49.12281289],[113.48243354,49.12276223],[113.48242307,49.12194204],[113.48250679,49.12191632],[113.48325078,49.12191329],[113.51117161,49.12195212],[113.49802425,49.12569034]]}},{"type":"Feature","id":"magarrow-actual-srvy0-acqu118","properties":{"project":"Nergui Undur","area":"Nergui Undur","sensor":"MagArrow","acquisition":"SRVY0-ACQU118","dataType":"actual_flight_track","plannedActual":"actual","status":"confirmed_source","date":"2026-09-21","startTime":"2026-09-21T05:07:34.300000Z","endTime":"2026-09-21T05:43:46Z","sourceFile":"SRVY0-ACQU118-10Hz.csv","sourceUrl":"https://drive.google.com/drive/folders/1ctZs3rBgYtqIL9fa7J_C_L_y3LLSwXfX","sourceCrs":"EPSG:4326","displayCrs":"EPSG:4326","crsVerified":true,"pointCount":2173,"nmeaSource":"verified 10 Hz CSV","sourceFingerprint":"538ca7a80115d93a066284b4"},"geometry":{"type":"LineString","coordinates":[[113.49804279,49.12570487],[113.51115261,49.12196204],[113.51117373,49.12192939],[113.51115509,49.12196197],[113.51282184,49.12195221],[113.5405594,49.12608801],[113.54327335,49.126487],[113.54329399,49.1264623],[113.5432684,49.12649892],[113.54326164,49.12647399],[113.51298523,49.12644733],[113.51289664,49.1265226],[113.51289898,49.1267159],[113.51291062,49.12728904],[113.51299786,49.12734705],[113.54123692,49.12738112],[113.49804866,49.12569311]]}},{"type":"Feature","id":"magarrow-actual-srvy0-acqu119","properties":{"project":"Nergui Undur","area":"Nergui Undur","sensor":"MagArrow","acquisition":"SRVY0-ACQU119","dataType":"actual_flight_track","plannedActual":"actual","status":"confirmed_source","date":"2026-09-21","startTime":"2026-09-21T05:48:51.300000Z","endTime":"2026-09-21T06:25:40Z","sourceFile":"SRVY0-ACQU119-10Hz.csv","sourceUrl":"https://drive.google.com/drive/folders/1ctZs3rBgYtqIL9fa7J_C_L_y3LLSwXfX","sourceCrs":"EPSG:4326","displayCrs":"EPSG:4326","crsVerified":true,"pointCount":2210,"nmeaSource":"verified 10 Hz CSV","sourceFingerprint":"ca6f403e02c8a6f29693f04e"},"geometry":{"type":"LineString","coordinates":[[113.49808281,49.12568858],[113.4980507,49.12567643],[113.54121301,49.1273724],[113.54122941,49.12730174],[113.54119937,49.12738307],[113.54120543,49.12733133],[113.54121161,49.12737886],[113.54317349,49.12736826],[113.54325662,49.12739249],[113.54327484,49.12744258],[113.54328006,49.12820871],[113.54315788,49.12826649],[113.5129941,49.12822795],[113.51291241,49.12830615],[113.51292908,49.12907189],[113.51297082,49.12912277],[113.54330937,49.12915232],[113.49804627,49.12565052]]}},{"type":"Feature","id":"magarrow-actual-srvy0-acqu12","properties":{"project":"Nergui Undur","area":"Nergui Undur","sensor":"MagArrow","acquisition":"SRVY0-ACQU12","dataType":"actual_flight_track","plannedActual":"actual","status":"confirmed_source","date":"2026-08-22","startTime":"2026-08-22T09:31:53Z","endTime":"2026-08-22T09:43:33Z","sourceFile":"SRVY0-ACQU12.magdata","sourceUrl":"https://drive.google.com/drive/folders/1ctZs3rBgYtqIL9fa7J_C_L_y3LLSwXfX","sourceCrs":"EPSG:4326","displayCrs":"EPSG:4326","crsVerified":true,"pointCount":701,"nmeaSource":"embedded GGA/RMC"},"geometry":{"type":"LineString","coordinates":[[113.54047017,49.20844917],[113.540499,49.208429],[113.54422967,49.21331917],[113.54408267,49.20147233],[113.54045883,49.208381]]}},{"type":"Feature","id":"magarrow-actual-srvy0-acqu120","properties":{"project":"Nergui Undur","area":"Nergui Undur","sensor":"MagArrow","acquisition":"SRVY0-ACQU120","dataType":"actual_flight_track","plannedActual":"actual","status":"confirmed_source","date":"2026-09-21","startTime":"2026-09-21T06:29:51.300000Z","endTime":"2026-09-21T07:06:27Z","sourceFile":"SRVY0-ACQU120-10Hz.csv","sourceUrl":"https://drive.google.com/drive/folders/1ctZs3rBgYtqIL9fa7J_C_L_y3LLSwXfX","sourceCrs":"EPSG:4326","displayCrs":"EPSG:4326","crsVerified":true,"pointCount":2197,"nmeaSource":"verified 10 Hz CSV","sourceFingerprint":"5fa8d513053db1f04e3e5b1d"},"geometry":{"type":"LineString","coordinates":[[113.49804937,49.12567638],[113.51283622,49.1219211],[113.51282658,49.12188032],[113.51281924,49.12192912],[113.54301778,49.12196391],[113.54313284,49.12197302],[113.54317771,49.12205061],[113.54318037,49.122844],[113.54306376,49.12287201],[113.51291545,49.12284677],[113.51283179,49.12290568],[113.51285084,49.1236952],[113.5129815,49.12374805],[113.52550658,49.12376015],[113.49802517,49.1256764],[113.49805862,49.12569337]]}},{"type":"Feature","id":"magarrow-actual-srvy0-acqu121","properties":{"project":"Nergui Undur","area":"Nergui Undur","sensor":"MagArrow","acquisition":"SRVY0-ACQU121","dataType":"actual_flight_track","plannedActual":"actual","status":"confirmed_source","date":"2026-09-21","startTime":"2026-09-21T07:08:55.300000Z","endTime":"2026-09-21T07:47:12Z","sourceFile":"SRVY0-ACQU121-10Hz.csv","sourceUrl":"https://drive.google.com/drive/folders/1ctZs3rBgYtqIL9fa7J_C_L_y3LLSwXfX","sourceCrs":"EPSG:4326","displayCrs":"EPSG:4326","crsVerified":true,"pointCount":2298,"nmeaSource":"verified 10 Hz CSV","sourceFingerprint":"0f1c6dce650f52097c16b66f"},"geometry":{"type":"LineString","coordinates":[[113.4980649,49.12569553],[113.4980406,49.1256754],[113.5254834,49.12376731],[113.52548621,49.12373521],[113.52546326,49.123775],[113.53611347,49.12378076],[113.53581172,49.12378388],[113.53575809,49.1238247],[113.53551403,49.12383844],[113.53254357,49.12395977],[113.53258284,49.12397354],[113.53661314,49.12373264],[113.53604719,49.12376936],[113.53601074,49.12380471],[113.53605648,49.12375938],[113.53601707,49.12375947],[113.54320616,49.12377425],[113.54324747,49.12382862],[113.54325351,49.1246182],[113.5431674,49.1246707],[113.51318673,49.12463491],[113.51289096,49.12463643],[113.51283732,49.12470759],[113.51285463,49.1254744],[113.51293507,49.12553609],[113.53178278,49.12555781],[113.53227077,49.12537792],[113.533971,49.12490616],[113.53464222,49.12479488],[113.5385813,49.12467436],[113.53950817,49.12475099],[113.54178538,49.12504608],[113.54179256,49.12507474],[113.54182359,49.12501452],[113.54186844,49.12503251],[113.54175285,49.12502074],[113.54178614,49.12499732],[113.54177178,49.1250277]]}},{"type":"Feature","id":"magarrow-actual-srvy0-acqu122","properties":{"project":"Nergui Undur","area":"Nergui Undur","sensor":"MagArrow","acquisition":"SRVY0-ACQU122","dataType":"actual_flight_track","plannedActual":"actual","status":"confirmed_source","date":"2026-09-21","startTime":"2026-09-21T07:49:57.300000Z","endTime":"2026-09-21T07:57:32Z","sourceFile":"SRVY0-ACQU122-10Hz.csv","sourceUrl":"https://drive.google.com/drive/folders/1ctZs3rBgYtqIL9fa7J_C_L_y3LLSwXfX","sourceCrs":"EPSG:4326","displayCrs":"EPSG:4326","crsVerified":true,"pointCount":456,"nmeaSource":"verified 10 Hz CSV","sourceFingerprint":"f0318bad1422b9b1b29a54dd"},"geometry":{"type":"LineString","coordinates":[[113.5417589,49.12501203],[113.53836559,49.12515667],[113.53673995,49.12528398],[113.53171032,49.12555738],[113.54325388,49.1255727],[113.54178378,49.12499688]]}},{"type":"Feature","id":"magarrow-actual-srvy0-acqu123","properties":{"project":"Nergui Undur","area":"Nergui Undur","sensor":"MagArrow","acquisition":"SRVY0-ACQU123","dataType":"actual_flight_track","plannedActual":"actual","status":"confirmed_source","date":"2026-09-21","startTime":"2026-09-23T01:16:46Z","endTime":"2026-09-23T01:47:44Z","sourceFile":"SRVY0-ACQU123.magdata","sourceUrl":"https://drive.google.com/drive/folders/1ctZs3rBgYtqIL9fa7J_C_L_y3LLSwXfX","sourceCrs":"EPSG:4326","displayCrs":"EPSG:4326","crsVerified":true,"pointCount":1855,"nmeaSource":"embedded GGA/RMC","sourceFingerprint":"07e6ab5f851f81eea527ae43"},"geometry":{"type":"LineString","coordinates":[[113.5060725,49.2211195],[113.4970915,49.21763083],[113.49717517,49.2176645],[113.497162,49.21763267],[113.49717467,49.21765767],[113.49466017,49.21765183],[113.494087,49.2176835],[113.49408317,49.21850967],[113.49413267,49.21855433],[113.49642733,49.21857233],[113.5037575,49.21947183],[113.4941045,49.21946817],[113.49404167,49.21953833],[113.494058,49.22120933],[113.494147,49.22126683],[113.5054545,49.22128733],[113.50868583,49.22174083],[113.52185883,49.22173967],[113.52193783,49.22168533],[113.52193817,49.21952567],[113.52183467,49.2194815],[113.5180775,49.219472],[113.50602833,49.22113583]]}},{"type":"Feature","id":"magarrow-actual-srvy0-acqu124","properties":{"project":"Nergui Undur","area":"Nergui Undur","sensor":"MagArrow","acquisition":"SRVY0-ACQU124","dataType":"actual_flight_track","plannedActual":"actual","status":"confirmed_source","date":"2026-09-23","startTime":"2026-09-23T02:04:22Z","endTime":"2026-09-23T02:37:36Z","sourceFile":"SRVY0-ACQU124.magdata","sourceUrl":"https://drive.google.com/drive/folders/1ctZs3rBgYtqIL9fa7J_C_L_y3LLSwXfX","sourceCrs":"EPSG:4326","displayCrs":"EPSG:4326","crsVerified":true,"pointCount":1993,"nmeaSource":"embedded GGA/RMC","sourceFingerprint":"73da2d9346c8808d1d49307c"},"geometry":{"type":"LineString","coordinates":[[113.52075067,49.20004967],[113.52070933,49.20003833],[113.523165,49.20219083],[113.5234485,49.20238267],[113.52731367,49.20569267],[113.5180195,49.2057895],[113.51797733,49.2057325],[113.51799567,49.20354517],[113.5327535,49.20335333],[113.53274333,49.20249933],[113.5326295,49.20246583],[113.51804817,49.202644],[113.51797633,49.2026365],[113.517935,49.20257833],[113.51788367,49.19501817],[113.517974,49.19499383],[113.53252467,49.19482333],[113.52066217,49.20004467],[113.520719,49.20004467]]}},{"type":"Feature","id":"magarrow-actual-srvy0-acqu125","properties":{"project":"Nergui Undur","area":"Nergui Undur","sensor":"MagArrow","acquisition":"SRVY0-ACQU125","dataType":"actual_flight_track","plannedActual":"actual","status":"confirmed_source","date":"2026-09-23","startTime":"2026-09-23T02:48:13Z","endTime":"2026-09-23T03:14:50Z","sourceFile":"SRVY0-ACQU125.magdata","sourceUrl":"https://drive.google.com/drive/folders/1ctZs3rBgYtqIL9fa7J_C_L_y3LLSwXfX","sourceCrs":"EPSG:4326","displayCrs":"EPSG:4326","crsVerified":true,"pointCount":1597,"nmeaSource":"embedded GGA/RMC","sourceFingerprint":"233c1e43459bbb4462015bea"},"geometry":{"type":"LineString","coordinates":[[113.540657,49.20876117],[113.55111133,49.21337133],[113.550924,49.20001567],[113.55097233,49.19994683],[113.55093483,49.19980683],[113.55095267,49.19982683],[113.5509875,49.19977817],[113.55092,49.19972383],[113.55095283,49.19940633],[113.55088567,49.19462717],[113.55100083,49.19456283],[113.55152733,49.19455917],[113.55158317,49.1946315],[113.55161767,49.20077017],[113.55151933,49.2007895],[113.551133,49.20065633],[113.55115183,49.20062967],[113.5510875,49.20063283],[113.5491495,49.19991533],[113.549065,49.19985083],[113.5490175,49.19987233],[113.5489575,49.19983083],[113.5489,49.19985717],[113.54888033,49.19979817],[113.54407133,49.198065],[113.54409383,49.20145917],[113.5406685,49.20864067],[113.54068267,49.2086875],[113.54063717,49.20876533],[113.54059967,49.20874583]]}},{"type":"Feature","id":"magarrow-actual-srvy0-acqu126","properties":{"project":"Nergui Undur","area":"Nergui Undur","sensor":"MagArrow","acquisition":"SRVY0-ACQU126","dataType":"actual_flight_track","plannedActual":"actual","status":"confirmed_source","date":"2026-09-23","startTime":"2026-09-23T03:16:48Z","endTime":"2026-09-23T03:46:29Z","sourceFile":"SRVY0-ACQU126.magdata","sourceUrl":"https://drive.google.com/drive/folders/1ctZs3rBgYtqIL9fa7J_C_L_y3LLSwXfX","sourceCrs":"EPSG:4326","displayCrs":"EPSG:4326","crsVerified":true,"pointCount":1781,"nmeaSource":"embedded GGA/RMC","sourceFingerprint":"a9555c94fbe6ece505000319"},"geometry":{"type":"LineString","coordinates":[[113.540596,49.20874433],[113.54466817,49.2090635],[113.54569383,49.20910533],[113.56065517,49.210138],[113.56055567,49.20131767],[113.56047533,49.20127117],[113.5599485,49.20129133],[113.55986883,49.20135333],[113.55990983,49.2101205],[113.55931417,49.21012983],[113.55924267,49.21006367],[113.5592325,49.2046285],[113.55918983,49.201397],[113.55914133,49.201348],[113.55886883,49.20143817],[113.5587675,49.2015145],[113.55508617,49.20309167],[113.5551435,49.21011183],[113.54092333,49.20878333],[113.54082033,49.20874333],[113.54061017,49.2087625]]}},{"type":"Feature","id":"magarrow-actual-srvy0-acqu127","properties":{"project":"Nergui Undur","area":"Nergui Undur","sensor":"MagArrow","acquisition":"SRVY0-ACQU127","dataType":"actual_flight_track","plannedActual":"actual","status":"confirmed_source","date":"2026-09-23","startTime":"2026-09-23T04:15:50Z","endTime":"2026-09-23T04:47:10Z","sourceFile":"SRVY0-ACQU127.magdata","sourceUrl":"https://drive.google.com/drive/folders/1ctZs3rBgYtqIL9fa7J_C_L_y3LLSwXfX","sourceCrs":"EPSG:4326","displayCrs":"EPSG:4326","crsVerified":true,"pointCount":1881,"nmeaSource":"embedded GGA/RMC","sourceFingerprint":"6ecd41da9910a00450b8c503"},"geometry":{"type":"LineString","coordinates":[[113.557424,49.18498733],[113.55629267,49.184171],[113.53442633,49.18444683],[113.53438267,49.18447],[113.53445317,49.18457633],[113.53847817,49.1890285],[113.53850667,49.19022967],[113.538505,49.19085833],[113.53844833,49.19090067],[113.53446817,49.19163417],[113.53438417,49.1915745],[113.534388,49.18906483],[113.53430533,49.189007],[113.53376533,49.18900617],[113.53370333,49.18904667],[113.53371583,49.19123667],[113.53356617,49.19126867],[113.51965333,49.1900525],[113.5180545,49.19003],[113.51798767,49.1900525],[113.51796167,49.19002283],[113.5178315,49.19004733],[113.51489267,49.18784117],[113.51158433,49.18787417],[113.52335467,49.18714517],[113.52331567,49.1871435],[113.52329383,49.18694583],[113.52336483,49.18756883],[113.52339467,49.18753983],[113.52359583,49.18754417]]}},{"type":"Feature","id":"magarrow-actual-srvy0-acqu128","properties":{"project":"Nergui Undur","area":"Nergui Undur","sensor":"MagArrow","acquisition":"SRVY0-ACQU128","dataType":"actual_flight_track","plannedActual":"actual","status":"confirmed_source","date":"2026-09-23","startTime":"2026-09-23T04:50:12Z","endTime":"2026-09-23T05:24:02Z","sourceFile":"SRVY0-ACQU128.magdata","sourceUrl":"https://drive.google.com/drive/folders/1ctZs3rBgYtqIL9fa7J_C_L_y3LLSwXfX","sourceCrs":"EPSG:4326","displayCrs":"EPSG:4326","crsVerified":true,"pointCount":2030,"nmeaSource":"embedded GGA/RMC","sourceFingerprint":"cf5590d33e718eda021eff0b"},"geometry":{"type":"LineString","coordinates":[[113.52369983,49.1875515],[113.523713,49.18751433],[113.52052083,49.18710633],[113.51849617,49.18690733],[113.51158217,49.1860715],[113.527818,49.1859065],[113.52787333,49.1858825],[113.5279355,49.18589117],[113.52790767,49.18592],[113.52795583,49.1859475],[113.52802383,49.18588867],[113.534283,49.18581283],[113.534368,49.18587417],[113.53436983,49.1862215],[113.53427233,49.18627],[113.51166583,49.18652983],[113.51160217,49.18657],[113.5116025,49.1869],[113.51160633,49.186956],[113.51169083,49.18698083],[113.534377,49.18670533],[113.53422233,49.18671183],[113.53418333,49.1863975],[113.53319917,49.18546767],[113.52854,49.18026783],[113.52864233,49.17993433],[113.52860083,49.1799175],[113.52883367,49.1797455]]}},{"type":"Feature","id":"magarrow-actual-srvy0-acqu129","properties":{"project":"Nergui Undur","area":"Nergui Undur","sensor":"MagArrow","acquisition":"SRVY0-ACQU129","dataType":"actual_flight_track","plannedActual":"actual","status":"confirmed_source","date":"2026-09-23","startTime":"2026-09-23T05:30:12Z","endTime":"2026-09-23T06:00:52Z","sourceFile":"SRVY0-ACQU129.magdata","sourceUrl":"https://drive.google.com/drive/folders/1ctZs3rBgYtqIL9fa7J_C_L_y3LLSwXfX","sourceCrs":"EPSG:4326","displayCrs":"EPSG:4326","crsVerified":true,"pointCount":1839,"nmeaSource":"embedded GGA/RMC","sourceFingerprint":"87c85c9e78f13ce05fe88256"},"geometry":{"type":"LineString","coordinates":[[113.528876,49.17973867],[113.52884467,49.17972633],[113.5275095,49.18184283],[113.53437133,49.18174667],[113.53687917,49.1803825],[113.53682783,49.18034017],[113.536699,49.180336],[113.52920533,49.18043933],[113.52988917,49.17911783],[113.53427667,49.179086],[113.53432183,49.179142],[113.53419967,49.1794835],[113.534272,49.17952433],[113.5362695,49.1795015],[113.536273,49.17943033],[113.53486667,49.17659933],[113.53473283,49.17642217],[113.53405517,49.17504917],[113.5336295,49.1749895],[113.5335465,49.175019],[113.52764233,49.1750135],[113.5224235,49.17413467],[113.53407133,49.1741295],[113.52097917,49.17139117],[113.5201725,49.17113633],[113.519003,49.171038],[113.518868,49.17105817],[113.5184785,49.1708935],[113.518379,49.17081567],[113.51829267,49.17063067],[113.51769267,49.16984167],[113.51772967,49.16985183]]}},{"type":"Feature","id":"magarrow-actual-srvy0-acqu13","properties":{"project":"Nergui Undur","area":"Nergui Undur","sensor":"MagArrow","acquisition":"SRVY0-ACQU13","dataType":"actual_flight_track","plannedActual":"actual","status":"confirmed_source","date":"2026-08-22","startTime":"2026-08-22T09:48:33Z","endTime":"2026-08-22T10:30:55Z","sourceFile":"SRVY0-ACQU13.magdata","sourceUrl":"https://drive.google.com/drive/folders/1ctZs3rBgYtqIL9fa7J_C_L_y3LLSwXfX","sourceCrs":"EPSG:4326","displayCrs":"EPSG:4326","crsVerified":true,"pointCount":2504,"nmeaSource":"embedded GGA/RMC"},"geometry":{"type":"LineString","coordinates":[[113.54047367,49.20845467],[113.54350583,49.21346867],[113.54331167,49.18914417],[113.54328383,49.189096],[113.54318183,49.18908917],[113.542684,49.18908717],[113.5426225,49.189158],[113.54282,49.21473183],[113.54281567,49.21379167],[113.54045333,49.2084285],[113.54050017,49.20847467],[113.54046867,49.2084645]]}},{"type":"Feature","id":"magarrow-actual-srvy0-acqu130","properties":{"project":"Nergui Undur","area":"Nergui Undur","sensor":"MagArrow","acquisition":"SRVY0-ACQU130","dataType":"actual_flight_track","plannedActual":"actual","status":"confirmed_source","date":"2026-09-23","startTime":"2026-09-23T06:03:10Z","endTime":"2026-09-23T06:22:39Z","sourceFile":"SRVY0-ACQU130.magdata","sourceUrl":"https://drive.google.com/drive/folders/1ctZs3rBgYtqIL9fa7J_C_L_y3LLSwXfX","sourceCrs":"EPSG:4326","displayCrs":"EPSG:4326","crsVerified":true,"pointCount":1170,"nmeaSource":"embedded GGA/RMC","sourceFingerprint":"8c3c956f4805219b271e745b"},"geometry":{"type":"LineString","coordinates":[[113.5177765,49.16987533],[113.51776967,49.16984333],[113.51586283,49.17035117],[113.50880433,49.17229617],[113.50878767,49.1722675],[113.50882617,49.17229733],[113.51864817,49.172304],[113.519224,49.17054183],[113.519122,49.17049733],[113.507985,49.1704985],[113.50711483,49.16872567],[113.50722817,49.16869017],[113.51787,49.1687135],[113.5177695,49.1698335],[113.517753,49.169808]]}},{"type":"Feature","id":"magarrow-actual-srvy0-acqu131","properties":{"project":"Nergui Undur","area":"Nergui Undur","sensor":"MagArrow","acquisition":"SRVY0-ACQU131","dataType":"actual_flight_track","plannedActual":"actual","status":"confirmed_source","date":"2026-09-23","startTime":"2026-09-23T06:59:38Z","endTime":"2026-09-23T07:39:07Z","sourceFile":"SRVY0-ACQU131.magdata","sourceUrl":"https://drive.google.com/drive/folders/1ctZs3rBgYtqIL9fa7J_C_L_y3LLSwXfX","sourceCrs":"EPSG:4326","displayCrs":"EPSG:4326","crsVerified":true,"pointCount":2366,"nmeaSource":"embedded GGA/RMC","sourceFingerprint":"d29d73560ff5a66f22d6d639"},"geometry":{"type":"LineString","coordinates":[[113.506689,49.14003717],[113.48907983,49.13333167],[113.48871283,49.1332245],[113.48266133,49.13092867],[113.48260317,49.130948],[113.48265717,49.13090983],[113.48323167,49.13114883],[113.48262917,49.13092283],[113.48262517,49.13095633],[113.48262733,49.1309155],[113.48264967,49.13096117],[113.48258933,49.130979],[113.48257217,49.13094817],[113.48267067,49.1309365],[113.482579,49.1309205],[113.482651,49.130911],[113.48266167,49.13094417],[113.48262483,49.130897],[113.4851385,49.1309145],[113.48539283,49.13262267],[113.485588,49.134422],[113.48561467,49.13450183],[113.48566433,49.134511],[113.49449783,49.134527],[113.504664,49.13544667],[113.52459983,49.13544917],[113.52764917,49.13545417],[113.52775617,49.135481],[113.5277935,49.13712567],[113.52774667,49.1372515],[113.52319333,49.13725017],[113.506883,49.1400005],[113.50683667,49.13996217],[113.50681867,49.14003583],[113.50674033,49.13999917],[113.50660633,49.1400405],[113.506681,49.1400115],[113.50673783,49.14009067],[113.506673,49.14008717]]}},{"type":"Feature","id":"magarrow-actual-srvy0-acqu132","properties":{"project":"Nergui Undur","area":"Nergui Undur","sensor":"MagArrow","acquisition":"SRVY0-ACQU132","dataType":"actual_flight_track","plannedActual":"actual","status":"confirmed_source","date":"2026-09-23","startTime":"2026-09-23T07:41:55Z","endTime":"2026-09-23T08:10:01Z","sourceFile":"SRVY0-ACQU132.magdata","sourceUrl":"https://drive.google.com/drive/folders/1ctZs3rBgYtqIL9fa7J_C_L_y3LLSwXfX","sourceCrs":"EPSG:4326","displayCrs":"EPSG:4326","crsVerified":true,"pointCount":1680,"nmeaSource":"embedded GGA/RMC","sourceFingerprint":"a696f69db71df9c904a0f125"},"geometry":{"type":"LineString","coordinates":[[113.50667233,49.14008967],[113.52327017,49.13725283],[113.52103733,49.137261],[113.520979,49.1372985],[113.52681867,49.14108033],[113.52644917,49.14105517],[113.526771,49.14103717],[113.527799,49.141715],[113.527734,49.1417605],[113.51409633,49.14175217],[113.505531,49.13994033],[113.50246567,49.13993167],[113.50239367,49.1399595],[113.49880017,49.14529367],[113.495076,49.145301],[113.49513917,49.1452495],[113.49561767,49.14520683],[113.50914833,49.14405933],[113.511074,49.14388933],[113.51106083,49.14386683],[113.51108133,49.14389167],[113.51104967,49.14380517],[113.51112917,49.14379567],[113.51098033,49.14379867]]}},{"type":"Feature","id":"magarrow-actual-srvy0-acqu133","properties":{"project":"Nergui Undur","area":"Nergui Undur","sensor":"MagArrow","acquisition":"SRVY0-ACQU133","dataType":"actual_flight_track","plannedActual":"actual","status":"confirmed_source","date":"2026-09-23","startTime":"2026-09-23T08:55:05Z","endTime":"2026-09-23T09:31:33Z","sourceFile":"SRVY0-ACQU133.magdata","sourceUrl":"https://drive.google.com/drive/folders/1ctZs3rBgYtqIL9fa7J_C_L_y3LLSwXfX","sourceCrs":"EPSG:4326","displayCrs":"EPSG:4326","crsVerified":true,"pointCount":2189,"nmeaSource":"embedded GGA/RMC","sourceFingerprint":"550ac37d362f31564e530186"},"geometry":{"type":"LineString","coordinates":[[113.55602583,49.1807425],[113.56943617,49.18219667],[113.56944783,49.1821605],[113.569445,49.18219883],[113.5563445,49.182376],[113.55626983,49.18229083],[113.55629983,49.18014067],[113.56931433,49.17996517],[113.56936633,49.17986517],[113.5693615,49.1790945],[113.56921683,49.1790635],[113.55630467,49.1792195],[113.55625717,49.17916483],[113.5562605,49.1783745],[113.55630983,49.17832817],[113.56930067,49.17815033],[113.56937917,49.17808833],[113.56935133,49.1772715],[113.56924533,49.17724017],[113.5563045,49.17742883],[113.556245,49.17746717],[113.55624717,49.17784167],[113.55614383,49.17788783],[113.54884233,49.17797017],[113.55571917,49.180635],[113.55571167,49.1805995],[113.55574533,49.18065717],[113.55581733,49.18063717],[113.55583583,49.18069717],[113.55590517,49.18069517],[113.55600517,49.18075983]]}},{"type":"Feature","id":"magarrow-actual-srvy0-acqu134","properties":{"project":"Nergui Undur","area":"Nergui Undur","sensor":"MagArrow","acquisition":"SRVY0-ACQU134","dataType":"actual_flight_track","plannedActual":"actual","status":"confirmed_source","date":"2026-09-23","startTime":"2026-09-23T09:37:58Z","endTime":"2026-09-23T10:17:12Z","sourceFile":"SRVY0-ACQU134.magdata","sourceUrl":"https://drive.google.com/drive/folders/1ctZs3rBgYtqIL9fa7J_C_L_y3LLSwXfX","sourceCrs":"EPSG:4326","displayCrs":"EPSG:4326","crsVerified":true,"pointCount":2354,"nmeaSource":"embedded GGA/RMC","sourceFingerprint":"bc07bbbc68d7f0bfb18fbca7"},"geometry":{"type":"LineString","coordinates":[[113.55597417,49.180736],[113.5560115,49.1807345],[113.55617367,49.17828483],[113.55615183,49.177619],[113.5562685,49.17516367],[113.56920967,49.17503383],[113.56927717,49.1749985],[113.56928433,49.1749195],[113.56927667,49.17417767],[113.569134,49.17413567],[113.5562955,49.17428983],[113.55622483,49.17419817],[113.55623017,49.17340133],[113.56926683,49.17322567],[113.54652117,49.1678315],[113.54653233,49.16785867],[113.54647017,49.16784833],[113.5508125,49.1678405],[113.5508505,49.16778083],[113.55085967,49.1660665],[113.550971,49.16603633],[113.5646855,49.16603517],[113.56465083,49.16590033],[113.564093,49.16516617],[113.56401517,49.1651435],[113.550992,49.16512933],[113.55091667,49.1651225],[113.55087867,49.16507217],[113.55088433,49.16484433],[113.55373717,49.16434167],[113.5552385,49.1641345],[113.56002233,49.16372617],[113.55998933,49.16373317],[113.560805,49.16363167],[113.560913,49.16363383],[113.56177933,49.16388417],[113.5618715,49.16392383],[113.56186167,49.16401217],[113.562048,49.163867],[113.56228167,49.163809],[113.5622085,49.16359033],[113.5621405,49.16363117],[113.562108,49.16359433]]}},{"type":"Feature","id":"magarrow-actual-srvy0-acqu135","properties":{"project":"Nergui Undur","area":"Nergui Undur","sensor":"MagArrow","acquisition":"SRVY0-ACQU135","dataType":"actual_flight_track","plannedActual":"actual","status":"confirmed_source","date":"2026-09-23","startTime":"2026-09-23T10:21:11Z","endTime":"2026-09-23T10:59:40Z","sourceFile":"SRVY0-ACQU135.magdata","sourceUrl":"https://drive.google.com/drive/folders/1ctZs3rBgYtqIL9fa7J_C_L_y3LLSwXfX","sourceCrs":"EPSG:4326","displayCrs":"EPSG:4326","crsVerified":true,"pointCount":2310,"nmeaSource":"embedded GGA/RMC","sourceFingerprint":"9691b2883a61216a3fca64d5"},"geometry":{"type":"LineString","coordinates":[[113.56212967,49.16358483],[113.55087517,49.1648605],[113.55087717,49.16489583],[113.550898,49.16427317],[113.55099633,49.16422633],[113.55503617,49.16425533],[113.56329833,49.16424217],[113.56337167,49.16418617],[113.562735,49.16335417],[113.56017983,49.16332917],[113.56016683,49.16324517],[113.56088317,49.16155583],[113.56134467,49.16153],[113.561366,49.16149617],[113.56071183,49.16063417],[113.5509625,49.16063733],[113.54314917,49.15704283],[113.55080683,49.157051],[113.55089033,49.15699633],[113.55084783,49.1562045],[113.55088917,49.15615367],[113.55777283,49.15616433],[113.55787567,49.1561405],[113.55402833,49.15165467],[113.53993767,49.15162417],[113.54938967,49.14895033],[113.55204567,49.1489575],[113.552062,49.14899983],[113.5519475,49.14887667]]}},{"type":"Feature","id":"magarrow-actual-srvy0-acqu136","properties":{"project":"Nergui Undur","area":"Nergui Undur","sensor":"MagArrow","acquisition":"SRVY0-ACQU136","dataType":"actual_flight_track","plannedActual":"actual","status":"confirmed_source","date":"2026-09-24","startTime":"2026-09-24T01:17:11Z","endTime":"2026-09-24T01:56:46Z","sourceFile":"SRVY0-ACQU136.magdata","sourceUrl":"https://drive.google.com/drive/folders/1ctZs3rBgYtqIL9fa7J_C_L_y3LLSwXfX","sourceCrs":"EPSG:4326","displayCrs":"EPSG:4326","crsVerified":true,"pointCount":2376,"nmeaSource":"embedded GGA/RMC","sourceFingerprint":"0bbb372f7547f027490cceee"},"geometry":{"type":"LineString","coordinates":[[113.5602285,49.19382867],[113.56348283,49.19691883],[113.563481,49.196961],[113.56348183,49.196894],[113.56348017,49.1969245],[113.55661383,49.196975],[113.55664017,49.1967595],[113.56343333,49.19668817],[113.5634415,49.19649367],[113.56335517,49.19646583],[113.55658167,49.19653267],[113.55656333,49.196367],[113.55662033,49.196319],[113.5633975,49.19623683],[113.563414,49.1960535],[113.56331117,49.196014],[113.55654517,49.19607783],[113.556579,49.19587033],[113.56333633,49.19580117],[113.56340017,49.19577333],[113.56339617,49.19560867],[113.563331,49.19557117],[113.55655267,49.195648],[113.55651717,49.19545917],[113.55659483,49.1954245],[113.56244483,49.1953645],[113.56331217,49.1953455],[113.5633715,49.1953035],[113.56335867,49.195137],[113.56327183,49.1951135],[113.55653083,49.1951865],[113.55647783,49.19514],[113.55646783,49.19498583],[113.5565605,49.19495467],[113.56320583,49.19489183],[113.5633275,49.19487017],[113.56333867,49.19472417],[113.56328467,49.194656],[113.55647333,49.19473967],[113.55644983,49.194498],[113.55645383,49.194544],[113.55642467,49.1945135],[113.556461,49.194507],[113.56418917,49.19442717],[113.560175,49.193841]]}},{"type":"Feature","id":"magarrow-actual-srvy0-acqu137","properties":{"project":"Nergui Undur","area":"Nergui Undur","sensor":"MagArrow","acquisition":"SRVY0-ACQU137","dataType":"actual_flight_track","plannedActual":"actual","status":"confirmed_source","date":"2026-09-24","startTime":"2026-09-24T02:00:39Z","endTime":"2026-09-24T02:39:19Z","sourceFile":"SRVY0-ACQU137.magdata","sourceUrl":"https://drive.google.com/drive/folders/1ctZs3rBgYtqIL9fa7J_C_L_y3LLSwXfX","sourceCrs":"EPSG:4326","displayCrs":"EPSG:4326","crsVerified":true,"pointCount":2321,"nmeaSource":"embedded GGA/RMC","sourceFingerprint":"b21868ceee4488fc8d15e1a1"},"geometry":{"type":"LineString","coordinates":[[113.56022683,49.1938345],[113.56018167,49.19384117],[113.56418633,49.19444683],[113.5642415,49.1943675],[113.56417717,49.19446517],[113.5641515,49.19443317],[113.56417967,49.1944545],[113.564239,49.1943915],[113.56428633,49.194411],[113.56425333,49.194443],[113.56417083,49.19441983],[113.56416433,49.194451],[113.56419817,49.19444667],[113.56415483,49.19441817],[113.5641875,49.19444417],[113.5641675,49.194421],[113.56671617,49.19440833],[113.56675867,49.19436767],[113.56676067,49.19421],[113.56668833,49.19417817],[113.55653867,49.19429833],[113.5564595,49.194273],[113.55644467,49.19416133],[113.556456,49.1940855],[113.5565085,49.19406617],[113.566686,49.193945],[113.566741,49.19390067],[113.56673183,49.19374017],[113.56661767,49.193716],[113.55649633,49.19384083],[113.556432,49.19380517],[113.55641533,49.1936945],[113.556419,49.19364217],[113.5565,49.19361783],[113.56665367,49.1934795],[113.56669683,49.19332267],[113.56664917,49.19325233],[113.55648333,49.1933835],[113.55641067,49.19337083],[113.556381,49.19320817],[113.55647017,49.1931535],[113.56666833,49.19303183],[113.56666633,49.19279383],[113.5564285,49.19294133],[113.55636633,49.19290433],[113.5563485,49.1927415],[113.55643333,49.19271583],[113.563382,49.192634],[113.560492,49.19368733]]}},{"type":"Feature","id":"magarrow-actual-srvy0-acqu138","properties":{"project":"Nergui Undur","area":"Nergui Undur","sensor":"MagArrow","acquisition":"SRVY0-ACQU138","dataType":"actual_flight_track","plannedActual":"actual","status":"confirmed_source","date":"2026-09-24","startTime":"2026-09-24T02:42:08Z","endTime":"2026-09-24T03:22:25Z","sourceFile":"SRVY0-ACQU138.magdata","sourceUrl":"https://drive.google.com/drive/folders/1ctZs3rBgYtqIL9fa7J_C_L_y3LLSwXfX","sourceCrs":"EPSG:4326","displayCrs":"EPSG:4326","crsVerified":true,"pointCount":2418,"nmeaSource":"embedded GGA/RMC","sourceFingerprint":"530c44cffa1b1a61026215fa"},"geometry":{"type":"LineString","coordinates":[[113.56021467,49.19380883],[113.5601645,49.19382467],[113.56335983,49.19263233],[113.56334517,49.19259083],[113.563366,49.192621],[113.5634195,49.19260667],[113.5633265,49.1926075],[113.56337067,49.19265917],[113.5633765,49.19261483],[113.56334783,49.19264333],[113.56661417,49.19259817],[113.56664467,49.19238283],[113.55984883,49.19245783],[113.5586555,49.1924445],[113.5586155,49.19247367],[113.556411,49.19249083],[113.55634833,49.192455],[113.55633567,49.192297],[113.55640633,49.19225867],[113.56656883,49.1921405],[113.566626,49.19210267],[113.5666295,49.1919475],[113.56654733,49.1919115],[113.55638783,49.19203967],[113.556326,49.19200567],[113.5563295,49.1918185],[113.5665495,49.19170267],[113.56660183,49.19165183],[113.56659267,49.1914975],[113.566506,49.19147217],[113.556301,49.1915975],[113.55627933,49.19135983],[113.56650917,49.19125433],[113.56657767,49.1912315],[113.56657217,49.191046],[113.56647783,49.191024],[113.556353,49.19114283],[113.55628117,49.19110767],[113.556296,49.19091817],[113.56651483,49.1908115],[113.56656517,49.19076233],[113.566555,49.19061],[113.56647017,49.19058],[113.564293,49.19061133],[113.56016067,49.19383033]]}},{"type":"Feature","id":"magarrow-actual-srvy0-acqu139","properties":{"project":"Nergui Undur","area":"Nergui Undur","sensor":"MagArrow","acquisition":"SRVY0-ACQU139","dataType":"actual_flight_track","plannedActual":"actual","status":"confirmed_source","date":"2026-09-24","startTime":"2026-09-24T03:25:23Z","endTime":"2026-09-24T04:04:16Z","sourceFile":"SRVY0-ACQU139.magdata","sourceUrl":"https://drive.google.com/drive/folders/1ctZs3rBgYtqIL9fa7J_C_L_y3LLSwXfX","sourceCrs":"EPSG:4326","displayCrs":"EPSG:4326","crsVerified":true,"pointCount":2332,"nmeaSource":"embedded GGA/RMC","sourceFingerprint":"8c8e6504627617d8caa89e86"},"geometry":{"type":"LineString","coordinates":[[113.5601925,49.19381833],[113.56415767,49.19072283],[113.56433317,49.19058867],[113.56439333,49.19059817],[113.5643305,49.190582],[113.564359,49.19063717],[113.5643525,49.19059133],[113.55629167,49.19070283],[113.55290567,49.1905145],[113.56626817,49.19036333],[113.566508,49.190345],[113.56649867,49.19013],[113.55278767,49.19028633],[113.566214,49.18901883],[113.56646683,49.18899317],[113.56645183,49.18895167],[113.56646833,49.1889985],[113.555227,49.18912867],[113.5528535,49.1891625],[113.55272933,49.18918933],[113.5527365,49.18935683],[113.55280383,49.18939217],[113.56631333,49.18921717],[113.56646883,49.189238],[113.56646783,49.18939933],[113.56637467,49.18945083],[113.555413,49.1895835],[113.56343033,49.18942283],[113.56353667,49.18942333],[113.563567,49.18947533]]}},{"type":"Feature","id":"magarrow-actual-srvy0-acqu14","properties":{"project":"Nergui Undur","area":"Nergui Undur","sensor":"MagArrow","acquisition":"SRVY0-ACQU14","dataType":"actual_flight_track","plannedActual":"actual","status":"confirmed_source","date":"2026-08-22","startTime":"2026-08-22T10:37:34Z","endTime":"2026-08-22T11:13:56Z","sourceFile":"SRVY0-ACQU14.magdata","sourceUrl":"https://drive.google.com/drive/folders/1ctZs3rBgYtqIL9fa7J_C_L_y3LLSwXfX","sourceCrs":"EPSG:4326","displayCrs":"EPSG:4326","crsVerified":true,"pointCount":2181,"nmeaSource":"embedded GGA/RMC"},"geometry":{"type":"LineString","coordinates":[[113.54043417,49.20845667],[113.540463,49.20844067],[113.54214367,49.2146405],[113.541945,49.18913467],[113.5419315,49.18908133],[113.54183983,49.189061],[113.54129717,49.18906333],[113.54125183,49.18916433],[113.5414545,49.21463117],[113.54046883,49.20842433],[113.540444,49.2084405]]}},{"type":"Feature","id":"magarrow-actual-srvy0-acqu140","properties":{"project":"Nergui Undur","area":"Nergui Undur","sensor":"MagArrow","acquisition":"SRVY0-ACQU140","dataType":"actual_flight_track","plannedActual":"actual","status":"confirmed_source","date":"2026-09-24","startTime":"2026-09-24T04:13:34Z","endTime":"2026-09-24T04:53:09Z","sourceFile":"SRVY0-ACQU140.magdata","sourceUrl":"https://drive.google.com/drive/folders/1ctZs3rBgYtqIL9fa7J_C_L_y3LLSwXfX","sourceCrs":"EPSG:4326","displayCrs":"EPSG:4326","crsVerified":true,"pointCount":2375,"nmeaSource":"embedded GGA/RMC","sourceFingerprint":"ec28f5633c5c5f72c9a8c75f"},"geometry":{"type":"LineString","coordinates":[[113.5636305,49.189441],[113.55543583,49.18957783],[113.555454,49.18953033],[113.55545083,49.18958733],[113.55540633,49.18950433],[113.55536717,49.18952217],[113.55545733,49.18958117],[113.55287117,49.18960667],[113.55278833,49.18961233],[113.552757,49.1896745],[113.55277583,49.18980367],[113.5528565,49.1898375],[113.56640667,49.18968217],[113.56650033,49.18972933],[113.56648533,49.18988383],[113.56641133,49.18990983],[113.56213817,49.18993983],[113.55275583,49.19008317],[113.56651233,49.18878983],[113.55279517,49.18895183],[113.5527185,49.188864],[113.55271133,49.18853583],[113.55281717,49.18849067],[113.56638517,49.18832917],[113.56644517,49.18825617],[113.5664165,49.18790267],[113.56620717,49.187879],[113.55276633,49.18804417],[113.552689,49.1880205],[113.55266383,49.18763217],[113.55279233,49.18759033],[113.5573635,49.18754433],[113.56357567,49.18947467],[113.56359817,49.18945133]]}},{"type":"Feature","id":"magarrow-actual-srvy0-acqu141","properties":{"project":"Nergui Undur","area":"Nergui Undur","sensor":"MagArrow","acquisition":"SRVY0-ACQU141","dataType":"actual_flight_track","plannedActual":"actual","status":"confirmed_source","date":"2026-09-24","startTime":"2026-09-24T04:56:03Z","endTime":"2026-09-24T05:36:09Z","sourceFile":"SRVY0-ACQU141.magdata","sourceUrl":"https://drive.google.com/drive/folders/1ctZs3rBgYtqIL9fa7J_C_L_y3LLSwXfX","sourceCrs":"EPSG:4326","displayCrs":"EPSG:4326","crsVerified":true,"pointCount":2406,"nmeaSource":"embedded GGA/RMC","sourceFingerprint":"588738e93a64ba9f721a1c13"},"geometry":{"type":"LineString","coordinates":[[113.56359983,49.189451],[113.56352667,49.189475],[113.56358767,49.18947167],[113.557301,49.1875295],[113.5572775,49.1874565],[113.557317,49.18750617],[113.5573255,49.1874635],[113.557285,49.1874825],[113.55734833,49.1875355],[113.55729583,49.18749283],[113.55732683,49.18753917],[113.55726417,49.187551],[113.557321,49.18752617],[113.56287317,49.18747317],[113.56296467,49.18739517],[113.56293067,49.187037],[113.56254817,49.187011],[113.55727017,49.18708167],[113.55716183,49.18706017],[113.557144,49.18708567],[113.55675833,49.18710167],[113.55272217,49.18714383],[113.552634,49.18706233],[113.55262217,49.18672817],[113.55269333,49.18669317],[113.56291817,49.1865685],[113.56288283,49.18610967],[113.562937,49.1861075],[113.55264917,49.1862545],[113.55258667,49.1861865],[113.55257417,49.18583133],[113.5526625,49.18580217],[113.56281433,49.185668],[113.56285967,49.18559017],[113.562833,49.18526033],[113.56273067,49.1852245],[113.552588,49.18534733],[113.55252667,49.185305],[113.55251517,49.18508683],[113.55251233,49.18492283],[113.55263583,49.184894],[113.56276817,49.1847695],[113.56280667,49.18469167],[113.562763,49.18433917],[113.56265133,49.18431783],[113.55256017,49.18444683],[113.55248667,49.18438033],[113.55249117,49.1840055],[113.55946783,49.18392017],[113.563577,49.18947017]]}},{"type":"Feature","id":"magarrow-actual-srvy0-acqu142","properties":{"project":"Nergui Undur","area":"Nergui Undur","sensor":"MagArrow","acquisition":"SRVY0-ACQU142","dataType":"actual_flight_track","plannedActual":"actual","status":"confirmed_source","date":"2026-09-24","startTime":"2026-09-24T05:39:28Z","endTime":"2026-09-24T06:21:38Z","sourceFile":"SRVY0-ACQU142.magdata","sourceUrl":"https://drive.google.com/drive/folders/1ctZs3rBgYtqIL9fa7J_C_L_y3LLSwXfX","sourceCrs":"EPSG:4326","displayCrs":"EPSG:4326","crsVerified":true,"pointCount":2531,"nmeaSource":"embedded GGA/RMC","sourceFingerprint":"e58dd7c6cedd76b5458c2e5c"},"geometry":{"type":"LineString","coordinates":[[113.563599,49.18945033],[113.56357067,49.18948367],[113.55941667,49.1839055],[113.5594485,49.18383483],[113.559397,49.18384317],[113.55940783,49.1839205],[113.56269133,49.18388883],[113.56275467,49.18384217],[113.56272983,49.18345817],[113.56259333,49.18342617],[113.55243233,49.18355367],[113.56271183,49.18297867],[113.562713,49.18301633],[113.562714,49.18296933],[113.55249967,49.183108],[113.5524105,49.1830355],[113.55239617,49.18270417],[113.55252917,49.18265267],[113.56263067,49.18253317],[113.5626815,49.182455],[113.56266433,49.18213133],[113.562546,49.18207667],[113.5524365,49.18221217],[113.55236633,49.1821455],[113.55234867,49.181797],[113.55245083,49.18175833],[113.56256467,49.18163783],[113.562637,49.181575],[113.562597,49.1812055],[113.5606855,49.18119833],[113.56055367,49.18122667],[113.5489245,49.18135117],[113.5488755,49.180945],[113.548986,49.18090367],[113.55904667,49.1807845],[113.5591495,49.18074933],[113.55914067,49.1803675],[113.559066,49.18033367],[113.55251533,49.18041783],[113.5520535,49.18000317],[113.551972,49.180011],[113.55189183,49.18008433],[113.55189067,49.180043],[113.55182767,49.18007017],[113.5518435,49.18010017]]}},{"type":"Feature","id":"magarrow-actual-srvy0-acqu143","properties":{"project":"Nergui Undur","area":"Nergui Undur","sensor":"MagArrow","acquisition":"SRVY0-ACQU143","dataType":"actual_flight_track","plannedActual":"actual","status":"confirmed_source","date":"2026-09-24","startTime":"2026-09-24T06:24:41Z","endTime":"2026-09-24T07:00:11Z","sourceFile":"SRVY0-ACQU143.magdata","sourceUrl":"https://drive.google.com/drive/folders/1ctZs3rBgYtqIL9fa7J_C_L_y3LLSwXfX","sourceCrs":"EPSG:4326","displayCrs":"EPSG:4326","crsVerified":true,"pointCount":2131,"nmeaSource":"embedded GGA/RMC","sourceFingerprint":"791974c6e588dcacf11e5fb0"},"geometry":{"type":"LineString","coordinates":[[113.55184217,49.180105],[113.55256167,49.18043133],[113.54883483,49.18045767],[113.55912383,49.179889],[113.55915917,49.1799295],[113.5591195,49.17987017],[113.559127,49.17989583],[113.54887233,49.1800115],[113.548827,49.1799765],[113.54881217,49.17959633],[113.549049,49.17955783],[113.559049,49.17943367],[113.55910817,49.17933983],[113.55908433,49.179009],[113.55883533,49.17898383],[113.54884483,49.17911633],[113.54879183,49.179046],[113.5487785,49.1786975],[113.54888933,49.1786645],[113.562398,49.1784975],[113.56248383,49.17841717],[113.5624665,49.17808533],[113.5623485,49.178049],[113.54877817,49.17822267],[113.54873583,49.1781655],[113.54873,49.17779367],[113.548823,49.17776917],[113.56265133,49.17759633]]}},{"type":"Feature","id":"magarrow-actual-srvy0-acqu144","properties":{"project":"Nergui Undur","area":"Nergui Undur","sensor":"MagArrow","acquisition":"SRVY0-ACQU144","dataType":"actual_flight_track","plannedActual":"actual","status":"confirmed_source","date":"2026-09-24","startTime":"2026-09-24T08:39:12Z","endTime":"2026-09-24T09:19:48Z","sourceFile":"SRVY0-ACQU144.magdata","sourceUrl":"https://drive.google.com/drive/folders/1ctZs3rBgYtqIL9fa7J_C_L_y3LLSwXfX","sourceCrs":"EPSG:4326","displayCrs":"EPSG:4326","crsVerified":true,"pointCount":2432,"nmeaSource":"embedded GGA/RMC","sourceFingerprint":"e35524cf3c9348818ddcc19a"},"geometry":{"type":"LineString","coordinates":[[113.56135167,49.1747905],[113.56139633,49.17479267],[113.54872283,49.17729433],[113.56240517,49.17713567],[113.56240933,49.17672667],[113.56230333,49.176693],[113.545324,49.17691267],[113.545253,49.17684667],[113.5452565,49.17668733],[113.54742217,49.17646183],[113.55228717,49.17587217],[113.54523733,49.1767055],[113.54520217,49.176665],[113.54524717,49.17671583],[113.54517967,49.17665883],[113.54524517,49.176665],[113.54524667,49.17670383],[113.54523217,49.176468],[113.54527117,49.17645267],[113.55889917,49.17629417],[113.55895467,49.17622067],[113.55893717,49.1758915],[113.55885267,49.17584117],[113.54528,49.176015],[113.54521133,49.1759245],[113.54520067,49.17559417],[113.54523867,49.17555983],[113.55893117,49.1753915],[113.5590675,49.17706367],[113.558566,49.17699817],[113.55558783,49.17643733],[113.55288533,49.17612267],[113.55286317,49.176227],[113.5528065,49.1762175],[113.55281483,49.17624283]]}},{"type":"Feature","id":"magarrow-actual-srvy0-acqu145","properties":{"project":"Nergui Undur","area":"Nergui Undur","sensor":"MagArrow","acquisition":"SRVY0-ACQU145","dataType":"actual_flight_track","plannedActual":"actual","status":"confirmed_source","date":"2026-09-24","startTime":"2026-09-24T09:42:44Z","endTime":"2026-09-24T10:24:40Z","sourceFile":"SRVY0-ACQU145.magdata","sourceUrl":"https://drive.google.com/drive/folders/1ctZs3rBgYtqIL9fa7J_C_L_y3LLSwXfX","sourceCrs":"EPSG:4326","displayCrs":"EPSG:4326","crsVerified":true,"pointCount":2517,"nmeaSource":"embedded GGA/RMC","sourceFingerprint":"6f2cfc7636a68787c1e743e4"},"geometry":{"type":"LineString","coordinates":[[113.56382917,49.18956533],[113.562711,49.19213983],[113.56075617,49.1969515],[113.55248167,49.172346],[113.549096,49.17363233],[113.549254,49.17357],[113.55018683,49.17463967],[113.54517133,49.17510733],[113.545156,49.17507617],[113.5451895,49.17510833],[113.5588085,49.174943],[113.55891117,49.17490483],[113.558889,49.1745295],[113.55880317,49.17448717],[113.55724783,49.17450067],[113.54522917,49.1746495],[113.5451635,49.17461517],[113.54514483,49.17423],[113.54526767,49.17420233],[113.55535733,49.17408133],[113.55543317,49.17400367],[113.55541717,49.173672],[113.5552975,49.1736345],[113.55063083,49.17368783],[113.5506895,49.174921],[113.550588,49.17490217]]}},{"type":"Feature","id":"magarrow-actual-srvy0-acqu146","properties":{"project":"Nergui Undur","area":"Nergui Undur","sensor":"MagArrow","acquisition":"SRVY0-ACQU146","dataType":"actual_flight_track","plannedActual":"actual","status":"confirmed_source","date":"2026-09-24","startTime":"2026-09-24T10:27:33Z","endTime":"2026-09-24T10:45:53Z","sourceFile":"SRVY0-ACQU146.magdata","sourceUrl":"https://drive.google.com/drive/folders/1ctZs3rBgYtqIL9fa7J_C_L_y3LLSwXfX","sourceCrs":"EPSG:4326","displayCrs":"EPSG:4326","crsVerified":true,"pointCount":1101,"nmeaSource":"embedded GGA/RMC","sourceFingerprint":"654f19565a2efebdee09f7e2"},"geometry":{"type":"LineString","coordinates":[[113.55058283,49.174904],[113.5506285,49.17490783],[113.55068833,49.1736465],[113.550674,49.17369817],[113.5452475,49.17374833],[113.54511033,49.1736975],[113.545111,49.1733235],[113.54520267,49.17329567],[113.55534283,49.17317283],[113.55538817,49.1731225],[113.55534533,49.17274283],[113.54515033,49.17285433],[113.5450645,49.17277567],[113.54506433,49.17242633],[113.54515433,49.1724015],[113.55535383,49.17227883],[113.554968,49.172135],[113.55504533,49.17214217]]}},{"type":"Feature","id":"magarrow-actual-srvy0-acqu147","properties":{"project":"Nergui Undur","area":"Nergui Undur","sensor":"MagArrow","acquisition":"SRVY0-ACQU147","dataType":"actual_flight_track","plannedActual":"actual","status":"confirmed_source","date":"2026-09-25","startTime":"2026-09-25T08:10:39Z","endTime":"2026-09-25T08:49:52Z","sourceFile":"SRVY0-ACQU147.magdata","sourceUrl":"https://drive.google.com/drive/folders/1ctZs3rBgYtqIL9fa7J_C_L_y3LLSwXfX","sourceCrs":"EPSG:4326","displayCrs":"EPSG:4326","crsVerified":true,"pointCount":2352,"nmeaSource":"embedded GGA/RMC","sourceFingerprint":"f6c8b2f3fed3e0cfbf52c159"},"geometry":{"type":"LineString","coordinates":[[113.54034483,49.20850533],[113.5403465,49.20847533],[113.541334,49.21096433],[113.54288767,49.21460433],[113.5415255,49.21461833],[113.5415135,49.214205],[113.54163383,49.21417733],[113.54280567,49.21415983],[113.54288083,49.21409883],[113.542855,49.213726],[113.54151433,49.21372683],[113.54147133,49.21367017],[113.54148183,49.21330567],[113.54159583,49.21328417],[113.5462985,49.21320783],[113.55448283,49.213004],[113.554495,49.21262017],[113.55445733,49.21257167],[113.54149833,49.212862],[113.54143667,49.21278967],[113.54143767,49.212463],[113.5415235,49.21240867],[113.554417,49.21213533],[113.55448383,49.21205583],[113.55447517,49.2117275],[113.55437183,49.21168417],[113.54150467,49.21196183],[113.541416,49.21188167],[113.54141833,49.21158017],[113.54152083,49.21150867],[113.55437,49.21122483],[113.55445317,49.2111615],[113.554449,49.210808],[113.55430317,49.21077283],[113.54139833,49.21105917],[113.5402535,49.208512],[113.5402855,49.20854067]]}},{"type":"Feature","id":"magarrow-actual-srvy0-acqu148","properties":{"project":"Nergui Undur","area":"Nergui Undur","sensor":"MagArrow","acquisition":"SRVY0-ACQU148","dataType":"actual_flight_track","plannedActual":"actual","status":"confirmed_source","date":"2026-09-25","startTime":"2026-09-25T08:52:54Z","endTime":"2026-09-25T09:31:49Z","sourceFile":"SRVY0-ACQU148.magdata","sourceUrl":"https://drive.google.com/drive/folders/1ctZs3rBgYtqIL9fa7J_C_L_y3LLSwXfX","sourceCrs":"EPSG:4326","displayCrs":"EPSG:4326","crsVerified":true,"pointCount":2336,"nmeaSource":"embedded GGA/RMC","sourceFingerprint":"6a38deaebef689165b06c72b"},"geometry":{"type":"LineString","coordinates":[[113.5402805,49.20854283],[113.54026817,49.2085095],[113.541394,49.21062833],[113.56259117,49.21015317],[113.562674,49.21014117],[113.56270183,49.21008117],[113.5627,49.20972583],[113.56257967,49.20969917],[113.54146133,49.21015683],[113.54140783,49.21008783],[113.5414085,49.209757],[113.541521,49.20970167],[113.56000217,49.209295],[113.5626365,49.20926533],[113.562702,49.20919567],[113.56269533,49.208888],[113.56266183,49.20881967],[113.56260933,49.20881117],[113.55971733,49.20885733],[113.55968267,49.20888583],[113.54140333,49.20927833],[113.54026833,49.20852533]]}},{"type":"Feature","id":"magarrow-actual-srvy0-acqu149","properties":{"project":"Nergui Undur","area":"Nergui Undur","sensor":"MagArrow","acquisition":"SRVY0-ACQU149","dataType":"actual_flight_track","plannedActual":"actual","status":"confirmed_source","date":"2026-09-25","startTime":"2026-09-25T09:35:00Z","endTime":"2026-09-25T10:15:14Z","sourceFile":"SRVY0-ACQU149.magdata","sourceUrl":"https://drive.google.com/drive/folders/1ctZs3rBgYtqIL9fa7J_C_L_y3LLSwXfX","sourceCrs":"EPSG:4326","displayCrs":"EPSG:4326","crsVerified":true,"pointCount":2412,"nmeaSource":"embedded GGA/RMC","sourceFingerprint":"1c1977891f9852918389a727"},"geometry":{"type":"LineString","coordinates":[[113.540292,49.20854717],[113.54027333,49.20851783],[113.5414,49.20882467],[113.56262183,49.20834783],[113.56267217,49.20829817],[113.56266617,49.2079375],[113.56256733,49.20789867],[113.5414615,49.20836533],[113.54140367,49.2082945],[113.54139733,49.20793683],[113.541566,49.20790517],[113.56258217,49.2074535],[113.56267583,49.20742733],[113.5626735,49.20704117],[113.56253683,49.20699483],[113.54140467,49.20746033],[113.54140667,49.20699633],[113.54243467,49.20696883],[113.54256033,49.20699783],[113.542782,49.206968],[113.54694017,49.20688017],[113.5483375,49.20688067],[113.548372,49.20683933],[113.5501505,49.206813],[113.55020367,49.20677867],[113.55026633,49.2068175],[113.55369,49.206741],[113.554267,49.206722],[113.554282,49.2066945],[113.55435267,49.20672783],[113.55958067,49.20660283],[113.54027133,49.20850783]]}},{"type":"Feature","id":"magarrow-actual-srvy0-acqu15","properties":{"project":"Nergui Undur","area":"Nergui Undur","sensor":"MagArrow","acquisition":"SRVY0-ACQU15","dataType":"actual_flight_track","plannedActual":"actual","status":"confirmed_source","date":"2026-08-23","startTime":"2026-08-23T07:56:35Z","endTime":"2026-08-23T08:31:43Z","sourceFile":"SRVY0-ACQU15.magdata","sourceUrl":"https://drive.google.com/drive/folders/1ctZs3rBgYtqIL9fa7J_C_L_y3LLSwXfX","sourceCrs":"EPSG:4326","displayCrs":"EPSG:4326","crsVerified":true,"pointCount":2109,"nmeaSource":"embedded GGA/RMC"},"geometry":{"type":"LineString","coordinates":[[113.54046883,49.20845667],[113.54072117,49.20557533],[113.5405705,49.18914317],[113.5404945,49.189081],[113.539952,49.18907883],[113.53988283,49.18914833],[113.53990067,49.19724133],[113.53994233,49.19729283],[113.53999667,49.2055315],[113.53991017,49.20560733],[113.53936567,49.20560883],[113.53930967,49.20551133],[113.5391905,49.18906217],[113.5392255,49.1902085],[113.54043967,49.2082445],[113.54046967,49.20842133],[113.54051433,49.20839733],[113.54053167,49.2084245]]}},{"type":"Feature","id":"magarrow-actual-srvy0-acqu150","properties":{"project":"Nergui Undur","area":"Nergui Undur","sensor":"MagArrow","acquisition":"SRVY0-ACQU150","dataType":"actual_flight_track","plannedActual":"actual","status":"confirmed_source","date":"2026-09-25","startTime":"2026-09-25T10:18:51Z","endTime":"2026-09-25T10:44:58Z","sourceFile":"SRVY0-ACQU150.magdata","sourceUrl":"https://drive.google.com/drive/folders/1ctZs3rBgYtqIL9fa7J_C_L_y3LLSwXfX","sourceCrs":"EPSG:4326","displayCrs":"EPSG:4326","crsVerified":true,"pointCount":1568,"nmeaSource":"embedded GGA/RMC","sourceFingerprint":"6d47fe161ca8672bb46ea6fc"},"geometry":{"type":"LineString","coordinates":[[113.54029383,49.2085315],[113.54029083,49.20850333],[113.55954883,49.2066005],[113.56260333,49.206539],[113.56268333,49.20649067],[113.56267067,49.20612183],[113.562526,49.20607533],[113.55952883,49.206169],[113.5577575,49.2061675],[113.55766817,49.2062045],[113.5414365,49.206544],[113.541392,49.20652317],[113.54138967,49.20616817],[113.5414255,49.20611267],[113.54150583,49.20609983],[113.562581,49.20562817],[113.56266617,49.20559067],[113.5626555,49.20523667],[113.56261167,49.205185],[113.56250883,49.20517417],[113.54135983,49.20564383],[113.54026917,49.208482],[113.54026417,49.20851067],[113.54031517,49.20850233],[113.54026267,49.20852283],[113.54035617,49.20854467],[113.54030733,49.20848167],[113.54029183,49.2085395]]}},{"type":"Feature","id":"magarrow-actual-srvy0-acqu151","properties":{"project":"Nergui Undur","area":"Nergui Undur","sensor":"MagArrow","acquisition":"SRVY0-ACQU151","dataType":"actual_flight_track","plannedActual":"actual","status":"confirmed_source","date":"2026-09-26","startTime":"2026-09-26T01:53:05Z","endTime":"2026-09-26T02:33:02Z","sourceFile":"SRVY0-ACQU151.magdata","sourceUrl":"https://drive.google.com/drive/folders/1ctZs3rBgYtqIL9fa7J_C_L_y3LLSwXfX","sourceCrs":"EPSG:4326","displayCrs":"EPSG:4326","crsVerified":true,"pointCount":2396,"nmeaSource":"embedded GGA/RMC","sourceFingerprint":"cd0180799722b8985209a12f"},"geometry":{"type":"LineString","coordinates":[[113.54020683,49.208538],[113.532808,49.20536533],[113.5374625,49.20528967],[113.56258167,49.20472517],[113.5626335,49.2046755],[113.5626205,49.204295],[113.5623655,49.20427733],[113.53284583,49.204931],[113.53277667,49.2048625],[113.53279033,49.20449617],[113.55758967,49.20393733],[113.5573685,49.20399233],[113.55711133,49.20400117],[113.5401205,49.2085515],[113.54016333,49.2085515]]}},{"type":"Feature","id":"magarrow-actual-srvy0-acqu152","properties":{"project":"Nergui Undur","area":"Nergui Undur","sensor":"MagArrow","acquisition":"SRVY0-ACQU152","dataType":"actual_flight_track","plannedActual":"actual","status":"confirmed_source","date":"2026-09-26","startTime":"2026-09-26T02:36:09Z","endTime":"2026-09-26T03:16:26Z","sourceFile":"SRVY0-ACQU152.magdata","sourceUrl":"https://drive.google.com/drive/folders/1ctZs3rBgYtqIL9fa7J_C_L_y3LLSwXfX","sourceCrs":"EPSG:4326","displayCrs":"EPSG:4326","crsVerified":true,"pointCount":2415,"nmeaSource":"embedded GGA/RMC","sourceFingerprint":"3fb767ec270844e24d278ead"},"geometry":{"type":"LineString","coordinates":[[113.5401635,49.20855767],[113.557562,49.203934],[113.56261317,49.20383083],[113.56260617,49.20337683],[113.53286883,49.20403717],[113.53278383,49.20403133],[113.53274467,49.2039515],[113.53275417,49.203596],[113.552589,49.203173],[113.55426583,49.20310933],[113.55429433,49.20313317],[113.55470617,49.20311783],[113.554707,49.20307683],[113.55478917,49.20311067],[113.562481,49.2029435],[113.56257267,49.20293067],[113.56260967,49.2028755],[113.562592,49.20251317],[113.56250533,49.20248967],[113.557373,49.20259483],[113.5431435,49.20291817],[113.5401275,49.20857417],[113.54014417,49.2085365],[113.540161,49.20855767]]}},{"type":"Feature","id":"magarrow-actual-srvy0-acqu153","properties":{"project":"Nergui Undur","area":"Nergui Undur","sensor":"MagArrow","acquisition":"SRVY0-ACQU153","dataType":"actual_flight_track","plannedActual":"actual","status":"confirmed_source","date":"2026-09-26","startTime":"2026-09-26T03:19:37Z","endTime":"2026-09-26T04:00:41Z","sourceFile":"SRVY0-ACQU153.magdata","sourceUrl":"https://drive.google.com/drive/folders/1ctZs3rBgYtqIL9fa7J_C_L_y3LLSwXfX","sourceCrs":"EPSG:4326","displayCrs":"EPSG:4326","crsVerified":true,"pointCount":2465,"nmeaSource":"embedded GGA/RMC","sourceFingerprint":"45813d3ad9b638a5c9069b21"},"geometry":{"type":"LineString","coordinates":[[113.54016083,49.20856767],[113.54012733,49.20856083],[113.54318017,49.20290967],[113.53273283,49.20314583],[113.53270633,49.20267717],[113.53676017,49.20262867],[113.53962983,49.2025315],[113.56205117,49.20205217],[113.562065,49.2020265],[113.56216633,49.20204617],[113.5625765,49.20200883],[113.5625695,49.20160283],[113.5623465,49.20157033],[113.54944983,49.201887],[113.53283517,49.2022395],[113.53272967,49.20223683],[113.53269083,49.202179],[113.53270533,49.20180917],[113.54326667,49.20155783],[113.54012767,49.20856217],[113.5401725,49.2085475]]}},{"type":"Feature","id":"magarrow-actual-srvy0-acqu154","properties":{"project":"Nergui Undur","area":"Nergui Undur","sensor":"MagArrow","acquisition":"SRVY0-ACQU154","dataType":"actual_flight_track","plannedActual":"actual","status":"confirmed_source","date":"2026-09-26","startTime":"2026-09-26T04:03:55Z","endTime":"2026-09-26T04:43:33Z","sourceFile":"SRVY0-ACQU154.magdata","sourceUrl":"https://drive.google.com/drive/folders/1ctZs3rBgYtqIL9fa7J_C_L_y3LLSwXfX","sourceCrs":"EPSG:4326","displayCrs":"EPSG:4326","crsVerified":true,"pointCount":2379,"nmeaSource":"embedded GGA/RMC","sourceFingerprint":"0f7af2291e6238ab6f0749e3"},"geometry":{"type":"LineString","coordinates":[[113.5401715,49.20853817],[113.54013033,49.208537],[113.54014583,49.20849733],[113.5432395,49.201524],[113.55506933,49.20128467],[113.5482265,49.20225467],[113.555067,49.20083317],[113.53280467,49.201318],[113.53274017,49.20131783],[113.53267117,49.20125033],[113.53267783,49.20089167],[113.54378867,49.20061783],[113.551479,49.2004885],[113.551553,49.20045817],[113.55233783,49.200466],[113.55234683,49.20043267],[113.55495067,49.200396],[113.5550415,49.20034683],[113.55501,49.19996433],[113.548626,49.20006467],[113.54858183,49.20009017],[113.53615117,49.2003565],[113.54014,49.20855917]]}},{"type":"Feature","id":"magarrow-actual-srvy0-acqu155","properties":{"project":"Nergui Undur","area":"Nergui Undur","sensor":"MagArrow","acquisition":"SRVY0-ACQU155","dataType":"actual_flight_track","plannedActual":"actual","status":"confirmed_source","date":"2026-09-26","startTime":"2026-09-26T04:46:30Z","endTime":"2026-09-26T05:24:52Z","sourceFile":"SRVY0-ACQU155 (1).magdata","sourceUrl":"https://drive.google.com/drive/folders/1ctZs3rBgYtqIL9fa7J_C_L_y3LLSwXfX","sourceCrs":"EPSG:4326","displayCrs":"EPSG:4326","crsVerified":true,"pointCount":2302,"nmeaSource":"embedded GGA/RMC","sourceFingerprint":"695af1937cabac9763bec0ed"},"geometry":{"type":"LineString","coordinates":[[113.54016267,49.2085395],[113.53618533,49.20033733],[113.532707,49.2004275],[113.5326365,49.20036],[113.53264533,49.19999917],[113.53275333,49.19997317],[113.55500117,49.199485],[113.55499283,49.19903283],[113.5326675,49.199525],[113.53261783,49.19944667],[113.53262183,49.19908867],[113.55489817,49.19859417],[113.55498233,49.1985355],[113.55495317,49.19816033],[113.55486917,49.1981385],[113.54518767,49.198346],[113.54521083,49.19837367],[113.54473333,49.1993115],[113.54488383,49.19907433],[113.54491183,49.1989735],[113.54180817,49.20520117],[113.54186133,49.20513983],[113.54188683,49.20518017],[113.540103,49.20853]]}},{"type":"Feature","id":"magarrow-actual-srvy0-acqu156","properties":{"project":"Nergui Undur","area":"Nergui Undur","sensor":"MagArrow","acquisition":"SRVY0-ACQU156","dataType":"actual_flight_track","plannedActual":"actual","status":"confirmed_source","date":"2026-09-26","startTime":"2026-09-26T05:37:04Z","endTime":"2026-09-26T06:24:04Z","sourceFile":"SRVY0-ACQU156.magdata","sourceUrl":"https://drive.google.com/drive/folders/1ctZs3rBgYtqIL9fa7J_C_L_y3LLSwXfX","sourceCrs":"EPSG:4326","displayCrs":"EPSG:4326","crsVerified":true,"pointCount":2814,"nmeaSource":"embedded GGA/RMC","sourceFingerprint":"a916211ca7b3f1ba52790507"},"geometry":{"type":"LineString","coordinates":[[113.540223,49.20852983],[113.54017283,49.2085255],[113.54152867,49.20589983],[113.54528667,49.19833817],[113.532659,49.1986295],[113.53259733,49.1985625],[113.53260067,49.19820583],[113.532689,49.19817867],[113.53795283,49.198059],[113.554956,49.19770283],[113.55494583,49.19723467],[113.53263567,49.19773483],[113.53257733,49.1976635],[113.53256683,49.1973195],[113.5326745,49.19727917],[113.53915533,49.19716433],[113.55478967,49.19680933],[113.5548875,49.1967905],[113.5549085,49.19671017],[113.554875,49.1963775],[113.55464917,49.1963545],[113.54627033,49.19652867],[113.545391,49.19865767],[113.5441135,49.2013325],[113.540565,49.207733],[113.54060917,49.20773433],[113.54044833,49.20796383],[113.54028333,49.20841917],[113.54015333,49.208541]]}},{"type":"Feature","id":"magarrow-actual-srvy0-acqu157","properties":{"project":"Nergui Undur","area":"Nergui Undur","sensor":"MagArrow","acquisition":"SRVY0-ACQU157","dataType":"actual_flight_track","plannedActual":"actual","status":"confirmed_source","date":"2026-09-26","startTime":"2026-09-26T06:50:40Z","endTime":"2026-09-26T07:26:01Z","sourceFile":"SRVY0-ACQU157.magdata","sourceUrl":"https://drive.google.com/drive/folders/1ctZs3rBgYtqIL9fa7J_C_L_y3LLSwXfX","sourceCrs":"EPSG:4326","displayCrs":"EPSG:4326","crsVerified":true,"pointCount":2120,"nmeaSource":"embedded GGA/RMC","sourceFingerprint":"8b9f16112e802654ff14455b"},"geometry":{"type":"LineString","coordinates":[[113.54020133,49.20853733],[113.54637533,49.196518],[113.54195867,49.19665383],[113.532651,49.19685883],[113.53255567,49.1968135],[113.53255383,49.19643533],[113.5326605,49.19640117],[113.53728883,49.19632933],[113.55479567,49.19591767],[113.55486317,49.19585567],[113.55483483,49.1954735],[113.53255667,49.19594267],[113.53248317,49.19587533],[113.53247683,49.195525],[113.53258517,49.19548667],[113.54487983,49.19524233],[113.54009783,49.20854833],[113.5401355,49.20856033]]}},{"type":"Feature","id":"magarrow-actual-srvy0-acqu158","properties":{"project":"Nergui Undur","area":"Nergui Undur","sensor":"MagArrow","acquisition":"SRVY0-ACQU158","dataType":"actual_flight_track","plannedActual":"actual","status":"confirmed_source","date":"2026-09-26","startTime":"2026-09-26T07:28:38Z","endTime":"2026-09-26T08:09:05Z","sourceFile":"SRVY0-ACQU158.magdata","sourceUrl":"https://drive.google.com/drive/folders/1ctZs3rBgYtqIL9fa7J_C_L_y3LLSwXfX","sourceCrs":"EPSG:4326","displayCrs":"EPSG:4326","crsVerified":true,"pointCount":2428,"nmeaSource":"embedded GGA/RMC","sourceFingerprint":"16b87df4af30501421113913"},"geometry":{"type":"LineString","coordinates":[[113.540135,49.20856017],[113.54009433,49.20856717],[113.5448595,49.19521983],[113.55486133,49.19500717],[113.548242,49.19472067],[113.54812467,49.1947185],[113.54812433,49.19474483],[113.548136,49.1947145],[113.53254917,49.19506633],[113.53248883,49.1950205],[113.53248167,49.19466717],[113.53259183,49.19461],[113.54809883,49.194279],[113.54815317,49.1942035],[113.5481435,49.1938575],[113.54806283,49.19382817],[113.53253583,49.194167],[113.53246167,49.19408483],[113.53246,49.19374067],[113.53270733,49.193711],[113.54377617,49.193474],[113.5401765,49.20846583],[113.5401125,49.20856433],[113.540159,49.20857]]}},{"type":"Feature","id":"magarrow-actual-srvy0-acqu159","properties":{"project":"Nergui Undur","area":"Nergui Undur","sensor":"MagArrow","acquisition":"SRVY0-ACQU159","dataType":"actual_flight_track","plannedActual":"actual","status":"confirmed_source","date":"2026-09-26","startTime":"2026-09-26T08:11:55Z","endTime":"2026-09-26T08:47:45Z","sourceFile":"SRVY0-ACQU159.magdata","sourceUrl":"https://drive.google.com/drive/folders/1ctZs3rBgYtqIL9fa7J_C_L_y3LLSwXfX","sourceCrs":"EPSG:4326","displayCrs":"EPSG:4326","crsVerified":true,"pointCount":2151,"nmeaSource":"embedded GGA/RMC","sourceFingerprint":"a86248f603e35a8b098647fc"},"geometry":{"type":"LineString","coordinates":[[113.54014217,49.20857667],[113.54373583,49.19346017],[113.54809517,49.19338983],[113.54815533,49.19332017],[113.548137,49.19298883],[113.5480375,49.19293967],[113.54674517,49.1929615],[113.53243167,49.19327667],[113.53242,49.19281967],[113.54804067,49.192484],[113.54811083,49.19246183],[113.5481485,49.1923895],[113.54812767,49.19205917],[113.54804683,49.19202933],[113.53246917,49.19235533],[113.53241433,49.19230467],[113.532407,49.19195367],[113.53247117,49.19191067],[113.53263317,49.19189933],[113.5480695,49.19156383],[113.5479955,49.19171383],[113.54808917,49.19170283],[113.540217,49.20838633]]}},{"type":"Feature","id":"magarrow-actual-srvy0-acqu16","properties":{"project":"Nergui Undur","area":"Nergui Undur","sensor":"MagArrow","acquisition":"SRVY0-ACQU16","dataType":"actual_flight_track","plannedActual":"actual","status":"confirmed_source","date":"2026-08-23","startTime":"2026-08-23T10:02:50Z","endTime":"2026-08-23T10:37:50Z","sourceFile":"SRVY0-ACQU16.magdata","sourceUrl":"https://drive.google.com/drive/folders/1ctZs3rBgYtqIL9fa7J_C_L_y3LLSwXfX","sourceCrs":"EPSG:4326","displayCrs":"EPSG:4326","crsVerified":true,"pointCount":2101,"nmeaSource":"embedded GGA/RMC"},"geometry":{"type":"LineString","coordinates":[[113.54047483,49.20842683],[113.54076017,49.20565233],[113.54058117,49.18907783],[113.54050183,49.18904617],[113.539963,49.189045],[113.53989017,49.189128],[113.54000867,49.20553117],[113.53988417,49.2055825],[113.53938,49.2055835],[113.53932383,49.20551117],[113.53921733,49.18903683],[113.54048367,49.20824633],[113.5404255,49.20825783],[113.54046567,49.2082955]]}},{"type":"Feature","id":"magarrow-actual-srvy0-acqu160","properties":{"project":"Nergui Undur","area":"Nergui Undur","sensor":"MagArrow","acquisition":"SRVY0-ACQU160","dataType":"actual_flight_track","plannedActual":"actual","status":"confirmed_source","date":"2026-09-26","startTime":"2026-09-26T08:50:22Z","endTime":"2026-09-26T09:27:56Z","sourceFile":"SRVY0-ACQU160.magdata","sourceUrl":"https://drive.google.com/drive/folders/1ctZs3rBgYtqIL9fa7J_C_L_y3LLSwXfX","sourceCrs":"EPSG:4326","displayCrs":"EPSG:4326","crsVerified":true,"pointCount":2254,"nmeaSource":"embedded GGA/RMC","sourceFingerprint":"347bb3173b4294a15b97a945"},"geometry":{"type":"LineString","coordinates":[[113.54014867,49.2085625],[113.54801117,49.19155367],[113.54804867,49.191571],[113.54811917,49.19152017],[113.5481,49.19113817],[113.54798367,49.19111217],[113.53978733,49.19128367],[113.5324565,49.19146583],[113.532376,49.19140117],[113.53237,49.19105217],[113.53250783,49.19100767],[113.54811383,49.19067167],[113.54811067,49.19020633],[113.53244917,49.19055833],[113.532358,49.1905025],[113.53234683,49.19015217],[113.53240533,49.190109],[113.53252933,49.190105],[113.5480185,49.1897665],[113.548094,49.18968333],[113.54809167,49.189352],[113.54802267,49.18931967],[113.54142567,49.18945767],[113.54145983,49.18948717],[113.54013683,49.20857617]]}},{"type":"Feature","id":"magarrow-actual-srvy0-acqu161","properties":{"project":"Nergui Undur","area":"Nergui Undur","sensor":"MagArrow","acquisition":"SRVY0-ACQU161","dataType":"actual_flight_track","plannedActual":"actual","status":"confirmed_source","date":"2026-09-26","startTime":"2026-09-26T09:39:09Z","endTime":"2026-09-26T10:17:24Z","sourceFile":"SRVY0-ACQU161.magdata","sourceUrl":"https://drive.google.com/drive/folders/1ctZs3rBgYtqIL9fa7J_C_L_y3LLSwXfX","sourceCrs":"EPSG:4326","displayCrs":"EPSG:4326","crsVerified":true,"pointCount":2296,"nmeaSource":"embedded GGA/RMC","sourceFingerprint":"009502a4e34fc83929088e92"},"geometry":{"type":"LineString","coordinates":[[113.5402005,49.208535],[113.54015867,49.20853967],[113.541501,49.18944617],[113.53232767,49.18964933],[113.55507,49.20132017],[113.56257117,49.20112567],[113.56257567,49.20092967],[113.562497,49.20090267],[113.55516167,49.201068],[113.55507767,49.20106667],[113.55504233,49.2010135],[113.55504517,49.20088233],[113.55510983,49.20083867],[113.56253333,49.20068467],[113.5625775,49.20063217],[113.56256583,49.20050033],[113.562509,49.20045733],[113.55508717,49.200616],[113.555023,49.20054233],[113.55507567,49.20038733],[113.56249667,49.20023283],[113.56257283,49.20016767],[113.56256483,49.20004167],[113.56250033,49.20000433],[113.5551195,49.2001595],[113.555048,49.20015517],[113.55500917,49.20009583],[113.55502,49.19996267],[113.55509117,49.19993117],[113.56250833,49.19978717],[113.56257733,49.19976217],[113.5625715,49.19959783],[113.56251033,49.1995545],[113.55508717,49.19971133],[113.55501183,49.199693],[113.555002,49.19962983],[113.54017283,49.20849683]]}},{"type":"Feature","id":"magarrow-actual-srvy0-acqu162","properties":{"project":"Nergui Undur","area":"Nergui Undur","sensor":"MagArrow","acquisition":"SRVY0-ACQU162","dataType":"actual_flight_track","plannedActual":"actual","status":"confirmed_source","date":"2026-09-26","startTime":"2026-09-26T10:20:30Z","endTime":"2026-09-26T10:37:48Z","sourceFile":"SRVY0-ACQU162.magdata","sourceUrl":"https://drive.google.com/drive/folders/1ctZs3rBgYtqIL9fa7J_C_L_y3LLSwXfX","sourceCrs":"EPSG:4326","displayCrs":"EPSG:4326","crsVerified":true,"pointCount":1037,"nmeaSource":"embedded GGA/RMC","sourceFingerprint":"fdd115fe7c5f3f42fda36bea"},"geometry":{"type":"LineString","coordinates":[[113.5401525,49.20854167],[113.54011467,49.2085425],[113.555018,49.19963583],[113.55501883,49.19949183],[113.56248167,49.1993225],[113.56256083,49.19930583],[113.5625865,49.199231],[113.56257233,49.19912683],[113.562494,49.19908767],[113.55504867,49.19925217],[113.554975,49.19919033],[113.5549895,49.19904367],[113.55503817,49.199022],[113.562595,49.198867],[113.5621035,49.19901833],[113.54010517,49.20854167],[113.54031283,49.20857933]]}},{"type":"Feature","id":"magarrow-actual-srvy0-acqu163","properties":{"project":"Nergui Undur","area":"Nergui Undur","sensor":"MagArrow","acquisition":"SRVY0-ACQU163","dataType":"actual_flight_track","plannedActual":"actual","status":"confirmed_source","date":"2026-09-27","startTime":"2026-09-27T01:08:12Z","endTime":"2026-09-27T01:42:06Z","sourceFile":"SRVY0-ACQU163.magdata","sourceUrl":"https://drive.google.com/drive/folders/1ctZs3rBgYtqIL9fa7J_C_L_y3LLSwXfX","sourceCrs":"EPSG:4326","displayCrs":"EPSG:4326","crsVerified":true,"pointCount":2035,"nmeaSource":"embedded GGA/RMC","sourceFingerprint":"d45f0f22431c75b2ddcad4e8"},"geometry":{"type":"LineString","coordinates":[[113.5402085,49.20854567],[113.54014983,49.20850933],[113.53927933,49.2062195],[113.53895783,49.20558883],[113.53237683,49.18964633],[113.51785267,49.18983817],[113.5178045,49.18978833],[113.517811,49.18941467],[113.517898,49.18938567],[113.5197315,49.1893545],[113.53242567,49.18919933],[113.54815167,49.18884983],[113.51779067,49.19028367],[113.517821,49.19030817],[113.5178205,49.19027433],[113.531054,49.19011133],[113.540137,49.20844917]]}},{"type":"Feature","id":"magarrow-actual-srvy0-acqu164","properties":{"project":"Nergui Undur","area":"Nergui Undur","sensor":"MagArrow","acquisition":"SRVY0-ACQU164","dataType":"actual_flight_track","plannedActual":"actual","status":"confirmed_source","date":"2026-09-27","startTime":"2026-09-27T01:45:47Z","endTime":"2026-09-27T02:20:20Z","sourceFile":"SRVY0-ACQU164.magdata","sourceUrl":"https://drive.google.com/drive/folders/1ctZs3rBgYtqIL9fa7J_C_L_y3LLSwXfX","sourceCrs":"EPSG:4326","displayCrs":"EPSG:4326","crsVerified":true,"pointCount":2074,"nmeaSource":"embedded GGA/RMC","sourceFingerprint":"5b1f69f89cdd82056a0ff171"},"geometry":{"type":"LineString","coordinates":[[113.5402155,49.20855317],[113.5390885,49.20620617],[113.53872417,49.20558183],[113.53099317,49.190099],[113.53238317,49.19011233],[113.53240817,49.19049717],[113.532295,49.19054883],[113.5178475,49.19074],[113.5178305,49.19115383],[113.51791417,49.19117883],[113.5324115,49.19102067],[113.53243517,49.19140833],[113.532339,49.19145183],[113.51788333,49.19162833],[113.5178325,49.19170617],[113.5178335,49.19203383],[113.517977,49.19207567],[113.53246217,49.19190033],[113.517817,49.19252933],[113.52035567,49.19249017],[113.520514,49.1926335],[113.520557,49.19277267],[113.5226165,49.19441867],[113.52274267,49.19447683],[113.52271217,49.19446383],[113.5399315,49.2083525]]}},{"type":"Feature","id":"magarrow-actual-srvy0-acqu165","properties":{"project":"Nergui Undur","area":"Nergui Undur","sensor":"MagArrow","acquisition":"SRVY0-ACQU165","dataType":"actual_flight_track","plannedActual":"actual","status":"confirmed_source","date":"2026-09-27","startTime":"2026-09-27T02:25:11Z","endTime":"2026-09-27T03:03:04Z","sourceFile":"SRVY0-ACQU165.magdata","sourceUrl":"https://drive.google.com/drive/folders/1ctZs3rBgYtqIL9fa7J_C_L_y3LLSwXfX","sourceCrs":"EPSG:4326","displayCrs":"EPSG:4326","crsVerified":true,"pointCount":2272,"nmeaSource":"embedded GGA/RMC","sourceFingerprint":"282be32a5dda8ca0c686eeae"},"geometry":{"type":"LineString","coordinates":[[113.540225,49.208548],[113.53937783,49.20788733],[113.53813833,49.20681617],[113.53744983,49.20631917],[113.53525217,49.20455417],[113.52032017,49.19248867],[113.532412,49.19238217],[113.53243917,49.19276433],[113.53232733,49.19281383],[113.5178225,49.19298567],[113.51780783,49.19339933],[113.51791983,49.19342633],[113.53242117,49.1932615],[113.53247183,49.193669],[113.53232583,49.19371067],[113.51785967,49.19388017],[113.517815,49.1939335],[113.5178225,49.1943155],[113.523546,49.19427217],[113.5324815,49.194144],[113.53259967,49.19865117],[113.53253717,49.198649],[113.532605,49.19865783],[113.52848067,49.19868883],[113.5401535,49.20855333]]}},{"type":"Feature","id":"magarrow-actual-srvy0-acqu166","properties":{"project":"Nergui Undur","area":"Nergui Undur","sensor":"MagArrow","acquisition":"SRVY0-ACQU166","dataType":"actual_flight_track","plannedActual":"actual","status":"confirmed_source","date":"2026-09-27","startTime":"2026-09-27T03:06:07Z","endTime":"2026-09-27T03:44:48Z","sourceFile":"SRVY0-ACQU166.magdata","sourceUrl":"https://drive.google.com/drive/folders/1ctZs3rBgYtqIL9fa7J_C_L_y3LLSwXfX","sourceCrs":"EPSG:4326","displayCrs":"EPSG:4326","crsVerified":true,"pointCount":2322,"nmeaSource":"embedded GGA/RMC","sourceFingerprint":"658d78d22ce5598e95d5d880"},"geometry":{"type":"LineString","coordinates":[[113.54017867,49.20854933],[113.53993583,49.20839083],[113.53784883,49.20656267],[113.53719167,49.2060645],[113.52851167,49.19868717],[113.5180125,49.19883517],[113.51788033,49.19878967],[113.51788,49.198432],[113.51801467,49.19838067],[113.532541,49.19820167],[113.53260017,49.19815767],[113.5325835,49.19780517],[113.53249233,49.19775],[113.51795867,49.19792867],[113.51786283,49.1978595],[113.517873,49.19751167],[113.51798267,49.19747567],[113.5324905,49.1973095],[113.532572,49.19722083],[113.532521,49.1968665],[113.517842,49.197024],[113.5178295,49.194762],[113.52888467,49.19462767],[113.54004533,49.20843867]]}},{"type":"Feature","id":"magarrow-actual-srvy0-acqu167","properties":{"project":"Nergui Undur","area":"Nergui Undur","sensor":"MagArrow","acquisition":"SRVY0-ACQU167","dataType":"actual_flight_track","plannedActual":"actual","status":"confirmed_source","date":"2026-09-27","startTime":"2026-09-27T03:47:49Z","endTime":"2026-09-27T04:26:51Z","sourceFile":"SRVY0-ACQU167.magdata","sourceUrl":"https://drive.google.com/drive/folders/1ctZs3rBgYtqIL9fa7J_C_L_y3LLSwXfX","sourceCrs":"EPSG:4326","displayCrs":"EPSG:4326","crsVerified":true,"pointCount":2343,"nmeaSource":"embedded GGA/RMC","sourceFingerprint":"6d9b928f73298ea546ec5e6e"},"geometry":{"type":"LineString","coordinates":[[113.54017067,49.20855433],[113.540128,49.208557],[113.53857267,49.2065405],[113.53766233,49.20551017],[113.5288505,49.19462533],[113.53247667,49.19460917],[113.53249717,49.19502633],[113.53237567,49.195049],[113.5265465,49.19509883],[113.517855,49.1952345],[113.51785717,49.19565283],[113.51795083,49.19567267],[113.5324845,49.195492],[113.5325285,49.19554817],[113.532536,49.195899],[113.53243217,49.19594417],[113.51789533,49.19612067],[113.51784783,49.1961975],[113.51785317,49.19652633],[113.51796367,49.1965685],[113.53255217,49.19639133],[113.53260333,49.19865367],[113.517934,49.19882083],[113.5178785,49.19876833],[113.5401695,49.20854917]]}},{"type":"Feature","id":"magarrow-actual-srvy0-acqu168","properties":{"project":"Nergui Undur","area":"Nergui Undur","sensor":"MagArrow","acquisition":"SRVY0-ACQU168","dataType":"actual_flight_track","plannedActual":"actual","status":"confirmed_source","date":"2026-09-27","startTime":"2026-09-27T04:32:32Z","endTime":"2026-09-27T05:12:35Z","sourceFile":"SRVY0-ACQU168.magdata","sourceUrl":"https://drive.google.com/drive/folders/1ctZs3rBgYtqIL9fa7J_C_L_y3LLSwXfX","sourceCrs":"EPSG:4326","displayCrs":"EPSG:4326","crsVerified":true,"pointCount":2403,"nmeaSource":"embedded GGA/RMC","sourceFingerprint":"d016a6ad9f50b8608be7c4c6"},"geometry":{"type":"LineString","coordinates":[[113.54020883,49.208531],[113.53892083,49.2079805],[113.53726633,49.20719033],[113.53691317,49.20707817],[113.53586917,49.2066385],[113.51790983,49.19874367],[113.51790433,49.19838883],[113.51801567,49.198351],[113.52173367,49.198334],[113.53255817,49.19817317],[113.53260667,49.19812],[113.53258533,49.19777117],[113.532486,49.19773017],[113.51806983,49.19790933],[113.51791033,49.19790867],[113.51785717,49.197833],[113.5178555,49.19750683],[113.51798683,49.197461],[113.53250533,49.19728583],[113.53258,49.19722717],[113.53253567,49.19684817],[113.51784483,49.197014],[113.5326885,49.20089],[113.53258967,49.20093517],[113.532572,49.20090583],[113.53267733,49.20090317],[113.532666,49.20086633],[113.53270567,49.20086533],[113.532664,49.20090517],[113.5326535,49.20086167],[113.532697,49.20089817],[113.51793067,49.201055],[113.51790017,49.200667],[113.51799983,49.20061367],[113.52033717,49.20058417],[113.5401705,49.20854183]]}},{"type":"Feature","id":"magarrow-actual-srvy0-acqu169","properties":{"project":"Nergui Undur","area":"Nergui Undur","sensor":"MagArrow","acquisition":"SRVY0-ACQU169","dataType":"actual_flight_track","plannedActual":"actual","status":"confirmed_source","date":"2026-09-27","startTime":"2026-09-27T05:16:07Z","endTime":"2026-09-27T05:52:46Z","sourceFile":"SRVY0-ACQU169.magdata","sourceUrl":"https://drive.google.com/drive/folders/1ctZs3rBgYtqIL9fa7J_C_L_y3LLSwXfX","sourceCrs":"EPSG:4326","displayCrs":"EPSG:4326","crsVerified":true,"pointCount":2199,"nmeaSource":"embedded GGA/RMC","sourceFingerprint":"60d91f8e8d565dfaf5c65168"},"geometry":{"type":"LineString","coordinates":[[113.54017217,49.20854733],[113.539008,49.20809383],[113.537146,49.20729333],[113.53695483,49.20725367],[113.535215,49.206564],[113.52028817,49.20057283],[113.52539217,49.20053717],[113.5325725,49.20043183],[113.5326575,49.200352],[113.53262383,49.199996],[113.51798017,49.20016567],[113.51789683,49.2001625],[113.517856,49.20009133],[113.5178545,49.19975917],[113.51796,49.199717],[113.5325835,49.19954067],[113.53262917,49.19949017],[113.53260683,49.19911017],[113.51782433,49.1992755],[113.517917,49.20377333],[113.51797333,49.20377083],[113.5179445,49.20374917],[113.51791367,49.2037835],[113.532708,49.20359417],[113.53275967,49.2036625],[113.53276217,49.20399317],[113.53267333,49.20404617],[113.52901767,49.20408233],[113.54014533,49.2085665]]}},{"type":"Feature","id":"magarrow-actual-srvy0-acqu17","properties":{"project":"Nergui Undur","area":"Nergui Undur","sensor":"MagArrow","acquisition":"SRVY0-ACQU17","dataType":"actual_flight_track","plannedActual":"actual","status":"confirmed_source","date":"2026-08-23","startTime":"2026-08-23T10:45:53Z","endTime":"2026-08-23T11:21:11Z","sourceFile":"SRVY0-ACQU17.magdata","sourceUrl":"https://drive.google.com/drive/folders/1ctZs3rBgYtqIL9fa7J_C_L_y3LLSwXfX","sourceCrs":"EPSG:4326","displayCrs":"EPSG:4326","crsVerified":true,"pointCount":2114,"nmeaSource":"embedded GGA/RMC"},"geometry":{"type":"LineString","coordinates":[[113.54047067,49.2084305],[113.54050683,49.20842017],[113.53919117,49.20744717],[113.5366075,49.20559467],[113.53648183,49.18917567],[113.53648017,49.18906467],[113.53636933,49.18903267],[113.53585417,49.18902783],[113.53579333,49.18910133],[113.535909,49.205595],[113.53583717,49.2056305],[113.53529633,49.205637],[113.53522383,49.2055555],[113.53512467,49.18902483],[113.53514583,49.18930967],[113.54048167,49.2083535]]}},{"type":"Feature","id":"magarrow-actual-srvy0-acqu170","properties":{"project":"Nergui Undur","area":"Nergui Undur","sensor":"MagArrow","acquisition":"SRVY0-ACQU170","dataType":"actual_flight_track","plannedActual":"actual","status":"confirmed_source","date":"2026-09-27","startTime":"2026-09-27T05:55:39Z","endTime":"2026-09-27T06:33:04Z","sourceFile":"SRVY0-ACQU170.magdata","sourceUrl":"https://drive.google.com/drive/folders/1ctZs3rBgYtqIL9fa7J_C_L_y3LLSwXfX","sourceCrs":"EPSG:4326","displayCrs":"EPSG:4326","crsVerified":true,"pointCount":2246,"nmeaSource":"embedded GGA/RMC","sourceFingerprint":"a8ae978af0b433b196876265"},"geometry":{"type":"LineString","coordinates":[[113.54016133,49.208561],[113.53687083,49.2072085],[113.5364935,49.20709633],[113.52903017,49.204077],[113.51806733,49.2042225],[113.51794983,49.20424217],[113.51793467,49.2043],[113.51794083,49.20462933],[113.518075,49.20467783],[113.53272867,49.2044965],[113.5327795,49.204569],[113.53278233,49.20489983],[113.53268967,49.20494783],[113.517988,49.20513283],[113.517963,49.20554333],[113.5180775,49.20557683],[113.5328,49.20538783],[113.532726,49.2031385],[113.532796,49.20310867],[113.53271783,49.20312533],[113.53273767,49.2031495],[113.51800033,49.2033325],[113.51791783,49.20327567],[113.51791567,49.2029245],[113.51801933,49.20287633],[113.519788,49.20286117],[113.52129533,49.20333717],[113.52361083,49.20399633],[113.540009,49.208534],[113.54017533,49.20855433]]}},{"type":"Feature","id":"magarrow-actual-srvy0-acqu171","properties":{"project":"Nergui Undur","area":"Nergui Undur","sensor":"MagArrow","acquisition":"SRVY0-ACQU171","dataType":"actual_flight_track","plannedActual":"actual","status":"confirmed_source","date":"2026-09-27","startTime":"2026-09-27T06:36:02Z","endTime":"2026-09-27T07:14:55Z","sourceFile":"SRVY0-ACQU171.magdata","sourceUrl":"https://drive.google.com/drive/folders/1ctZs3rBgYtqIL9fa7J_C_L_y3LLSwXfX","sourceCrs":"EPSG:4326","displayCrs":"EPSG:4326","crsVerified":true,"pointCount":2334,"nmeaSource":"embedded GGA/RMC","sourceFingerprint":"5865235e6e79a4522a81cf47"},"geometry":{"type":"LineString","coordinates":[[113.54014267,49.2085555],[113.536636,49.20753783],[113.53624433,49.20746467],[113.51974633,49.202847],[113.53265783,49.202711],[113.532729,49.20264633],[113.532674,49.20227367],[113.51791967,49.20242633],[113.5179025,49.20203983],[113.5180095,49.20199567],[113.53261633,49.2018075],[113.53269383,49.20175033],[113.53268333,49.20139583],[113.53256967,49.20136183],[113.51787517,49.20154083],[113.51789667,49.19849367],[113.51776333,49.1893825],[113.52072117,49.19258467],[113.5286955,49.2010525],[113.5401335,49.20856967]]}},{"type":"Feature","id":"magarrow-actual-srvy0-acqu172","properties":{"project":"Nergui Undur","area":"Nergui Undur","sensor":"MagArrow","acquisition":"SRVY0-ACQU172","dataType":"actual_flight_track","plannedActual":"actual","status":"confirmed_source","date":"2026-09-27","startTime":"2026-09-27T07:18:19Z","endTime":"2026-09-27T07:56:21Z","sourceFile":"SRVY0-ACQU172.magdata","sourceUrl":"https://drive.google.com/drive/folders/1ctZs3rBgYtqIL9fa7J_C_L_y3LLSwXfX","sourceCrs":"EPSG:4326","displayCrs":"EPSG:4326","crsVerified":true,"pointCount":2283,"nmeaSource":"embedded GGA/RMC","sourceFingerprint":"13a3f35c84d28f464e717622"},"geometry":{"type":"LineString","coordinates":[[113.540153,49.208561],[113.52867517,49.201021],[113.53279267,49.205407],[113.55498317,49.19882633],[113.5624035,49.19867217],[113.56255967,49.19863817],[113.56256967,49.19847517],[113.56249033,49.19843833],[113.55501067,49.1986025],[113.55495183,49.198565],[113.55494833,49.19840117],[113.55504017,49.198374],[113.5625145,49.19822683],[113.56256467,49.19817717],[113.56255817,49.19801533],[113.56251483,49.19799683],[113.5549985,49.19815183],[113.55493767,49.19810733],[113.55493467,49.197949],[113.55502683,49.19791917],[113.56248983,49.1977765],[113.562568,49.19774567],[113.56257517,49.19758417],[113.562501,49.19754817],[113.55495567,49.1977035],[113.554939,49.1974885],[113.56252633,49.1973255],[113.56255683,49.19711033],[113.55496983,49.197258],[113.55491467,49.19720883],[113.55491983,49.19704733],[113.554964,49.19702733],[113.55650983,49.19699967],[113.55658083,49.19697033],[113.556581,49.19685783],[113.55651383,49.19677183],[113.55493317,49.19681133],[113.55490533,49.19669933],[113.540131,49.2085625]]}},{"type":"Feature","id":"magarrow-actual-srvy0-acqu173","properties":{"project":"Nergui Undur","area":"Nergui Undur","sensor":"MagArrow","acquisition":"SRVY0-ACQU173","dataType":"actual_flight_track","plannedActual":"actual","status":"confirmed_source","date":"2026-09-27","startTime":"2026-09-27T08:03:00Z","endTime":"2026-09-27T08:40:35Z","sourceFile":"SRVY0-ACQU173.magdata","sourceUrl":"https://drive.google.com/drive/folders/1ctZs3rBgYtqIL9fa7J_C_L_y3LLSwXfX","sourceCrs":"EPSG:4326","displayCrs":"EPSG:4326","crsVerified":true,"pointCount":2256,"nmeaSource":"embedded GGA/RMC","sourceFingerprint":"e2f36c843da905bfd4ac9d4f"},"geometry":{"type":"LineString","coordinates":[[113.54019867,49.20854433],[113.540164,49.20855317],[113.55495883,49.196699],[113.55496467,49.19659117],[113.55653967,49.19653933],[113.55660783,49.19650883],[113.55661283,49.19635],[113.5565345,49.1963125],[113.55500267,49.19634533],[113.5549405,49.19630767],[113.5549795,49.19612267],[113.55655667,49.19607633],[113.55655,49.1958605],[113.554996,49.19589067],[113.55492033,49.195833],[113.55492733,49.1957],[113.55499167,49.19565783],[113.556532,49.195625],[113.556527,49.19540817],[113.55496567,49.195444],[113.5548985,49.195381],[113.55491183,49.19522533],[113.55646583,49.195183],[113.5565105,49.19512883],[113.55647417,49.19497883],[113.55491683,49.19499833],[113.55484617,49.1949635],[113.5548395,49.19480183],[113.5549265,49.19477067],[113.556469,49.19473867],[113.556444,49.19451117],[113.548202,49.19469267],[113.54813117,49.19462817],[113.54814017,49.19449667],[113.5482245,49.1944695],[113.5563715,49.19429967],[113.55643633,49.19426283],[113.556429,49.1940985],[113.55634283,49.19407133],[113.548188,49.1942415],[113.54813533,49.1941975],[113.54813167,49.19406217],[113.54824717,49.19401067],[113.556363,49.19384533],[113.556421,49.19380883],[113.55637133,49.193617],[113.54820683,49.1937905],[113.54813833,49.193762],[113.54814067,49.1935805],[113.556341,49.19339533],[113.55639217,49.19334533],[113.55634017,49.193165],[113.5481905,49.193343],[113.54812017,49.1933105],[113.54813033,49.1932695],[113.54017917,49.20838567],[113.54011433,49.208545],[113.54015267,49.208543]]}},{"type":"Feature","id":"magarrow-actual-srvy0-acqu174","properties":{"project":"Nergui Undur","area":"Nergui Undur","sensor":"MagArrow","acquisition":"SRVY0-ACQU174","dataType":"actual_flight_track","plannedActual":"actual","status":"confirmed_source","date":"2026-09-27","startTime":"2026-09-27T08:43:30Z","endTime":"2026-09-27T09:20:55Z","sourceFile":"SRVY0-ACQU174.magdata","sourceUrl":"https://drive.google.com/drive/folders/1ctZs3rBgYtqIL9fa7J_C_L_y3LLSwXfX","sourceCrs":"EPSG:4326","displayCrs":"EPSG:4326","crsVerified":true,"pointCount":2243,"nmeaSource":"embedded GGA/RMC","sourceFingerprint":"aa0fc32dd66f3b49abb5bc0a"},"geometry":{"type":"LineString","coordinates":[[113.54014833,49.2085455],[113.5401065,49.2085505],[113.54148917,49.205999],[113.54812833,49.19328233],[113.5481155,49.19314667],[113.54819383,49.19311017],[113.5563325,49.192927],[113.55634333,49.19273533],[113.5562635,49.192707],[113.5481445,49.192891],[113.54809883,49.1927065],[113.548213,49.192657],[113.556348,49.19248633],[113.55632867,49.19225483],[113.5481295,49.1924325],[113.54808517,49.19225133],[113.54813633,49.1922105],[113.55619717,49.192036],[113.55628283,49.1920335],[113.556315,49.19197633],[113.55628933,49.19182],[113.55611483,49.191806],[113.54814883,49.19198383],[113.54809983,49.1919355],[113.5481035,49.1917845],[113.54819183,49.19175083],[113.556229,49.19158283],[113.55629417,49.19150083],[113.556272,49.19136817],[113.55614517,49.19135633],[113.54813483,49.19152833],[113.548116,49.19131433],[113.55622483,49.19113467],[113.55628717,49.19109317],[113.55624017,49.19090867],[113.55584183,49.1909185],[113.54016033,49.208527]]}},{"type":"Feature","id":"magarrow-actual-srvy0-acqu175","properties":{"project":"Nergui Undur","area":"Nergui Undur","sensor":"MagArrow","acquisition":"SRVY0-ACQU175","dataType":"actual_flight_track","plannedActual":"actual","status":"confirmed_source","date":"2026-09-27","startTime":"2026-09-27T09:27:36Z","endTime":"2026-09-27T10:02:27Z","sourceFile":"SRVY0-ACQU175.magdata","sourceUrl":"https://drive.google.com/drive/folders/1ctZs3rBgYtqIL9fa7J_C_L_y3LLSwXfX","sourceCrs":"EPSG:4326","displayCrs":"EPSG:4326","crsVerified":true,"pointCount":2092,"nmeaSource":"embedded GGA/RMC","sourceFingerprint":"948beaaca8933fb2fd12c7ce"},"geometry":{"type":"LineString","coordinates":[[113.5401745,49.20853617],[113.54011117,49.20854567],[113.541991,49.20648833],[113.55587517,49.19089767],[113.54815533,49.191092],[113.54812017,49.19088183],[113.5562785,49.19069333],[113.55287883,49.1905435],[113.55281183,49.19053817],[113.55282217,49.190502],[113.552844,49.19053967],[113.54819783,49.19064033],[113.548114,49.1906055],[113.54810083,49.19046667],[113.54818017,49.19040733],[113.552781,49.1903205],[113.55281033,49.19026033],[113.552805,49.1901325],[113.55273217,49.19009233],[113.54812733,49.19017733],[113.54813267,49.1899595],[113.5526645,49.18986067],[113.55274417,49.18985783],[113.55279417,49.18980783],[113.552783,49.18967467],[113.5527175,49.1896385],[113.54812083,49.1897395],[113.54811433,49.18951783],[113.55271867,49.1894275],[113.552765,49.18937833],[113.55270983,49.18919883],[113.54815867,49.18929667],[113.54808983,49.189232],[113.54812517,49.18885167],[113.55274917,49.1887475],[113.54808917,49.1888385],[113.55495617,49.19465333],[113.54040317,49.2082735]]}},{"type":"Feature","id":"magarrow-actual-srvy0-acqu176","properties":{"project":"Nergui Undur","area":"Nergui Undur","sensor":"MagArrow","acquisition":"SRVY0-ACQU176","dataType":"actual_flight_track","plannedActual":"actual","status":"confirmed_source","date":"2026-09-27","startTime":"2026-09-27T10:06:31Z","endTime":"2026-09-27T10:17:27Z","sourceFile":"SRVY0-ACQU176.magdata","sourceUrl":"https://drive.google.com/drive/folders/1ctZs3rBgYtqIL9fa7J_C_L_y3LLSwXfX","sourceCrs":"EPSG:4326","displayCrs":"EPSG:4326","crsVerified":true,"pointCount":657,"nmeaSource":"embedded GGA/RMC","sourceFingerprint":"6555bd02b8307e650fdc755b"},"geometry":{"type":"LineString","coordinates":[[113.54016183,49.20852067],[113.5401245,49.2085295],[113.5549485,49.19461733],[113.56259533,49.20112783],[113.5596735,49.20206533],[113.5401295,49.20853083]]}},{"type":"Feature","id":"magarrow-actual-srvy0-acqu177","properties":{"project":"Nergui Undur","area":"Nergui Undur","sensor":"MagArrow","acquisition":"SRVY0-ACQU177","dataType":"actual_flight_track","plannedActual":"actual","status":"confirmed_source","date":"2026-10-03","startTime":"2026-10-03T01:51:12Z","endTime":"2026-10-03T02:24:21Z","sourceFile":"SRVY0-ACQU177.magdata","sourceUrl":"https://drive.google.com/drive/folders/1ctZs3rBgYtqIL9fa7J_C_L_y3LLSwXfX","sourceCrs":"EPSG:4326","displayCrs":"EPSG:4326","crsVerified":true,"pointCount":1989,"nmeaSource":"embedded GGA/RMC","sourceFingerprint":"75b024fcceaf2440dbdf9449"},"geometry":{"type":"LineString","coordinates":[[113.545937,49.14390383],[113.54737433,49.14262933],[113.55992067,49.14265167],[113.55999083,49.14258117],[113.55998083,49.14179117],[113.55988267,49.1417425],[113.54669733,49.141736],[113.54605067,49.140924],[113.54605483,49.14084733],[113.55990433,49.14085733],[113.55997383,49.140794],[113.559921,49.139986],[113.55980367,49.13995267],[113.5551595,49.13996483],[113.551427,49.13992367],[113.55139883,49.13995533],[113.551315,49.139927],[113.545513,49.13994283],[113.545453,49.13987033],[113.54548067,49.13905933],[113.55833833,49.139065],[113.5459465,49.14389267]]}},{"type":"Feature","id":"magarrow-actual-srvy0-acqu178","properties":{"project":"Nergui Undur","area":"Nergui Undur","sensor":"MagArrow","acquisition":"SRVY0-ACQU178","dataType":"actual_flight_track","plannedActual":"actual","status":"confirmed_source","date":"2026-10-03","startTime":"2026-10-03T02:27:05Z","endTime":"2026-10-03T02:59:45Z","sourceFile":"SRVY0-ACQU178.magdata","sourceUrl":"https://drive.google.com/drive/folders/1ctZs3rBgYtqIL9fa7J_C_L_y3LLSwXfX","sourceCrs":"EPSG:4326","displayCrs":"EPSG:4326","crsVerified":true,"pointCount":1961,"nmeaSource":"embedded GGA/RMC","sourceFingerprint":"09e5ad516da60b85196981ce"},"geometry":{"type":"LineString","coordinates":[[113.54591433,49.1438965],[113.5583025,49.13905783],[113.558415,49.13910967],[113.55830033,49.1390675],[113.55830583,49.139118],[113.55833383,49.13907367],[113.55829517,49.13905933],[113.55984283,49.13907117],[113.559902,49.13899833],[113.55985183,49.13855817],[113.5599025,49.1385265],[113.559845,49.138519],[113.55984183,49.13821333],[113.55962167,49.1381715],[113.54546217,49.13815633],[113.54576617,49.141867],[113.54576283,49.14181767],[113.54996767,49.14618883],[113.55003667,49.14626533],[113.54997733,49.14625967],[113.54995767,49.14629217],[113.55000017,49.14631017],[113.55000083,49.14624933],[113.55004533,49.14625017],[113.54997883,49.14625583],[113.550023,49.14624733],[113.55277333,49.14624383],[113.57108233,49.146266],[113.57115,49.14620083],[113.57113433,49.14539567],[113.5709895,49.1453675],[113.564841,49.145349],[113.549368,49.14534567],[113.548744,49.14454267],[113.54871,49.14446733],[113.54875567,49.14444617],[113.54922417,49.144444],[113.54668483,49.14923117],[113.54688933,49.14954583]]}},{"type":"Feature","id":"magarrow-actual-srvy0-acqu179","properties":{"project":"Nergui Undur","area":"Nergui Undur","sensor":"MagArrow","acquisition":"SRVY0-ACQU179","dataType":"actual_flight_track","plannedActual":"actual","status":"confirmed_source","date":"2026-10-03","startTime":"2026-10-03T05:15:26Z","endTime":"2026-10-03T05:52:50Z","sourceFile":"SRVY0-ACQU179.magdata","sourceUrl":"https://drive.google.com/drive/folders/1ctZs3rBgYtqIL9fa7J_C_L_y3LLSwXfX","sourceCrs":"EPSG:4326","displayCrs":"EPSG:4326","crsVerified":true,"pointCount":2243,"nmeaSource":"embedded GGA/RMC","sourceFingerprint":"f46015cc584dbf0a538819f7"},"geometry":{"type":"LineString","coordinates":[[113.56120733,49.15294233],[113.55399733,49.15163917],[113.5838195,49.15167867],[113.58389733,49.15160683],[113.58388967,49.150824],[113.58379183,49.15077417],[113.55338267,49.15075433],[113.552706,49.14987617],[113.55279417,49.14983283],[113.55288717,49.14985567],[113.5529565,49.14983167],[113.55663383,49.14986533],[113.56417983,49.14986033],[113.56117817,49.152942]]}},{"type":"Feature","id":"magarrow-actual-srvy0-acqu18","properties":{"project":"Nergui Undur","area":"Nergui Undur","sensor":"MagArrow","acquisition":"SRVY0-ACQU18","dataType":"actual_flight_track","plannedActual":"actual","status":"confirmed_source","date":"2026-08-24","startTime":"2026-08-24T01:09:31Z","endTime":"2026-08-24T01:46:45Z","sourceFile":"SRVY0-ACQU18.magdata","sourceUrl":"https://drive.google.com/drive/folders/1ctZs3rBgYtqIL9fa7J_C_L_y3LLSwXfX","sourceCrs":"EPSG:4326","displayCrs":"EPSG:4326","crsVerified":true,"pointCount":2228,"nmeaSource":"embedded GGA/RMC"},"geometry":{"type":"LineString","coordinates":[[113.54048933,49.208435],[113.54052383,49.20843783],[113.53866533,49.20561483],[113.53853233,49.18914383],[113.53850383,49.18906467],[113.538385,49.18904767],[113.53788267,49.189056],[113.537816,49.18920483],[113.53785983,49.18923417],[113.53790033,49.196335],[113.537859,49.1965755],[113.53791417,49.19658917],[113.53787367,49.19687167],[113.537916,49.19736367],[113.53788383,49.19874767],[113.53792217,49.19878717],[113.537963,49.20557083],[113.53785683,49.20561083],[113.53735417,49.205615],[113.53727217,49.20554383],[113.537292,49.202124],[113.5372475,49.20208117],[113.5371405,49.18904067],[113.53714233,49.18928583],[113.53741183,49.19082567],[113.53743783,49.19090733],[113.53754117,49.19087667],[113.53756833,49.19103],[113.54020433,49.207048],[113.540471,49.20836717]]}},{"type":"Feature","id":"magarrow-actual-srvy0-acqu180","properties":{"project":"Nergui Undur","area":"Nergui Undur","sensor":"MagArrow","acquisition":"SRVY0-ACQU180","dataType":"actual_flight_track","plannedActual":"actual","status":"confirmed_source","date":"2026-10-03","startTime":"2026-10-03T05:55:42Z","endTime":"2026-10-03T06:35:23Z","sourceFile":"SRVY0-ACQU180.magdata","sourceUrl":"https://drive.google.com/drive/folders/1ctZs3rBgYtqIL9fa7J_C_L_y3LLSwXfX","sourceCrs":"EPSG:4326","displayCrs":"EPSG:4326","crsVerified":true,"pointCount":2182,"nmeaSource":"embedded GGA/RMC","sourceFingerprint":"e85031c431a6d19de75039c2"},"geometry":{"type":"LineString","coordinates":[[113.56120633,49.15294233],[113.56339467,49.15071983],[113.56419433,49.14983967],[113.56796017,49.14988067],[113.583877,49.1498885],[113.58062917,49.14954583],[113.5796305,49.14940683],[113.55001,49.14624933],[113.54994733,49.14628083],[113.55002917,49.146243],[113.5518075,49.14626983],[113.57108183,49.1462775],[113.57115667,49.14620667],[113.5711175,49.14539633],[113.56271967,49.14535967],[113.56116833,49.15295867]]}},{"type":"Feature","id":"magarrow-actual-srvy0-acqu181","properties":{"project":"Nergui Undur","area":"Nergui Undur","sensor":"MagArrow","acquisition":"SRVY0-ACQU181","dataType":"actual_flight_track","plannedActual":"actual","status":"confirmed_source","date":"2026-10-03","startTime":"2026-10-03T06:38:25Z","endTime":"2026-10-03T07:13:40Z","sourceFile":"SRVY0-ACQU181.magdata","sourceUrl":"https://drive.google.com/drive/folders/1ctZs3rBgYtqIL9fa7J_C_L_y3LLSwXfX","sourceCrs":"EPSG:4326","displayCrs":"EPSG:4326","crsVerified":true,"pointCount":2113,"nmeaSource":"embedded GGA/RMC","sourceFingerprint":"505eacf8b2555cee4c6079b5"},"geometry":{"type":"LineString","coordinates":[[113.56120667,49.15294867],[113.56116433,49.15294167],[113.56273833,49.14534567],[113.5493895,49.14535833],[113.54929517,49.14530333],[113.54872383,49.1445065],[113.5487575,49.14445317],[113.55350967,49.144485],[113.57104733,49.14447667],[113.57113833,49.14440067],[113.571131,49.14360217],[113.57104767,49.14356833],[113.54800567,49.143548],[113.54920683,49.143554],[113.5611865,49.1529525]]}},{"type":"Feature","id":"magarrow-actual-srvy0-acqu182","properties":{"project":"Nergui Undur","area":"Nergui Undur","sensor":"MagArrow","acquisition":"SRVY0-ACQU182","dataType":"actual_flight_track","plannedActual":"actual","status":"confirmed_source","date":"2026-10-03","startTime":"2026-10-03T07:18:01Z","endTime":"2026-10-03T07:56:46Z","sourceFile":"SRVY0-ACQU182.magdata","sourceUrl":"https://drive.google.com/drive/folders/1ctZs3rBgYtqIL9fa7J_C_L_y3LLSwXfX","sourceCrs":"EPSG:4326","displayCrs":"EPSG:4326","crsVerified":true,"pointCount":2323,"nmeaSource":"embedded GGA/RMC","sourceFingerprint":"ea388d4a1193a7e5ae76bee0"},"geometry":{"type":"LineString","coordinates":[[113.5612165,49.1529535],[113.56117983,49.15295233],[113.565197,49.152283],[113.56617417,49.1520835],[113.58392733,49.1489855],[113.552098,49.14896333],[113.551975,49.14890833],[113.5513925,49.148079],[113.55147983,49.14804733],[113.57108917,49.14807383],[113.57116933,49.14800467],[113.5711245,49.1471905],[113.5548795,49.1471605],[113.56117783,49.15295833]]}},{"type":"Feature","id":"magarrow-actual-srvy0-acqu183","properties":{"project":"Nergui Undur","area":"Nergui Undur","sensor":"MagArrow","acquisition":"SRVY0-ACQU183","dataType":"actual_flight_track","plannedActual":"actual","status":"confirmed_source","date":"2026-10-03","startTime":"2026-10-03T08:00:06Z","endTime":"2026-10-03T08:36:58Z","sourceFile":"SRVY0-ACQU183.magdata","sourceUrl":"https://drive.google.com/drive/folders/1ctZs3rBgYtqIL9fa7J_C_L_y3LLSwXfX","sourceCrs":"EPSG:4326","displayCrs":"EPSG:4326","crsVerified":true,"pointCount":2213,"nmeaSource":"embedded GGA/RMC","sourceFingerprint":"711563fb46ab086090fbe855"},"geometry":{"type":"LineString","coordinates":[[113.5612055,49.1529545],[113.55490933,49.1471595],[113.5506735,49.14716467],[113.55803,49.157079],[113.5816195,49.15709433],[113.58379883,49.15708983],[113.58387917,49.15703633],[113.58387867,49.15623467],[113.58376167,49.15617483],[113.55739433,49.15617033],[113.55731333,49.1561165],[113.5567375,49.155334],[113.556753,49.15526967],[113.5611365,49.15528533],[113.56117567,49.15297167]]}},{"type":"Feature","id":"magarrow-actual-srvy0-acqu184","properties":{"project":"Nergui Undur","area":"Nergui Undur","sensor":"MagArrow","acquisition":"SRVY0-ACQU184","dataType":"actual_flight_track","plannedActual":"actual","status":"confirmed_source","date":"2026-10-03","startTime":"2026-10-03T08:42:32Z","endTime":"2026-10-03T09:20:14Z","sourceFile":"SRVY0-ACQU184.magdata","sourceUrl":"https://drive.google.com/drive/folders/1ctZs3rBgYtqIL9fa7J_C_L_y3LLSwXfX","sourceCrs":"EPSG:4326","displayCrs":"EPSG:4326","crsVerified":true,"pointCount":2263,"nmeaSource":"embedded GGA/RMC","sourceFingerprint":"12ffa0d94f19327ee776817d"},"geometry":{"type":"LineString","coordinates":[[113.56123417,49.152953],[113.56119867,49.15295533],[113.56111583,49.15527533],[113.58388917,49.1552935],[113.5838765,49.15438733],[113.55609767,49.15436883],[113.55603067,49.15433667],[113.55542767,49.153501],[113.55553167,49.1534655],[113.5756595,49.15349117],[113.56118067,49.15296817]]}},{"type":"Feature","id":"magarrow-actual-srvy0-acqu185","properties":{"project":"Nergui Undur","area":"Nergui Undur","sensor":"MagArrow","acquisition":"SRVY0-ACQU185","dataType":"actual_flight_track","plannedActual":"actual","status":"confirmed_source","date":"2026-10-03","startTime":"2026-10-03T09:23:03Z","endTime":"2026-10-03T09:44:05Z","sourceFile":"SRVY0-ACQU185.magdata","sourceUrl":"https://drive.google.com/drive/folders/1ctZs3rBgYtqIL9fa7J_C_L_y3LLSwXfX","sourceCrs":"EPSG:4326","displayCrs":"EPSG:4326","crsVerified":true,"pointCount":1263,"nmeaSource":"embedded GGA/RMC","sourceFingerprint":"d57d2efb3c8dcf4a5b2d4b69"},"geometry":{"type":"LineString","coordinates":[[113.56119233,49.15298633],[113.57564683,49.15349767],[113.58370833,49.15349383],[113.58383583,49.15349117],[113.5838825,49.15344317],[113.583897,49.1526655],[113.58386117,49.15260017],[113.58220867,49.15259],[113.55469483,49.15257983],[113.55473583,49.152545],[113.56117467,49.1529745]]}},{"type":"Feature","id":"magarrow-actual-srvy0-acqu186","properties":{"project":"Nergui Undur","area":"Nergui Undur","sensor":"MagArrow","acquisition":"SRVY0-ACQU186","dataType":"actual_flight_track","plannedActual":"actual","status":"confirmed_source","date":"2026-10-04","startTime":"2026-10-04T01:09:33Z","endTime":"2026-10-04T01:46:47Z","sourceFile":"SRVY0-ACQU186.magdata","sourceUrl":"https://drive.google.com/drive/folders/1ctZs3rBgYtqIL9fa7J_C_L_y3LLSwXfX","sourceCrs":"EPSG:4326","displayCrs":"EPSG:4326","crsVerified":true,"pointCount":2235,"nmeaSource":"embedded GGA/RMC","sourceFingerprint":"04a0ec857fc87c57cae746ec"},"geometry":{"type":"LineString","coordinates":[[113.5633505,49.15944483],[113.56877333,49.17144983],[113.583888,49.17145667],[113.5839185,49.17061833],[113.583895,49.170565],[113.58378517,49.170543],[113.58031683,49.17057],[113.56810067,49.170525],[113.5674815,49.1696955],[113.5675025,49.169633],[113.583815,49.16964933],[113.58389867,49.16959733],[113.58390233,49.168783],[113.58375483,49.16874883],[113.58027367,49.16877267],[113.56674933,49.168733],[113.56607967,49.16783083],[113.56774067,49.16784017],[113.56333767,49.1594585]]}},{"type":"Feature","id":"magarrow-actual-srvy0-acqu187","properties":{"project":"Nergui Undur","area":"Nergui Undur","sensor":"MagArrow","acquisition":"SRVY0-ACQU187","dataType":"actual_flight_track","plannedActual":"actual","status":"confirmed_source","date":"2026-10-04","startTime":"2026-10-04T03:19:01Z","endTime":"2026-10-04T03:58:21Z","sourceFile":"SRVY0-ACQU187.magdata","sourceUrl":"https://drive.google.com/drive/folders/1ctZs3rBgYtqIL9fa7J_C_L_y3LLSwXfX","sourceCrs":"EPSG:4326","displayCrs":"EPSG:4326","crsVerified":true,"pointCount":2360,"nmeaSource":"embedded GGA/RMC","sourceFingerprint":"ace32e55ff360995da835b9e"},"geometry":{"type":"LineString","coordinates":[[113.56336867,49.159449],[113.56611983,49.167865],[113.58388167,49.16784933],[113.58389217,49.1670225],[113.58380067,49.16697017],[113.571041,49.1669705],[113.56541783,49.16693717],[113.56479833,49.16611083],[113.56481417,49.16605533],[113.58385417,49.16606633],[113.58391917,49.16600133],[113.58390767,49.16519833],[113.583835,49.16515833],[113.56839017,49.16515483],[113.56334567,49.1594565]]}},{"type":"Feature","id":"magarrow-actual-srvy0-acqu188","properties":{"project":"Nergui Undur","area":"Nergui Undur","sensor":"MagArrow","acquisition":"SRVY0-ACQU188","dataType":"actual_flight_track","plannedActual":"actual","status":"confirmed_source","date":"2026-10-04","startTime":"2026-10-04T04:01:14Z","endTime":"2026-10-04T04:39:31Z","sourceFile":"SRVY0-ACQU188.magdata","sourceUrl":"https://drive.google.com/drive/folders/1ctZs3rBgYtqIL9fa7J_C_L_y3LLSwXfX","sourceCrs":"EPSG:4326","displayCrs":"EPSG:4326","crsVerified":true,"pointCount":2298,"nmeaSource":"embedded GGA/RMC","sourceFingerprint":"d06f7587169ed46ec004133f"},"geometry":{"type":"LineString","coordinates":[[113.56334867,49.15945983],[113.56843733,49.16516967],[113.56407867,49.16514767],[113.56340783,49.16425217],[113.56665117,49.164282],[113.5829575,49.16427183],[113.583838,49.1642675],[113.58392583,49.16422917],[113.58390783,49.16341133],[113.5838315,49.1633705],[113.56276583,49.1633435],[113.56212833,49.16249683],[113.562183,49.16243833],[113.58258183,49.1624665],[113.5838225,49.1624615],[113.58390433,49.16240133],[113.5838955,49.16227333],[113.56338383,49.15946033]]}},{"type":"Feature","id":"magarrow-actual-srvy0-acqu189","properties":{"project":"Nergui Undur","area":"Nergui Undur","sensor":"MagArrow","acquisition":"SRVY0-ACQU189","dataType":"actual_flight_track","plannedActual":"actual","status":"confirmed_source","date":"2026-10-04","startTime":"2026-10-04T04:42:28Z","endTime":"2026-10-04T05:22:28Z","sourceFile":"SRVY0-ACQU189.magdata","sourceUrl":"https://drive.google.com/drive/folders/1ctZs3rBgYtqIL9fa7J_C_L_y3LLSwXfX","sourceCrs":"EPSG:4326","displayCrs":"EPSG:4326","crsVerified":true,"pointCount":2400,"nmeaSource":"embedded GGA/RMC","sourceFingerprint":"d8b86acb236e84c82148ecd4"},"geometry":{"type":"LineString","coordinates":[[113.56334683,49.15945633],[113.56524,49.15974],[113.5839265,49.16229033],[113.58391183,49.16161317],[113.58381033,49.161558],[113.56140517,49.16154267],[113.56073267,49.16063667],[113.56580367,49.16066967],[113.58383483,49.160661],[113.58391217,49.16057783],[113.58390767,49.15979633],[113.58380833,49.15974567],[113.56012217,49.15972017],[113.5600225,49.15968267],[113.55943233,49.15887233],[113.5594985,49.15881883],[113.56303133,49.15883083],[113.56333667,49.15945467],[113.563339,49.159426]]}},{"type":"Feature","id":"magarrow-actual-srvy0-acqu19","properties":{"project":"Nergui Undur","area":"Nergui Undur","sensor":"MagArrow","acquisition":"SRVY0-ACQU19","dataType":"actual_flight_track","plannedActual":"actual","status":"confirmed_source","date":"2026-08-24","startTime":"2026-08-24T01:50:40Z","endTime":"2026-08-24T02:27:19Z","sourceFile":"SRVY0-ACQU19.magdata","sourceUrl":"https://drive.google.com/drive/folders/1ctZs3rBgYtqIL9fa7J_C_L_y3LLSwXfX","sourceCrs":"EPSG:4326","displayCrs":"EPSG:4326","crsVerified":true,"pointCount":2197,"nmeaSource":"embedded GGA/RMC"},"geometry":{"type":"LineString","coordinates":[[113.54046583,49.20843467],[113.54051033,49.20843833],[113.534524,49.20565017],[113.53441133,49.18907317],[113.53427467,49.18903717],[113.53378017,49.18903633],[113.533724,49.189088],[113.53370683,49.1908395],[113.5337575,49.19089967],[113.5337025,49.19100883],[113.53375517,49.19105567],[113.53371017,49.19290283],[113.53374967,49.19292783],[113.53370717,49.1929335],[113.53375917,49.19299767],[113.53383483,49.20563917],[113.53376517,49.20566933],[113.53322267,49.2056735],[113.53315783,49.20563217],[113.53310933,49.19916333],[113.53315267,49.199122],[113.5331095,49.199105],[113.53314383,49.19905083],[113.53309283,49.1987185],[113.53307617,49.19448233],[113.5331165,49.19349783],[113.53307183,49.19347933],[113.5331,49.19314267],[113.53304367,49.19312667],[113.53309833,49.1930775],[113.53307533,49.19175967],[113.533032,49.1916595],[113.53307167,49.19159717],[113.53307517,49.19054967],[113.54045983,49.20839183],[113.540564,49.20840633]]}},{"type":"Feature","id":"magarrow-actual-srvy0-acqu190","properties":{"project":"Nergui Undur","area":"Nergui Undur","sensor":"MagArrow","acquisition":"SRVY0-ACQU190","dataType":"actual_flight_track","plannedActual":"actual","status":"confirmed_source","date":"2026-10-04","startTime":"2026-10-04T06:49:29Z","endTime":"2026-10-04T07:28:33Z","sourceFile":"SRVY0-ACQU190.magdata","sourceUrl":"https://drive.google.com/drive/folders/1ctZs3rBgYtqIL9fa7J_C_L_y3LLSwXfX","sourceCrs":"EPSG:4326","displayCrs":"EPSG:4326","crsVerified":true,"pointCount":2345,"nmeaSource":"embedded GGA/RMC","sourceFingerprint":"9f98dcebeaef95897534814a"},"geometry":{"type":"LineString","coordinates":[[113.563297,49.15952167],[113.5629945,49.15885983],[113.56627917,49.158895],[113.5838285,49.15889567],[113.583887,49.15882317],[113.583877,49.15802383],[113.583638,49.15798683],[113.5587085,49.15797233],[113.5580115,49.15706083],[113.58379933,49.15710117],[113.58388633,49.157042],[113.5838775,49.156216],[113.58295417,49.15619167],[113.572413,49.15619317],[113.56329717,49.15951717],[113.56331883,49.15949]]}},{"type":"Feature","id":"magarrow-actual-srvy0-acqu191","properties":{"project":"Nergui Undur","area":"Nergui Undur","sensor":"MagArrow","acquisition":"SRVY0-ACQU191","dataType":"actual_flight_track","plannedActual":"actual","status":"confirmed_source","date":"2026-10-04","startTime":"2026-10-04T07:34:31Z","endTime":"2026-10-04T07:57:54Z","sourceFile":"SRVY0-ACQU191.magdata","sourceUrl":"https://drive.google.com/drive/folders/1ctZs3rBgYtqIL9fa7J_C_L_y3LLSwXfX","sourceCrs":"EPSG:4326","displayCrs":"EPSG:4326","crsVerified":true,"pointCount":1404,"nmeaSource":"embedded GGA/RMC","sourceFingerprint":"d34f0b3a4f5388b81f3a1c4d"},"geometry":{"type":"LineString","coordinates":[[113.56331867,49.15949867],[113.56691417,49.1582325],[113.5724805,49.15619033],[113.5574075,49.15619],[113.557301,49.15611617],[113.55678983,49.15542533],[113.5567215,49.15532233],[113.55675233,49.155295],[113.58389517,49.15531467],[113.56329767,49.1595235],[113.5633345,49.15950617]]}},{"type":"Feature","id":"magarrow-actual-srvy0-acqu192","properties":{"project":"Nergui Undur","area":"Nergui Undur","sensor":"MagArrow","acquisition":"SRVY0-ACQU192","dataType":"actual_flight_track","plannedActual":"actual","status":"confirmed_source","date":"2026-10-04","startTime":"2026-10-04T08:37:10Z","endTime":"2026-10-04T08:52:27Z","sourceFile":"SRVY0-ACQU192.magdata","sourceUrl":"https://drive.google.com/drive/folders/1ctZs3rBgYtqIL9fa7J_C_L_y3LLSwXfX","sourceCrs":"EPSG:4326","displayCrs":"EPSG:4326","crsVerified":true,"pointCount":915,"nmeaSource":"embedded GGA/RMC","sourceFingerprint":"5539f2e70ade9f4ea951b74e"},"geometry":{"type":"LineString","coordinates":[[113.5605515,49.19520383],[113.56060367,49.19520617],[113.56262,49.19889683],[113.57604183,49.19856517],[113.5761395,49.198516],[113.57612067,49.1981605],[113.57601283,49.1981165],[113.56258933,49.19842567],[113.5625395,49.19837017],[113.56252783,49.198016],[113.56260467,49.19798067],[113.56576983,49.19791217],[113.560935,49.19538367]]}},{"type":"Feature","id":"magarrow-actual-srvy0-acqu193","properties":{"project":"Nergui Undur","area":"Nergui Undur","sensor":"MagArrow","acquisition":"SRVY0-ACQU193","dataType":"actual_flight_track","plannedActual":"actual","status":"confirmed_source","date":"2026-10-04","startTime":"2026-10-04T08:55:10Z","endTime":"2026-10-04T09:33:07Z","sourceFile":"SRVY0-ACQU193.magdata","sourceUrl":"https://drive.google.com/drive/folders/1ctZs3rBgYtqIL9fa7J_C_L_y3LLSwXfX","sourceCrs":"EPSG:4326","displayCrs":"EPSG:4326","crsVerified":true,"pointCount":2274,"nmeaSource":"embedded GGA/RMC","sourceFingerprint":"83b93fa47f493ce341eb4d71"},"geometry":{"type":"LineString","coordinates":[[113.56052433,49.19520833],[113.56058167,49.19520683],[113.56576367,49.1979205],[113.5657355,49.1979075],[113.576089,49.19767383],[113.57616883,49.19761417],[113.57615533,49.19726667],[113.57603067,49.19721933],[113.56258967,49.19754217],[113.562512,49.19748933],[113.5624915,49.19716883],[113.562556,49.197096],[113.56268017,49.19708917],[113.57615783,49.1967875],[113.56671483,49.19427833],[113.57603933,49.194077],[113.57613333,49.1940465],[113.57615067,49.19396883],[113.57613767,49.193643],[113.5760435,49.19362583],[113.5667805,49.19383417],[113.56670217,49.19377033],[113.56669383,49.19342217],[113.56676833,49.1933835],[113.571969,49.19326933],[113.56053483,49.19521483]]}},{"type":"Feature","id":"magarrow-actual-srvy0-acqu194","properties":{"project":"Nergui Undur","area":"Nergui Undur","sensor":"MagArrow","acquisition":"SRVY0-ACQU194","dataType":"actual_flight_track","plannedActual":"actual","status":"confirmed_source","date":"2026-10-04","startTime":"2026-10-04T09:36:14Z","endTime":"2026-10-04T10:03:25Z","sourceFile":"SRVY0-ACQU194.magdata","sourceUrl":"https://drive.google.com/drive/folders/1ctZs3rBgYtqIL9fa7J_C_L_y3LLSwXfX","sourceCrs":"EPSG:4326","displayCrs":"EPSG:4326","crsVerified":true,"pointCount":1632,"nmeaSource":"embedded GGA/RMC","sourceFingerprint":"b570780409c2554396cc3b4f"},"geometry":{"type":"LineString","coordinates":[[113.56053983,49.19520717],[113.5719585,49.1932595],[113.57611383,49.19316533],[113.57614967,49.19275467],[113.57607817,49.19272083],[113.56672133,49.1929255],[113.56664583,49.192865],[113.56663867,49.19254833],[113.566643,49.1925115],[113.56675667,49.19247233],[113.5760825,49.19227133],[113.57614683,49.19222917],[113.57615417,49.19202467],[113.57615233,49.19186033],[113.57608417,49.19182183],[113.56668267,49.192031],[113.56662167,49.19199133],[113.5666005,49.1916385],[113.56660233,49.19160933],[113.56675833,49.19157033],[113.57609867,49.19137083],[113.57615833,49.19132533],[113.57615267,49.190946],[113.57607267,49.1909175],[113.56656783,49.19113633],[113.5605575,49.19521117]]}},{"type":"Feature","id":"magarrow-actual-srvy0-acqu2-1","properties":{"project":"Nergui Undur","area":"Nergui Undur","sensor":"MagArrow","acquisition":"SRVY0-ACQU2(1)","dataType":"actual_flight_track","plannedActual":"actual","status":"confirmed_source","date":"2026-08-21","startTime":"2026-08-21T02:50:44Z","endTime":"2026-08-21T03:10:11Z","sourceFile":"SRVY0-ACQU2 (1).magdata","sourceUrl":"https://drive.google.com/drive/folders/1ctZs3rBgYtqIL9fa7J_C_L_y3LLSwXfX","sourceCrs":"EPSG:4326","displayCrs":"EPSG:4326","crsVerified":true,"pointCount":1168,"nmeaSource":"embedded GGA/RMC"},"geometry":{"type":"LineString","coordinates":[[113.55249367,49.19020483],[113.55430183,49.18881667],[113.55438,49.19205033],[113.55456017,49.194741],[113.55449917,49.1947825],[113.55393883,49.19479317],[113.55386567,49.19472717],[113.55373633,49.19201467],[113.55354667,49.1890425],[113.55349817,49.1888645],[113.55289183,49.18886683],[113.55284083,49.18893883],[113.553198,49.1948125],[113.5528555,49.1889045],[113.55291683,49.188866],[113.55305383,49.1888635],[113.5524295,49.1902135]]}},{"type":"Feature","id":"magarrow-actual-srvy0-acqu2","properties":{"project":"Nergui Undur","area":"Nergui Undur","sensor":"MagArrow","acquisition":"SRVY0-ACQU2","dataType":"actual_flight_track","plannedActual":"actual","status":"confirmed_source","date":"2026-08-22","startTime":"2026-08-22T02:32:23Z","endTime":"2026-08-22T03:06:51Z","sourceFile":"SRVY0-ACQU2.magdata","sourceUrl":"https://drive.google.com/drive/folders/1ctZs3rBgYtqIL9fa7J_C_L_y3LLSwXfX","sourceCrs":"EPSG:4326","displayCrs":"EPSG:4326","crsVerified":true,"pointCount":2067,"nmeaSource":"embedded GGA/RMC"},"geometry":{"type":"LineString","coordinates":[[113.56308917,49.20665683],[113.55783417,49.20519483],[113.55780933,49.20524733],[113.55784167,49.205193],[113.55777883,49.20519867],[113.55783083,49.20519283],[113.55778833,49.20516067],[113.557847,49.20519617],[113.55785417,49.210089],[113.55772933,49.2101135],[113.55720217,49.21009533],[113.55716617,49.21004],[113.55712233,49.2013525],[113.55712917,49.20177717],[113.55653967,49.20962217],[113.55649717,49.2101245],[113.556425,49.2101105],[113.5565085,49.21012933],[113.55646983,49.2101075],[113.55658683,49.2100915],[113.55649417,49.21010883],[113.55653017,49.2100835],[113.556524,49.21012283],[113.556504,49.20672033],[113.55642483,49.20142083],[113.55636767,49.20137683],[113.555739,49.20140783],[113.55580767,49.21007933],[113.555692,49.21011617],[113.55516933,49.21010683],[113.55511067,49.2100395],[113.5550715,49.203075],[113.55521967,49.2030505],[113.56299983,49.20664733],[113.563073,49.206646]]}},{"type":"Feature","id":"magarrow-actual-srvy0-acqu20","properties":{"project":"Nergui Undur","area":"Nergui Undur","sensor":"MagArrow","acquisition":"SRVY0-ACQU20","dataType":"actual_flight_track","plannedActual":"actual","status":"confirmed_source","date":"2026-08-24","startTime":"2026-08-24T02:34:26Z","endTime":"2026-08-24T02:43:31Z","sourceFile":"SRVY0-ACQU20.magdata","sourceUrl":"https://drive.google.com/drive/folders/1ctZs3rBgYtqIL9fa7J_C_L_y3LLSwXfX","sourceCrs":"EPSG:4326","displayCrs":"EPSG:4326","crsVerified":true,"pointCount":545,"nmeaSource":"embedded GGA/RMC"},"geometry":{"type":"LineString","coordinates":[[113.54050217,49.20841967],[113.54054117,49.20841817],[113.5395885,49.20599717],[113.53932417,49.20549683],[113.53306183,49.19051783],[113.53303233,49.188997],[113.53305533,49.19031017],[113.54047383,49.20838133]]}},{"type":"Feature","id":"magarrow-actual-srvy0-acqu21","properties":{"project":"Nergui Undur","area":"Nergui Undur","sensor":"MagArrow","acquisition":"SRVY0-ACQU21","dataType":"actual_flight_track","plannedActual":"actual","status":"confirmed_source","date":"2026-08-30","startTime":"2026-08-30T03:55:48Z","endTime":"2026-08-30T04:34:29Z","sourceFile":"SRVY0-ACQU21.magdata","sourceUrl":"https://drive.google.com/drive/folders/1ctZs3rBgYtqIL9fa7J_C_L_y3LLSwXfX","sourceCrs":"EPSG:4326","displayCrs":"EPSG:4326","crsVerified":true,"pointCount":2322,"nmeaSource":"embedded GGA/RMC"},"geometry":{"type":"LineString","coordinates":[[113.53025083,49.20266917],[113.51791483,49.20399033],[113.53270067,49.203808],[113.53275717,49.20384917],[113.532766,49.20423367],[113.53268267,49.20426433],[113.52892583,49.20428117],[113.526771,49.20433],[113.5260605,49.2043345],[113.52602217,49.20430717],[113.52593417,49.20433883],[113.5254655,49.2043515],[113.52526667,49.20432383],[113.52523183,49.2043585],[113.52505633,49.20436283],[113.51903167,49.20444017],[113.51858417,49.2044395],[113.51851617,49.2044125],[113.518487,49.20444867],[113.51839867,49.2044215],[113.51794733,49.2044645],[113.517932,49.2048485],[113.51803117,49.20489433],[113.5326995,49.20473133],[113.53279033,49.20480517],[113.532784,49.205155],[113.53268817,49.205182],[113.52845817,49.20519767],[113.52843933,49.20522167],[113.5283845,49.2051855],[113.528329,49.20522733],[113.5274275,49.20524317],[113.52736,49.20521983],[113.52733283,49.2052455],[113.52723767,49.20522217],[113.52579,49.205258],[113.52568267,49.2052345],[113.52569933,49.20525833],[113.52557483,49.205282],[113.52347367,49.20529117],[113.52328217,49.2053325],[113.52320433,49.20529517],[113.522838,49.20531283],[113.52265333,49.20528633],[113.52259,49.20532133],[113.52226133,49.20530983],[113.52219083,49.20533483],[113.52214383,49.20530033],[113.5221145,49.20532317],[113.52167983,49.20530217],[113.52161417,49.20532783],[113.51809067,49.2053485],[113.51797133,49.20536283],[113.51792767,49.20541883],[113.517946,49.20577383],[113.51802,49.20580733],[113.5328075,49.20561467],[113.53197067,49.20562567],[113.53026833,49.2027115],[113.53033017,49.202696],[113.530222,49.202708]]}},{"type":"Feature","id":"magarrow-actual-srvy0-acqu22","properties":{"project":"Nergui Undur","area":"Nergui Undur","sensor":"MagArrow","acquisition":"SRVY0-ACQU22","dataType":"actual_flight_track","plannedActual":"actual","status":"confirmed_source","date":"2026-08-30","startTime":"2026-08-30T04:37:10Z","endTime":"2026-08-30T04:54:40Z","sourceFile":"SRVY0-ACQU22.magdata","sourceUrl":"https://drive.google.com/drive/folders/1ctZs3rBgYtqIL9fa7J_C_L_y3LLSwXfX","sourceCrs":"EPSG:4326","displayCrs":"EPSG:4326","crsVerified":true,"pointCount":1051,"nmeaSource":"embedded GGA/RMC"},"geometry":{"type":"LineString","coordinates":[[113.530221,49.202709],[113.53024383,49.2026855],[113.53081,49.20282817],[113.532749,49.20338967],[113.5302595,49.20337983],[113.52995283,49.2034075],[113.52963,49.20337517],[113.52957983,49.20340367],[113.52749383,49.20341267],[113.52747583,49.20337083],[113.52906317,49.20273383],[113.52751833,49.20342967],[113.5180005,49.20355017],[113.51792517,49.20348833],[113.5179295,49.20313317],[113.518033,49.20309017],[113.532563,49.2029195],[113.53269117,49.20291667],[113.53274117,49.20284383],[113.53273067,49.20251667],[113.532681,49.20246633],[113.53259517,49.20246083],[113.52779567,49.20253033]]}},{"type":"Feature","id":"magarrow-actual-srvy0-acqu23","properties":{"project":"Nergui Undur","area":"Nergui Undur","sensor":"MagArrow","acquisition":"SRVY0-ACQU23","dataType":"actual_flight_track","plannedActual":"actual","status":"confirmed_source","date":"2026-08-30","startTime":"2026-08-30T05:21:44Z","endTime":"2026-08-30T05:45:47Z","sourceFile":"SRVY0-ACQU23.magdata","sourceUrl":"https://drive.google.com/drive/folders/1ctZs3rBgYtqIL9fa7J_C_L_y3LLSwXfX","sourceCrs":"EPSG:4326","displayCrs":"EPSG:4326","crsVerified":true,"pointCount":1438,"nmeaSource":"embedded GGA/RMC"},"geometry":{"type":"LineString","coordinates":[[113.5302855,49.202719],[113.53034183,49.20266067],[113.51902533,49.20171633],[113.532658,49.20156517],[113.53270067,49.20163683],[113.532702,49.20196283],[113.5325985,49.20201167],[113.52940767,49.2020225],[113.518433,49.2021835],[113.51797367,49.202192],[113.51790383,49.20225783],[113.517913,49.20261217],[113.51799533,49.20264067],[113.527746,49.20250983],[113.53026467,49.2026885],[113.53024417,49.20267],[113.530235,49.20269767]]}},{"type":"Feature","id":"magarrow-actual-srvy0-acqu24","properties":{"project":"Nergui Undur","area":"Nergui Undur","sensor":"MagArrow","acquisition":"SRVY0-ACQU24","dataType":"actual_flight_track","plannedActual":"actual","status":"confirmed_source","date":"2026-08-30","startTime":"2026-08-30T08:45:21Z","endTime":"2026-08-30T09:21:15Z","sourceFile":"SRVY0-ACQU24.magdata","sourceUrl":"https://drive.google.com/drive/folders/1ctZs3rBgYtqIL9fa7J_C_L_y3LLSwXfX","sourceCrs":"EPSG:4326","displayCrs":"EPSG:4326","crsVerified":true,"pointCount":2152,"nmeaSource":"embedded GGA/RMC"},"geometry":{"type":"LineString","coordinates":[[113.52961133,49.194652],[113.5326745,49.20114633],[113.532655,49.2011235],[113.517932,49.20130333],[113.51786467,49.20122183],[113.517887,49.200912],[113.51797917,49.2008665],[113.53261133,49.20066983],[113.53265767,49.20061583],[113.53264167,49.20026583],[113.53253967,49.20022183],[113.51795883,49.200406],[113.5178565,49.20034767],[113.517855,49.20000967],[113.51792333,49.199962],[113.51804633,49.19995567],[113.53258417,49.19975783],[113.53262917,49.19970067],[113.5326,49.199349],[113.53249217,49.199319],[113.51783,49.1995055],[113.51878467,49.1994945],[113.5294925,49.19453167]]}},{"type":"Feature","id":"magarrow-actual-srvy0-acqu25","properties":{"project":"Nergui Undur","area":"Nergui Undur","sensor":"MagArrow","acquisition":"SRVY0-ACQU25","dataType":"actual_flight_track","plannedActual":"actual","status":"confirmed_source","date":"2026-08-30","startTime":"2026-08-30T09:23:52Z","endTime":"2026-08-30T09:58:45Z","sourceFile":"SRVY0-ACQU25.magdata","sourceUrl":"https://drive.google.com/drive/folders/1ctZs3rBgYtqIL9fa7J_C_L_y3LLSwXfX","sourceCrs":"EPSG:4326","displayCrs":"EPSG:4326","crsVerified":true,"pointCount":2094,"nmeaSource":"embedded GGA/RMC"},"geometry":{"type":"LineString","coordinates":[[113.529482,49.19453283],[113.5295475,49.1945525],[113.53006967,49.19529983],[113.53010383,49.19541667],[113.53096833,49.19672983],[113.53120617,49.19692467],[113.53143683,49.197218],[113.5326025,49.19886683],[113.518004,49.19906833],[113.51788567,49.19904383],[113.51786483,49.1986625],[113.51796067,49.198615],[113.53254733,49.198436],[113.532608,49.198363],[113.53259467,49.19806417],[113.53258067,49.19801083],[113.53249933,49.19798333],[113.51796833,49.198168],[113.51787933,49.198129],[113.51786633,49.19775017],[113.517982,49.19771283],[113.53252883,49.19753567],[113.53257917,49.1974605],[113.532564,49.1971325],[113.5324245,49.19708483],[113.51784917,49.19726583],[113.51859183,49.19725467],[113.52949117,49.19455983],[113.52954317,49.1945185],[113.5295245,49.194546]]}},{"type":"Feature","id":"magarrow-actual-srvy0-acqu26","properties":{"project":"Nergui Undur","area":"Nergui Undur","sensor":"MagArrow","acquisition":"SRVY0-ACQU26","dataType":"actual_flight_track","plannedActual":"actual","status":"confirmed_source","date":"2026-08-30","startTime":"2026-08-30T10:02:31Z","endTime":"2026-08-30T10:36:23Z","sourceFile":"SRVY0-ACQU26.magdata","sourceUrl":"https://drive.google.com/drive/folders/1ctZs3rBgYtqIL9fa7J_C_L_y3LLSwXfX","sourceCrs":"EPSG:4326","displayCrs":"EPSG:4326","crsVerified":true,"pointCount":2031,"nmeaSource":"embedded GGA/RMC"},"geometry":{"type":"LineString","coordinates":[[113.5294865,49.1945455],[113.529533,49.1945585],[113.52588,49.19467333],[113.517814,49.1950175],[113.53241417,49.19483233],[113.532509,49.194897],[113.532506,49.1952535],[113.53235467,49.19528717],[113.51790417,49.19546317],[113.51782733,49.19554783],[113.51784317,49.19587617],[113.518116,49.19590867],[113.5324325,49.195722],[113.53253667,49.19579233],[113.53253033,49.19615083],[113.5324135,49.19618083],[113.51793283,49.19635867],[113.51784417,49.196438],[113.517851,49.19677117],[113.51792333,49.19680517],[113.51812733,49.19680583],[113.53257183,49.196631],[113.532193,49.19663467],[113.53210067,49.19653217],[113.53210067,49.19649133],[113.53214,49.19652317],[113.5321785,49.196488],[113.531964,49.19637383],[113.52957467,49.19457683]]}},{"type":"Feature","id":"magarrow-actual-srvy0-acqu27","properties":{"project":"Nergui Undur","area":"Nergui Undur","sensor":"MagArrow","acquisition":"SRVY0-ACQU27","dataType":"actual_flight_track","plannedActual":"actual","status":"confirmed_source","date":"2026-08-30","startTime":"2026-08-30T10:40:47Z","endTime":"2026-08-30T11:13:32Z","sourceFile":"SRVY0-ACQU27.magdata","sourceUrl":"https://drive.google.com/drive/folders/1ctZs3rBgYtqIL9fa7J_C_L_y3LLSwXfX","sourceCrs":"EPSG:4326","displayCrs":"EPSG:4326","crsVerified":true,"pointCount":1962,"nmeaSource":"embedded GGA/RMC"},"geometry":{"type":"LineString","coordinates":[[113.52949717,49.19453533],[113.52953217,49.1945435],[113.5177795,49.19275267],[113.53236783,49.19257233],[113.532441,49.192664],[113.53244433,49.1929405],[113.53243617,49.19299783],[113.53235367,49.19302633],[113.51788817,49.19320233],[113.51782417,49.19323783],[113.51782017,49.19362617],[113.51794033,49.193652],[113.53225933,49.19347117],[113.53242867,49.19347433],[113.532464,49.19353233],[113.5324755,49.19388567],[113.53233283,49.19392133],[113.51785633,49.1940965],[113.51782583,49.19450867],[113.51797333,49.19454733],[113.53249233,49.19435933],[113.53112683,49.194406]]}},{"type":"Feature","id":"magarrow-actual-srvy0-acqu28","properties":{"project":"Nergui Undur","area":"Nergui Undur","sensor":"MagArrow","acquisition":"SRVY0-ACQU28","dataType":"actual_flight_track","plannedActual":"actual","status":"confirmed_source","date":"2026-08-31","startTime":"2026-08-31T04:03:55Z","endTime":"2026-08-31T04:45:16Z","sourceFile":"SRVY0-ACQU28.magdata","sourceUrl":"https://drive.google.com/drive/folders/1ctZs3rBgYtqIL9fa7J_C_L_y3LLSwXfX","sourceCrs":"EPSG:4326","displayCrs":"EPSG:4326","crsVerified":true,"pointCount":2482,"nmeaSource":"embedded GGA/RMC"},"geometry":{"type":"LineString","coordinates":[[113.52549,49.18942833],[113.52549117,49.18945267],[113.51777983,49.19048733],[113.53228817,49.19031767],[113.53234217,49.1903955],[113.53234267,49.19075],[113.51783117,49.19095067],[113.5177525,49.191012],[113.517755,49.19136433],[113.51786917,49.19139967],[113.53229383,49.1912335],[113.53236083,49.19130333],[113.53236933,49.19165933],[113.53228833,49.19169017],[113.5315815,49.19170167],[113.51781917,49.19186683],[113.51776133,49.1919105],[113.51776733,49.19229417],[113.5178595,49.19231933],[113.5185185,49.1923125],[113.53239233,49.1921415],[113.53205633,49.192143],[113.532332,49.18987917],[113.519576,49.19004883],[113.52543767,49.18948483],[113.525411,49.18944717]]}},{"type":"Feature","id":"magarrow-actual-srvy0-acqu29","properties":{"project":"Nergui Undur","area":"Nergui Undur","sensor":"MagArrow","acquisition":"SRVY0-ACQU29","dataType":"actual_flight_track","plannedActual":"actual","status":"confirmed_source","date":"2026-08-31","startTime":"2026-08-31T04:47:32Z","endTime":"2026-08-31T05:29:53Z","sourceFile":"SRVY0-ACQU29.magdata","sourceUrl":"https://drive.google.com/drive/folders/1ctZs3rBgYtqIL9fa7J_C_L_y3LLSwXfX","sourceCrs":"EPSG:4326","displayCrs":"EPSG:4326","crsVerified":true,"pointCount":2542,"nmeaSource":"embedded GGA/RMC"},"geometry":{"type":"LineString","coordinates":[[113.52541217,49.189444],[113.52542133,49.189476],[113.51960583,49.19004483],[113.5177925,49.19006583],[113.51772983,49.19003183],[113.5177235,49.18964617],[113.51787517,49.18960933],[113.521392,49.18959117],[113.53227417,49.189442],[113.5324835,49.18941867],[113.53426867,49.188968],[113.51168317,49.18925167],[113.51159317,49.18919783],[113.51158433,49.18885333],[113.51170117,49.18879617],[113.53435717,49.188523],[113.53419833,49.1885465],[113.53435033,49.18806583],[113.51162133,49.188341],[113.51157483,49.18826317],[113.5115765,49.1879355],[113.5117045,49.18788533],[113.514889,49.18786817],[113.5150765,49.187897],[113.5151145,49.1878915],[113.51509917,49.18782967],[113.52544083,49.18948733],[113.5254105,49.18946333]]}},{"type":"Feature","id":"magarrow-actual-srvy0-acqu3","properties":{"project":"Nergui Undur","area":"Nergui Undur","sensor":"MagArrow","acquisition":"SRVY0-ACQU3","dataType":"actual_flight_track","plannedActual":"actual","status":"confirmed_source","date":"2026-08-22","startTime":"2026-08-22T03:15:08Z","endTime":"2026-08-22T03:50:42Z","sourceFile":"SRVY0-ACQU3.magdata","sourceUrl":"https://drive.google.com/drive/folders/1ctZs3rBgYtqIL9fa7J_C_L_y3LLSwXfX","sourceCrs":"EPSG:4326","displayCrs":"EPSG:4326","crsVerified":true,"pointCount":2129,"nmeaSource":"embedded GGA/RMC"},"geometry":{"type":"LineString","coordinates":[[113.56309517,49.206683],[113.55797017,49.20439733],[113.55789317,49.2043725],[113.55789117,49.20440833],[113.55783983,49.20434683],[113.55529517,49.20320133],[113.55505767,49.2030995],[113.55502867,49.20312783],[113.55507833,49.20310083],[113.55508717,49.20106283],[113.555023,49.19451233],[113.55474317,49.2047405],[113.55463917,49.20776667],[113.5545905,49.2078485],[113.55464,49.207914],[113.55462833,49.208285],[113.55457283,49.20861083],[113.5546115,49.20866467],[113.5545975,49.20894983],[113.55455083,49.20902567],[113.55460417,49.20908367],[113.554558,49.20917083],[113.55447333,49.21336117],[113.55452367,49.213359],[113.55445717,49.21334283],[113.55447617,49.21041233],[113.5543385,49.195549],[113.56302267,49.20664167],[113.563066,49.20667683],[113.56309383,49.2066445],[113.56307117,49.20666817]]}},{"type":"Feature","id":"magarrow-actual-srvy0-acqu30","properties":{"project":"Nergui Undur","area":"Nergui Undur","sensor":"MagArrow","acquisition":"SRVY0-ACQU30","dataType":"actual_flight_track","plannedActual":"actual","status":"confirmed_source","date":"2026-08-31","startTime":"2026-08-31T07:55:26Z","endTime":"2026-08-31T08:17:44Z","sourceFile":"SRVY0-ACQU30.magdata","sourceUrl":"https://drive.google.com/drive/folders/1ctZs3rBgYtqIL9fa7J_C_L_y3LLSwXfX","sourceCrs":"EPSG:4326","displayCrs":"EPSG:4326","crsVerified":true,"pointCount":1336,"nmeaSource":"embedded GGA/RMC"},"geometry":{"type":"LineString","coordinates":[[113.52386183,49.18818967],[113.514937,49.18783367],[113.51891217,49.1878175],[113.534307,49.18763033],[113.53436083,49.18758417],[113.5343605,49.18723267],[113.534265,49.18717983],[113.51158017,49.1874565],[113.513392,49.18743317],[113.52347283,49.18819683],[113.52381533,49.18825067],[113.52381917,49.18821133],[113.52378583,49.18822017],[113.52384017,49.18822433],[113.52379933,49.18822167]]}},{"type":"Feature","id":"magarrow-actual-srvy0-acqu31","properties":{"project":"Nergui Undur","area":"Nergui Undur","sensor":"MagArrow","acquisition":"SRVY0-ACQU31","dataType":"actual_flight_track","plannedActual":"actual","status":"confirmed_source","date":"2026-08-31","startTime":"2026-08-31T08:29:39Z","endTime":"2026-08-31T09:14:28Z","sourceFile":"SRVY0-ACQU31.magdata","sourceUrl":"https://drive.google.com/drive/folders/1ctZs3rBgYtqIL9fa7J_C_L_y3LLSwXfX","sourceCrs":"EPSG:4326","displayCrs":"EPSG:4326","crsVerified":true,"pointCount":2668,"nmeaSource":"embedded GGA/RMC"},"geometry":{"type":"LineString","coordinates":[[113.52378783,49.188195],[113.52377983,49.18822883],[113.52228667,49.18763333],[113.5217855,49.187393],[113.52176017,49.18741633],[113.52198583,49.18729983],[113.52438783,49.185646],[113.53432717,49.17863117],[113.53430433,49.17857967],[113.53433467,49.178632],[113.53425967,49.178635],[113.53427433,49.17857617],[113.53433067,49.17863817],[113.53435417,49.178564],[113.53437183,49.17863433],[113.53430167,49.17861133],[113.53432367,49.17863017],[113.53048883,49.1786905],[113.5121185,49.178894],[113.51466033,49.18092567],[113.51219233,49.17888417],[113.5158995,49.1818925],[113.51217217,49.17888033],[113.51171067,49.1789025],[113.51162083,49.17887583],[113.51157717,49.17882867],[113.51157467,49.17857083],[113.51318883,49.1798715],[113.51157133,49.1786345],[113.5115225,49.17865367],[113.51152617,49.17861867],[113.51159567,49.17865483],[113.511586,49.17847467],[113.5117025,49.17844417],[113.534231,49.17816317],[113.53430117,49.17807533],[113.5342585,49.1777235],[113.52439,49.177828],[113.5238225,49.1873775]]}},{"type":"Feature","id":"magarrow-actual-srvy0-acqu32","properties":{"project":"Nergui Undur","area":"Nergui Undur","sensor":"MagArrow","acquisition":"SRVY0-ACQU32","dataType":"actual_flight_track","plannedActual":"actual","status":"confirmed_source","date":"2026-08-31","startTime":"2026-08-31T09:18:17Z","endTime":"2026-08-31T09:56:51Z","sourceFile":"SRVY0-ACQU32.magdata","sourceUrl":"https://drive.google.com/drive/folders/1ctZs3rBgYtqIL9fa7J_C_L_y3LLSwXfX","sourceCrs":"EPSG:4326","displayCrs":"EPSG:4326","crsVerified":true,"pointCount":2310,"nmeaSource":"embedded GGA/RMC"},"geometry":{"type":"LineString","coordinates":[[113.52375317,49.18821217],[113.523789,49.18820483],[113.52444933,49.177816],[113.51156733,49.17799617],[113.512335,49.17798433],[113.53431067,49.17995567],[113.53429667,49.18002167],[113.534327,49.17994233],[113.534303,49.17997233],[113.511644,49.18024067],[113.511575,49.18017383],[113.51157817,49.17984583],[113.51166283,49.17978867],[113.53423267,49.17951483],[113.534283,49.17943867],[113.53427867,49.17909183],[113.53419817,49.1790605],[113.5337995,49.17905767],[113.52988183,49.17910583],[113.52375283,49.18820433],[113.52379867,49.18823267],[113.52375383,49.18818667],[113.52372,49.18820517]]}},{"type":"Feature","id":"magarrow-actual-srvy0-acqu33","properties":{"project":"Nergui Undur","area":"Nergui Undur","sensor":"MagArrow","acquisition":"SRVY0-ACQU33","dataType":"actual_flight_track","plannedActual":"actual","status":"confirmed_source","date":"2026-08-31","startTime":"2026-08-31T09:59:17Z","endTime":"2026-08-31T10:37:42Z","sourceFile":"SRVY0-ACQU33.magdata","sourceUrl":"https://drive.google.com/drive/folders/1ctZs3rBgYtqIL9fa7J_C_L_y3LLSwXfX","sourceCrs":"EPSG:4326","displayCrs":"EPSG:4326","crsVerified":true,"pointCount":2304,"nmeaSource":"embedded GGA/RMC"},"geometry":{"type":"LineString","coordinates":[[113.52373867,49.1882105],[113.52452817,49.1871155],[113.52995983,49.17911183],[113.511561,49.17934567],[113.51415783,49.1793165],[113.53432817,49.18132083],[113.51164383,49.18159883],[113.5115775,49.18156717],[113.51157283,49.1814295],[113.5115745,49.18118117],[113.511639,49.18114217],[113.53425533,49.180866],[113.5343095,49.18081733],[113.53429967,49.1804355],[113.529166,49.180484],[113.52384717,49.18812583]]}},{"type":"Feature","id":"magarrow-actual-srvy0-acqu34","properties":{"project":"Nergui Undur","area":"Nergui Undur","sensor":"MagArrow","acquisition":"SRVY0-ACQU34","dataType":"actual_flight_track","plannedActual":"actual","status":"confirmed_source","date":"2026-09-01","startTime":"2026-09-01T01:46:37Z","endTime":"2026-09-01T02:24:40Z","sourceFile":"SRVY0-ACQU34.magdata","sourceUrl":"https://drive.google.com/drive/folders/1ctZs3rBgYtqIL9fa7J_C_L_y3LLSwXfX","sourceCrs":"EPSG:4326","displayCrs":"EPSG:4326","crsVerified":true,"pointCount":2284,"nmeaSource":"embedded GGA/RMC"},"geometry":{"type":"LineString","coordinates":[[113.524896,49.18649283],[113.52926267,49.18044133],[113.51159983,49.18068583],[113.51265133,49.18067283],[113.53338733,49.1825795],[113.53437133,49.18266617],[113.53433217,49.182643],[113.534408,49.18263167],[113.53435333,49.18267117],[113.53440717,49.18271067],[113.53433867,49.18265683],[113.53439367,49.18266783],[113.53437133,49.18261733],[113.53437683,49.182676],[113.53435517,49.18265283],[113.53438733,49.1826695],[113.529646,49.1827055],[113.51165333,49.18293867],[113.5115915,49.1828695],[113.5115995,49.1825425],[113.51172233,49.18248783],[113.53427617,49.182209],[113.5343385,49.18213917],[113.534328,49.181781],[113.53424533,49.18175233],[113.52752033,49.1818335],[113.5273955,49.18212933],[113.52485917,49.18655083],[113.52493817,49.18645433],[113.524902,49.18646367]]}},{"type":"Feature","id":"magarrow-actual-srvy0-acqu35","properties":{"project":"Nergui Undur","area":"Nergui Undur","sensor":"MagArrow","acquisition":"SRVY0-ACQU35","dataType":"actual_flight_track","plannedActual":"actual","status":"confirmed_source","date":"2026-09-01","startTime":"2026-09-01T02:27:40Z","endTime":"2026-09-01T03:07:13Z","sourceFile":"SRVY0-ACQU35.magdata","sourceUrl":"https://drive.google.com/drive/folders/1ctZs3rBgYtqIL9fa7J_C_L_y3LLSwXfX","sourceCrs":"EPSG:4326","displayCrs":"EPSG:4326","crsVerified":true,"pointCount":2374,"nmeaSource":"embedded GGA/RMC"},"geometry":{"type":"LineString","coordinates":[[113.5249325,49.1865205],[113.52488183,49.18651633],[113.526291,49.18414133],[113.52759067,49.1818255],[113.51159233,49.182044],[113.51244383,49.18203033],[113.51160183,49.1834025],[113.51155433,49.1833845],[113.53432367,49.183126],[113.53434483,49.18350467],[113.53422633,49.18356683],[113.511714,49.18384633],[113.511639,49.18384983],[113.511587,49.1839205],[113.51159683,49.18426233],[113.51178667,49.18429767],[113.53436167,49.18402667],[113.52493983,49.1864915]]}},{"type":"Feature","id":"magarrow-actual-srvy0-acqu36","properties":{"project":"Nergui Undur","area":"Nergui Undur","sensor":"MagArrow","acquisition":"SRVY0-ACQU36","dataType":"actual_flight_track","plannedActual":"actual","status":"confirmed_source","date":"2026-09-01","startTime":"2026-09-01T03:09:41Z","endTime":"2026-09-01T03:42:25Z","sourceFile":"SRVY0-ACQU36.magdata","sourceUrl":"https://drive.google.com/drive/folders/1ctZs3rBgYtqIL9fa7J_C_L_y3LLSwXfX","sourceCrs":"EPSG:4326","displayCrs":"EPSG:4326","crsVerified":true,"pointCount":1963,"nmeaSource":"embedded GGA/RMC"},"geometry":{"type":"LineString","coordinates":[[113.52490683,49.1865195],[113.52484667,49.186532],[113.53436067,49.185363],[113.51167883,49.18562933],[113.51159233,49.1855725],[113.51159417,49.185217],[113.51172017,49.185175],[113.53421417,49.1849045],[113.5343445,49.18487217],[113.5343415,49.184488],[113.534224,49.18445167],[113.53360533,49.184456],[113.51157067,49.18472667],[113.512549,49.184722],[113.52455183,49.1864685],[113.5246515,49.1865155],[113.52471983,49.186483],[113.52483483,49.18652917],[113.52479983,49.186532],[113.52485317,49.1865065]]}},{"type":"Feature","id":"magarrow-actual-srvy0-acqu37","properties":{"project":"Nergui Undur","area":"Nergui Undur","sensor":"MagArrow","acquisition":"SRVY0-ACQU37","dataType":"actual_flight_track","plannedActual":"actual","status":"confirmed_source","date":"2026-09-01","startTime":"2026-09-01T03:48:19Z","endTime":"2026-09-01T04:21:23Z","sourceFile":"SRVY0-ACQU37.magdata","sourceUrl":"https://drive.google.com/drive/folders/1ctZs3rBgYtqIL9fa7J_C_L_y3LLSwXfX","sourceCrs":"EPSG:4326","displayCrs":"EPSG:4326","crsVerified":true,"pointCount":1985,"nmeaSource":"embedded GGA/RMC"},"geometry":{"type":"LineString","coordinates":[[113.52487783,49.18653717],[113.52487133,49.18651283],[113.53438283,49.18760083],[113.55566517,49.18732617],[113.55627133,49.18731333],[113.55632583,49.18724183],[113.5563135,49.18691483],[113.55621167,49.1868695],[113.53447,49.18714183],[113.53438617,49.18713417],[113.534354,49.18702667],[113.53435767,49.1867225],[113.5344385,49.1866945],[113.5563115,49.18642417],[113.55510867,49.18644167],[113.55497933,49.1864015],[113.54865617,49.18643717],[113.54805067,49.1864215],[113.54768467,49.1863705],[113.52519567,49.18651917],[113.525125,49.1864935],[113.525074,49.186523]]}},{"type":"Feature","id":"magarrow-actual-srvy0-acqu38","properties":{"project":"Nergui Undur","area":"Nergui Undur","sensor":"MagArrow","acquisition":"SRVY0-ACQU38","dataType":"actual_flight_track","plannedActual":"actual","status":"confirmed_source","date":"2026-09-01","startTime":"2026-09-01T07:58:02Z","endTime":"2026-09-01T08:31:33Z","sourceFile":"SRVY0-ACQU38.magdata","sourceUrl":"https://drive.google.com/drive/folders/1ctZs3rBgYtqIL9fa7J_C_L_y3LLSwXfX","sourceCrs":"EPSG:4326","displayCrs":"EPSG:4326","crsVerified":true,"pointCount":2011,"nmeaSource":"embedded GGA/RMC"},"geometry":{"type":"LineString","coordinates":[[113.54900483,49.18294683],[113.54899817,49.18297967],[113.53440083,49.18895333],[113.53431383,49.18892117],[113.5344075,49.188956],[113.53439817,49.18892233],[113.53447233,49.18893667],[113.534395,49.18895183],[113.53437083,49.1889195],[113.53442567,49.18894733],[113.53437767,49.1889625],[113.5344805,49.18891633],[113.53438167,49.188963],[113.53442233,49.18892933],[113.55630183,49.18867283],[113.55633517,49.18827317],[113.556173,49.1882195],[113.5344005,49.1884885],[113.53438633,49.1880785],[113.53450817,49.18805167],[113.5563335,49.18778283],[113.55566467,49.187786],[113.5489685,49.182979],[113.54898417,49.182956]]}},{"type":"Feature","id":"magarrow-actual-srvy0-acqu39","properties":{"project":"Nergui Undur","area":"Nergui Undur","sensor":"MagArrow","acquisition":"SRVY0-ACQU39","dataType":"actual_flight_track","plannedActual":"actual","status":"confirmed_source","date":"2026-09-01","startTime":"2026-09-01T08:33:32Z","endTime":"2026-09-01T09:04:48Z","sourceFile":"SRVY0-ACQU39.magdata","sourceUrl":"https://drive.google.com/drive/folders/1ctZs3rBgYtqIL9fa7J_C_L_y3LLSwXfX","sourceCrs":"EPSG:4326","displayCrs":"EPSG:4326","crsVerified":true,"pointCount":1877,"nmeaSource":"embedded GGA/RMC"},"geometry":{"type":"LineString","coordinates":[[113.54898767,49.18296367],[113.54897817,49.1829905],[113.54896117,49.18296933],[113.53459833,49.18619967],[113.5343445,49.186256],[113.53434767,49.18620117],[113.53430783,49.18622583],[113.53438367,49.18626183],[113.534315,49.18621783],[113.53438333,49.18620717],[113.53435817,49.1862655],[113.534384,49.18623533],[113.53433933,49.18623267],[113.53438233,49.18625683],[113.5343955,49.18621967],[113.53436433,49.18625483],[113.55627033,49.18597067],[113.556312,49.18589817],[113.55630017,49.1855645],[113.55618567,49.1855265],[113.53830717,49.18576467],[113.53442233,49.185801],[113.53434867,49.18574167],[113.53434767,49.1853875],[113.53446183,49.18535117],[113.55631133,49.18508583],[113.5558975,49.18508567],[113.54898233,49.182982]]}},{"type":"Feature","id":"magarrow-actual-srvy0-acqu4","properties":{"project":"Nergui Undur","area":"Nergui Undur","sensor":"MagArrow","acquisition":"SRVY0-ACQU4","dataType":"actual_flight_track","plannedActual":"actual","status":"confirmed_source","date":"2026-08-22","startTime":"2026-08-22T04:23:14Z","endTime":"2026-08-22T04:54:23Z","sourceFile":"SRVY0-ACQU4.magdata","sourceUrl":"https://drive.google.com/drive/folders/1ctZs3rBgYtqIL9fa7J_C_L_y3LLSwXfX","sourceCrs":"EPSG:4326","displayCrs":"EPSG:4326","crsVerified":true,"pointCount":1868,"nmeaSource":"embedded GGA/RMC"},"geometry":{"type":"LineString","coordinates":[[113.54049317,49.20845133],[113.55435117,49.195559],[113.5543355,49.19451133],[113.5537965,49.2132935],[113.55379367,49.21335533],[113.553726,49.2133495],[113.5538145,49.213336],[113.55381333,49.21338583],[113.55380633,49.21333433],[113.553783,49.21337233],[113.55373817,49.21334183],[113.55384567,49.21334483],[113.55378933,49.213365],[113.55380017,49.21333583],[113.55378583,49.213374],[113.55364917,49.1945345],[113.55365433,49.195142],[113.540744,49.20817017],[113.54068117,49.20829383],[113.54067633,49.20826817],[113.54049067,49.20847683],[113.54048183,49.2084475]]}},{"type":"Feature","id":"magarrow-actual-srvy0-acqu40","properties":{"project":"Nergui Undur","area":"Nergui Undur","sensor":"MagArrow","acquisition":"SRVY0-ACQU40","dataType":"actual_flight_track","plannedActual":"actual","status":"confirmed_source","date":"2026-09-01","startTime":"2026-09-01T09:09:39Z","endTime":"2026-09-01T09:41:58Z","sourceFile":"SRVY0-ACQU40.magdata","sourceUrl":"https://drive.google.com/drive/folders/1ctZs3rBgYtqIL9fa7J_C_L_y3LLSwXfX","sourceCrs":"EPSG:4326","displayCrs":"EPSG:4326","crsVerified":true,"pointCount":1935,"nmeaSource":"embedded GGA/RMC"},"geometry":{"type":"LineString","coordinates":[[113.54899033,49.18294733],[113.54897017,49.18297417],[113.53507933,49.18480217],[113.53432733,49.18490017],[113.53427433,49.18487417],[113.53440933,49.184907],[113.5343705,49.1848475],[113.53437167,49.18492133],[113.53442283,49.18486167],[113.534346,49.18485717],[113.5343485,49.184917],[113.5343275,49.18485567],[113.5343505,49.184926],[113.53431133,49.1848935],[113.53437667,49.184893],[113.53435717,49.1849365],[113.53435167,49.18487033],[113.5343275,49.18492117],[113.53434433,49.18488933],[113.53760733,49.18487333],[113.55627883,49.184617],[113.55630017,49.18421317],[113.55618783,49.18417267],[113.54556833,49.18431067],[113.54463083,49.18429817],[113.54458583,49.18432967],[113.53452783,49.18445133],[113.534402,49.18445233],[113.53434717,49.18437733],[113.53434383,49.18404933],[113.5344685,49.18400017],[113.5563085,49.183729],[113.54895533,49.18296933]]}},{"type":"Feature","id":"magarrow-actual-srvy0-acqu41","properties":{"project":"Nergui Undur","area":"Nergui Undur","sensor":"MagArrow","acquisition":"SRVY0-ACQU41","dataType":"actual_flight_track","plannedActual":"actual","status":"confirmed_source","date":"2026-09-02","startTime":"2026-09-02T01:54:47Z","endTime":"2026-09-02T02:27:19Z","sourceFile":"SRVY0-ACQU41.magdata","sourceUrl":"https://drive.google.com/drive/folders/1ctZs3rBgYtqIL9fa7J_C_L_y3LLSwXfX","sourceCrs":"EPSG:4326","displayCrs":"EPSG:4326","crsVerified":true,"pointCount":1953,"nmeaSource":"embedded GGA/RMC"},"geometry":{"type":"LineString","coordinates":[[113.54894283,49.18278317],[113.54894833,49.18281283],[113.53435183,49.18355533],[113.5343205,49.1835065],[113.534343,49.18355183],[113.5344015,49.18352817],[113.53434367,49.18356717],[113.53437433,49.1835335],[113.5343155,49.183543],[113.53437417,49.183598],[113.53437117,49.18354067],[113.534295,49.1835215],[113.53437333,49.18356583],[113.53433067,49.18355433],[113.5343475,49.18358233],[113.535414,49.18354333],[113.55616233,49.18327567],[113.55624567,49.18327167],[113.55629067,49.18319783],[113.556289,49.18286733],[113.55614933,49.1828255],[113.5344015,49.183093],[113.53432533,49.18301183],[113.53432567,49.18267817],[113.53446317,49.18263783],[113.55627317,49.18236733],[113.55546433,49.18238167],[113.54891183,49.18280083],[113.54890417,49.18277033]]}},{"type":"Feature","id":"magarrow-actual-srvy0-acqu42","properties":{"project":"Nergui Undur","area":"Nergui Undur","sensor":"MagArrow","acquisition":"SRVY0-ACQU42","dataType":"actual_flight_track","plannedActual":"actual","status":"confirmed_source","date":"2026-09-02","startTime":"2026-09-02T02:29:16Z","endTime":"2026-09-02T03:03:38Z","sourceFile":"SRVY0-ACQU42.magdata","sourceUrl":"https://drive.google.com/drive/folders/1ctZs3rBgYtqIL9fa7J_C_L_y3LLSwXfX","sourceCrs":"EPSG:4326","displayCrs":"EPSG:4326","crsVerified":true,"pointCount":2062,"nmeaSource":"embedded GGA/RMC"},"geometry":{"type":"LineString","coordinates":[[113.54890483,49.18277583],[113.54890633,49.18280083],[113.53431733,49.18219167],[113.534284,49.1821425],[113.534265,49.18216667],[113.534358,49.18219167],[113.53430583,49.18225217],[113.53432733,49.18219233],[113.53437,49.18222367],[113.53430683,49.1821955],[113.534386,49.18220783],[113.534319,49.1821555],[113.53433583,49.18221367],[113.5342915,49.1821855],[113.5343855,49.18222317],[113.53434617,49.18217017],[113.53430883,49.18221417],[113.53431833,49.18214967],[113.53428733,49.18221067],[113.55621217,49.1819185],[113.55626567,49.18184133],[113.5562555,49.181489],[113.55597533,49.18146283],[113.534386,49.181747],[113.53432283,49.18165167],[113.53433383,49.18132383],[113.53442083,49.1812945],[113.5361525,49.18126983],[113.556286,49.18101617],[113.5556535,49.18102783],[113.54885367,49.1828035],[113.54891483,49.18280567],[113.54891417,49.18277733]]}},{"type":"Feature","id":"magarrow-actual-srvy0-acqu43","properties":{"project":"Nergui Undur","area":"Nergui Undur","sensor":"MagArrow","acquisition":"SRVY0-ACQU43","dataType":"actual_flight_track","plannedActual":"actual","status":"confirmed_source","date":"2026-09-02","startTime":"2026-09-02T03:43:13Z","endTime":"2026-09-02T04:16:52Z","sourceFile":"SRVY0-ACQU43.magdata","sourceUrl":"https://drive.google.com/drive/folders/1ctZs3rBgYtqIL9fa7J_C_L_y3LLSwXfX","sourceCrs":"EPSG:4326","displayCrs":"EPSG:4326","crsVerified":true,"pointCount":2018,"nmeaSource":"embedded GGA/RMC"},"geometry":{"type":"LineString","coordinates":[[113.54895083,49.18277183],[113.54896217,49.182812],[113.53427317,49.18082617],[113.53437583,49.18081433],[113.5343235,49.18085217],[113.53433917,49.1808045],[113.53435617,49.18086],[113.53434383,49.180835],[113.5343115,49.180875],[113.53434333,49.18078667],[113.53433633,49.18085167],[113.53430017,49.1808285],[113.53436633,49.180844],[113.5343145,49.18083283],[113.5343645,49.18081767],[113.53433167,49.18084783],[113.537176,49.180824],[113.556225,49.180553],[113.55626533,49.18049617],[113.5562625,49.18014217],[113.55612483,49.18010133],[113.534393,49.1803825],[113.5343255,49.18031517],[113.5343195,49.17995683],[113.53443433,49.17992783],[113.548625,49.17975983],[113.54899867,49.17975967],[113.54908,49.179789],[113.54911033,49.17975033],[113.5492025,49.1797795],[113.556259,49.17967417],[113.554719,49.1796935],[113.54888517,49.18282067],[113.54893567,49.18280317],[113.5488975,49.18278633]]}},{"type":"Feature","id":"magarrow-actual-srvy0-acqu44","properties":{"project":"Nergui Undur","area":"Nergui Undur","sensor":"MagArrow","acquisition":"SRVY0-ACQU44","dataType":"actual_flight_track","plannedActual":"actual","status":"confirmed_source","date":"2026-09-02","startTime":"2026-09-02T04:18:52Z","endTime":"2026-09-02T04:53:34Z","sourceFile":"SRVY0-ACQU44.magdata","sourceUrl":"https://drive.google.com/drive/folders/1ctZs3rBgYtqIL9fa7J_C_L_y3LLSwXfX","sourceCrs":"EPSG:4326","displayCrs":"EPSG:4326","crsVerified":true,"pointCount":2081,"nmeaSource":"embedded GGA/RMC"},"geometry":{"type":"LineString","coordinates":[[113.548891,49.18279083],[113.54890283,49.18281967],[113.53504867,49.17969133],[113.534286,49.17951767],[113.53427417,49.17948283],[113.53431083,49.17952683],[113.53432167,49.1795035],[113.53637333,49.17949183],[113.5363615,49.17952717],[113.53633083,49.1794945],[113.539046,49.17948817],[113.556201,49.17926017],[113.55627017,49.17920033],[113.55625433,49.17883333],[113.5561635,49.17881083],[113.534428,49.1790775],[113.53435617,49.17906883],[113.5343095,49.17901417],[113.53431267,49.178657],[113.53439467,49.1786265],[113.534848,49.17861933],[113.55627183,49.1783595],[113.55499217,49.17837483],[113.550368,49.18181333],[113.54891617,49.18283767],[113.5489195,49.18280617]]}},{"type":"Feature","id":"magarrow-actual-srvy0-acqu45","properties":{"project":"Nergui Undur","area":"Nergui Undur","sensor":"MagArrow","acquisition":"SRVY0-ACQU45","dataType":"actual_flight_track","plannedActual":"actual","status":"confirmed_source","date":"2026-09-02","startTime":"2026-09-02T04:55:45Z","endTime":"2026-09-02T05:30:59Z","sourceFile":"SRVY0-ACQU45.magdata","sourceUrl":"https://drive.google.com/drive/folders/1ctZs3rBgYtqIL9fa7J_C_L_y3LLSwXfX","sourceCrs":"EPSG:4326","displayCrs":"EPSG:4326","crsVerified":true,"pointCount":2090,"nmeaSource":"embedded GGA/RMC"},"geometry":{"type":"LineString","coordinates":[[113.54891117,49.1828155],[113.53450883,49.178255],[113.53429483,49.17818667],[113.5343015,49.17815233],[113.534291,49.178209],[113.53430833,49.178173],[113.53863633,49.17815217],[113.55618117,49.17790517],[113.55624983,49.17781617],[113.55620183,49.17746333],[113.53433817,49.17773333],[113.53424267,49.1776855],[113.53401217,49.177309],[113.53423,49.1772835],[113.55623833,49.17700933],[113.548884,49.18283283],[113.54888867,49.18280583]]}},{"type":"Feature","id":"magarrow-actual-srvy0-acqu46","properties":{"project":"Nergui Undur","area":"Nergui Undur","sensor":"MagArrow","acquisition":"SRVY0-ACQU46","dataType":"actual_flight_track","plannedActual":"actual","status":"confirmed_source","date":"2026-09-02","startTime":"2026-09-02T05:37:08Z","endTime":"2026-09-02T06:10:23Z","sourceFile":"SRVY0-ACQU46.magdata","sourceUrl":"https://drive.google.com/drive/folders/1ctZs3rBgYtqIL9fa7J_C_L_y3LLSwXfX","sourceCrs":"EPSG:4326","displayCrs":"EPSG:4326","crsVerified":true,"pointCount":1990,"nmeaSource":"embedded GGA/RMC"},"geometry":{"type":"LineString","coordinates":[[113.54893967,49.182789],[113.54894133,49.18281433],[113.5339605,49.1768025],[113.53714817,49.17680383],[113.55617083,49.1765455],[113.55623383,49.17647617],[113.5562295,49.17612217],[113.555949,49.17609183],[113.53405083,49.1763755],[113.53399,49.1763105],[113.533993,49.17595633],[113.53406967,49.17592467],[113.53535017,49.17590433],[113.55623183,49.17564017],[113.54889567,49.18281583]]}},{"type":"Feature","id":"magarrow-actual-srvy0-acqu47","properties":{"project":"Nergui Undur","area":"Nergui Undur","sensor":"MagArrow","acquisition":"SRVY0-ACQU47","dataType":"actual_flight_track","plannedActual":"actual","status":"confirmed_source","date":"2026-09-02","startTime":"2026-09-02T06:13:21Z","endTime":"2026-09-02T06:49:39Z","sourceFile":"SRVY0-ACQU47.magdata","sourceUrl":"https://drive.google.com/drive/folders/1ctZs3rBgYtqIL9fa7J_C_L_y3LLSwXfX","sourceCrs":"EPSG:4326","displayCrs":"EPSG:4326","crsVerified":true,"pointCount":2171,"nmeaSource":"embedded GGA/RMC"},"geometry":{"type":"LineString","coordinates":[[113.54889117,49.18279217],[113.5489085,49.18281533],[113.55090167,49.18052933],[113.5562265,49.17428833],[113.5561905,49.17421283],[113.55629567,49.1742315],[113.55622133,49.17425483],[113.55623683,49.17429217],[113.5562195,49.174243],[113.55623583,49.1742995],[113.556195,49.17427083],[113.55623217,49.17429233],[113.53404367,49.17457967],[113.53401183,49.17498817],[113.534126,49.17502033],[113.55618317,49.17475117],[113.5562285,49.174828],[113.556226,49.17515383],[113.5561255,49.175202],[113.53400417,49.17546483],[113.5349405,49.17545517],[113.54893417,49.18282217],[113.54890467,49.18278333]]}},{"type":"Feature","id":"magarrow-actual-srvy0-acqu48","properties":{"project":"Nergui Undur","area":"Nergui Undur","sensor":"MagArrow","acquisition":"SRVY0-ACQU48","dataType":"actual_flight_track","plannedActual":"actual","status":"confirmed_source","date":"2026-09-02","startTime":"2026-09-02T06:51:54Z","endTime":"2026-09-02T07:25:59Z","sourceFile":"SRVY0-ACQU48.magdata","sourceUrl":"https://drive.google.com/drive/folders/1ctZs3rBgYtqIL9fa7J_C_L_y3LLSwXfX","sourceCrs":"EPSG:4326","displayCrs":"EPSG:4326","crsVerified":true,"pointCount":2044,"nmeaSource":"embedded GGA/RMC"},"geometry":{"type":"LineString","coordinates":[[113.548892,49.18279083],[113.550574,49.18060517],[113.55619167,49.17294333],[113.55627617,49.172923],[113.55620317,49.17295417],[113.55621017,49.1729205],[113.534088,49.17321933],[113.53401667,49.17327617],[113.53402083,49.17362483],[113.53412633,49.17366633],[113.5561815,49.17339117],[113.55621083,49.17380467],[113.55613117,49.17383733],[113.5340245,49.17411567],[113.54892317,49.182825],[113.548909,49.182785]]}},{"type":"Feature","id":"magarrow-actual-srvy0-acqu49","properties":{"project":"Nergui Undur","area":"Nergui Undur","sensor":"MagArrow","acquisition":"SRVY0-ACQU49","dataType":"actual_flight_track","plannedActual":"actual","status":"confirmed_source","date":"2026-09-02","startTime":"2026-09-02T07:28:28Z","endTime":"2026-09-02T08:09:58Z","sourceFile":"SRVY0-ACQU49.magdata","sourceUrl":"https://drive.google.com/drive/folders/1ctZs3rBgYtqIL9fa7J_C_L_y3LLSwXfX","sourceCrs":"EPSG:4326","displayCrs":"EPSG:4326","crsVerified":true,"pointCount":2482,"nmeaSource":"embedded GGA/RMC"},"geometry":{"type":"LineString","coordinates":[[113.548902,49.1827835],[113.55633367,49.18733833],[113.5563235,49.18730133],[113.55632217,49.18733733],[113.56931633,49.18716],[113.56944267,49.18721133],[113.56944183,49.1875635],[113.56933683,49.18761133],[113.55635867,49.18777083],[113.5563125,49.18782017],[113.55632083,49.18817317],[113.556378,49.18821583],[113.569355,49.18805483],[113.56944517,49.188117],[113.56945167,49.18847717],[113.56937383,49.18850817],[113.55632467,49.1886785],[113.55630917,49.18507783],[113.55639717,49.18506533],[113.55629683,49.1850715],[113.56939067,49.18492133],[113.5694045,49.1853235],[113.56932233,49.18535767],[113.55636517,49.18552967],[113.55630683,49.1856125],[113.548892,49.18278017]]}},{"type":"Feature","id":"magarrow-actual-srvy0-acqu5","properties":{"project":"Nergui Undur","area":"Nergui Undur","sensor":"MagArrow","acquisition":"SRVY0-ACQU5","dataType":"actual_flight_track","plannedActual":"actual","status":"confirmed_source","date":"2026-08-22","startTime":"2026-08-22T05:04:12Z","endTime":"2026-08-22T05:32:39Z","sourceFile":"SRVY0-ACQU5.magdata","sourceUrl":"https://drive.google.com/drive/folders/1ctZs3rBgYtqIL9fa7J_C_L_y3LLSwXfX","sourceCrs":"EPSG:4326","displayCrs":"EPSG:4326","crsVerified":true,"pointCount":1707,"nmeaSource":"embedded GGA/RMC"},"geometry":{"type":"LineString","coordinates":[[113.54049717,49.20841233],[113.55313,49.21336517],[113.5529535,49.194578],[113.55281117,49.19453817],[113.5523855,49.19455083],[113.55230133,49.19456067],[113.55226183,49.19463367],[113.55240617,49.21330567],[113.55228217,49.21327433],[113.55096467,49.21224267],[113.54714617,49.21085267],[113.5466165,49.21070267],[113.54053183,49.20843933],[113.5404355,49.208441]]}},{"type":"Feature","id":"magarrow-actual-srvy0-acqu50","properties":{"project":"Nergui Undur","area":"Nergui Undur","sensor":"MagArrow","acquisition":"SRVY0-ACQU50","dataType":"actual_flight_track","plannedActual":"actual","status":"confirmed_source","date":"2026-09-02","startTime":"2026-09-02T08:12:31Z","endTime":"2026-09-02T08:36:38Z","sourceFile":"SRVY0-ACQU50.magdata","sourceUrl":"https://drive.google.com/drive/folders/1ctZs3rBgYtqIL9fa7J_C_L_y3LLSwXfX","sourceCrs":"EPSG:4326","displayCrs":"EPSG:4326","crsVerified":true,"pointCount":1447,"nmeaSource":"embedded GGA/RMC"},"geometry":{"type":"LineString","coordinates":[[113.548884,49.1827855],[113.5505475,49.1834455],[113.55628033,49.18559633],[113.55632033,49.1856135],[113.55629233,49.18563917],[113.556315,49.18560483],[113.5563405,49.1856575],[113.55635683,49.18561783],[113.55628817,49.18561667],[113.55631433,49.18563733],[113.55633433,49.1855985],[113.55632167,49.18593917],[113.55644167,49.18599317],[113.56929,49.18581217],[113.5694055,49.18582617],[113.56943217,49.1858965],[113.5694275,49.1862285],[113.569318,49.18626567],[113.5654915,49.18629083],[113.55637583,49.18642767],[113.55631433,49.186462],[113.5563395,49.18686817],[113.5694455,49.18671267],[113.560623,49.18410583],[113.560775,49.18414817],[113.54890633,49.18278583]]}},{"type":"Feature","id":"magarrow-actual-srvy0-acqu51","properties":{"project":"Nergui Undur","area":"Nergui Undur","sensor":"MagArrow","acquisition":"SRVY0-ACQU51","dataType":"actual_flight_track","plannedActual":"actual","status":"confirmed_source","date":"2026-09-02","startTime":"2026-09-02T08:38:09Z","endTime":"2026-09-02T09:04:36Z","sourceFile":"SRVY0-ACQU51.magdata","sourceUrl":"https://drive.google.com/drive/folders/1ctZs3rBgYtqIL9fa7J_C_L_y3LLSwXfX","sourceCrs":"EPSG:4326","displayCrs":"EPSG:4326","crsVerified":true,"pointCount":1587,"nmeaSource":"embedded GGA/RMC"},"geometry":{"type":"LineString","coordinates":[[113.548905,49.182795],[113.5489105,49.18282083],[113.552923,49.18283883],[113.55631717,49.18283667],[113.556321,49.18280067],[113.55628033,49.18285233],[113.56931333,49.1826665],[113.56939267,49.18272817],[113.56939017,49.18307933],[113.56928067,49.183117],[113.55631767,49.18327783],[113.55628483,49.183691],[113.55639083,49.18372667],[113.569316,49.18356483],[113.56939583,49.183642],[113.56939333,49.18394733],[113.56937533,49.183993],[113.56928233,49.1840145],[113.55633467,49.18418833],[113.5562895,49.18426383],[113.55629683,49.18459217],[113.5564225,49.184643],[113.55661083,49.18463167],[113.54889467,49.1827865]]}},{"type":"Feature","id":"magarrow-actual-srvy0-acqu52","properties":{"project":"Nergui Undur","area":"Nergui Undur","sensor":"MagArrow","acquisition":"SRVY0-ACQU52","dataType":"actual_flight_track","plannedActual":"actual","status":"confirmed_source","date":"2026-09-05","startTime":"2026-09-05T02:13:48Z","endTime":"2026-09-05T02:50:11Z","sourceFile":"SRVY0-ACQU52.magdata","sourceUrl":"https://drive.google.com/drive/folders/1ctZs3rBgYtqIL9fa7J_C_L_y3LLSwXfX","sourceCrs":"EPSG:4326","displayCrs":"EPSG:4326","crsVerified":true,"pointCount":2184,"nmeaSource":"embedded GGA/RMC"},"geometry":{"type":"LineString","coordinates":[[113.56148383,49.17486733],[113.5615245,49.17486817],[113.55664267,49.18461283],[113.55657067,49.18461417],[113.55665217,49.18460883],[113.556618,49.18464667],[113.556657,49.1846225],[113.55661267,49.1846125],[113.55666517,49.18460967],[113.55885117,49.18460183],[113.55887967,49.18457817],[113.558947,49.18461567],[113.55900783,49.18457217],[113.56942767,49.18445583],[113.5692745,49.18445683],[113.55626,49.18056633],[113.55618733,49.1806035],[113.55624467,49.18059133],[113.55619617,49.18055183],[113.55771133,49.18057033],[113.56932717,49.18041583],[113.56938333,49.18045817],[113.5693845,49.18084133],[113.5692745,49.18087383],[113.55635033,49.18102267],[113.55627717,49.1811075],[113.55628417,49.18143917],[113.55635717,49.181475],[113.56936733,49.18131783],[113.5694115,49.1813945],[113.569408,49.18172633],[113.569338,49.18176417],[113.556364,49.18192433],[113.55629317,49.1819555],[113.55629617,49.1823435],[113.5565695,49.182374],[113.561263,49.18231717],[113.56149167,49.17488667]]}},{"type":"Feature","id":"magarrow-actual-srvy0-acqu53","properties":{"project":"Nergui Undur","area":"Nergui Undur","sensor":"MagArrow","acquisition":"SRVY0-ACQU53","dataType":"actual_flight_track","plannedActual":"actual","status":"confirmed_source","date":"2026-09-05","startTime":"2026-09-05T02:53:15Z","endTime":"2026-09-05T03:29:39Z","sourceFile":"SRVY0-ACQU53.magdata","sourceUrl":"https://drive.google.com/drive/folders/1ctZs3rBgYtqIL9fa7J_C_L_y3LLSwXfX","sourceCrs":"EPSG:4326","displayCrs":"EPSG:4326","crsVerified":true,"pointCount":2181,"nmeaSource":"embedded GGA/RMC"},"geometry":{"type":"LineString","coordinates":[[113.56146267,49.1748835],[113.5615075,49.174889],[113.56122333,49.18233583],[113.56115817,49.18232717],[113.56123733,49.182313],[113.56117467,49.18234467],[113.56120783,49.18229967],[113.56120933,49.182335],[113.56895917,49.1822345],[113.56899533,49.18220183],[113.56940333,49.18222017],[113.55622917,49.1756235],[113.557755,49.175615],[113.55771983,49.17559517],[113.559245,49.17561667],[113.559344,49.17558583],[113.56921483,49.17547217],[113.56928383,49.17556433],[113.56927517,49.17584067],[113.56926317,49.17589333],[113.56915283,49.175925],[113.55632733,49.17608233],[113.55625833,49.17610633],[113.55623583,49.17623],[113.55624717,49.176483],[113.55637733,49.17653533],[113.56916383,49.17636933],[113.56924833,49.17638],[113.56927483,49.1764605],[113.569273,49.17679],[113.569192,49.17682067],[113.556299,49.17698133],[113.55624067,49.17705633],[113.556262,49.1774115],[113.55658383,49.1774445],[113.5566195,49.17741517],[113.55682817,49.17743717],[113.55966317,49.17738717],[113.5614835,49.17488017]]}},{"type":"Feature","id":"magarrow-actual-srvy0-acqu54","properties":{"project":"Nergui Undur","area":"Nergui Undur","sensor":"MagArrow","acquisition":"SRVY0-ACQU54","dataType":"actual_flight_track","plannedActual":"actual","status":"confirmed_source","date":"2026-09-05","startTime":"2026-09-05T03:36:25Z","endTime":"2026-09-05T04:18:01Z","sourceFile":"SRVY0-ACQU54.magdata","sourceUrl":"https://drive.google.com/drive/folders/1ctZs3rBgYtqIL9fa7J_C_L_y3LLSwXfX","sourceCrs":"EPSG:4326","displayCrs":"EPSG:4326","crsVerified":true,"pointCount":2478,"nmeaSource":"embedded GGA/RMC"},"geometry":{"type":"LineString","coordinates":[[113.56144517,49.1748735],[113.56148283,49.174881],[113.5595905,49.17739283],[113.55955167,49.177354],[113.55962033,49.17739567],[113.55958517,49.17738667],[113.56434017,49.17730517],[113.56440167,49.17732883],[113.5644145,49.17730233],[113.56445133,49.17733033],[113.569266,49.17725967],[113.56935883,49.177306],[113.56935183,49.17768817],[113.56923417,49.17771417],[113.556225,49.17786683],[113.55621317,49.173363],[113.56024683,49.1733395],[113.56253617,49.17331083],[113.5626075,49.17328317],[113.569119,49.1732145],[113.56923167,49.173243],[113.56924333,49.17362533],[113.569138,49.1736675],[113.556279,49.17382233],[113.556212,49.1738565],[113.55620483,49.17424183],[113.556281,49.1742735],[113.56916933,49.17411267],[113.56924217,49.174203],[113.569233,49.17453733],[113.569162,49.17456767],[113.55628467,49.17472683],[113.55620483,49.17481117],[113.55620933,49.1751435],[113.5562835,49.17517283],[113.55671783,49.17518233],[113.56150967,49.17511383],[113.561485,49.17487633],[113.56142517,49.1748715]]}},{"type":"Feature","id":"magarrow-actual-srvy0-acqu55","properties":{"project":"Nergui Undur","area":"Nergui Undur","sensor":"MagArrow","acquisition":"SRVY0-ACQU55","dataType":"actual_flight_track","plannedActual":"actual","status":"confirmed_source","date":"2026-09-05","startTime":"2026-09-05T04:25:51Z","endTime":"2026-09-05T05:02:25Z","sourceFile":"SRVY0-ACQU55.magdata","sourceUrl":"https://drive.google.com/drive/folders/1ctZs3rBgYtqIL9fa7J_C_L_y3LLSwXfX","sourceCrs":"EPSG:4326","displayCrs":"EPSG:4326","crsVerified":true,"pointCount":2195,"nmeaSource":"embedded GGA/RMC"},"geometry":{"type":"LineString","coordinates":[[113.561468,49.17486483],[113.56151183,49.17486717],[113.56151,49.1751155],[113.569276,49.17502117],[113.56516217,49.176037],[113.55623433,49.17832933],[113.56927883,49.17816433],[113.56936483,49.178199],[113.56937233,49.17858267],[113.56925733,49.17861717],[113.56849933,49.178631],[113.556298,49.17878583],[113.55624667,49.17885917],[113.5562825,49.17921183],[113.56931967,49.179072],[113.56936717,49.17912583],[113.56934967,49.1795035],[113.55630383,49.17967733],[113.55624117,49.179749],[113.55624983,49.18010317],[113.55640633,49.18012883],[113.5576965,49.18011917],[113.56013633,49.1800845],[113.5602345,49.18005817],[113.56934283,49.1799585],[113.56872983,49.17996933],[113.561436,49.1748615],[113.561463,49.17489283]]}},{"type":"Feature","id":"magarrow-actual-srvy0-acqu56","properties":{"project":"Nergui Undur","area":"Nergui Undur","sensor":"MagArrow","acquisition":"SRVY0-ACQU56","dataType":"actual_flight_track","plannedActual":"actual","status":"confirmed_source","date":"2026-09-05","startTime":"2026-09-05T05:04:45Z","endTime":"2026-09-05T05:35:23Z","sourceFile":"SRVY0-ACQU56.magdata","sourceUrl":"https://drive.google.com/drive/folders/1ctZs3rBgYtqIL9fa7J_C_L_y3LLSwXfX","sourceCrs":"EPSG:4326","displayCrs":"EPSG:4326","crsVerified":true,"pointCount":1839,"nmeaSource":"embedded GGA/RMC"},"geometry":{"type":"LineString","coordinates":[[113.561416,49.17488683],[113.56145233,49.17489],[113.55524017,49.173997],[113.5552045,49.17396733],[113.5550315,49.17396767],[113.55474733,49.1739],[113.55439833,49.17387017],[113.55421333,49.17381033],[113.55412817,49.17382267],[113.55403683,49.17380633],[113.55406917,49.17379117],[113.54391067,49.17237317],[113.543889,49.17233683],[113.54392483,49.17236983],[113.542176,49.17237117],[113.54229583,49.17231983],[113.55156467,49.17357483],[113.54826617,49.17312783],[113.54222317,49.17237483],[113.54222033,49.17233267],[113.54220267,49.17238433],[113.53410317,49.17237667],[113.5340465,49.17242167],[113.534039,49.17272433],[113.534182,49.17275917],[113.5663745,49.17235717],[113.56915217,49.17233267],[113.56922433,49.17235817],[113.56923233,49.17274517],[113.569165,49.17278383],[113.56562117,49.1728155],[113.561522,49.17485417],[113.56147083,49.17491317],[113.561457,49.17488533],[113.5615175,49.1749],[113.56141683,49.174888]]}},{"type":"Feature","id":"magarrow-actual-srvy0-acqu57","properties":{"project":"Nergui Undur","area":"Nergui Undur","sensor":"MagArrow","acquisition":"SRVY0-ACQU57","dataType":"actual_flight_track","plannedActual":"actual","status":"confirmed_source","date":"2026-09-05","startTime":"2026-09-05T05:48:18Z","endTime":"2026-09-05T05:56:36Z","sourceFile":"SRVY0-ACQU57.magdata","sourceUrl":"https://drive.google.com/drive/folders/1ctZs3rBgYtqIL9fa7J_C_L_y3LLSwXfX","sourceCrs":"EPSG:4326","displayCrs":"EPSG:4326","crsVerified":true,"pointCount":496,"nmeaSource":"embedded GGA/RMC"},"geometry":{"type":"LineString","coordinates":[[113.56146,49.1748795],[113.56571317,49.17280567],[113.565754,49.17282717],[113.56568583,49.17280167],[113.55621617,49.1729465],[113.55566817,49.17313],[113.56145533,49.17489167],[113.56141583,49.17488383]]}},{"type":"Feature","id":"magarrow-actual-srvy0-acqu58","properties":{"project":"Nergui Undur","area":"Nergui Undur","sensor":"MagArrow","acquisition":"SRVY0-ACQU58","dataType":"actual_flight_track","plannedActual":"actual","status":"confirmed_source","date":"2026-09-05","startTime":"2026-09-05T08:29:24Z","endTime":"2026-09-05T09:06:24Z","sourceFile":"SRVY0-ACQU58.magdata","sourceUrl":"https://drive.google.com/drive/folders/1ctZs3rBgYtqIL9fa7J_C_L_y3LLSwXfX","sourceCrs":"EPSG:4326","displayCrs":"EPSG:4326","crsVerified":true,"pointCount":2221,"nmeaSource":"embedded GGA/RMC"},"geometry":{"type":"LineString","coordinates":[[113.5058735,49.223203],[113.50584083,49.22322033],[113.519672,49.216967],[113.52014517,49.21675517],[113.52018217,49.21677167],[113.51572517,49.21674467],[113.49417283,49.21675517],[113.49405717,49.21678467],[113.49405317,49.21717233],[113.49412917,49.21720733],[113.5218985,49.21722983],[113.52193017,49.21763417],[113.52181467,49.21767317],[113.4971645,49.21765467],[113.5053615,49.22294317]]}},{"type":"Feature","id":"magarrow-actual-srvy0-acqu59","properties":{"project":"Nergui Undur","area":"Nergui Undur","sensor":"MagArrow","acquisition":"SRVY0-ACQU59","dataType":"actual_flight_track","plannedActual":"actual","status":"confirmed_source","date":"2026-09-05","startTime":"2026-09-05T09:09:20Z","endTime":"2026-09-05T09:49:50Z","sourceFile":"SRVY0-ACQU59.magdata","sourceUrl":"https://drive.google.com/drive/folders/1ctZs3rBgYtqIL9fa7J_C_L_y3LLSwXfX","sourceCrs":"EPSG:4326","displayCrs":"EPSG:4326","crsVerified":true,"pointCount":2430,"nmeaSource":"embedded GGA/RMC"},"geometry":{"type":"LineString","coordinates":[[113.50578683,49.22324633],[113.50578317,49.22321633],[113.50581933,49.22323167],[113.50298367,49.2213665],[113.49719567,49.21764683],[113.49716467,49.21766533],[113.49723217,49.21764833],[113.49517867,49.2176505],[113.4951195,49.21768017],[113.49408133,49.21765],[113.49405133,49.21767933],[113.49405083,49.2176405],[113.49405483,49.21811533],[113.52173183,49.2181235],[113.52192183,49.21815467],[113.52192983,49.21853867],[113.521857,49.21857567],[113.51697333,49.218569],[113.51690183,49.2185445],[113.51683217,49.21857317],[113.50511467,49.21855183],[113.5041315,49.218578],[113.50133133,49.2185695],[113.50094,49.21854133],[113.50091883,49.21857783],[113.50086733,49.21854683],[113.49810117,49.2185715],[113.49741867,49.2185435],[113.494078,49.218585],[113.49405867,49.21896817],[113.49415933,49.21901133],[113.512581,49.219024],[113.505774,49.22325417]]}},{"type":"Feature","id":"magarrow-actual-srvy0-acqu6","properties":{"project":"Nergui Undur","area":"Nergui Undur","sensor":"MagArrow","acquisition":"SRVY0-ACQU6","dataType":"actual_flight_track","plannedActual":"actual","status":"confirmed_source","date":"2026-08-22","startTime":"2026-08-22T05:47:12Z","endTime":"2026-08-22T06:10:14Z","sourceFile":"SRVY0-ACQU6.magdata","sourceUrl":"https://drive.google.com/drive/folders/1ctZs3rBgYtqIL9fa7J_C_L_y3LLSwXfX","sourceCrs":"EPSG:4326","displayCrs":"EPSG:4326","crsVerified":true,"pointCount":1383,"nmeaSource":"embedded GGA/RMC"},"geometry":{"type":"LineString","coordinates":[[113.54044417,49.20841983],[113.551741,49.21337117],[113.55165333,49.20664867],[113.55161083,49.19968917],[113.55164867,49.19967467],[113.55160383,49.1996605],[113.55161583,49.19711967],[113.55157317,49.19461717],[113.55153217,49.19455583],[113.55093967,49.1945695],[113.550877,49.194637],[113.55087333,49.19474633],[113.55095833,49.20031183],[113.55091733,49.20034433],[113.55091383,49.200686],[113.55095833,49.2021395],[113.55093233,49.20435017],[113.55099217,49.205734],[113.55102617,49.21337167],[113.5510275,49.21295067],[113.5404875,49.20844567]]}},{"type":"Feature","id":"magarrow-actual-srvy0-acqu60","properties":{"project":"Nergui Undur","area":"Nergui Undur","sensor":"MagArrow","acquisition":"SRVY0-ACQU60","dataType":"actual_flight_track","plannedActual":"actual","status":"confirmed_source","date":"2026-09-05","startTime":"2026-09-05T09:52:27Z","endTime":"2026-09-05T10:33:35Z","sourceFile":"SRVY0-ACQU60.magdata","sourceUrl":"https://drive.google.com/drive/folders/1ctZs3rBgYtqIL9fa7J_C_L_y3LLSwXfX","sourceCrs":"EPSG:4326","displayCrs":"EPSG:4326","crsVerified":true,"pointCount":2469,"nmeaSource":"embedded GGA/RMC"},"geometry":{"type":"LineString","coordinates":[[113.50578267,49.22325583],[113.51256383,49.21900633],[113.51259467,49.21903067],[113.512518,49.21901583],[113.5125555,49.21900533],[113.52032217,49.21902717],[113.52037567,49.21905883],[113.5204215,49.21902267],[113.52194117,49.21903567],[113.5217415,49.21902867],[113.5219355,49.2194985],[113.52192,49.21946983],[113.52187233,49.21947967],[113.52194483,49.219488],[113.51823483,49.21945133],[113.50574283,49.2194835],[113.5056655,49.21944367],[113.50561467,49.21948867],[113.50552967,49.21946367],[113.50406517,49.21947167],[113.50392317,49.21944683],[113.50391367,49.21948083],[113.50161317,49.219446],[113.50157767,49.219484],[113.5012665,49.21946783],[113.50123533,49.21944017],[113.50117217,49.21947517],[113.50110133,49.21945],[113.50057533,49.21947283],[113.500553,49.21944367],[113.49995033,49.21946617],[113.49973683,49.219439],[113.4997115,49.21947217],[113.49943917,49.21944483],[113.49417117,49.2194725],[113.494107,49.21947633],[113.49404,49.2195415],[113.49405783,49.21989817],[113.49418183,49.219921],[113.521517,49.21992617],[113.52185033,49.2199285],[113.52191567,49.21996417],[113.5219215,49.220344],[113.52184633,49.2203795],[113.50264767,49.22035767],[113.5058105,49.22324067],[113.50576867,49.22325267]]}},{"type":"Feature","id":"magarrow-actual-srvy0-acqu61","properties":{"project":"Nergui Undur","area":"Nergui Undur","sensor":"MagArrow","acquisition":"SRVY0-ACQU61","dataType":"actual_flight_track","plannedActual":"actual","status":"confirmed_source","date":"2026-09-05","startTime":"2026-09-05T10:36:14Z","endTime":"2026-09-05T11:14:21Z","sourceFile":"SRVY0-ACQU61.magdata","sourceUrl":"https://drive.google.com/drive/folders/1ctZs3rBgYtqIL9fa7J_C_L_y3LLSwXfX","sourceCrs":"EPSG:4326","displayCrs":"EPSG:4326","crsVerified":true,"pointCount":2287,"nmeaSource":"embedded GGA/RMC"},"geometry":{"type":"LineString","coordinates":[[113.5057585,49.22325667],[113.50579083,49.2232255],[113.50573067,49.22316783],[113.50269183,49.22035283],[113.5026845,49.22039117],[113.50270683,49.22035567],[113.50146317,49.22033817],[113.50142683,49.22038183],[113.501234,49.2203555],[113.50046467,49.22037617],[113.4978485,49.220337],[113.4978055,49.22036917],[113.49742267,49.22033433],[113.497417,49.22035867],[113.49597167,49.22034067],[113.49584633,49.22036667],[113.4952475,49.22034033],[113.49523567,49.22038083],[113.495151,49.22033933],[113.49422983,49.22036317],[113.494191,49.22032983],[113.4941535,49.22037167],[113.4940625,49.22034883],[113.494068,49.22082067],[113.494066,49.22078983],[113.521803,49.22083367],[113.5219055,49.22083917],[113.52195167,49.2209055],[113.52194667,49.22124017],[113.52183917,49.22128367],[113.505456,49.2212605],[113.5052315,49.22126117],[113.50519117,49.2212895],[113.50515333,49.22125733],[113.50263833,49.22124933],[113.50243583,49.22125083],[113.50241333,49.22128667],[113.50225917,49.22124817],[113.50218983,49.22127233],[113.49898217,49.22126233],[113.498741,49.22125983],[113.49869867,49.22123183],[113.49867567,49.2212665],[113.49844317,49.22123733],[113.49839217,49.22126333],[113.4973915,49.22125617],[113.497229,49.2212265],[113.49717467,49.22126783],[113.4963415,49.22124583],[113.49629883,49.22127117],[113.4954325,49.221274],[113.49523267,49.22124917],[113.49512817,49.22128867],[113.49414483,49.22126417],[113.49406133,49.22132367],[113.49406417,49.22167667],[113.4941735,49.22171817],[113.5087165,49.22171917],[113.50577633,49.22322833]]}},{"type":"Feature","id":"magarrow-actual-srvy0-acqu62","properties":{"project":"Nergui Undur","area":"Nergui Undur","sensor":"MagArrow","acquisition":"SRVY0-ACQU62","dataType":"actual_flight_track","plannedActual":"actual","status":"confirmed_source","date":"2026-09-06","startTime":"2026-09-06T02:00:02Z","endTime":"2026-09-06T02:37:59Z","sourceFile":"SRVY0-ACQU62.magdata","sourceUrl":"https://drive.google.com/drive/folders/1ctZs3rBgYtqIL9fa7J_C_L_y3LLSwXfX","sourceCrs":"EPSG:4326","displayCrs":"EPSG:4326","crsVerified":true,"pointCount":2278,"nmeaSource":"embedded GGA/RMC"},"geometry":{"type":"LineString","coordinates":[[113.50583383,49.22326417],[113.50869817,49.22169167],[113.50870617,49.22173933],[113.50870583,49.22167967],[113.50872817,49.221725],[113.50868467,49.22168583],[113.50865567,49.22171117],[113.52195683,49.22172283],[113.52195083,49.2221785],[113.50008117,49.222167],[113.49838767,49.222163],[113.498264,49.2221355],[113.49820733,49.22218367],[113.49816167,49.22215317],[113.49409617,49.22216083],[113.49403967,49.22225217],[113.494047,49.222585],[113.49413583,49.222613],[113.52188417,49.22263367],[113.52195017,49.22271933],[113.52193767,49.223055],[113.52186133,49.2230865],[113.50593633,49.223067],[113.50595917,49.2230955],[113.50585333,49.22322733]]}},{"type":"Feature","id":"magarrow-actual-srvy0-acqu63","properties":{"project":"Nergui Undur","area":"Nergui Undur","sensor":"MagArrow","acquisition":"SRVY0-ACQU63","dataType":"actual_flight_track","plannedActual":"actual","status":"confirmed_source","date":"2026-09-06","startTime":"2026-09-06T02:40:55Z","endTime":"2026-09-06T03:20:23Z","sourceFile":"SRVY0-ACQU63.magdata","sourceUrl":"https://drive.google.com/drive/folders/1ctZs3rBgYtqIL9fa7J_C_L_y3LLSwXfX","sourceCrs":"EPSG:4326","displayCrs":"EPSG:4326","crsVerified":true,"pointCount":2365,"nmeaSource":"embedded GGA/RMC"},"geometry":{"type":"LineString","coordinates":[[113.5058125,49.223295],[113.505981,49.2230625],[113.50287533,49.22304367],[113.50093667,49.22308367],[113.500487,49.223055],[113.5004755,49.22309083],[113.49994917,49.22305],[113.49991633,49.22309183],[113.49850367,49.2230545],[113.49409883,49.22306133],[113.4940275,49.22307633],[113.494629,49.22306783],[113.49403717,49.2235265],[113.4939915,49.22349817],[113.499452,49.223528],[113.52188967,49.22353283],[113.5219375,49.22358583],[113.52193117,49.22393783],[113.52180833,49.22398367],[113.49416783,49.223949],[113.4940495,49.22396633],[113.49403633,49.224375],[113.49412233,49.22440133],[113.5054115,49.22441],[113.50582017,49.22332617]]}},{"type":"Feature","id":"magarrow-actual-srvy0-acqu64","properties":{"project":"Nergui Undur","area":"Nergui Undur","sensor":"MagArrow","acquisition":"SRVY0-ACQU64","dataType":"actual_flight_track","plannedActual":"actual","status":"confirmed_source","date":"2026-09-06","startTime":"2026-09-06T03:25:25Z","endTime":"2026-09-06T04:04:53Z","sourceFile":"SRVY0-ACQU64.magdata","sourceUrl":"https://drive.google.com/drive/folders/1ctZs3rBgYtqIL9fa7J_C_L_y3LLSwXfX","sourceCrs":"EPSG:4326","displayCrs":"EPSG:4326","crsVerified":true,"pointCount":2368,"nmeaSource":"embedded GGA/RMC"},"geometry":{"type":"LineString","coordinates":[[113.50579817,49.22327433],[113.50585067,49.22325817],[113.505383,49.22441533],[113.505425,49.22439683],[113.50544433,49.22442567],[113.5053635,49.22439767],[113.51205833,49.2244335],[113.51211583,49.224389],[113.51216683,49.22442683],[113.521936,49.22441367],[113.521927,49.22487783],[113.49411133,49.22484817],[113.4940525,49.2248905],[113.49404867,49.22527217],[113.49417517,49.22530217],[113.506129,49.22532467],[113.50695067,49.22529783],[113.506979,49.22533367],[113.50692233,49.22531717],[113.52185567,49.22533667],[113.52191517,49.22538233],[113.521904,49.225762],[113.52181483,49.22578583],[113.51177183,49.22577433],[113.505856,49.223292]]}},{"type":"Feature","id":"magarrow-actual-srvy0-acqu65","properties":{"project":"Nergui Undur","area":"Nergui Undur","sensor":"MagArrow","acquisition":"SRVY0-ACQU65","dataType":"actual_flight_track","plannedActual":"actual","status":"confirmed_source","date":"2026-09-06","startTime":"2026-09-06T04:07:29Z","endTime":"2026-09-06T04:46:45Z","sourceFile":"SRVY0-ACQU65.magdata","sourceUrl":"https://drive.google.com/drive/folders/1ctZs3rBgYtqIL9fa7J_C_L_y3LLSwXfX","sourceCrs":"EPSG:4326","displayCrs":"EPSG:4326","crsVerified":true,"pointCount":2357,"nmeaSource":"embedded GGA/RMC"},"geometry":{"type":"LineString","coordinates":[[113.50578933,49.223298],[113.50581,49.22326317],[113.5118065,49.22576233],[113.5118105,49.22579783],[113.5118005,49.22575367],[113.509544,49.2257715],[113.50836767,49.22574117],[113.5083705,49.22578217],[113.50831533,49.22574783],[113.503759,49.225777],[113.50209917,49.2257455],[113.50206267,49.22577633],[113.50205983,49.22574867],[113.50192217,49.22574667],[113.50170767,49.22577333],[113.50163283,49.22574633],[113.4940025,49.2257495],[113.494014,49.2262145],[113.4940165,49.22619033],[113.49823033,49.22621783],[113.52185883,49.22622233],[113.521935,49.22624933],[113.52194033,49.22663533],[113.52184083,49.22668267],[113.49660967,49.22666117],[113.49429617,49.22666917],[113.494206,49.2267095],[113.49474333,49.227106],[113.49481917,49.2271195],[113.50425167,49.22713333],[113.5058385,49.22328567]]}},{"type":"Feature","id":"magarrow-actual-srvy0-acqu66","properties":{"project":"Nergui Undur","area":"Nergui Undur","sensor":"MagArrow","acquisition":"SRVY0-ACQU66","dataType":"actual_flight_track","plannedActual":"actual","status":"confirmed_source","date":"2026-09-06","startTime":"2026-09-06T04:49:36Z","endTime":"2026-09-06T05:25:50Z","sourceFile":"SRVY0-ACQU66.magdata","sourceUrl":"https://drive.google.com/drive/folders/1ctZs3rBgYtqIL9fa7J_C_L_y3LLSwXfX","sourceCrs":"EPSG:4326","displayCrs":"EPSG:4326","crsVerified":true,"pointCount":2175,"nmeaSource":"embedded GGA/RMC"},"geometry":{"type":"LineString","coordinates":[[113.50581683,49.2233045],[113.50583267,49.22327383],[113.50419117,49.227137],[113.5041475,49.22712417],[113.50419617,49.22714567],[113.50419267,49.2271095],[113.50418083,49.227136],[113.52175617,49.22712717],[113.52195133,49.2271035],[113.495365,49.22754583],[113.49533917,49.22757717],[113.49531417,49.22753783],[113.49538433,49.22754083],[113.49536983,49.2275745],[113.49537267,49.22753717],[113.49984817,49.227567],[113.5218405,49.2275725],[113.5219355,49.22763833],[113.52192933,49.227994],[113.52164917,49.228023],[113.51083467,49.228012],[113.5107535,49.22806817],[113.510794,49.2284485],[113.51102333,49.228454],[113.50579133,49.22324183],[113.50585917,49.22327083],[113.50579983,49.22328533]]}},{"type":"Feature","id":"magarrow-actual-srvy0-acqu67","properties":{"project":"Nergui Undur","area":"Nergui Undur","sensor":"MagArrow","acquisition":"SRVY0-ACQU67","dataType":"actual_flight_track","plannedActual":"actual","status":"confirmed_source","date":"2026-09-06","startTime":"2026-09-06T05:52:35Z","endTime":"2026-09-06T06:12:50Z","sourceFile":"SRVY0-ACQU67.magdata","sourceUrl":"https://drive.google.com/drive/folders/1ctZs3rBgYtqIL9fa7J_C_L_y3LLSwXfX","sourceCrs":"EPSG:4326","displayCrs":"EPSG:4326","crsVerified":true,"pointCount":1211,"nmeaSource":"embedded GGA/RMC"},"geometry":{"type":"LineString","coordinates":[[113.50625433,49.22314733],[113.50630067,49.2231465],[113.5064845,49.2233445],[113.511061,49.228464],[113.51109917,49.22838967],[113.51111283,49.228438],[113.51106633,49.22843183],[113.511058,49.228467],[113.5110215,49.22844267],[113.511036,49.22849567],[113.5110365,49.2284345],[113.51942433,49.22847267],[113.519488,49.22845],[113.52015217,49.22845483],[113.52020567,49.22849017],[113.52023233,49.22845],[113.52190067,49.22846067],[113.52194317,49.22853683],[113.521941,49.228866],[113.52182667,49.22890383],[113.5108405,49.2288945],[113.51079017,49.22896267],[113.51079833,49.22931783],[113.51128667,49.229366],[113.51364033,49.2293615],[113.51377317,49.22933117],[113.521939,49.22936583],[113.521805,49.2293645],[113.50626667,49.22313967]]}},{"type":"Feature","id":"magarrow-actual-srvy0-acqu68","properties":{"project":"Nergui Undur","area":"Nergui Undur","sensor":"MagArrow","acquisition":"SRVY0-ACQU68","dataType":"actual_flight_track","plannedActual":"actual","status":"confirmed_source","date":"2026-09-06","startTime":"2026-09-06T07:19:32Z","endTime":"2026-09-06T07:52:50Z","sourceFile":"SRVY0-ACQU68.magdata","sourceUrl":"https://drive.google.com/drive/folders/1ctZs3rBgYtqIL9fa7J_C_L_y3LLSwXfX","sourceCrs":"EPSG:4326","displayCrs":"EPSG:4326","crsVerified":true,"pointCount":1998,"nmeaSource":"embedded GGA/RMC"},"geometry":{"type":"LineString","coordinates":[[113.510166,49.22764433],[113.51013117,49.22763467],[113.52199667,49.229805],[113.52197033,49.22982517],[113.52196783,49.22978017],[113.52200783,49.22982083],[113.521973,49.229788],[113.51082633,49.22979467],[113.5107735,49.22983383],[113.51081617,49.23023917],[113.52186417,49.230257],[113.52193167,49.23035067],[113.52192483,49.23067633],[113.52181683,49.230717],[113.51083283,49.23070133],[113.51079133,49.23110617],[113.510874,49.23115483],[113.521858,49.231159],[113.521933,49.23124817],[113.52192383,49.23158067],[113.5217815,49.23161617],[113.51085333,49.23159633],[113.510788,49.23163283],[113.51078583,49.23200517],[113.5108355,49.23203817],[113.5219515,49.2320655],[113.51008583,49.2276425]]}},{"type":"Feature","id":"magarrow-actual-srvy0-acqu69","properties":{"project":"Nergui Undur","area":"Nergui Undur","sensor":"MagArrow","acquisition":"SRVY0-ACQU69","dataType":"actual_flight_track","plannedActual":"actual","status":"confirmed_source","date":"2026-09-06","startTime":"2026-09-06T07:55:33Z","endTime":"2026-09-06T08:32:40Z","sourceFile":"SRVY0-ACQU69.magdata","sourceUrl":"https://drive.google.com/drive/folders/1ctZs3rBgYtqIL9fa7J_C_L_y3LLSwXfX","sourceCrs":"EPSG:4326","displayCrs":"EPSG:4326","crsVerified":true,"pointCount":2228,"nmeaSource":"embedded GGA/RMC"},"geometry":{"type":"LineString","coordinates":[[113.51012867,49.22766817],[113.51009717,49.2276565],[113.52194717,49.23252583],[113.52192583,49.23255267],[113.521927,49.23251517],[113.51836683,49.23249733],[113.51085433,49.232512],[113.51077817,49.23258467],[113.5108065,49.2329635],[113.5218595,49.23297617],[113.52194667,49.23302917],[113.52194717,49.23338133],[113.5218125,49.23342333],[113.51087883,49.23341917],[113.51080783,49.23343617],[113.5107935,49.233788],[113.51080883,49.2338535],[113.51090283,49.23387967],[113.511323,49.23387533],[113.51128383,49.23377167],[113.51128283,49.23393217],[113.51134517,49.23389217],[113.51134167,49.23392433],[113.51131567,49.23387033],[113.51225767,49.23387683],[113.51218533,49.23364683],[113.51225817,49.23388317],[113.51228633,49.23385733],[113.51224117,49.23386367],[113.521833,49.23387833],[113.521907,49.23388667],[113.52194633,49.23394317],[113.521943,49.234214],[113.52194067,49.234291],[113.52183483,49.234334],[113.51082983,49.23432133],[113.51077917,49.23441583],[113.510802,49.23466583],[113.521971,49.23466733],[113.51009933,49.22765633],[113.51012733,49.22768017]]}},{"type":"Feature","id":"magarrow-actual-srvy0-acqu7","properties":{"project":"Nergui Undur","area":"Nergui Undur","sensor":"MagArrow","acquisition":"SRVY0-ACQU7","dataType":"actual_flight_track","plannedActual":"actual","status":"confirmed_source","date":"2026-08-22","startTime":"2026-08-22T06:24:52Z","endTime":"2026-08-22T06:52:50Z","sourceFile":"SRVY0-ACQU7.magdata","sourceUrl":"https://drive.google.com/drive/folders/1ctZs3rBgYtqIL9fa7J_C_L_y3LLSwXfX","sourceCrs":"EPSG:4326","displayCrs":"EPSG:4326","crsVerified":true,"pointCount":1678,"nmeaSource":"embedded GGA/RMC"},"geometry":{"type":"LineString","coordinates":[[113.5404375,49.20844967],[113.54047083,49.20843117],[113.54349083,49.20997717],[113.54372417,49.210059],[113.55037633,49.213381],[113.550196,49.194593],[113.5500875,49.19456533],[113.54958217,49.1945715],[113.5495175,49.19467217],[113.54967133,49.2133875],[113.549671,49.2132055],[113.54104217,49.208726],[113.54051733,49.20842083],[113.54046867,49.20842817],[113.540489,49.2084085]]}},{"type":"Feature","id":"magarrow-actual-srvy0-acqu70","properties":{"project":"Nergui Undur","area":"Nergui Undur","sensor":"MagArrow","acquisition":"SRVY0-ACQU70","dataType":"actual_flight_track","plannedActual":"actual","status":"confirmed_source","date":"2026-09-17","startTime":"2026-09-17T00:10:51.300000Z","endTime":"2026-09-17T00:56:10Z","sourceFile":"SRVY0-ACQU70-10Hz.csv","sourceUrl":"https://drive.google.com/drive/folders/1ctZs3rBgYtqIL9fa7J_C_L_y3LLSwXfX","sourceCrs":"EPSG:4326","displayCrs":"EPSG:4326","crsVerified":true,"pointCount":2720,"nmeaSource":"verified 10 Hz CSV","sourceFingerprint":"cd0724f9acfb29ebc61cd783"},"geometry":{"type":"LineString","coordinates":[[113.56161778,49.16333575],[113.56166885,49.16336385],[113.56156716,49.16344008],[113.56154802,49.16340345],[113.56157715,49.16342213],[113.55115444,49.17206365],[113.55098723,49.17220745],[113.55103701,49.17221921],[113.55098749,49.17219552],[113.55099981,49.17222752],[113.55098543,49.17219365],[113.55535781,49.17221396],[113.55570028,49.17221181],[113.55572534,49.17218259],[113.55820297,49.17222557],[113.56343847,49.17222872],[113.56352315,49.17225229],[113.5635531,49.17221427],[113.56362373,49.17224502],[113.56929579,49.17225356],[113.56936216,49.17222803],[113.56878867,49.17142236],[113.56868528,49.17137435],[113.55102818,49.1714147],[113.55098587,49.17135025],[113.5509968,49.17058363],[113.55112122,49.17052631],[113.55697302,49.17054373],[113.557081,49.1705837],[113.55714019,49.17054862],[113.55826424,49.17053774],[113.56807883,49.17054303],[113.56810052,49.17047684],[113.56749734,49.16967838],[113.5673856,49.1696448],[113.55101662,49.16962196],[113.55097385,49.16956513],[113.55097408,49.16877596],[113.5510272,49.16873179],[113.55889535,49.16874616],[113.5616844,49.16334557],[113.56162561,49.16335287]]}},{"type":"Feature","id":"magarrow-actual-srvy0-acqu71","properties":{"project":"Nergui Undur","area":"Nergui Undur","sensor":"MagArrow","acquisition":"SRVY0-ACQU71","dataType":"actual_flight_track","plannedActual":"actual","status":"confirmed_source","date":"2026-09-17","startTime":"2026-09-17T00:59:09.300000Z","endTime":"2026-09-17T01:38:18Z","sourceFile":"SRVY0-ACQU71-10Hz.csv","sourceUrl":"https://drive.google.com/drive/folders/1ctZs3rBgYtqIL9fa7J_C_L_y3LLSwXfX","sourceCrs":"EPSG:4326","displayCrs":"EPSG:4326","crsVerified":true,"pointCount":2350,"nmeaSource":"verified 10 Hz CSV","sourceFingerprint":"9d2222f362e41a885a931823"},"geometry":{"type":"LineString","coordinates":[[113.56162566,49.1633577],[113.56166462,49.16336082],[113.558834,49.16876421],[113.55886951,49.1687584],[113.55878034,49.16876538],[113.55883201,49.16874249],[113.5667119,49.16874525],[113.5667387,49.16869282],[113.56606993,49.16784878],[113.55094283,49.16783568],[113.56514521,49.16696482],[113.56546502,49.16694736],[113.5654719,49.16697483],[113.56545012,49.16693875],[113.55132022,49.16693457],[113.55102944,49.16693129],[113.55096992,49.1669012],[113.55094719,49.16609512],[113.55102099,49.16603234],[113.55589689,49.1660633],[113.56082425,49.16606321],[113.56093611,49.16603232],[113.56182649,49.16603237],[113.56185692,49.16595464],[113.56168304,49.16515703],[113.55102348,49.16513646],[113.55092204,49.1650708],[113.55092442,49.16428548],[113.55102625,49.16423737],[113.5614522,49.16425096],[113.5614973,49.1641748],[113.561323,49.16337259],[113.56017286,49.16334769],[113.5616365,49.16334997]]}},{"type":"Feature","id":"magarrow-actual-srvy0-acqu72","properties":{"project":"Nergui Undur","area":"Nergui Undur","sensor":"MagArrow","acquisition":"SRVY0-ACQU72","dataType":"actual_flight_track","plannedActual":"actual","status":"confirmed_source","date":"2026-09-17","startTime":"2026-09-17T01:43:11.300000Z","endTime":"2026-09-17T02:22:52Z","sourceFile":"SRVY0-ACQU72-10Hz.csv","sourceUrl":"https://drive.google.com/drive/folders/1ctZs3rBgYtqIL9fa7J_C_L_y3LLSwXfX","sourceCrs":"EPSG:4326","displayCrs":"EPSG:4326","crsVerified":true,"pointCount":2382,"nmeaSource":"verified 10 Hz CSV","sourceFingerprint":"9ab87117ffc103af0dbde04b"},"geometry":{"type":"LineString","coordinates":[[113.56161116,49.1633417],[113.55094288,49.16332351],[113.55089517,49.16325235],[113.55088691,49.16266172],[113.55090787,49.1624481],[113.55094772,49.16243714],[113.56116423,49.16243328],[113.56096619,49.16154112],[113.56102746,49.16150955],[113.56097453,49.16154946],[113.55095951,49.16152833],[113.55090471,49.16147624],[113.5509112,49.16068447],[113.55100635,49.16063295],[113.56065657,49.16065493],[113.56071697,49.16060977],[113.56009435,49.15977384],[113.56000981,49.15974975],[113.55095742,49.15973792],[113.55088176,49.15967313],[113.55088336,49.1588752],[113.55098629,49.15883146],[113.55931202,49.15884315],[113.55935835,49.15881027],[113.55893107,49.15824956],[113.55894688,49.15819532],[113.5588768,49.15819612],[113.55871004,49.15796425],[113.55092089,49.15793206],[113.55087126,49.15786212],[113.55087383,49.15706193],[113.55099015,49.1570315],[113.55802183,49.15704837],[113.55802358,49.15698307],[113.55741892,49.15617688],[113.55722528,49.15614111],[113.5616595,49.16336605],[113.56167477,49.16333581],[113.56162761,49.16334803]]}},{"type":"Feature","id":"magarrow-actual-srvy0-acqu73","properties":{"project":"Nergui Undur","area":"Nergui Undur","sensor":"MagArrow","acquisition":"SRVY0-ACQU73","dataType":"actual_flight_track","plannedActual":"actual","status":"confirmed_source","date":"2026-09-17","startTime":"2026-09-17T02:26:45.300000Z","endTime":"2026-09-17T02:38:52Z","sourceFile":"SRVY0-ACQU73-10Hz.csv","sourceUrl":"https://drive.google.com/drive/folders/1ctZs3rBgYtqIL9fa7J_C_L_y3LLSwXfX","sourceCrs":"EPSG:4326","displayCrs":"EPSG:4326","crsVerified":true,"pointCount":728,"nmeaSource":"verified 10 Hz CSV","sourceFingerprint":"866df84761b06486eb79ceb3"},"geometry":{"type":"LineString","coordinates":[[113.56163473,49.1633452],[113.5572384,49.15614213],[113.55728752,49.15614796],[113.55722252,49.1561855],[113.557251,49.15614181],[113.55089964,49.15614279],[113.55084945,49.15609287],[113.55087331,49.15525328],[113.55671186,49.15522951],[113.56163899,49.16335144],[113.56162333,49.16330468],[113.56168318,49.16332033],[113.56161478,49.16332803]]}},{"type":"Feature","id":"magarrow-actual-srvy0-acqu74","properties":{"project":"Nergui Undur","area":"Nergui Undur","sensor":"MagArrow","acquisition":"SRVY0-ACQU74","dataType":"actual_flight_track","plannedActual":"actual","status":"confirmed_source","date":"2026-09-17","startTime":"2026-09-17T04:43:51.300000Z","endTime":"2026-09-17T05:21:36Z","sourceFile":"SRVY0-ACQU74-10Hz.csv","sourceUrl":"https://drive.google.com/drive/folders/1ctZs3rBgYtqIL9fa7J_C_L_y3LLSwXfX","sourceCrs":"EPSG:4326","displayCrs":"EPSG:4326","crsVerified":true,"pointCount":2266,"nmeaSource":"verified 10 Hz CSV","sourceFingerprint":"df9c022211c84648885f57b1"},"geometry":{"type":"LineString","coordinates":[[113.51678383,49.17140658],[113.51682025,49.17141177],[113.51519882,49.17326174],[113.51151895,49.17769201],[113.53388127,49.1777171],[113.53401618,49.17767648],[113.53402932,49.17686098],[113.53390832,49.17680668],[113.51516145,49.17679247],[113.51211067,49.17676296],[113.51204887,49.1767948],[113.51125644,49.17676808],[113.51117396,49.17679072],[113.51107502,49.17675027],[113.51114954,49.17669225],[113.51109236,49.17677277],[113.51098574,49.17665851],[113.51092245,49.17652249],[113.51095751,49.17650446],[113.51089746,49.17646834],[113.51071846,49.1760343],[113.51064217,49.17597024],[113.51066159,49.17588917],[113.53396255,49.17593071],[113.5340417,49.17586774],[113.53404184,49.17510998],[113.5339428,49.17503237],[113.52767589,49.17500741],[113.52771764,49.17500652],[113.51676514,49.17141073]]}},{"type":"Feature","id":"magarrow-actual-srvy0-acqu75","properties":{"project":"Nergui Undur","area":"Nergui Undur","sensor":"MagArrow","acquisition":"SRVY0-ACQU75","dataType":"actual_flight_track","plannedActual":"actual","status":"confirmed_source","date":"2026-09-17","startTime":"2026-09-17T05:24:05.300000Z","endTime":"2026-09-17T06:02:57Z","sourceFile":"SRVY0-ACQU75-10Hz.csv","sourceUrl":"https://drive.google.com/drive/folders/1ctZs3rBgYtqIL9fa7J_C_L_y3LLSwXfX","sourceCrs":"EPSG:4326","displayCrs":"EPSG:4326","crsVerified":true,"pointCount":2333,"nmeaSource":"verified 10 Hz CSV","sourceFingerprint":"7749b9075eb000101230378a"},"geometry":{"type":"LineString","coordinates":[[113.51674728,49.17141182],[113.5275915,49.17496449],[113.52773216,49.17501516],[113.52771491,49.17504169],[113.52772574,49.17500557],[113.5277572,49.17501757],[113.51168929,49.17501321],[113.51025628,49.1749984],[113.51019216,49.1749729],[113.50976362,49.17413981],[113.50986891,49.17409482],[113.53379494,49.17413215],[113.53403705,49.17412323],[113.53408229,49.17404756],[113.53409148,49.17329089],[113.53401864,49.17322823],[113.50930649,49.17319291],[113.50886,49.17227533],[113.50893437,49.17229214],[113.50885288,49.17228018],[113.5088854,49.17225296],[113.5088435,49.17227187],[113.50895127,49.17228732],[113.50885688,49.1722814],[113.50889628,49.17226024],[113.50883904,49.1722846],[113.51878264,49.17229853],[113.51675265,49.17141179]]}},{"type":"Feature","id":"magarrow-actual-srvy0-acqu76","properties":{"project":"Nergui Undur","area":"Nergui Undur","sensor":"MagArrow","acquisition":"SRVY0-ACQU76","dataType":"actual_flight_track","plannedActual":"actual","status":"confirmed_source","date":"2026-09-17","startTime":"2026-09-17T06:05:28.300000Z","endTime":"2026-09-17T06:45:13Z","sourceFile":"SRVY0-ACQU76-10Hz.csv","sourceUrl":"https://drive.google.com/drive/folders/1ctZs3rBgYtqIL9fa7J_C_L_y3LLSwXfX","sourceCrs":"EPSG:4326","displayCrs":"EPSG:4326","crsVerified":true,"pointCount":2386,"nmeaSource":"verified 10 Hz CSV","sourceFingerprint":"001b485becbe01cfccb07276"},"geometry":{"type":"LineString","coordinates":[[113.51673211,49.17140203],[113.51866981,49.17226975],[113.51873713,49.17230357],[113.51866844,49.17230009],[113.51868942,49.1723364],[113.51872129,49.17228075],[113.51872907,49.17231597],[113.5186958,49.17229261],[113.55082129,49.17233835],[113.55093311,49.17231148],[113.55097211,49.17218857],[113.55096033,49.17148554],[113.55084487,49.17143623],[113.54201892,49.17142603],[113.54205617,49.17139539],[113.53780007,49.17143402],[113.50850174,49.1713937],[113.50839889,49.1713529],[113.50800752,49.17053945],[113.50807039,49.17048873],[113.51928457,49.17050201],[113.51673961,49.17140153]]}},{"type":"Feature","id":"magarrow-actual-srvy0-acqu77","properties":{"project":"Nergui Undur","area":"Nergui Undur","sensor":"MagArrow","acquisition":"SRVY0-ACQU77","dataType":"actual_flight_track","plannedActual":"actual","status":"confirmed_source","date":"2026-09-17","startTime":"2026-09-17T06:47:36.300000Z","endTime":"2026-09-17T07:26:37Z","sourceFile":"SRVY0-ACQU77-10Hz.csv","sourceUrl":"https://drive.google.com/drive/folders/1ctZs3rBgYtqIL9fa7J_C_L_y3LLSwXfX","sourceCrs":"EPSG:4326","displayCrs":"EPSG:4326","crsVerified":true,"pointCount":2342,"nmeaSource":"verified 10 Hz CSV","sourceFingerprint":"e0218c53e9ba3af3d8d28a9b"},"geometry":{"type":"LineString","coordinates":[[113.51673278,49.17139975],[113.51925182,49.17049074],[113.51926963,49.17052217],[113.51923382,49.17048976],[113.55097497,49.17054598],[113.55097181,49.16965296],[113.55088382,49.16965272],[113.55099029,49.16964523],[113.5076169,49.1695924],[113.50751204,49.1695465],[113.50712688,49.16871103],[113.51791565,49.16871777],[113.51677094,49.17143507],[113.51674228,49.17142203]]}},{"type":"Feature","id":"magarrow-actual-srvy0-acqu78","properties":{"project":"Nergui Undur","area":"Nergui Undur","sensor":"MagArrow","acquisition":"SRVY0-ACQU78","dataType":"actual_flight_track","plannedActual":"actual","status":"confirmed_source","date":"2026-09-17","startTime":"2026-09-17T07:36:18.300000Z","endTime":"2026-09-17T07:57:34Z","sourceFile":"SRVY0-ACQU78-10Hz.csv","sourceUrl":"https://drive.google.com/drive/folders/1ctZs3rBgYtqIL9fa7J_C_L_y3LLSwXfX","sourceCrs":"EPSG:4326","displayCrs":"EPSG:4326","crsVerified":true,"pointCount":1277,"nmeaSource":"verified 10 Hz CSV","sourceFingerprint":"cee648c21d3cd1e8a9425cd7"},"geometry":{"type":"LineString","coordinates":[[113.51674211,49.17142203],[113.5167838,49.17142094],[113.51788124,49.16870725],[113.51793967,49.16867348],[113.51788669,49.16870949],[113.55085891,49.16873797],[113.55093884,49.1686539],[113.55093676,49.16790275],[113.55091744,49.16785413],[113.55081932,49.16783128],[113.54657033,49.16782113],[113.51677837,49.17141386],[113.51677661,49.17138503]]}},{"type":"Feature","id":"magarrow-actual-srvy0-acqu79","properties":{"project":"Nergui Undur","area":"Nergui Undur","sensor":"MagArrow","acquisition":"SRVY0-ACQU79","dataType":"actual_flight_track","plannedActual":"actual","status":"confirmed_source","date":"2026-09-17","startTime":"2026-09-17T08:03:11.300000Z","endTime":"2026-09-17T08:26:12Z","sourceFile":"SRVY0-ACQU79-10Hz.csv","sourceUrl":"https://drive.google.com/drive/folders/1ctZs3rBgYtqIL9fa7J_C_L_y3LLSwXfX","sourceCrs":"EPSG:4326","displayCrs":"EPSG:4326","crsVerified":true,"pointCount":1382,"nmeaSource":"verified 10 Hz CSV","sourceFingerprint":"4c4440bbb29a9dddef84196d"},"geometry":{"type":"LineString","coordinates":[[113.51681278,49.1713832],[113.51683663,49.17140594],[113.52085869,49.17094042],[113.52125457,49.17086918],[113.54662096,49.16782812],[113.54658491,49.16786697],[113.54660778,49.16782511],[113.50663676,49.16778857],[113.51678223,49.17143626],[113.51677178,49.1714027]]}},{"type":"Feature","id":"magarrow-actual-srvy0-acqu8","properties":{"project":"Nergui Undur","area":"Nergui Undur","sensor":"MagArrow","acquisition":"SRVY0-ACQU8","dataType":"actual_flight_track","plannedActual":"actual","status":"confirmed_source","date":"2026-08-22","startTime":"2026-08-22T06:57:57Z","endTime":"2026-08-22T07:33:02Z","sourceFile":"SRVY0-ACQU8.magdata","sourceUrl":"https://drive.google.com/drive/folders/1ctZs3rBgYtqIL9fa7J_C_L_y3LLSwXfX","sourceCrs":"EPSG:4326","displayCrs":"EPSG:4326","crsVerified":true,"pointCount":2105,"nmeaSource":"embedded GGA/RMC"},"geometry":{"type":"LineString","coordinates":[[113.540438,49.20844083],[113.5404705,49.208429],[113.5433555,49.21015017],[113.543578,49.21024517],[113.54899817,49.2133955],[113.54885267,49.19455767],[113.54880867,49.194501],[113.54811883,49.18918883],[113.54817883,49.20236317],[113.54829383,49.21340467],[113.54832783,49.21293],[113.5404495,49.208437],[113.54048017,49.20840917],[113.54046483,49.20843433]]}},{"type":"Feature","id":"magarrow-actual-srvy0-acqu80","properties":{"project":"Nergui Undur","area":"Nergui Undur","sensor":"MagArrow","acquisition":"SRVY0-ACQU80","dataType":"actual_flight_track","plannedActual":"actual","status":"confirmed_source","date":"2026-09-17","startTime":"2026-09-17T08:28:05.300000Z","endTime":"2026-09-17T09:06:20Z","sourceFile":"SRVY0-ACQU80-10Hz.csv","sourceUrl":"https://drive.google.com/drive/folders/1ctZs3rBgYtqIL9fa7J_C_L_y3LLSwXfX","sourceCrs":"EPSG:4326","displayCrs":"EPSG:4326","crsVerified":true,"pointCount":2296,"nmeaSource":"verified 10 Hz CSV","sourceFingerprint":"9743636c594a2648059da475"},"geometry":{"type":"LineString","coordinates":[[113.51677461,49.1714047],[113.50356664,49.16147846],[113.50833398,49.16152149],[113.55084476,49.16154627],[113.55091419,49.16147687],[113.55090397,49.16068034],[113.5508062,49.16063488],[113.51993496,49.16060497],[113.51677619,49.17143288],[113.51677561,49.17139737]]}},{"type":"Feature","id":"magarrow-actual-srvy0-acqu81","properties":{"project":"Nergui Undur","area":"Nergui Undur","sensor":"MagArrow","acquisition":"SRVY0-ACQU81","dataType":"actual_flight_track","plannedActual":"actual","status":"confirmed_source","date":"2026-09-17","startTime":"2026-09-17T09:08:38.300000Z","endTime":"2026-09-17T09:50:11Z","sourceFile":"SRVY0-ACQU81-10Hz.csv","sourceUrl":"https://drive.google.com/drive/folders/1ctZs3rBgYtqIL9fa7J_C_L_y3LLSwXfX","sourceCrs":"EPSG:4326","displayCrs":"EPSG:4326","crsVerified":true,"pointCount":2494,"nmeaSource":"verified 10 Hz CSV","sourceFingerprint":"b6768f09fefddbc77d51e256"},"geometry":{"type":"LineString","coordinates":[[113.51678311,49.1714022],[113.51675705,49.17142412],[113.51995721,49.16059615],[113.52000377,49.1606117],[113.50318373,49.16059539],[113.50309175,49.16053097],[113.50273027,49.15979953],[113.50270598,49.15974196],[113.50278852,49.15968854],[113.50719149,49.15971945],[113.55090483,49.15975244],[113.5509189,49.16426747],[113.53342612,49.16424195],[113.51676556,49.17144824],[113.51677678,49.17141837]]}},{"type":"Feature","id":"magarrow-actual-srvy0-acqu82","properties":{"project":"Nergui Undur","area":"Nergui Undur","sensor":"MagArrow","acquisition":"SRVY0-ACQU82","dataType":"actual_flight_track","plannedActual":"actual","status":"confirmed_source","date":"2026-09-17","startTime":"2026-09-17T09:55:17.300000Z","endTime":"2026-09-17T10:33:56Z","sourceFile":"SRVY0-ACQU82-10Hz.csv","sourceUrl":"https://drive.google.com/drive/folders/1ctZs3rBgYtqIL9fa7J_C_L_y3LLSwXfX","sourceCrs":"EPSG:4326","displayCrs":"EPSG:4326","crsVerified":true,"pointCount":2320,"nmeaSource":"verified 10 Hz CSV","sourceFingerprint":"58c05c62295b54ecca8ffbb8"},"geometry":{"type":"LineString","coordinates":[[113.51676557,49.17142098],[113.51676164,49.171447],[113.52023352,49.16997122],[113.52106944,49.16958192],[113.5335001,49.16424007],[113.53351442,49.16427401],[113.53347884,49.16424038],[113.50496027,49.16421764],[113.50487217,49.16416111],[113.50449885,49.16332978],[113.55078091,49.16336034],[113.5167438,49.17144364],[113.51678028,49.17141087]]}},{"type":"Feature","id":"magarrow-actual-srvy0-acqu83","properties":{"project":"Nergui Undur","area":"Nergui Undur","sensor":"MagArrow","acquisition":"SRVY0-ACQU83","dataType":"actual_flight_track","plannedActual":"actual","status":"confirmed_source","date":"2026-09-17","startTime":"2026-09-17T10:36:37.300000Z","endTime":"2026-09-17T11:05:39Z","sourceFile":"SRVY0-ACQU83-10Hz.csv","sourceUrl":"https://drive.google.com/drive/folders/1ctZs3rBgYtqIL9fa7J_C_L_y3LLSwXfX","sourceCrs":"EPSG:4326","displayCrs":"EPSG:4326","crsVerified":true,"pointCount":1743,"nmeaSource":"verified 10 Hz CSV","sourceFingerprint":"65475576db13ffc3965d3841"},"geometry":{"type":"LineString","coordinates":[[113.51678388,49.1714067],[113.51677553,49.17143323],[113.52056974,49.17054527],[113.54954874,49.16362694],[113.55073025,49.16334649],[113.55075111,49.16337404],[113.55070187,49.16334582],[113.55086141,49.1633547],[113.55093127,49.16328452],[113.5509206,49.1624953],[113.55077826,49.16244987],[113.50401751,49.16239703],[113.50622935,49.16691068],[113.50647972,49.16698747],[113.51676945,49.17143085],[113.51679778,49.17139487]]}},{"type":"Feature","id":"magarrow-actual-srvy0-acqu84","properties":{"project":"Nergui Undur","area":"Nergui Undur","sensor":"MagArrow","acquisition":"SRVY0-ACQU84","dataType":"actual_flight_track","plannedActual":"actual","status":"confirmed_source","date":"2026-09-18","startTime":"2026-09-18T00:31:25.300000Z","endTime":"2026-09-18T01:13:28Z","sourceFile":"SRVY0-ACQU84-10Hz.csv","sourceUrl":"https://drive.google.com/drive/folders/1ctZs3rBgYtqIL9fa7J_C_L_y3LLSwXfX","sourceCrs":"EPSG:4326","displayCrs":"EPSG:4326","crsVerified":true,"pointCount":2524,"nmeaSource":"verified 10 Hz CSV","sourceFingerprint":"d554131ff8664f7a71ca12fd"},"geometry":{"type":"LineString","coordinates":[[113.53999083,49.1589807],[113.50622184,49.16688743],[113.50621262,49.16691449],[113.50625058,49.1668729],[113.50622268,49.16689466],[113.55087467,49.16694151],[113.5509378,49.16687688],[113.55092945,49.16609377],[113.55080361,49.16604319],[113.52137307,49.16599831],[113.53998078,49.15900569]]}},{"type":"Feature","id":"magarrow-actual-srvy0-acqu85","properties":{"project":"Nergui Undur","area":"Nergui Undur","sensor":"MagArrow","acquisition":"SRVY0-ACQU85","dataType":"actual_flight_track","plannedActual":"actual","status":"confirmed_source","date":"2026-09-18","startTime":"2026-09-18T01:16:36.300000Z","endTime":"2026-09-18T01:49:50Z","sourceFile":"SRVY0-ACQU85-10Hz.csv","sourceUrl":"https://drive.google.com/drive/folders/1ctZs3rBgYtqIL9fa7J_C_L_y3LLSwXfX","sourceCrs":"EPSG:4326","displayCrs":"EPSG:4326","crsVerified":true,"pointCount":1995,"nmeaSource":"verified 10 Hz CSV","sourceFingerprint":"72932a0d26c237ca24e7c3cf"},"geometry":{"type":"LineString","coordinates":[[113.53998583,49.1589842],[113.52140342,49.16599673],[113.52138605,49.16603667],[113.52132855,49.16604193],[113.52136773,49.16597741],[113.52132907,49.16599885],[113.52141351,49.16600766],[113.5213962,49.16602774],[113.52138037,49.16598858],[113.52141423,49.16601164],[113.50584393,49.16598104],[113.50574313,49.16590233],[113.5053691,49.1651232],[113.50542442,49.16507848],[113.5055922,49.16507235],[113.55093723,49.16514596],[113.53997321,49.15900952]]}},{"type":"Feature","id":"magarrow-actual-srvy0-acqu86-1","properties":{"project":"Nergui Undur","area":"Nergui Undur","sensor":"MagArrow","acquisition":"SRVY0-ACQU86(1)","dataType":"actual_flight_track","plannedActual":"actual","status":"confirmed_source","date":"2026-09-18","startTime":"2026-09-18T02:09:45.300000Z","endTime":"2026-09-18T09:17:04Z","sourceFile":"SRVY0-ACQU86 (1)-10Hz.csv","sourceUrl":"https://drive.google.com/drive/folders/1ctZs3rBgYtqIL9fa7J_C_L_y3LLSwXfX","sourceCrs":"EPSG:4326","displayCrs":"EPSG:4326","crsVerified":true,"pointCount":4502,"nmeaSource":"verified 10 Hz CSV","sourceFingerprint":"52a1831b3dcf53960ba2a4fa"},"geometry":{"type":"LineString","coordinates":[[113.53138156,49.14562587],[113.50222304,49.15878649],[113.5508283,49.15882062],[113.55085169,49.15798576],[113.55074888,49.15792131],[113.52975149,49.15792099],[113.53135896,49.14562268],[113.51867104,49.14811587],[113.51869818,49.14808074],[113.51881135,49.14819909],[113.51884447,49.14817754],[113.52079602,49.14995607],[113.52102728,49.15011896],[113.52982743,49.157953],[113.52976239,49.15795503],[113.52982747,49.15791739],[113.52980415,49.15794652],[113.52523525,49.1579168],[113.52070322,49.15795116],[113.50291854,49.15793329],[113.50188511,49.15792975],[113.5017802,49.15789482],[113.50138573,49.15708688],[113.50141797,49.15703118],[113.54318533,49.15705352],[113.51865028,49.1480927]]}},{"type":"Feature","id":"magarrow-actual-srvy0-acqu86","properties":{"project":"Nergui Undur","area":"Nergui Undur","sensor":"MagArrow","acquisition":"SRVY0-ACQU86","dataType":"actual_flight_track","plannedActual":"actual","status":"confirmed_source","date":"2026-09-18","startTime":"2026-09-18T02:09:45.300000Z","endTime":"2026-09-18T02:47:22Z","sourceFile":"SRVY0-ACQU86-10Hz.csv","sourceUrl":"https://drive.google.com/drive/folders/1ctZs3rBgYtqIL9fa7J_C_L_y3LLSwXfX","sourceCrs":"EPSG:4326","displayCrs":"EPSG:4326","crsVerified":true,"pointCount":2258,"nmeaSource":"verified 10 Hz CSV","sourceFingerprint":"a183d03d35e99787ba412b7c"},"geometry":{"type":"LineString","coordinates":[[113.53138156,49.14562587],[113.50222304,49.15878649],[113.5508283,49.15882062],[113.55085169,49.15798576],[113.55074888,49.15792131],[113.52975149,49.15792099],[113.53135896,49.14562268]]}},{"type":"Feature","id":"magarrow-actual-srvy0-acqu87","properties":{"project":"Nergui Undur","area":"Nergui Undur","sensor":"MagArrow","acquisition":"SRVY0-ACQU87","dataType":"actual_flight_track","plannedActual":"actual","status":"confirmed_source","date":"2026-09-18","startTime":"2026-09-18T09:24:55.300000Z","endTime":"2026-09-18T09:49:52Z","sourceFile":"SRVY0-ACQU87-10Hz.csv","sourceUrl":"https://drive.google.com/drive/folders/1ctZs3rBgYtqIL9fa7J_C_L_y3LLSwXfX","sourceCrs":"EPSG:4326","displayCrs":"EPSG:4326","crsVerified":true,"pointCount":1498,"nmeaSource":"verified 10 Hz CSV","sourceFingerprint":"207032f7622238d84aef96ea"},"geometry":{"type":"LineString","coordinates":[[113.51864011,49.14812942],[113.51868997,49.14810193],[113.51865423,49.1481126],[113.5222232,49.14943707],[113.52466765,49.15029757],[113.54305408,49.15702273],[113.54316928,49.15706773],[113.54314238,49.15709165],[113.54322709,49.15707739],[113.5431211,49.15706128],[113.54317276,49.15706528],[113.54314348,49.15710711],[113.54316385,49.15705324],[113.55085712,49.15706053],[113.5508381,49.15616333],[113.55077713,49.15615769],[113.55079443,49.15618825],[113.55079882,49.15613748],[113.55080562,49.15617629],[113.55084322,49.15616026],[113.51477893,49.15612456],[113.51868943,49.14810648]]}},{"type":"Feature","id":"magarrow-actual-srvy0-acqu88","properties":{"project":"Nergui Undur","area":"Nergui Undur","sensor":"MagArrow","acquisition":"SRVY0-ACQU88","dataType":"actual_flight_track","plannedActual":"actual","status":"confirmed_source","date":"2026-09-18","startTime":"2026-09-18T23:42:19.300000Z","endTime":"2026-09-19T00:20:48Z","sourceFile":"SRVY0-ACQU88-10Hz.csv","sourceUrl":"https://drive.google.com/drive/folders/1ctZs3rBgYtqIL9fa7J_C_L_y3LLSwXfX","sourceCrs":"EPSG:4326","displayCrs":"EPSG:4326","crsVerified":true,"pointCount":2310,"nmeaSource":"verified 10 Hz CSV","sourceFingerprint":"f83a0a413eb18c83f0dcc061"},"geometry":{"type":"LineString","coordinates":[[113.51207866,49.15021865],[113.51485772,49.1561169],[113.51480214,49.15613561],[113.51485598,49.15610312],[113.51492667,49.15612377],[113.51482857,49.15610053],[113.51486591,49.15614001],[113.51485353,49.15609448],[113.51148954,49.15608261],[113.50133406,49.15607578],[113.50130215,49.15609947],[113.50122582,49.15606748],[113.50097596,49.15607579],[113.50058219,49.15535816],[113.50053976,49.15520964],[113.50061933,49.15517189],[113.50435513,49.15520561],[113.5508694,49.15523578],[113.5540839,49.15164688],[113.55403154,49.15161596],[113.5540671,49.15160424],[113.55410028,49.15164988],[113.55406436,49.15163809],[113.55409087,49.15165476],[113.55409449,49.15159345],[113.55408452,49.15164783],[113.5443397,49.15163212],[113.51205511,49.15021961],[113.51204657,49.1501671]]}},{"type":"Feature","id":"magarrow-actual-srvy0-acqu89","properties":{"project":"Nergui Undur","area":"Nergui Undur","sensor":"MagArrow","acquisition":"SRVY0-ACQU89","dataType":"actual_flight_track","plannedActual":"actual","status":"confirmed_source","date":"2026-09-19","startTime":"2026-09-19T00:24:12.300000Z","endTime":"2026-09-19T01:02:42Z","sourceFile":"SRVY0-ACQU89-10Hz.csv","sourceUrl":"https://drive.google.com/drive/folders/1ctZs3rBgYtqIL9fa7J_C_L_y3LLSwXfX","sourceCrs":"EPSG:4326","displayCrs":"EPSG:4326","crsVerified":true,"pointCount":2311,"nmeaSource":"verified 10 Hz CSV","sourceFingerprint":"95fc1b908b8e9f9971eec15f"},"geometry":{"type":"LineString","coordinates":[[113.51210395,49.15020258],[113.51204683,49.15020889],[113.54436043,49.15162635],[113.54434275,49.15166053],[113.54434239,49.15161441],[113.54434982,49.15163773],[113.49879063,49.15157525],[113.498668,49.15145423],[113.49833514,49.15072231],[113.49842777,49.15067246],[113.53054806,49.15072922],[113.51204299,49.15021067]]}},{"type":"Feature","id":"magarrow-actual-srvy0-acqu9","properties":{"project":"Nergui Undur","area":"Nergui Undur","sensor":"MagArrow","acquisition":"SRVY0-ACQU9","dataType":"actual_flight_track","plannedActual":"actual","status":"confirmed_source","date":"2026-08-22","startTime":"2026-08-22T07:39:01Z","endTime":"2026-08-22T08:12:44Z","sourceFile":"SRVY0-ACQU9.magdata","sourceUrl":"https://drive.google.com/drive/folders/1ctZs3rBgYtqIL9fa7J_C_L_y3LLSwXfX","sourceCrs":"EPSG:4326","displayCrs":"EPSG:4326","crsVerified":true,"pointCount":2024,"nmeaSource":"embedded GGA/RMC"},"geometry":{"type":"LineString","coordinates":[[113.54043517,49.208445],[113.542938,49.21021067],[113.543679,49.21068083],[113.54761233,49.2134105],[113.5474965,49.19749967],[113.54737333,49.18910467],[113.546788,49.18909083],[113.5467215,49.189183],[113.54690367,49.21341567],[113.54690333,49.21320133],[113.540426,49.20843317]]}},{"type":"Feature","id":"magarrow-actual-srvy0-acqu90","properties":{"project":"Nergui Undur","area":"Nergui Undur","sensor":"MagArrow","acquisition":"SRVY0-ACQU90","dataType":"actual_flight_track","plannedActual":"actual","status":"confirmed_source","date":"2026-09-19","startTime":"2026-09-19T01:05:26.300000Z","endTime":"2026-09-19T01:43:01Z","sourceFile":"SRVY0-ACQU90-10Hz.csv","sourceUrl":"https://drive.google.com/drive/folders/1ctZs3rBgYtqIL9fa7J_C_L_y3LLSwXfX","sourceCrs":"EPSG:4326","displayCrs":"EPSG:4326","crsVerified":true,"pointCount":2256,"nmeaSource":"verified 10 Hz CSV","sourceFingerprint":"6f4e5dc1b500c9f3abc05c3a"},"geometry":{"type":"LineString","coordinates":[[113.51208028,49.15022237],[113.5120202,49.15023515],[113.53053988,49.15073432],[113.53051463,49.15076904],[113.53053994,49.15072847],[113.54661577,49.1507532],[113.55325363,49.15075148],[113.55332944,49.15072348],[113.5527313,49.14990439],[113.55267904,49.14986163],[113.55255627,49.14984866],[113.49783684,49.14979973],[113.5120383,49.15023552]]}},{"type":"Feature","id":"magarrow-actual-srvy0-acqu91","properties":{"project":"Nergui Undur","area":"Nergui Undur","sensor":"MagArrow","acquisition":"SRVY0-ACQU91","dataType":"actual_flight_track","plannedActual":"actual","status":"confirmed_source","date":"2026-09-19","startTime":"2026-09-19T01:45:29.300000Z","endTime":"2026-09-19T02:23:09Z","sourceFile":"SRVY0-ACQU91-10Hz.csv","sourceUrl":"https://drive.google.com/drive/folders/1ctZs3rBgYtqIL9fa7J_C_L_y3LLSwXfX","sourceCrs":"EPSG:4326","displayCrs":"EPSG:4326","crsVerified":true,"pointCount":2261,"nmeaSource":"verified 10 Hz CSV","sourceFingerprint":"c9c9fb5f78b9b981007a8ef0"},"geometry":{"type":"LineString","coordinates":[[113.5120779,49.15023075],[113.50876217,49.15130624],[113.50734275,49.15182688],[113.50004022,49.15430535],[113.52713126,49.15434983],[113.55599855,49.15434498],[113.55539131,49.15349226],[113.55524252,49.15345326],[113.53208123,49.15342457],[113.53211778,49.15342344],[113.51203372,49.15021071]]}},{"type":"Feature","id":"magarrow-actual-srvy0-acqu92","properties":{"project":"Nergui Undur","area":"Nergui Undur","sensor":"MagArrow","acquisition":"SRVY0-ACQU92","dataType":"actual_flight_track","plannedActual":"actual","status":"confirmed_source","date":"2026-09-19","startTime":"2026-09-19T02:29:52.300000Z","endTime":"2026-09-19T03:06:11Z","sourceFile":"SRVY0-ACQU92-10Hz.csv","sourceUrl":"https://drive.google.com/drive/folders/1ctZs3rBgYtqIL9fa7J_C_L_y3LLSwXfX","sourceCrs":"EPSG:4326","displayCrs":"EPSG:4326","crsVerified":true,"pointCount":2180,"nmeaSource":"verified 10 Hz CSV","sourceFingerprint":"27834ff7d48d3e78a0966e34"},"geometry":{"type":"LineString","coordinates":[[113.51209545,49.15022687],[113.51205022,49.15022873],[113.5321783,49.15343912],[113.53213318,49.15349239],[113.53215219,49.15342628],[113.53217482,49.15344356],[113.52727106,49.15340943],[113.49967058,49.15339069],[113.49957569,49.1533423],[113.49918586,49.15253412],[113.49927515,49.15248911],[113.53993624,49.15253738],[113.51201979,49.15021752]]}},{"type":"Feature","id":"magarrow-actual-srvy0-acqu93","properties":{"project":"Nergui Undur","area":"Nergui Undur","sensor":"MagArrow","acquisition":"SRVY0-ACQU93","dataType":"actual_flight_track","plannedActual":"actual","status":"confirmed_source","date":"2026-09-19","startTime":"2026-09-19T03:08:43.300000Z","endTime":"2026-09-19T03:46:37Z","sourceFile":"SRVY0-ACQU93-10Hz.csv","sourceUrl":"https://drive.google.com/drive/folders/1ctZs3rBgYtqIL9fa7J_C_L_y3LLSwXfX","sourceCrs":"EPSG:4326","displayCrs":"EPSG:4326","crsVerified":true,"pointCount":2275,"nmeaSource":"verified 10 Hz CSV","sourceFingerprint":"78468b71128b37f9fc58e3b4"},"geometry":{"type":"LineString","coordinates":[[113.51206878,49.15023015],[113.51202414,49.1502393],[113.53972347,49.15253675],[113.53991618,49.15255372],[113.53990414,49.15258703],[113.53990298,49.15254644],[113.55469079,49.15256469],[113.55335673,49.1507881],[113.55295627,49.15016767],[113.55000693,49.14623334],[113.55000189,49.14626541],[113.54629323,49.14626358],[113.49592556,49.14620425],[113.49585173,49.14617308],[113.49514788,49.14530819],[113.49886994,49.14530678],[113.51203261,49.15023506]]}},{"type":"Feature","id":"magarrow-actual-srvy0-acqu94","properties":{"project":"Nergui Undur","area":"Nergui Undur","sensor":"MagArrow","acquisition":"SRVY0-ACQU94","dataType":"actual_flight_track","plannedActual":"actual","status":"confirmed_source","date":"2026-09-19","startTime":"2026-09-19T03:49:12.300000Z","endTime":"2026-09-19T04:28:41Z","sourceFile":"SRVY0-ACQU94-10Hz.csv","sourceUrl":"https://drive.google.com/drive/folders/1ctZs3rBgYtqIL9fa7J_C_L_y3LLSwXfX","sourceCrs":"EPSG:4326","displayCrs":"EPSG:4326","crsVerified":true,"pointCount":2370,"nmeaSource":"verified 10 Hz CSV","sourceFingerprint":"f4fd4d13823ff78d2c1a8e11"},"geometry":{"type":"LineString","coordinates":[[113.51206445,49.15022748],[113.49884813,49.14529907],[113.49885196,49.14525713],[113.49879832,49.14527328],[113.49885554,49.14529369],[113.49886419,49.14522373],[113.49881436,49.14528499],[113.49884782,49.14531531],[113.49882689,49.14527906],[113.49883532,49.14530841],[113.49882528,49.14528138],[113.50299246,49.14532414],[113.54217729,49.14535537],[113.54922956,49.14535674],[113.54926816,49.14529962],[113.54866876,49.14449019],[113.54852665,49.14445271],[113.51433605,49.1444099],[113.51201195,49.150227]]}},{"type":"Feature","id":"magarrow-actual-srvy0-acqu95","properties":{"project":"Nergui Undur","area":"Nergui Undur","sensor":"MagArrow","acquisition":"SRVY0-ACQU95","dataType":"actual_flight_track","plannedActual":"actual","status":"confirmed_source","date":"2026-09-19","startTime":"2026-09-19T04:31:16.300000Z","endTime":"2026-09-19T05:09:14Z","sourceFile":"SRVY0-ACQU95-10Hz.csv","sourceUrl":"https://drive.google.com/drive/folders/1ctZs3rBgYtqIL9fa7J_C_L_y3LLSwXfX","sourceCrs":"EPSG:4326","displayCrs":"EPSG:4326","crsVerified":true,"pointCount":2279,"nmeaSource":"verified 10 Hz CSV","sourceFingerprint":"051a87ec5d880732d91a25cf"},"geometry":{"type":"LineString","coordinates":[[113.51203828,49.15021453],[113.51199378,49.1502243],[113.51437256,49.14439922],[113.51441932,49.1443962],[113.51050757,49.14441903],[113.49428581,49.14439196],[113.49738648,49.1489003],[113.49742092,49.14888469],[113.49743722,49.14891275],[113.49737741,49.14888463],[113.49739008,49.14890754],[113.54940738,49.14893719],[113.51199019,49.15022085],[113.51205528,49.1502187]]}},{"type":"Feature","id":"magarrow-actual-srvy0-acqu96","properties":{"project":"Nergui Undur","area":"Nergui Undur","sensor":"MagArrow","acquisition":"SRVY0-ACQU96","dataType":"actual_flight_track","plannedActual":"actual","status":"confirmed_source","date":"2026-09-19","startTime":"2026-09-19T05:11:36.300000Z","endTime":"2026-09-19T05:50:19Z","sourceFile":"SRVY0-ACQU96-10Hz.csv","sourceUrl":"https://drive.google.com/drive/folders/1ctZs3rBgYtqIL9fa7J_C_L_y3LLSwXfX","sourceCrs":"EPSG:4326","displayCrs":"EPSG:4326","crsVerified":true,"pointCount":2324,"nmeaSource":"verified 10 Hz CSV","sourceFingerprint":"d4db60f1755251b1d10454fd"},"geometry":{"type":"LineString","coordinates":[[113.51205005,49.15022403],[113.51201313,49.15022204],[113.54938364,49.14894658],[113.54937994,49.14898205],[113.54935788,49.1489441],[113.55190863,49.14895383],[113.55196751,49.14890801],[113.55132273,49.14803989],[113.49700809,49.1479869],[113.49691925,49.14792862],[113.49653398,49.14712299],[113.49660802,49.14707993],[113.5010101,49.147112],[113.51591023,49.14711596],[113.51199678,49.15023622],[113.51205611,49.1502187]]}},{"type":"Feature","id":"magarrow-actual-srvy0-acqu97","properties":{"project":"Nergui Undur","area":"Nergui Undur","sensor":"MagArrow","acquisition":"SRVY0-ACQU97","dataType":"actual_flight_track","plannedActual":"actual","status":"confirmed_source","date":"2026-09-19","startTime":"2026-09-19T05:52:53.300000Z","endTime":"2026-09-19T06:13:55Z","sourceFile":"SRVY0-ACQU97-10Hz.csv","sourceUrl":"https://drive.google.com/drive/folders/1ctZs3rBgYtqIL9fa7J_C_L_y3LLSwXfX","sourceCrs":"EPSG:4326","displayCrs":"EPSG:4326","crsVerified":true,"pointCount":1263,"nmeaSource":"verified 10 Hz CSV","sourceFingerprint":"e8b23c4916abb7157788ca05"},"geometry":{"type":"LineString","coordinates":[[113.51204878,49.1502267],[113.5120109,49.1502285],[113.51586181,49.14711899],[113.51584021,49.14707127],[113.51585231,49.14711525],[113.51891777,49.14712655],[113.5506652,49.14715316],[113.51199544,49.15022052],[113.5120253,49.15020126],[113.51201648,49.1502483],[113.51203129,49.15022387]]}},{"type":"Feature","id":"magarrow-actual-srvy0-acqu98","properties":{"project":"Nergui Undur","area":"Nergui Undur","sensor":"MagArrow","acquisition":"SRVY0-ACQU98","dataType":"actual_flight_track","plannedActual":"actual","status":"confirmed_source","date":"2026-09-19","startTime":"2026-09-19T06:37:04.300000Z","endTime":"2026-09-19T07:17:50Z","sourceFile":"SRVY0-ACQU98-10Hz.csv","sourceUrl":"https://drive.google.com/drive/folders/1ctZs3rBgYtqIL9fa7J_C_L_y3LLSwXfX","sourceCrs":"EPSG:4326","displayCrs":"EPSG:4326","crsVerified":true,"pointCount":2447,"nmeaSource":"verified 10 Hz CSV","sourceFingerprint":"8aac9486b3f0335a83a02ca6"},"geometry":{"type":"LineString","coordinates":[[113.52683545,49.14402437],[113.52687547,49.14405224],[113.54803688,49.14355647],[113.54805754,49.14350489],[113.54799376,49.14356359],[113.5480487,49.14354915],[113.49357222,49.14351361],[113.49350231,49.14348549],[113.49278635,49.14263421],[113.49288099,49.14260742],[113.51971679,49.14264508],[113.52682909,49.14407681],[113.52679345,49.14405453]]}},{"type":"Feature","id":"magarrow-actual-srvy0-acqu99","properties":{"project":"Nergui Undur","area":"Nergui Undur","sensor":"MagArrow","acquisition":"SRVY0-ACQU99","dataType":"actual_flight_track","plannedActual":"actual","status":"confirmed_source","date":"2026-09-19","startTime":"2026-09-19T07:21:07.300000Z","endTime":"2026-09-19T07:59:10Z","sourceFile":"SRVY0-ACQU99-10Hz.csv","sourceUrl":"https://drive.google.com/drive/folders/1ctZs3rBgYtqIL9fa7J_C_L_y3LLSwXfX","sourceCrs":"EPSG:4326","displayCrs":"EPSG:4326","crsVerified":true,"pointCount":2284,"nmeaSource":"verified 10 Hz CSV","sourceFingerprint":"31ec96ffeb9ae05eba10764d"},"geometry":{"type":"LineString","coordinates":[[113.52678811,49.14405303],[113.52682912,49.14407551],[113.51966784,49.14264988],[113.51970122,49.14262972],[113.51966517,49.14260319],[113.51969583,49.14265294],[113.52392228,49.14267171],[113.54722625,49.14267752],[113.54729635,49.1426465],[113.54671234,49.14185116],[113.5466059,49.14177109],[113.53834254,49.14176342],[113.53823111,49.1417558],[113.53820516,49.14172365],[113.53814905,49.14176101],[113.53747508,49.14175591],[113.53735189,49.14174821],[113.53730962,49.1416802],[113.53732907,49.14092082],[113.53736105,49.14087404],[113.53743873,49.14086255],[113.54588973,49.14087704],[113.5459352,49.14082449],[113.54531561,49.14004792],[113.53733263,49.14003719],[113.52784495,49.14176308],[113.51413514,49.14174276],[113.52683595,49.14406921],[113.52682525,49.14409218],[113.52678578,49.1440462]]}}]}