{"type":"FeatureCollection","name":"NU_DT_L3","layers":[{"name":"BLOCK_BOUNDARY","geometry_type":"POLYGON","source_epsg":99999,"feature_count":36},{"name":"BLOCK_POLYGONS","geometry_type":"POLYGON","source_epsg":99999,"feature_count":338},{"name":"CAD_LAYER_0_LINES","geometry_type":"LINESTRING","source_epsg":99999,"feature_count":13},{"name":"CAD_LAYER_0_POLYGONS","geometry_type":"POLYGON","source_epsg":99999,"feature_count":1},{"name":"LICENSE_BORDER","geometry_type":"POLYGON","source_epsg":99999,"feature_count":1},{"name":"uchastic","geometry_type":"POLYGON","source_epsg":99999,"feature_count":114}],"features":[{"type":"Feature","id":"BLOCK_BOUNDARY:1","properties":{"fid":1,"cad_handle":13611,"cad_layer":"BLOCK_BOUNDARY","layer_handle":13522,"cad_color":3,"closed":1,"vertex_cnt":8,"elevation":0.0,"thickness":0.0,"raw_flags":512,"source_dwg":"Nergui undur_L3_boundary.dwg","layer":"BLOCK_BOUNDARY","source_epsg":99999,"area_m2":3669892.82},"geometry":{"type":"Polygon","coordinates":[[[113.53798056,49.24433561],[113.53983333,49.24520168],[113.54482778,49.24863627],[113.54601556,49.24983056],[113.54796944,49.24983056],[113.54796944,49.25610486],[113.58392526,49.25610542],[113.58392452,49.24434361],[113.53798056,49.24433561]]]}},{"type":"Feature","id":"BLOCK_BOUNDARY:2","properties":{"fid":2,"cad_handle":13613,"cad_layer":"BLOCK_BOUNDARY","layer_handle":13522,"cad_color":3,"closed":1,"vertex_cnt":6,"elevation":0.0,"thickness":0.0,"raw_flags":512,"source_dwg":"Nergui undur_L3_boundary.dwg","layer":"BLOCK_BOUNDARY","source_epsg":99999,"area_m2":216968.3},"geometry":{"type":"Polygon","coordinates":[[[113.45890709,49.21746945],[113.4593639,49.21746944],[113.45936389,49.23002736],[113.46273889,49.22999973],[113.46273889,49.23541111],[113.45885461,49.2353603],[113.45890709,49.21746945]]]}},{"type":"Feature","id":"BLOCK_BOUNDARY:3","properties":{"fid":3,"cad_handle":13615,"cad_layer":"BLOCK_BOUNDARY","layer_handle":13522,"cad_color":3,"closed":1,"vertex_cnt":4,"elevation":0.0,"thickness":0.0,"raw_flags":512,"source_dwg":"Nergui undur_L3_boundary.dwg","layer":"BLOCK_BOUNDARY","source_epsg":99999,"area_m2":4176530.88},"geometry":{"type":"Polygon","coordinates":[[[113.53798056,49.233175],[113.53798056,49.24433561],[113.58392452,49.24434361],[113.58389015,49.23304807],[113.53798056,49.233175]]]}},{"type":"Feature","id":"BLOCK_BOUNDARY:4","properties":{"fid":4,"cad_handle":13617,"cad_layer":"BLOCK_BOUNDARY","layer_handle":13522,"cad_color":3,"closed":1,"vertex_cnt":10,"elevation":0.0,"thickness":0.0,"raw_flags":512,"source_dwg":"Nergui undur_L3_boundary.dwg","layer":"BLOCK_BOUNDARY","source_epsg":99999,"area_m2":4386630.33},"geometry":{"type":"Polygon","coordinates":[[[113.58369168,49.20426389],[113.58045278,49.20426389],[113.58045278,49.21532778],[113.56653333,49.21532778],[113.56653332,49.21961111],[113.55725279,49.21961111],[113.55725278,49.22532222],[113.54797222,49.22532221],[113.54797222,49.233175],[113.58389015,49.23304807],[113.58369168,49.20426389]]]}},{"type":"Feature","id":"BLOCK_BOUNDARY:5","properties":{"fid":5,"cad_handle":13619,"cad_layer":"BLOCK_BOUNDARY","layer_handle":13522,"cad_color":3,"closed":1,"vertex_cnt":14,"elevation":0.0,"thickness":0.0,"raw_flags":512,"source_dwg":"Nergui undur_L3_boundary.dwg","layer":"BLOCK_BOUNDARY","source_epsg":99999,"area_m2":5882199.63},"geometry":{"type":"Polygon","coordinates":[[[113.45890615,49.19221138],[113.48813055,49.19221507],[113.48813056,49.19450833],[113.49074722,49.19450832],[113.49074723,49.19831389],[113.49479167,49.19831388],[113.49479167,49.20104999],[113.488725,49.20105],[113.488725,49.21047154],[113.48693889,49.21173974],[113.48015834,49.21173993],[113.48015833,49.21746944],[113.4593639,49.21746944],[113.45890709,49.21746945],[113.45890615,49.19221138]]]}},{"type":"Feature","id":"BLOCK_BOUNDARY:6","properties":{"fid":6,"cad_handle":13621,"cad_layer":"BLOCK_BOUNDARY","layer_handle":13522,"cad_color":3,"closed":1,"vertex_cnt":6,"elevation":0.0,"thickness":0.0,"raw_flags":512,"source_dwg":"Nergui undur_L3_boundary.dwg","layer":"BLOCK_BOUNDARY","source_epsg":99999,"area_m2":391859.9},"geometry":{"type":"Polygon","coordinates":[[[113.51799163,49.20579145],[113.52013334,49.20578257],[113.52013333,49.21676532],[113.51263889,49.21675556],[113.51263889,49.21211667],[113.51799167,49.21211667],[113.51799163,49.20579145]]]}},{"type":"Feature","id":"BLOCK_BOUNDARY:7","properties":{"fid":7,"cad_handle":13623,"cad_layer":"BLOCK_BOUNDARY","layer_handle":13522,"cad_color":3,"closed":1,"vertex_cnt":8,"elevation":0.0,"thickness":0.0,"raw_flags":512,"source_dwg":"Nergui undur_L3_boundary.dwg","layer":"BLOCK_BOUNDARY","source_epsg":99999,"area_m2":4245834.7},"geometry":{"type":"Polygon","coordinates":[[[113.3640635,49.19221187],[113.33668397,49.19221065],[113.33668252,49.17199726],[113.33805,49.17199722],[113.35156944,49.17199722],[113.35156944,49.17437778],[113.36406111,49.17437778],[113.36406111,49.17794722],[113.3640635,49.19221187]]]}},{"type":"Feature","id":"BLOCK_BOUNDARY:8","properties":{"fid":8,"cad_handle":13625,"cad_layer":"BLOCK_BOUNDARY","layer_handle":13522,"cad_color":3,"closed":1,"vertex_cnt":11,"elevation":0.0,"thickness":0.0,"raw_flags":512,"source_dwg":"Nergui undur_L3_boundary.dwg","layer":"BLOCK_BOUNDARY","source_epsg":99999,"area_m2":2530900.83},"geometry":{"type":"Polygon","coordinates":[[[113.3640635,49.19221187],[113.37296944,49.19221087],[113.37296944,49.190275],[113.38534168,49.190275],[113.38534167,49.184325],[113.38981824,49.184325],[113.39164723,49.18230029],[113.39164722,49.17932778],[113.38748333,49.17932778],[113.38748334,49.17794722],[113.36406111,49.17794722],[113.3640635,49.19221187]]]}},{"type":"Feature","id":"BLOCK_BOUNDARY:9","properties":{"fid":9,"cad_handle":13627,"cad_layer":"BLOCK_BOUNDARY","layer_handle":13522,"cad_color":3,"closed":1,"vertex_cnt":15,"elevation":0.0,"thickness":0.0,"raw_flags":512,"source_dwg":"Nergui undur_L3_boundary.dwg","layer":"BLOCK_BOUNDARY","source_epsg":99999,"area_m2":5046961.3},"geometry":{"type":"Polygon","coordinates":[[[113.42293609,49.16262902],[113.43557512,49.16262831],[113.43557317,49.19221319],[113.416275,49.19221112],[113.416275,49.18920278],[113.41291343,49.18920278],[113.41246668,49.18846241],[113.41246668,49.17908889],[113.40854168,49.17908889],[113.40854167,49.17587368],[113.41238319,49.17254722],[113.41496667,49.17254722],[113.41496668,49.16947182],[113.41637143,49.168025],[113.42293612,49.168025],[113.42293609,49.16262902]]]}},{"type":"Feature","id":"BLOCK_BOUNDARY:10","properties":{"fid":10,"cad_handle":13629,"cad_layer":"BLOCK_BOUNDARY","layer_handle":13522,"cad_color":3,"closed":1,"vertex_cnt":4,"elevation":0.0,"thickness":0.0,"raw_flags":512,"source_dwg":"Nergui undur_L3_boundary.dwg","layer":"BLOCK_BOUNDARY","source_epsg":99999,"area_m2":5594817.55},"geometry":{"type":"Polygon","coordinates":[[[113.45888431,49.16262338],[113.43557512,49.16262831],[113.43557317,49.19221319],[113.45890615,49.19221138],[113.45888431,49.16262338]]]}},{"type":"Feature","id":"BLOCK_BOUNDARY:11","properties":{"fid":11,"cad_handle":13631,"cad_layer":"BLOCK_BOUNDARY","layer_handle":13522,"cad_color":3,"closed":1,"vertex_cnt":12,"elevation":0.0,"thickness":0.0,"raw_flags":512,"source_dwg":"Nergui undur_L3_boundary.dwg","layer":"BLOCK_BOUNDARY","source_epsg":99999,"area_m2":4336549.01},"geometry":{"type":"Polygon","coordinates":[[[113.45890615,49.19221138],[113.45888431,49.16262338],[113.46766667,49.16262222],[113.46766667,49.16809444],[113.47456666,49.16809444],[113.47456666,49.17904167],[113.47742222,49.17904167],[113.47742222,49.18403888],[113.48384723,49.18403888],[113.48384722,49.18784444],[113.48813056,49.18784444],[113.48813055,49.19221507],[113.45890615,49.19221138]]]}},{"type":"Feature","id":"BLOCK_BOUNDARY:12","properties":{"fid":12,"cad_handle":13633,"cad_layer":"BLOCK_BOUNDARY","layer_handle":13522,"cad_color":3,"closed":1,"vertex_cnt":12,"elevation":0.0,"thickness":0.0,"raw_flags":512,"source_dwg":"Nergui undur_L3_boundary.dwg","layer":"BLOCK_BOUNDARY","source_epsg":99999,"area_m2":3970298.6},"geometry":{"type":"Polygon","coordinates":[[[113.51809045,49.17214515],[113.51813022,49.17776486],[113.51148431,49.17778489],[113.51156667,49.18963056],[113.50193056,49.18963056],[113.49433473,49.18308611],[113.49431667,49.17523333],[113.48979445,49.17523333],[113.48979444,49.16809444],[113.48670279,49.16809444],[113.48670278,49.16659044],[113.51805071,49.16652545],[113.51809045,49.17214515]]]}},{"type":"Feature","id":"BLOCK_BOUNDARY:13","properties":{"fid":13,"cad_handle":13635,"cad_layer":"BLOCK_BOUNDARY","layer_handle":13522,"cad_color":3,"closed":1,"vertex_cnt":6,"elevation":0.0,"thickness":0.0,"raw_flags":512,"source_dwg":"Nergui undur_L3_boundary.dwg","layer":"BLOCK_BOUNDARY","source_epsg":99999,"area_m2":2494184.68},"geometry":{"type":"Polygon","coordinates":[[[113.58390974,49.17222232],[113.56948397,49.17233337],[113.56929351,49.19855298],[113.57616945,49.19855278],[113.57616945,49.18897072],[113.58393309,49.18898351],[113.58390974,49.17222232]]]}},{"type":"Feature","id":"BLOCK_BOUNDARY:14","properties":{"fid":14,"cad_handle":13637,"cad_layer":"BLOCK_BOUNDARY","layer_handle":13522,"cad_color":3,"closed":1,"vertex_cnt":12,"elevation":0.0,"thickness":0.0,"raw_flags":512,"source_dwg":"Nergui undur_L3_boundary.dwg","layer":"BLOCK_BOUNDARY","source_epsg":99999,"area_m2":2580344.02},"geometry":{"type":"Polygon","coordinates":[[[113.34484953,49.1509458],[113.34390796,49.15772688],[113.35267899,49.15855844],[113.35547917,49.15998593],[113.35952779,49.16508028],[113.36060278,49.16578357],[113.36711694,49.16637138],[113.37546877,49.16804265],[113.3786706,49.16818783],[113.3786796,49.16308379],[113.36865496,49.16307572],[113.3686796,49.1505763],[113.34484953,49.1509458]]]}},{"type":"Feature","id":"BLOCK_BOUNDARY:15","properties":{"fid":15,"cad_handle":13639,"cad_layer":"BLOCK_BOUNDARY","layer_handle":13522,"cad_color":3,"closed":1,"vertex_cnt":15,"elevation":0.0,"thickness":0.0,"raw_flags":512,"source_dwg":"Nergui undur_L3_boundary.dwg","layer":"BLOCK_BOUNDARY","source_epsg":99999,"area_m2":3263278.26},"geometry":{"type":"Polygon","coordinates":[[[113.38318503,49.15634941],[113.3831796,49.15958659],[113.37868578,49.15958326],[113.3786706,49.16818783],[113.38174911,49.16833997],[113.38979167,49.16944067],[113.39747778,49.16945278],[113.39747777,49.17195278],[113.40215479,49.17195278],[113.40444212,49.16966902],[113.40598898,49.16782976],[113.40857813,49.16538448],[113.41165135,49.16312684],[113.4121111,49.16250799],[113.41211111,49.15636667],[113.38318503,49.15634941]]]}},{"type":"Feature","id":"BLOCK_BOUNDARY:16","properties":{"fid":16,"cad_handle":13641,"cad_layer":"BLOCK_BOUNDARY","layer_handle":13522,"cad_color":3,"closed":1,"vertex_cnt":7,"elevation":0.0,"thickness":0.0,"raw_flags":512,"source_dwg":"Nergui undur_L3_boundary.dwg","layer":"BLOCK_BOUNDARY","source_epsg":99999,"area_m2":4553260.25},"geometry":{"type":"Polygon","coordinates":[[[113.48670278,49.15929167],[113.48670278,49.16659044],[113.51805071,49.16652545],[113.51797133,49.15528602],[113.51789209,49.14404656],[113.49596287,49.14411097],[113.49606322,49.15929144],[113.48670278,49.15929167]]]}},{"type":"Feature","id":"BLOCK_BOUNDARY:17","properties":{"fid":17,"cad_handle":13643,"cad_layer":"BLOCK_BOUNDARY","layer_handle":13522,"cad_color":3,"closed":1,"vertex_cnt":6,"elevation":0.0,"thickness":0.0,"raw_flags":512,"source_dwg":"Nergui undur_L3_boundary.dwg","layer":"BLOCK_BOUNDARY","source_epsg":99999,"area_m2":5219258.63},"geometry":{"type":"Polygon","coordinates":[[[113.53309138,49.17776745],[113.51813022,49.17776486],[113.51797133,49.15528602],[113.5508722,49.15518145],[113.55100433,49.17227736],[113.5330513,49.17233569],[113.53309138,49.17776745]]]}},{"type":"Feature","id":"BLOCK_BOUNDARY:18","properties":{"fid":18,"cad_handle":13645,"cad_layer":"BLOCK_BOUNDARY","layer_handle":13522,"cad_color":3,"closed":1,"vertex_cnt":4,"elevation":0.0,"thickness":0.0,"raw_flags":512,"source_dwg":"Nergui undur_L3_boundary.dwg","layer":"BLOCK_BOUNDARY","source_epsg":99999,"area_m2":2526345.7},"geometry":{"type":"Polygon","coordinates":[[[113.57293922,49.17226142],[113.57271418,49.14386732],[113.58367843,49.14382834],[113.58390974,49.17222232],[113.57293922,49.17226142]]]}},{"type":"Feature","id":"BLOCK_BOUNDARY:19","properties":{"fid":19,"cad_handle":13647,"cad_layer":"BLOCK_BOUNDARY","layer_handle":13522,"cad_color":3,"closed":1,"vertex_cnt":6,"elevation":0.0,"thickness":0.0,"raw_flags":512,"source_dwg":"Nergui undur_L3_boundary.dwg","layer":"BLOCK_BOUNDARY","source_epsg":99999,"area_m2":1133271.85},"geometry":{"type":"Polygon","coordinates":[[[113.33668252,49.17199726],[113.33668055,49.13292937],[113.34400082,49.13296364],[113.34484953,49.1509458],[113.33805,49.14256212],[113.33805,49.17199722],[113.33668252,49.17199726]]]}},{"type":"Feature","id":"BLOCK_BOUNDARY:20","properties":{"fid":20,"cad_handle":13649,"cad_layer":"BLOCK_BOUNDARY","layer_handle":13522,"cad_color":3,"closed":1,"vertex_cnt":9,"elevation":0.0,"thickness":0.0,"raw_flags":512,"source_dwg":"Nergui undur_L3_boundary.dwg","layer":"BLOCK_BOUNDARY","source_epsg":99999,"area_m2":2514661.5},"geometry":{"type":"Polygon","coordinates":[[[113.41211111,49.15636667],[113.41365556,49.15636667],[113.41365555,49.14910833],[113.41591668,49.14910833],[113.41591668,49.14718583],[113.37768765,49.14708255],[113.37767959,49.15158225],[113.38319303,49.15158636],[113.38318503,49.15634941],[113.41211111,49.15636667]]]}},{"type":"Feature","id":"BLOCK_BOUNDARY:21","properties":{"fid":21,"cad_handle":13651,"cad_layer":"BLOCK_BOUNDARY","layer_handle":13522,"cad_color":3,"closed":1,"vertex_cnt":6,"elevation":0.0,"thickness":0.0,"raw_flags":512,"source_dwg":"Nergui undur_L3_boundary.dwg","layer":"BLOCK_BOUNDARY","source_epsg":99999,"area_m2":5228283.84},"geometry":{"type":"Polygon","coordinates":[[[113.46243056,49.16262222],[113.42293609,49.16262902],[113.42293611,49.1517314],[113.42439276,49.14997968],[113.42876535,49.14589722],[113.46243055,49.14590064],[113.46243056,49.16262222]]]}},{"type":"Feature","id":"BLOCK_BOUNDARY:22","properties":{"fid":22,"cad_handle":13653,"cad_layer":"BLOCK_BOUNDARY","layer_handle":13522,"cad_color":3,"closed":1,"vertex_cnt":6,"elevation":0.0,"thickness":0.0,"raw_flags":512,"source_dwg":"Nergui undur_L3_boundary.dwg","layer":"BLOCK_BOUNDARY","source_epsg":99999,"area_m2":4000000.0},"geometry":{"type":"Polygon","coordinates":[[[113.57275999,49.14948692],[113.5726684,49.13824771],[113.53977904,49.13835831],[113.5399053,49.15521734],[113.56183905,49.1551445],[113.56179444,49.14952488],[113.57275999,49.14948692]]]}},{"type":"Feature","id":"BLOCK_BOUNDARY:23","properties":{"fid":23,"cad_handle":13655,"cad_layer":"BLOCK_BOUNDARY","layer_handle":13522,"cad_color":3,"closed":1,"vertex_cnt":4,"elevation":0.0,"thickness":0.0,"raw_flags":512,"source_dwg":"Nergui undur_L3_boundary.dwg","layer":"BLOCK_BOUNDARY","source_epsg":99999,"area_m2":4705375.43},"geometry":{"type":"Polygon","coordinates":[[[113.43483332,49.12511141],[113.43423889,49.14589722],[113.46243055,49.14590064],[113.46243066,49.12511487],[113.43483332,49.12511141]]]}},{"type":"Feature","id":"BLOCK_BOUNDARY:24","properties":{"fid":24,"cad_handle":13657,"cad_layer":"BLOCK_BOUNDARY","layer_handle":13522,"cad_color":3,"closed":1,"vertex_cnt":10,"elevation":0.0,"thickness":0.0,"raw_flags":512,"source_dwg":"Nergui undur_L3_boundary.dwg","layer":"BLOCK_BOUNDARY","source_epsg":99999,"area_m2":2894566.18},"geometry":{"type":"Polygon","coordinates":[[[113.47400409,49.13293145],[113.47403343,49.14417121],[113.4755194,49.14416726],[113.47551944,49.15596111],[113.48122778,49.15596108],[113.48122778,49.14929722],[113.485275,49.14929722],[113.48527501,49.14620555],[113.49598056,49.14620556],[113.49588871,49.13287141],[113.47400409,49.13293145]]]}},{"type":"Feature","id":"BLOCK_BOUNDARY:25","properties":{"fid":25,"cad_handle":13659,"cad_layer":"BLOCK_BOUNDARY","layer_handle":13522,"cad_color":3,"closed":1,"vertex_cnt":8,"elevation":0.0,"thickness":0.0,"raw_flags":512,"source_dwg":"Nergui undur_L3_boundary.dwg","layer":"BLOCK_BOUNDARY","source_epsg":99999,"area_m2":4220459.76},"geometry":{"type":"Polygon","coordinates":[[[113.51895314,49.1190272],[113.51899544,49.13280351],[113.51781297,49.13280709],[113.51789209,49.14404656],[113.49596287,49.14411097],[113.49588871,49.13287141],[113.49926365,49.13286178],[113.49922944,49.11890563],[113.51895314,49.1190272]]]}},{"type":"Feature","id":"BLOCK_BOUNDARY:26","properties":{"fid":26,"cad_handle":13661,"cad_layer":"BLOCK_BOUNDARY","layer_handle":13522,"cad_color":3,"closed":1,"vertex_cnt":6,"elevation":0.0,"thickness":0.0,"raw_flags":512,"source_dwg":"Nergui undur_L3_boundary.dwg","layer":"BLOCK_BOUNDARY","source_epsg":99999,"area_m2":5000000.0},"geometry":{"type":"Polygon","coordinates":[[[113.51781297,49.13280709],[113.56166084,49.13266597],[113.56170534,49.13828561],[113.53977904,49.13835831],[113.5399053,49.15521734],[113.51797133,49.15528602],[113.51781297,49.13280709]]]}},{"type":"Feature","id":"BLOCK_BOUNDARY:27","properties":{"fid":27,"cad_handle":13663,"cad_layer":"BLOCK_BOUNDARY","layer_handle":13522,"cad_color":3,"closed":1,"vertex_cnt":11,"elevation":0.0,"thickness":0.0,"raw_flags":512,"source_dwg":"Nergui undur_L3_boundary.dwg","layer":"BLOCK_BOUNDARY","source_epsg":99999,"area_m2":4147207.81},"geometry":{"type":"Polygon","coordinates":[[[113.33668055,49.13292937],[113.33668008,49.11754527],[113.34816289,49.11755762],[113.35817956,49.11756745],[113.35816321,49.12506691],[113.36267956,49.12507106],[113.36269106,49.11957083],[113.37467956,49.119581],[113.37466021,49.13004592],[113.36867958,49.130041],[113.3686736,49.13307574],[113.33668055,49.13292937]]]}},{"type":"Feature","id":"BLOCK_BOUNDARY:28","properties":{"fid":28,"cad_handle":13665,"cad_layer":"BLOCK_BOUNDARY","layer_handle":13522,"cad_color":3,"closed":1,"vertex_cnt":4,"elevation":0.0,"thickness":0.0,"raw_flags":512,"source_dwg":"Nergui undur_L3_boundary.dwg","layer":"BLOCK_BOUNDARY","source_epsg":99999,"area_m2":2528304.38},"geometry":{"type":"Polygon","coordinates":[[[113.41417955,49.12510451],[113.46243066,49.12511487],[113.46243076,49.1186698],[113.41418635,49.11863863],[113.41417955,49.12510451]]]}},{"type":"Feature","id":"BLOCK_BOUNDARY:29","properties":{"fid":29,"cad_handle":13667,"cad_layer":"BLOCK_BOUNDARY","layer_handle":13522,"cad_color":3,"closed":1,"vertex_cnt":10,"elevation":0.0,"thickness":0.0,"raw_flags":512,"source_dwg":"Nergui undur_L3_boundary.dwg","layer":"BLOCK_BOUNDARY","source_epsg":99999,"area_m2":3188951.73},"geometry":{"type":"Polygon","coordinates":[[[113.49918747,49.12166961],[113.49922944,49.11890563],[113.46243076,49.1186698],[113.46243056,49.13549722],[113.47400168,49.13549729],[113.47401582,49.13293141],[113.49926365,49.13286178],[113.49925154,49.13104191],[113.4825386,49.13104236],[113.48254035,49.12167294],[113.49918747,49.12166961]]]}},{"type":"Feature","id":"BLOCK_BOUNDARY:30","properties":{"fid":30,"cad_handle":13669,"cad_layer":"BLOCK_BOUNDARY","layer_handle":13522,"cad_color":3,"closed":1,"vertex_cnt":10,"elevation":0.0,"thickness":0.0,"raw_flags":512,"source_dwg":"Nergui undur_L3_boundary.dwg","layer":"BLOCK_BOUNDARY","source_epsg":99999,"area_m2":3168709.95},"geometry":{"type":"Polygon","coordinates":[[[113.53580509,49.1327512],[113.56166084,49.13266597],[113.56163941,49.12995838],[113.56837815,49.12904607],[113.56831667,49.11931667],[113.51895314,49.1190272],[113.51891657,49.12161951],[113.54327353,49.12149404],[113.54333334,49.13073889],[113.53581829,49.13073889],[113.53580509,49.1327512]]]}},{"type":"Feature","id":"BLOCK_BOUNDARY:31","properties":{"fid":31,"cad_handle":13671,"cad_layer":"BLOCK_BOUNDARY","layer_handle":13522,"cad_color":3,"closed":1,"vertex_cnt":16,"elevation":0.0,"thickness":0.0,"raw_flags":512,"source_dwg":"Nergui undur_L3_boundary.dwg","layer":"BLOCK_BOUNDARY","source_epsg":99999,"area_m2":4307332.14},"geometry":{"type":"Polygon","coordinates":[[[113.33668008,49.11754527],[113.33667989,49.10923889],[113.339075,49.10923889],[113.339075,49.10254836],[113.35767953,49.1025676],[113.35767952,49.10054588],[113.38233703,49.10040055],[113.38218718,49.10958569],[113.37767954,49.10958231],[113.37767514,49.11204587],[113.36667955,49.11203689],[113.36667149,49.11604588],[113.35967956,49.11603962],[113.35969131,49.11056825],[113.34817956,49.11055702],[113.34816289,49.11755762],[113.33668008,49.11754527]]]}},{"type":"Feature","id":"BLOCK_BOUNDARY:32","properties":{"fid":32,"cad_handle":13673,"cad_layer":"BLOCK_BOUNDARY","layer_handle":13522,"cad_color":3,"closed":1,"vertex_cnt":4,"elevation":0.0,"thickness":0.0,"raw_flags":512,"source_dwg":"Nergui undur_L3_boundary.dwg","layer":"BLOCK_BOUNDARY","source_epsg":99999,"area_m2":2364418.36},"geometry":{"type":"Polygon","coordinates":[[[113.47433097,49.11874735],[113.45827598,49.1186474],[113.45826099,49.10056437],[113.47434398,49.10058706],[113.47433097,49.11874735]]]}},{"type":"Feature","id":"BLOCK_BOUNDARY:33","properties":{"fid":33,"cad_handle":13675,"cad_layer":"BLOCK_BOUNDARY","layer_handle":13522,"cad_color":3,"closed":1,"vertex_cnt":4,"elevation":0.0,"thickness":0.0,"raw_flags":512,"source_dwg":"Nergui undur_L3_boundary.dwg","layer":"BLOCK_BOUNDARY","source_epsg":99999,"area_m2":4058063.37},"geometry":{"type":"Polygon","coordinates":[[[113.50172883,49.11892123],[113.47433097,49.11874736],[113.47434398,49.10058706],[113.50173226,49.10059235],[113.50172883,49.11892123]]]}},{"type":"Feature","id":"BLOCK_BOUNDARY:34","properties":{"fid":34,"cad_handle":13677,"cad_layer":"BLOCK_BOUNDARY","layer_handle":13522,"cad_color":3,"closed":1,"vertex_cnt":4,"elevation":0.0,"thickness":0.0,"raw_flags":512,"source_dwg":"Nergui undur_L3_boundary.dwg","layer":"BLOCK_BOUNDARY","source_epsg":99999,"area_m2":4095565.09},"geometry":{"type":"Polygon","coordinates":[[[113.52912663,49.11908858],[113.50172883,49.11892122],[113.50173226,49.10059235],[113.5291199,49.10059114],[113.52912663,49.11908858]]]}},{"type":"Feature","id":"BLOCK_BOUNDARY:35","properties":{"fid":35,"cad_handle":13679,"cad_layer":"BLOCK_BOUNDARY","layer_handle":13522,"cad_color":3,"closed":1,"vertex_cnt":4,"elevation":0.0,"thickness":0.0,"raw_flags":512,"source_dwg":"Nergui undur_L3_boundary.dwg","layer":"BLOCK_BOUNDARY","source_epsg":99999,"area_m2":4133098.6},"geometry":{"type":"Polygon","coordinates":[[[113.55652437,49.11924944],[113.52912663,49.11908858],[113.5291199,49.10059114],[113.55650729,49.10058342],[113.55652437,49.11924944]]]}},{"type":"Feature","id":"BLOCK_BOUNDARY:36","properties":{"fid":36,"cad_handle":13681,"cad_layer":"BLOCK_BOUNDARY","layer_handle":13522,"cad_color":3,"closed":1,"vertex_cnt":4,"elevation":0.0,"thickness":0.0,"raw_flags":512,"source_dwg":"Nergui undur_L3_boundary.dwg","layer":"BLOCK_BOUNDARY","source_epsg":99999,"area_m2":4165594.76},"geometry":{"type":"Polygon","coordinates":[[[113.5839219,49.11931667],[113.55652437,49.11924944],[113.55650729,49.10058342],[113.58392143,49.10054588],[113.5839219,49.11931667]]]}},{"type":"Feature","id":"BLOCK_POLYGONS:1","properties":{"fid":1,"cad_handle":501,"cad_layer":"BLOCK_POLYGONS","layer_handle":116,"cad_color":256,"closed":1,"vertex_cnt":11,"elevation":0.0,"thickness":0.0,"raw_flags":512,"source_dwg":"Nergui undur_L3_boundary.dwg","layer":"BLOCK_POLYGONS","source_epsg":99999,"area_m2":693642.22},"geometry":{"type":"Polygon","coordinates":[[[113.54796944,49.24983056],[113.54796944,49.25115144],[113.54796945,49.2556497],[113.54796944,49.25610486],[113.55623635,49.25610599],[113.55620337,49.2554677],[113.55597122,49.25097457],[113.55573913,49.24648144],[113.54482777,49.24672246],[113.54482778,49.24863627],[113.54601556,49.24983056],[113.54796944,49.24983056]]]}},{"type":"Feature","id":"BLOCK_POLYGONS:2","properties":{"fid":2,"cad_handle":515,"cad_layer":"BLOCK_POLYGONS","layer_handle":116,"cad_color":256,"closed":1,"vertex_cnt":6,"elevation":0.0,"thickness":0.0,"raw_flags":512,"source_dwg":"Nergui undur_L3_boundary.dwg","layer":"BLOCK_POLYGONS","source_epsg":99999,"area_m2":588017.0},"geometry":{"type":"Polygon","coordinates":[[[113.56969853,49.25066986],[113.55597122,49.25097457],[113.55620337,49.2554677],[113.55623635,49.25610599],[113.56998094,49.25610653],[113.56993192,49.25516294],[113.56969853,49.25066986]]]}},{"type":"Feature","id":"BLOCK_POLYGONS:3","properties":{"fid":3,"cad_handle":524,"cad_layer":"BLOCK_POLYGONS","layer_handle":116,"cad_color":256,"closed":1,"vertex_cnt":8,"elevation":0.0,"thickness":0.0,"raw_flags":512,"source_dwg":"Nergui undur_L3_boundary.dwg","layer":"BLOCK_POLYGONS","source_epsg":99999,"area_m2":638266.73},"geometry":{"type":"Polygon","coordinates":[[[113.58392488,49.25035234],[113.5834256,49.25036352],[113.56969853,49.25066986],[113.56993192,49.25516294],[113.56998094,49.25610653],[113.58372547,49.25610544],[113.58392526,49.25610542],[113.58392518,49.25485062],[113.58392488,49.25035234]]]}},{"type":"Feature","id":"BLOCK_POLYGONS:4","properties":{"fid":4,"cad_handle":535,"cad_layer":"BLOCK_POLYGONS","layer_handle":116,"cad_color":256,"closed":1,"vertex_cnt":6,"elevation":0.0,"thickness":0.0,"raw_flags":512,"source_dwg":"Nergui undur_L3_boundary.dwg","layer":"BLOCK_POLYGONS","source_epsg":99999,"area_m2":619061.0},"geometry":{"type":"Polygon","coordinates":[[[113.51472009,49.25054457],[113.50097716,49.2505445],[113.50105969,49.25217713],[113.50125845,49.25610862],[113.51500284,49.25610695],[113.51478791,49.25187893],[113.51472009,49.25054457]]]}},{"type":"Feature","id":"BLOCK_POLYGONS:5","properties":{"fid":5,"cad_handle":544,"cad_layer":"BLOCK_POLYGONS","layer_handle":116,"cad_color":256,"closed":1,"vertex_cnt":4,"elevation":0.0,"thickness":0.0,"raw_flags":512,"source_dwg":"Nergui undur_L3_boundary.dwg","layer":"BLOCK_POLYGONS","source_epsg":99999,"area_m2":420982.0},"geometry":{"type":"Polygon","coordinates":[[[113.50125845,49.25610862],[113.50105969,49.25217713],[113.48733124,49.25247369],[113.487514,49.25610866],[113.50125845,49.25610862]]]}},{"type":"Feature","id":"BLOCK_POLYGONS:6","properties":{"fid":6,"cad_handle":551,"cad_layer":"BLOCK_POLYGONS","layer_handle":116,"cad_color":256,"closed":1,"vertex_cnt":4,"elevation":0.0,"thickness":0.0,"raw_flags":512,"source_dwg":"Nergui undur_L3_boundary.dwg","layer":"BLOCK_POLYGONS","source_epsg":99999,"area_m2":387981.5},"geometry":{"type":"Polygon","coordinates":[[[113.487514,49.25610866],[113.48733124,49.25247369],[113.47360256,49.25276862],[113.47376949,49.25610706],[113.487514,49.25610866]]]}},{"type":"Feature","id":"BLOCK_POLYGONS:7","properties":{"fid":7,"cad_handle":558,"cad_layer":"BLOCK_POLYGONS","layer_handle":116,"cad_color":256,"closed":1,"vertex_cnt":9,"elevation":0.0,"thickness":0.0,"raw_flags":512,"source_dwg":"Nergui undur_L3_boundary.dwg","layer":"BLOCK_POLYGONS","source_epsg":99999,"area_m2":377971.1},"geometry":{"type":"Polygon","coordinates":[[[113.51783261,49.25076222],[113.51686749,49.25054444],[113.51472009,49.25054457],[113.51478791,49.25187893],[113.51500284,49.25610695],[113.52567953,49.25610452],[113.52567952,49.2541954],[113.52254754,49.25236537],[113.52073536,49.25174924],[113.51783261,49.25076222]]]}},{"type":"Feature","id":"BLOCK_POLYGONS:8","properties":{"fid":8,"cad_handle":570,"cad_layer":"BLOCK_POLYGONS","layer_handle":116,"cad_color":256,"closed":1,"vertex_cnt":6,"elevation":0.0,"thickness":0.0,"raw_flags":512,"source_dwg":"Nergui undur_L3_boundary.dwg","layer":"BLOCK_POLYGONS","source_epsg":99999,"area_m2":380518.79},"geometry":{"type":"Polygon","coordinates":[[[113.45890891,49.25308248],[113.45890906,49.25610349],[113.46002491,49.25610382],[113.47376949,49.25610706],[113.47360256,49.25276862],[113.45987366,49.25306193],[113.45890891,49.25308248]]]}},{"type":"Feature","id":"BLOCK_POLYGONS:9","properties":{"fid":9,"cad_handle":579,"cad_layer":"BLOCK_POLYGONS","layer_handle":116,"cad_color":256,"closed":1,"vertex_cnt":6,"elevation":0.0,"thickness":0.0,"raw_flags":512,"source_dwg":"Nergui undur_L3_boundary.dwg","layer":"BLOCK_POLYGONS","source_epsg":99999,"area_m2":531072.75},"geometry":{"type":"Polygon","coordinates":[[[113.4589087,49.24858426],[113.45890891,49.25308248],[113.45987366,49.25306193],[113.47360256,49.25276862],[113.47337793,49.24827521],[113.45965027,49.24856847],[113.4589087,49.24858426]]]}},{"type":"Feature","id":"BLOCK_POLYGONS:10","properties":{"fid":10,"cad_handle":588,"cad_layer":"BLOCK_POLYGONS","layer_handle":116,"cad_color":256,"closed":1,"vertex_cnt":4,"elevation":0.0,"thickness":0.0,"raw_flags":512,"source_dwg":"Nergui undur_L3_boundary.dwg","layer":"BLOCK_POLYGONS","source_epsg":99999,"area_m2":500000.0},"geometry":{"type":"Polygon","coordinates":[[[113.47337793,49.24827521],[113.47360256,49.25276862],[113.48733124,49.25247369],[113.48710536,49.24798032],[113.47337793,49.24827521]]]}},{"type":"Feature","id":"BLOCK_POLYGONS:11","properties":{"fid":11,"cad_handle":595,"cad_layer":"BLOCK_POLYGONS","layer_handle":116,"cad_color":256,"closed":1,"vertex_cnt":4,"elevation":0.0,"thickness":0.0,"raw_flags":512,"source_dwg":"Nergui undur_L3_boundary.dwg","layer":"BLOCK_POLYGONS","source_epsg":99999,"area_m2":500000.0},"geometry":{"type":"Polygon","coordinates":[[[113.55573913,49.24648144],[113.55597122,49.25097457],[113.56969853,49.25066986],[113.5694652,49.24617677],[113.55573913,49.24648144]]]}},{"type":"Feature","id":"BLOCK_POLYGONS:12","properties":{"fid":12,"cad_handle":602,"cad_layer":"BLOCK_POLYGONS","layer_handle":116,"cad_color":256,"closed":1,"vertex_cnt":6,"elevation":0.0,"thickness":0.0,"raw_flags":512,"source_dwg":"Nergui undur_L3_boundary.dwg","layer":"BLOCK_POLYGONS","source_epsg":99999,"area_m2":522454.5},"geometry":{"type":"Polygon","coordinates":[[[113.5834256,49.25036352],[113.58392488,49.25035234],[113.58392461,49.24585406],[113.58319103,49.24587048],[113.5694652,49.24617677],[113.56969853,49.25066986],[113.5834256,49.25036352]]]}},{"type":"Feature","id":"BLOCK_POLYGONS:13","properties":{"fid":13,"cad_handle":611,"cad_layer":"BLOCK_POLYGONS","layer_handle":116,"cad_color":256,"closed":1,"vertex_cnt":13,"elevation":0.0,"thickness":0.0,"raw_flags":512,"source_dwg":"Nergui undur_L3_boundary.dwg","layer":"BLOCK_POLYGONS","source_epsg":99999,"area_m2":744388.55},"geometry":{"type":"Polygon","coordinates":[[[113.49508687,49.24426389],[113.49460868,49.24367369],[113.49398618,49.24333365],[113.48687955,49.24348695],[113.48710536,49.24798032],[113.48733124,49.25247369],[113.50105969,49.25217713],[113.50097716,49.2505445],[113.50014167,49.25054444],[113.50014167,49.24840278],[113.49500278,49.24840278],[113.49500278,49.24780993],[113.49500279,49.24426389],[113.49508687,49.24426389]]]}},{"type":"Feature","id":"BLOCK_POLYGONS:14","properties":{"fid":14,"cad_handle":627,"cad_layer":"BLOCK_POLYGONS","layer_handle":116,"cad_color":256,"closed":1,"vertex_cnt":6,"elevation":0.0,"thickness":0.0,"raw_flags":512,"source_dwg":"Nergui undur_L3_boundary.dwg","layer":"BLOCK_POLYGONS","source_epsg":99999,"area_m2":522947.25},"geometry":{"type":"Polygon","coordinates":[[[113.45890851,49.24408604],[113.4589087,49.24858426],[113.45965027,49.24856847],[113.47337793,49.24827521],[113.47315336,49.24378179],[113.45942694,49.244075],[113.45890851,49.24408604]]]}},{"type":"Feature","id":"BLOCK_POLYGONS:15","properties":{"fid":15,"cad_handle":636,"cad_layer":"BLOCK_POLYGONS","layer_handle":116,"cad_color":256,"closed":1,"vertex_cnt":4,"elevation":0.0,"thickness":0.0,"raw_flags":512,"source_dwg":"Nergui undur_L3_boundary.dwg","layer":"BLOCK_POLYGONS","source_epsg":99999,"area_m2":500000.0},"geometry":{"type":"Polygon","coordinates":[[[113.47315336,49.24378179],[113.47337793,49.24827521],[113.48710536,49.24798032],[113.48687955,49.24348695],[113.47315336,49.24378179]]]}},{"type":"Feature","id":"BLOCK_POLYGONS:16","properties":{"fid":16,"cad_handle":643,"cad_layer":"BLOCK_POLYGONS","layer_handle":116,"cad_color":256,"closed":1,"vertex_cnt":4,"elevation":0.0,"thickness":0.0,"raw_flags":512,"source_dwg":"Nergui undur_L3_boundary.dwg","layer":"BLOCK_POLYGONS","source_epsg":99999,"area_m2":500000.0},"geometry":{"type":"Polygon","coordinates":[[[113.5555071,49.2419883],[113.55573913,49.24648144],[113.5694652,49.24617677],[113.56923192,49.24168368],[113.5555071,49.2419883]]]}},{"type":"Feature","id":"BLOCK_POLYGONS:17","properties":{"fid":17,"cad_handle":650,"cad_layer":"BLOCK_POLYGONS","layer_handle":116,"cad_color":256,"closed":1,"vertex_cnt":6,"elevation":0.0,"thickness":0.0,"raw_flags":512,"source_dwg":"Nergui undur_L3_boundary.dwg","layer":"BLOCK_POLYGONS","source_epsg":99999,"area_m2":530991.25},"geometry":{"type":"Polygon","coordinates":[[[113.58319103,49.24587048],[113.58392461,49.24585406],[113.58392435,49.24135578],[113.58295651,49.24137744],[113.56923192,49.24168368],[113.5694652,49.24617677],[113.58319103,49.24587048]]]}},{"type":"Feature","id":"BLOCK_POLYGONS:18","properties":{"fid":18,"cad_handle":659,"cad_layer":"BLOCK_POLYGONS","layer_handle":116,"cad_color":256,"closed":1,"vertex_cnt":10,"elevation":0.0,"thickness":0.0,"raw_flags":512,"source_dwg":"Nergui undur_L3_boundary.dwg","layer":"BLOCK_POLYGONS","source_epsg":99999,"area_m2":527053.19},"geometry":{"type":"Polygon","coordinates":[[[113.53983333,49.24520168],[113.53983333,49.24469167],[113.54190533,49.24469169],[113.54482778,49.24469167],[113.54482777,49.24672246],[113.55573913,49.24648144],[113.5555071,49.2419883],[113.54178205,49.24229129],[113.53798055,49.24237492],[113.53798056,49.24433561],[113.53983333,49.24520168]]]}},{"type":"Feature","id":"BLOCK_POLYGONS:19","properties":{"fid":19,"cad_handle":672,"cad_layer":"BLOCK_POLYGONS","layer_handle":116,"cad_color":256,"closed":1,"vertex_cnt":14,"elevation":0.0,"thickness":0.0,"raw_flags":512,"source_dwg":"Nergui undur_L3_boundary.dwg","layer":"BLOCK_POLYGONS","source_epsg":99999,"area_m2":608293.51},"geometry":{"type":"Polygon","coordinates":[[[113.48343889,49.23906277],[113.47292884,49.23928836],[113.47315336,49.24378179],[113.48687955,49.24348695],[113.49398618,49.24333365],[113.48898597,49.24060195],[113.48887916,49.24053935],[113.4887793,49.24047203],[113.48868681,49.24040034],[113.48860214,49.2403246],[113.48772222,49.23947695],[113.48772222,49.23955278],[113.48668188,49.23955279],[113.4834389,49.23955278],[113.48343889,49.23906277]]]}},{"type":"Feature","id":"BLOCK_POLYGONS:20","properties":{"fid":20,"cad_handle":689,"cad_layer":"BLOCK_POLYGONS","layer_handle":116,"cad_color":256,"closed":1,"vertex_cnt":6,"elevation":0.0,"thickness":0.0,"raw_flags":512,"source_dwg":"Nergui undur_L3_boundary.dwg","layer":"BLOCK_POLYGONS","source_epsg":99999,"area_m2":634289.25},"geometry":{"type":"Polygon","coordinates":[[[113.53798055,49.23787665],[113.53798055,49.24237492],[113.54178205,49.24229129],[113.5555071,49.2419883],[113.55527513,49.23749516],[113.54155132,49.2377981],[113.53798055,49.23787665]]]}},{"type":"Feature","id":"BLOCK_POLYGONS:21","properties":{"fid":21,"cad_handle":698,"cad_layer":"BLOCK_POLYGONS","layer_handle":116,"cad_color":256,"closed":1,"vertex_cnt":4,"elevation":0.0,"thickness":0.0,"raw_flags":512,"source_dwg":"Nergui undur_L3_boundary.dwg","layer":"BLOCK_POLYGONS","source_epsg":99999,"area_m2":500000.0},"geometry":{"type":"Polygon","coordinates":[[[113.55527513,49.23749516],[113.5555071,49.2419883],[113.56923192,49.24168368],[113.56899871,49.23719059],[113.55527513,49.23749516]]]}},{"type":"Feature","id":"BLOCK_POLYGONS:22","properties":{"fid":22,"cad_handle":705,"cad_layer":"BLOCK_POLYGONS","layer_handle":116,"cad_color":256,"closed":1,"vertex_cnt":6,"elevation":0.0,"thickness":0.0,"raw_flags":512,"source_dwg":"Nergui undur_L3_boundary.dwg","layer":"BLOCK_POLYGONS","source_epsg":99999,"area_m2":539528.0},"geometry":{"type":"Polygon","coordinates":[[[113.58295651,49.24137744],[113.58392435,49.24135578],[113.58392411,49.23685749],[113.58272205,49.23688439],[113.56899871,49.23719059],[113.56923192,49.24168368],[113.58295651,49.24137744]]]}},{"type":"Feature","id":"BLOCK_POLYGONS:23","properties":{"fid":23,"cad_handle":714,"cad_layer":"BLOCK_POLYGONS","layer_handle":116,"cad_color":256,"closed":1,"vertex_cnt":12,"elevation":0.0,"thickness":0.0,"raw_flags":512,"source_dwg":"Nergui undur_L3_boundary.dwg","layer":"BLOCK_POLYGONS","source_epsg":99999,"area_m2":453743.3},"geometry":{"type":"Polygon","coordinates":[[[113.45890836,49.24054588],[113.45925158,49.24054588],[113.46267953,49.24054588],[113.46267952,49.24254588],[113.45935096,49.24254588],[113.45890844,49.24254588],[113.45890851,49.24408604],[113.45942694,49.244075],[113.47315336,49.24378179],[113.47292884,49.23928836],[113.45920367,49.23958153],[113.45890829,49.23958782],[113.45890836,49.24054588]]]}},{"type":"Feature","id":"BLOCK_POLYGONS:24","properties":{"fid":24,"cad_handle":729,"cad_layer":"BLOCK_POLYGONS","layer_handle":116,"cad_color":256,"closed":1,"vertex_cnt":10,"elevation":0.0,"thickness":0.0,"raw_flags":512,"source_dwg":"Nergui undur_L3_boundary.dwg","layer":"BLOCK_POLYGONS","source_epsg":99999,"area_m2":633449.82},"geometry":{"type":"Polygon","coordinates":[[[113.53798056,49.233175],[113.53798056,49.23337838],[113.53798055,49.23787665],[113.54155132,49.2377981],[113.55527513,49.23749516],[113.55504321,49.23300201],[113.54797222,49.23315829],[113.54797222,49.233175],[113.54721377,49.23317503],[113.54131398,49.2331751],[113.53798056,49.233175]]]}},{"type":"Feature","id":"BLOCK_POLYGONS:25","properties":{"fid":25,"cad_handle":742,"cad_layer":"BLOCK_POLYGONS","layer_handle":116,"cad_color":256,"closed":1,"vertex_cnt":4,"elevation":0.0,"thickness":0.0,"raw_flags":512,"source_dwg":"Nergui undur_L3_boundary.dwg","layer":"BLOCK_POLYGONS","source_epsg":99999,"area_m2":500000.0},"geometry":{"type":"Polygon","coordinates":[[[113.55504321,49.23300201],[113.55527513,49.23749516],[113.56899871,49.23719059],[113.56876555,49.23269749],[113.55504321,49.23300201]]]}},{"type":"Feature","id":"BLOCK_POLYGONS:26","properties":{"fid":26,"cad_handle":749,"cad_layer":"BLOCK_POLYGONS","layer_handle":116,"cad_color":256,"closed":1,"vertex_cnt":6,"elevation":0.0,"thickness":0.0,"raw_flags":512,"source_dwg":"Nergui undur_L3_boundary.dwg","layer":"BLOCK_POLYGONS","source_epsg":99999,"area_m2":548064.75},"geometry":{"type":"Polygon","coordinates":[[[113.58272205,49.23688439],[113.58392411,49.23685749],[113.58392388,49.2323592],[113.58248765,49.23239134],[113.56876555,49.23269749],[113.56899871,49.23719059],[113.58272205,49.23688439]]]}},{"type":"Feature","id":"BLOCK_POLYGONS:27","properties":{"fid":27,"cad_handle":758,"cad_layer":"BLOCK_POLYGONS","layer_handle":116,"cad_color":256,"closed":1,"vertex_cnt":8,"elevation":0.0,"thickness":0.0,"raw_flags":512,"source_dwg":"Nergui undur_L3_boundary.dwg","layer":"BLOCK_POLYGONS","source_epsg":99999,"area_m2":470251.51},"geometry":{"type":"Polygon","coordinates":[[[113.52191664,49.22923215],[113.51364669,49.22941251],[113.51085278,49.22947331],[113.51085279,49.23397157],[113.51085279,49.2346],[113.51391008,49.23460011],[113.52191667,49.2346],[113.52191666,49.23373041],[113.52191664,49.22923215]]]}},{"type":"Feature","id":"BLOCK_POLYGONS:28","properties":{"fid":28,"cad_handle":769,"cad_layer":"BLOCK_POLYGONS","layer_handle":116,"cad_color":256,"closed":1,"vertex_cnt":6,"elevation":0.0,"thickness":0.0,"raw_flags":512,"source_dwg":"Nergui undur_L3_boundary.dwg","layer":"BLOCK_POLYGONS","source_epsg":99999,"area_m2":753429.5},"geometry":{"type":"Polygon","coordinates":[[[113.55504321,49.23300201],[113.56876555,49.23269749],[113.56853245,49.22820439],[113.55481135,49.22850886],[113.54797221,49.22866001],[113.54797222,49.23315829],[113.55504321,49.23300201]]]}},{"type":"Feature","id":"BLOCK_POLYGONS:29","properties":{"fid":29,"cad_handle":778,"cad_layer":"BLOCK_POLYGONS","layer_handle":116,"cad_color":256,"closed":1,"vertex_cnt":6,"elevation":0.0,"thickness":0.0,"raw_flags":512,"source_dwg":"Nergui undur_L3_boundary.dwg","layer":"BLOCK_POLYGONS","source_epsg":99999,"area_m2":556601.5},"geometry":{"type":"Polygon","coordinates":[[[113.58248765,49.23239134],[113.58392388,49.2323592],[113.58392368,49.22786091],[113.58225331,49.22789829],[113.56853245,49.22820439],[113.56876555,49.23269749],[113.58248765,49.23239134]]]}},{"type":"Feature","id":"BLOCK_POLYGONS:30","properties":{"fid":30,"cad_handle":787,"cad_layer":"BLOCK_POLYGONS","layer_handle":116,"cad_color":256,"closed":1,"vertex_cnt":22,"elevation":0.0,"thickness":0.0,"raw_flags":512,"source_dwg":"Nergui undur_L3_boundary.dwg","layer":"BLOCK_POLYGONS","source_epsg":99999,"area_m2":733610.46},"geometry":{"type":"Polygon","coordinates":[[[113.4627389,49.23050971],[113.46273889,49.22999973],[113.45936389,49.23002736],[113.45936389,49.22608342],[113.45890752,49.22609314],[113.45890776,49.23059137],[113.45890793,49.23362796],[113.45890802,49.23508959],[113.45890829,49.23958782],[113.45920367,49.23958153],[113.47292884,49.23928836],[113.48343889,49.23906277],[113.48343889,49.23783889],[113.47285643,49.23783893],[113.47201667,49.23783889],[113.47201668,49.23623918],[113.46767872,49.23490246],[113.46687779,49.23465563],[113.46687778,49.23491958],[113.46687777,49.23541111],[113.46273889,49.23541111],[113.4627389,49.23500794],[113.4627389,49.23050971]]]}},{"type":"Feature","id":"BLOCK_POLYGONS:31","properties":{"fid":31,"cad_handle":812,"cad_layer":"BLOCK_POLYGONS","layer_handle":116,"cad_color":256,"closed":1,"vertex_cnt":8,"elevation":0.0,"thickness":0.0,"raw_flags":512,"source_dwg":"Nergui undur_L3_boundary.dwg","layer":"BLOCK_POLYGONS","source_epsg":99999,"area_m2":650037.43},"geometry":{"type":"Polygon","coordinates":[[[113.55464695,49.22532229],[113.54797222,49.22532221],[113.54797221,49.22866001],[113.55481135,49.22850886],[113.56853245,49.22820439],[113.56829941,49.22371128],[113.55725278,49.22395652],[113.55725278,49.22532222],[113.55464695,49.22532229]]]}},{"type":"Feature","id":"BLOCK_POLYGONS:32","properties":{"fid":32,"cad_handle":823,"cad_layer":"BLOCK_POLYGONS","layer_handle":116,"cad_color":256,"closed":1,"vertex_cnt":4,"elevation":0.0,"thickness":0.0,"raw_flags":512,"source_dwg":"Nergui undur_L3_boundary.dwg","layer":"BLOCK_POLYGONS","source_epsg":99999,"area_m2":305512.25},"geometry":{"type":"Polygon","coordinates":[[[113.52191664,49.22473388],[113.51341861,49.22491921],[113.51364669,49.22941251],[113.52191664,49.22923215],[113.52191664,49.22473388]]]}},{"type":"Feature","id":"BLOCK_POLYGONS:33","properties":{"fid":33,"cad_handle":830,"cad_layer":"BLOCK_POLYGONS","layer_handle":116,"cad_color":256,"closed":1,"vertex_cnt":6,"elevation":0.0,"thickness":0.0,"raw_flags":512,"source_dwg":"Nergui undur_L3_boundary.dwg","layer":"BLOCK_POLYGONS","source_epsg":99999,"area_m2":565138.5},"geometry":{"type":"Polygon","coordinates":[[[113.58225331,49.22789829],[113.58392368,49.22786091],[113.58392349,49.22336261],[113.58201903,49.22340523],[113.56829941,49.22371128],[113.56853245,49.22820439],[113.58225331,49.22789829]]]}},{"type":"Feature","id":"BLOCK_POLYGONS:34","properties":{"fid":34,"cad_handle":839,"cad_layer":"BLOCK_POLYGONS","layer_handle":116,"cad_color":256,"closed":1,"vertex_cnt":12,"elevation":0.0,"thickness":0.0,"raw_flags":512,"source_dwg":"Nergui undur_L3_boundary.dwg","layer":"BLOCK_POLYGONS","source_epsg":99999,"area_m2":651146.44},"geometry":{"type":"Polygon","coordinates":[[[113.49947107,49.22072377],[113.49407778,49.22084042],[113.49407778,49.22533868],[113.49407778,49.22650408],[113.4958639,49.2278907],[113.49586389,49.22781944],[113.49982922,49.22781963],[113.51085278,49.22781944],[113.51085278,49.22947331],[113.51364669,49.22941251],[113.51341861,49.22491921],[113.49969784,49.22521712],[113.49947107,49.22072377]]]}},{"type":"Feature","id":"BLOCK_POLYGONS:35","properties":{"fid":35,"cad_handle":854,"cad_layer":"BLOCK_POLYGONS","layer_handle":116,"cad_color":256,"closed":1,"vertex_cnt":6,"elevation":0.0,"thickness":0.0,"raw_flags":512,"source_dwg":"Nergui undur_L3_boundary.dwg","layer":"BLOCK_POLYGONS","source_epsg":99999,"area_m2":379111.89},"geometry":{"type":"Polygon","coordinates":[[[113.56653332,49.21961111],[113.55725279,49.21961111],[113.55725278,49.22395652],[113.56829941,49.22371128],[113.56806643,49.21921817],[113.56653333,49.21925226],[113.56653332,49.21961111]]]}},{"type":"Feature","id":"BLOCK_POLYGONS:36","properties":{"fid":36,"cad_handle":863,"cad_layer":"BLOCK_POLYGONS","layer_handle":116,"cad_color":256,"closed":1,"vertex_cnt":4,"elevation":0.0,"thickness":0.0,"raw_flags":512,"source_dwg":"Nergui undur_L3_boundary.dwg","layer":"BLOCK_POLYGONS","source_epsg":99999,"area_m2":500000.0},"geometry":{"type":"Polygon","coordinates":[[[113.49947107,49.22072377],[113.49969784,49.22521712],[113.51341861,49.22491921],[113.5131906,49.22042591],[113.49947107,49.22072377]]]}},{"type":"Feature","id":"BLOCK_POLYGONS:37","properties":{"fid":37,"cad_handle":870,"cad_layer":"BLOCK_POLYGONS","layer_handle":116,"cad_color":256,"closed":1,"vertex_cnt":4,"elevation":0.0,"thickness":0.0,"raw_flags":512,"source_dwg":"Nergui undur_L3_boundary.dwg","layer":"BLOCK_POLYGONS","source_epsg":99999,"area_m2":313850.75},"geometry":{"type":"Polygon","coordinates":[[[113.52191665,49.22023561],[113.5131906,49.22042591],[113.51341861,49.22491921],[113.52191664,49.22473388],[113.52191665,49.22023561]]]}},{"type":"Feature","id":"BLOCK_POLYGONS:38","properties":{"fid":38,"cad_handle":877,"cad_layer":"BLOCK_POLYGONS","layer_handle":116,"cad_color":256,"closed":1,"vertex_cnt":6,"elevation":0.0,"thickness":0.0,"raw_flags":512,"source_dwg":"Nergui undur_L3_boundary.dwg","layer":"BLOCK_POLYGONS","source_epsg":99999,"area_m2":573675.25},"geometry":{"type":"Polygon","coordinates":[[[113.56806643,49.21921817],[113.56829941,49.22371128],[113.58201903,49.22340523],[113.58392349,49.22336261],[113.5839233,49.21886431],[113.58178481,49.21891216],[113.56806643,49.21921817]]]}},{"type":"Feature","id":"BLOCK_POLYGONS:39","properties":{"fid":39,"cad_handle":886,"cad_layer":"BLOCK_POLYGONS","layer_handle":116,"cad_color":256,"closed":1,"vertex_cnt":12,"elevation":0.0,"thickness":0.0,"raw_flags":512,"source_dwg":"Nergui undur_L3_boundary.dwg","layer":"BLOCK_POLYGONS","source_epsg":99999,"area_m2":601293.12},"geometry":{"type":"Polygon","coordinates":[[[113.47158292,49.21232772],[113.45890687,49.21259843],[113.45890707,49.21709667],[113.45890728,49.2215949],[113.45890752,49.22609314],[113.45936389,49.22608342],[113.45936388,49.22158518],[113.4593639,49.21746944],[113.47183947,49.21746988],[113.48015833,49.21746944],[113.48015832,49.21664205],[113.4718071,49.21682117],[113.47158292,49.21232772]]]}},{"type":"Feature","id":"BLOCK_POLYGONS:40","properties":{"fid":40,"cad_handle":901,"cad_layer":"BLOCK_POLYGONS","layer_handle":116,"cad_color":256,"closed":1,"vertex_cnt":10,"elevation":0.0,"thickness":0.0,"raw_flags":512,"source_dwg":"Nergui undur_L3_boundary.dwg","layer":"BLOCK_POLYGONS","source_epsg":99999,"area_m2":551664.56},"geometry":{"type":"Polygon","coordinates":[[[113.51263889,49.21211667],[113.51263975,49.21675556],[113.5131906,49.22042591],[113.52191665,49.22023561],[113.52191666,49.21711111],[113.52013333,49.21711111],[113.52013333,49.21577628],[113.52013332,49.211278],[113.51799166,49.21132474],[113.51799167,49.21211667],[113.51263889,49.21211667]]]}},{"type":"Feature","id":"BLOCK_POLYGONS:41","properties":{"fid":41,"cad_handle":914,"cad_layer":"BLOCK_POLYGONS","layer_handle":116,"cad_color":256,"closed":1,"vertex_cnt":12,"elevation":0.0,"thickness":0.0,"raw_flags":512,"source_dwg":"Nergui undur_L3_boundary.dwg","layer":"BLOCK_POLYGONS","source_epsg":99999,"area_m2":678126.65},"geometry":{"type":"Polygon","coordinates":[[[113.58392299,49.20986771],[113.58131653,49.20992602],[113.58045277,49.20994534],[113.58045277,49.21444364],[113.58045278,49.21532778],[113.56786475,49.21532785],[113.56653333,49.21532778],[113.56653333,49.21925226],[113.56806643,49.21921817],[113.58178481,49.21891216],[113.5839233,49.21886431],[113.58392315,49.21436601],[113.58392299,49.20986771]]]}},{"type":"Feature","id":"BLOCK_POLYGONS:42","properties":{"fid":42,"cad_handle":929,"cad_layer":"BLOCK_POLYGONS","layer_handle":116,"cad_color":256,"closed":1,"vertex_cnt":6,"elevation":0.0,"thickness":0.0,"raw_flags":512,"source_dwg":"Nergui undur_L3_boundary.dwg","layer":"BLOCK_POLYGONS","source_epsg":99999,"area_m2":592267.02},"geometry":{"type":"Polygon","coordinates":[[[113.51263889,49.21675556],[113.49927086,49.21675586],[113.49407778,49.21675556],[113.49407778,49.22084042],[113.49947107,49.22072377],[113.5131906,49.22042591],[113.51263889,49.21675556]]]}},{"type":"Feature","id":"BLOCK_POLYGONS:43","properties":{"fid":43,"cad_handle":942,"cad_layer":"BLOCK_POLYGONS","layer_handle":116,"cad_color":256,"closed":1,"vertex_cnt":4,"elevation":0.0,"thickness":0.0,"raw_flags":512,"source_dwg":"Nergui undur_L3_boundary.dwg","layer":"BLOCK_POLYGONS","source_epsg":99999,"area_m2":308471.75},"geometry":{"type":"Polygon","coordinates":[[[113.48015834,49.2121438],[113.47158292,49.21232772],[113.4718071,49.21682117],[113.48015832,49.21664205],[113.48015834,49.2121438]]]}},{"type":"Feature","id":"BLOCK_POLYGONS:44","properties":{"fid":44,"cad_handle":949,"cad_layer":"BLOCK_POLYGONS","layer_handle":116,"cad_color":256,"closed":1,"vertex_cnt":8,"elevation":0.0,"thickness":0.0,"raw_flags":512,"source_dwg":"Nergui undur_L3_boundary.dwg","layer":"BLOCK_POLYGONS","source_epsg":99999,"area_m2":278862.51},"geometry":{"type":"Polygon","coordinates":[[[113.55439722,49.21318611],[113.55439723,49.21052487],[113.5538845,49.21053621],[113.54154722,49.21080851],[113.54154723,49.21461389],[113.54297501,49.21461389],[113.542975,49.21318611],[113.5540211,49.21318613],[113.55439722,49.21318611]]]}},{"type":"Feature","id":"BLOCK_POLYGONS:45","properties":{"fid":45,"cad_handle":960,"cad_layer":"BLOCK_POLYGONS","layer_handle":116,"cad_color":256,"closed":1,"vertex_cnt":4,"elevation":0.0,"thickness":0.0,"raw_flags":512,"source_dwg":"Nergui undur_L3_boundary.dwg","layer":"BLOCK_POLYGONS","source_epsg":99999,"area_m2":457971.5},"geometry":{"type":"Polygon","coordinates":[[[113.45890687,49.21259843],[113.47158292,49.21232772],[113.47135879,49.20783427],[113.45890668,49.20810018],[113.45890687,49.21259843]]]}},{"type":"Feature","id":"BLOCK_POLYGONS:46","properties":{"fid":46,"cad_handle":967,"cad_layer":"BLOCK_POLYGONS","layer_handle":116,"cad_color":256,"closed":1,"vertex_cnt":4,"elevation":0.0,"thickness":0.0,"raw_flags":512,"source_dwg":"Nergui undur_L3_boundary.dwg","layer":"BLOCK_POLYGONS","source_epsg":99999,"area_m2":445528.5},"geometry":{"type":"Polygon","coordinates":[[[113.5538845,49.21053621],[113.55365293,49.20604304],[113.54154721,49.20631022],[113.54154722,49.21080851],[113.5538845,49.21053621]]]}},{"type":"Feature","id":"BLOCK_POLYGONS:47","properties":{"fid":47,"cad_handle":974,"cad_layer":"BLOCK_POLYGONS","layer_handle":116,"cad_color":256,"closed":1,"vertex_cnt":6,"elevation":0.0,"thickness":0.0,"raw_flags":512,"source_dwg":"Nergui undur_L3_boundary.dwg","layer":"BLOCK_POLYGONS","source_epsg":99999,"area_m2":291621.05},"geometry":{"type":"Polygon","coordinates":[[[113.5538845,49.21053621],[113.55439723,49.21052487],[113.55439722,49.209975],[113.56260556,49.209975],[113.56260555,49.20584463],[113.55365293,49.20604304],[113.5538845,49.21053621]]]}},{"type":"Feature","id":"BLOCK_POLYGONS:48","properties":{"fid":48,"cad_handle":983,"cad_layer":"BLOCK_POLYGONS","layer_handle":116,"cad_color":256,"closed":1,"vertex_cnt":10,"elevation":0.0,"thickness":0.0,"raw_flags":512,"source_dwg":"Nergui undur_L3_boundary.dwg","layer":"BLOCK_POLYGONS","source_epsg":99999,"area_m2":579597.49},"geometry":{"type":"Polygon","coordinates":[[[113.48693889,49.21173974],[113.488725,49.21047154],[113.48872499,49.20746116],[113.48507505,49.2075398],[113.47135879,49.20783427],[113.47158292,49.21232772],[113.48015834,49.2121438],[113.48015834,49.21140278],[113.48526879,49.21140282],[113.48693889,49.21140278],[113.48693889,49.21173974]]]}},{"type":"Feature","id":"BLOCK_POLYGONS:49","properties":{"fid":49,"cad_handle":996,"cad_layer":"BLOCK_POLYGONS","layer_handle":116,"cad_color":256,"closed":1,"vertex_cnt":4,"elevation":0.0,"thickness":0.0,"raw_flags":512,"source_dwg":"Nergui undur_L3_boundary.dwg","layer":"BLOCK_POLYGONS","source_epsg":99999,"area_m2":449850.25},"geometry":{"type":"Polygon","coordinates":[[[113.45890668,49.20810018],[113.47135879,49.20783427],[113.47113472,49.20334081],[113.45890652,49.20360194],[113.45890668,49.20810018]]]}},{"type":"Feature","id":"BLOCK_POLYGONS:50","properties":{"fid":50,"cad_handle":1003,"cad_layer":"BLOCK_POLYGONS","layer_handle":116,"cad_color":256,"closed":1,"vertex_cnt":6,"elevation":0.0,"thickness":0.0,"raw_flags":512,"source_dwg":"Nergui undur_L3_boundary.dwg","layer":"BLOCK_POLYGONS","source_epsg":99999,"area_m2":637166.25},"geometry":{"type":"Polygon","coordinates":[[[113.47135879,49.20783427],[113.48507505,49.2075398],[113.48872499,49.20746116],[113.488725,49.2029629],[113.48484974,49.20304638],[113.47113472,49.20334081],[113.47135879,49.20783427]]]}},{"type":"Feature","id":"BLOCK_POLYGONS:51","properties":{"fid":51,"cad_handle":1012,"cad_layer":"BLOCK_POLYGONS","layer_handle":116,"cad_color":256,"closed":1,"vertex_cnt":4,"elevation":0.0,"thickness":0.0,"raw_flags":512,"source_dwg":"Nergui undur_L3_boundary.dwg","layer":"BLOCK_POLYGONS","source_epsg":99999,"area_m2":330617.25},"geometry":{"type":"Polygon","coordinates":[[[113.56260555,49.20134633],[113.55342142,49.20154986],[113.55365293,49.20604304],[113.56260555,49.20584463],[113.56260555,49.20134633]]]}},{"type":"Feature","id":"BLOCK_POLYGONS:52","properties":{"fid":52,"cad_handle":1019,"cad_layer":"BLOCK_POLYGONS","layer_handle":116,"cad_color":256,"closed":1,"vertex_cnt":6,"elevation":0.0,"thickness":0.0,"raw_flags":512,"source_dwg":"Nergui undur_L3_boundary.dwg","layer":"BLOCK_POLYGONS","source_epsg":99999,"area_m2":491613.14},"geometry":{"type":"Polygon","coordinates":[[[113.54154722,49.20569167],[113.54154721,49.20631022],[113.55365293,49.20604304],[113.55342142,49.20154986],[113.53970754,49.20185242],[113.5399043,49.20569181],[113.54154722,49.20569167]]]}},{"type":"Feature","id":"BLOCK_POLYGONS:53","properties":{"fid":53,"cad_handle":1028,"cad_layer":"BLOCK_POLYGONS","layer_handle":116,"cad_color":256,"closed":1,"vertex_cnt":4,"elevation":0.0,"thickness":0.0,"raw_flags":512,"source_dwg":"Nergui undur_L3_boundary.dwg","layer":"BLOCK_POLYGONS","source_epsg":99999,"area_m2":410511.0},"geometry":{"type":"Polygon","coordinates":[[[113.5399043,49.20569181],[113.53970754,49.20185242],[113.52599343,49.20215335],[113.5261738,49.20569207],[113.5399043,49.20569181]]]}},{"type":"Feature","id":"BLOCK_POLYGONS:54","properties":{"fid":54,"cad_handle":1035,"cad_layer":"BLOCK_POLYGONS","layer_handle":116,"cad_color":256,"closed":1,"vertex_cnt":10,"elevation":0.0,"thickness":0.0,"raw_flags":512,"source_dwg":"Nergui undur_L3_boundary.dwg","layer":"BLOCK_POLYGONS","source_epsg":99999,"area_m2":611325.2},"geometry":{"type":"Polygon","coordinates":[[[113.52576446,49.19766008],[113.51799163,49.1978299],[113.51799162,49.20232818],[113.51799163,49.20682646],[113.51799166,49.21132474],[113.52013332,49.211278],[113.52013333,49.20677973],[113.52013334,49.20569167],[113.5261738,49.20569207],[113.52599343,49.20215335],[113.52576446,49.19766008]]]}},{"type":"Feature","id":"BLOCK_POLYGONS:55","properties":{"fid":55,"cad_handle":1048,"cad_layer":"BLOCK_POLYGONS","layer_handle":116,"cad_color":256,"closed":1,"vertex_cnt":6,"elevation":0.0,"thickness":0.0,"raw_flags":512,"source_dwg":"Nergui undur_L3_boundary.dwg","layer":"BLOCK_POLYGONS","source_epsg":99999,"area_m2":400809.91},"geometry":{"type":"Polygon","coordinates":[[[113.56260556,49.19855278],[113.56699561,49.19855295],[113.56690238,49.19675254],[113.55318997,49.19705668],[113.55342142,49.20154986],[113.56260555,49.20134633],[113.56260556,49.19855278]]]}},{"type":"Feature","id":"BLOCK_POLYGONS:56","properties":{"fid":56,"cad_handle":1057,"cad_layer":"BLOCK_POLYGONS","layer_handle":116,"cad_color":256,"closed":1,"vertex_cnt":4,"elevation":0.0,"thickness":0.0,"raw_flags":512,"source_dwg":"Nergui undur_L3_boundary.dwg","layer":"BLOCK_POLYGONS","source_epsg":99999,"area_m2":441728.75},"geometry":{"type":"Polygon","coordinates":[[[113.45890652,49.20360194],[113.47113472,49.20334081],[113.47091071,49.19884734],[113.45890636,49.19910369],[113.45890652,49.20360194]]]}},{"type":"Feature","id":"BLOCK_POLYGONS:57","properties":{"fid":57,"cad_handle":1064,"cad_layer":"BLOCK_POLYGONS","layer_handle":116,"cad_color":256,"closed":1,"vertex_cnt":4,"elevation":0.0,"thickness":0.0,"raw_flags":512,"source_dwg":"Nergui undur_L3_boundary.dwg","layer":"BLOCK_POLYGONS","source_epsg":99999,"area_m2":500000.0},"geometry":{"type":"Polygon","coordinates":[[[113.47091071,49.19884734],[113.47113472,49.20334081],[113.48484974,49.20304638],[113.48462448,49.19855297],[113.47091071,49.19884734]]]}},{"type":"Feature","id":"BLOCK_POLYGONS:58","properties":{"fid":58,"cad_handle":1071,"cad_layer":"BLOCK_POLYGONS","layer_handle":116,"cad_color":256,"closed":1,"vertex_cnt":4,"elevation":0.0,"thickness":0.0,"raw_flags":512,"source_dwg":"Nergui undur_L3_boundary.dwg","layer":"BLOCK_POLYGONS","source_epsg":99999,"area_m2":500000.0},"geometry":{"type":"Polygon","coordinates":[[[113.52576446,49.19766008],[113.52599343,49.20215335],[113.53970754,49.20185242],[113.53947733,49.19735919],[113.52576446,49.19766008]]]}},{"type":"Feature","id":"BLOCK_POLYGONS:59","properties":{"fid":59,"cad_handle":1078,"cad_layer":"BLOCK_POLYGONS","layer_handle":116,"cad_color":256,"closed":1,"vertex_cnt":4,"elevation":0.0,"thickness":0.0,"raw_flags":512,"source_dwg":"Nergui undur_L3_boundary.dwg","layer":"BLOCK_POLYGONS","source_epsg":99999,"area_m2":500000.0},"geometry":{"type":"Polygon","coordinates":[[[113.53947733,49.19735919],[113.53970754,49.20185242],[113.55342142,49.20154986],[113.55318997,49.19705668],[113.53947733,49.19735919]]]}},{"type":"Feature","id":"BLOCK_POLYGONS:60","properties":{"fid":60,"cad_handle":1085,"cad_layer":"BLOCK_POLYGONS","layer_handle":116,"cad_color":256,"closed":1,"vertex_cnt":24,"elevation":0.0,"thickness":0.0,"raw_flags":512,"source_dwg":"Nergui undur_L3_boundary.dwg","layer":"BLOCK_POLYGONS","source_epsg":99999,"area_m2":771471.89},"geometry":{"type":"Polygon","coordinates":[[[113.56643716,49.18776626],[113.56666974,49.19225941],[113.57616943,49.19204776],[113.57616945,49.18891667],[113.58022263,49.18891674],[113.58369167,49.18891667],[113.58369166,49.19187962],[113.58369165,49.19637794],[113.58369166,49.20087626],[113.58369168,49.20426389],[113.58102159,49.20426389],[113.58045278,49.20426389],[113.58045278,49.20544702],[113.58045277,49.20994534],[113.58131653,49.20992602],[113.58392299,49.20986771],[113.58392287,49.2053694],[113.58392275,49.20087108],[113.58392265,49.19637277],[113.58392256,49.19187445],[113.5839225,49.18737613],[113.58392246,49.1828778],[113.57991311,49.1829675],[113.58014686,49.1874606],[113.56643716,49.18776626]]]}},{"type":"Feature","id":"BLOCK_POLYGONS:61","properties":{"fid":61,"cad_handle":1112,"cad_layer":"BLOCK_POLYGONS","layer_handle":116,"cad_color":256,"closed":1,"vertex_cnt":12,"elevation":0.0,"thickness":0.0,"raw_flags":512,"source_dwg":"Nergui undur_L3_boundary.dwg","layer":"BLOCK_POLYGONS","source_epsg":99999,"area_m2":493348.01},"geometry":{"type":"Polygon","coordinates":[[[113.49074723,49.19831389],[113.49074722,49.19450832],[113.48813056,49.19450833],[113.48813056,49.19397917],[113.48439928,49.19405955],[113.48462448,49.19855297],[113.48484974,49.20304638],[113.488725,49.2029629],[113.488725,49.20105],[113.49479167,49.20104999],[113.49479166,49.19833367],[113.49479167,49.19831388],[113.49074723,49.19831389]]]}},{"type":"Feature","id":"BLOCK_POLYGONS:62","properties":{"fid":62,"cad_handle":1127,"cad_layer":"BLOCK_POLYGONS","layer_handle":116,"cad_color":256,"closed":1,"vertex_cnt":4,"elevation":0.0,"thickness":0.0,"raw_flags":512,"source_dwg":"Nergui undur_L3_boundary.dwg","layer":"BLOCK_POLYGONS","source_epsg":99999,"area_m2":433607.5},"geometry":{"type":"Polygon","coordinates":[[[113.45890636,49.19910369],[113.47091071,49.19884734],[113.47068675,49.19435388],[113.45890622,49.19460544],[113.45890636,49.19910369]]]}},{"type":"Feature","id":"BLOCK_POLYGONS:63","properties":{"fid":63,"cad_handle":1134,"cad_layer":"BLOCK_POLYGONS","layer_handle":116,"cad_color":256,"closed":1,"vertex_cnt":4,"elevation":0.0,"thickness":0.0,"raw_flags":512,"source_dwg":"Nergui undur_L3_boundary.dwg","layer":"BLOCK_POLYGONS","source_epsg":99999,"area_m2":500000.0},"geometry":{"type":"Polygon","coordinates":[[[113.47068675,49.19435388],[113.47091071,49.19884734],[113.48462448,49.19855297],[113.48439928,49.19405955],[113.47068675,49.19435388]]]}},{"type":"Feature","id":"BLOCK_POLYGONS:64","properties":{"fid":64,"cad_handle":1141,"cad_layer":"BLOCK_POLYGONS","layer_handle":116,"cad_color":256,"closed":1,"vertex_cnt":7,"elevation":0.0,"thickness":0.0,"raw_flags":512,"source_dwg":"Nergui undur_L3_boundary.dwg","layer":"BLOCK_POLYGONS","source_epsg":99999,"area_m2":551467.48},"geometry":{"type":"Polygon","coordinates":[[[113.51799165,49.19333161],[113.51799163,49.1978299],[113.52576446,49.19766008],[113.52553554,49.1931668],[113.52530668,49.18867351],[113.51416641,49.18891671],[113.51799167,49.18891667],[113.51799165,49.19333161]]]}},{"type":"Feature","id":"BLOCK_POLYGONS:65","properties":{"fid":65,"cad_handle":1151,"cad_layer":"BLOCK_POLYGONS","layer_handle":116,"cad_color":256,"closed":1,"vertex_cnt":4,"elevation":0.0,"thickness":0.0,"raw_flags":512,"source_dwg":"Nergui undur_L3_boundary.dwg","layer":"BLOCK_POLYGONS","source_epsg":99999,"area_m2":500000.0},"geometry":{"type":"Polygon","coordinates":[[[113.52553554,49.1931668],[113.52576446,49.19766008],[113.53947733,49.19735919],[113.53924717,49.19286596],[113.52553554,49.1931668]]]}},{"type":"Feature","id":"BLOCK_POLYGONS:66","properties":{"fid":66,"cad_handle":1158,"cad_layer":"BLOCK_POLYGONS","layer_handle":116,"cad_color":256,"closed":1,"vertex_cnt":4,"elevation":0.0,"thickness":0.0,"raw_flags":512,"source_dwg":"Nergui undur_L3_boundary.dwg","layer":"BLOCK_POLYGONS","source_epsg":99999,"area_m2":500000.0},"geometry":{"type":"Polygon","coordinates":[[[113.53924717,49.19286596],[113.53947733,49.19735919],[113.55318997,49.19705668],[113.55295857,49.1925635],[113.53924717,49.19286596]]]}},{"type":"Feature","id":"BLOCK_POLYGONS:67","properties":{"fid":67,"cad_handle":1165,"cad_layer":"BLOCK_POLYGONS","layer_handle":116,"cad_color":256,"closed":1,"vertex_cnt":4,"elevation":0.0,"thickness":0.0,"raw_flags":512,"source_dwg":"Nergui undur_L3_boundary.dwg","layer":"BLOCK_POLYGONS","source_epsg":99999,"area_m2":500000.0},"geometry":{"type":"Polygon","coordinates":[[[113.55295857,49.1925635],[113.55318997,49.19705668],[113.56690238,49.19675254],[113.56666974,49.19225941],[113.55295857,49.1925635]]]}},{"type":"Feature","id":"BLOCK_POLYGONS:68","properties":{"fid":68,"cad_handle":1172,"cad_layer":"BLOCK_POLYGONS","layer_handle":116,"cad_color":256,"closed":1,"vertex_cnt":6,"elevation":0.0,"thickness":0.0,"raw_flags":512,"source_dwg":"Nergui undur_L3_boundary.dwg","layer":"BLOCK_POLYGONS","source_epsg":99999,"area_m2":484481.06},"geometry":{"type":"Polygon","coordinates":[[[113.56666974,49.19225941],[113.56690238,49.19675254],[113.56699561,49.19855295],[113.57616945,49.19855278],[113.57616944,49.19654608],[113.57616943,49.19204776],[113.56666974,49.19225941]]]}},{"type":"Feature","id":"BLOCK_POLYGONS:69","properties":{"fid":69,"cad_handle":1181,"cad_layer":"BLOCK_POLYGONS","layer_handle":116,"cad_color":256,"closed":1,"vertex_cnt":8,"elevation":0.0,"thickness":0.0,"raw_flags":512,"source_dwg":"Nergui undur_L3_boundary.dwg","layer":"BLOCK_POLYGONS","source_epsg":99999,"area_m2":673948.47},"geometry":{"type":"Polygon","coordinates":[[[113.44303959,49.19044409],[113.44312675,49.19221312],[113.45685333,49.19221173],[113.45890615,49.19221138],[113.45890622,49.19460544],[113.47068675,49.19435388],[113.47046285,49.1898604],[113.45675133,49.19015306],[113.44303959,49.19044409]]]}},{"type":"Feature","id":"BLOCK_POLYGONS:70","properties":{"fid":70,"cad_handle":1192,"cad_layer":"BLOCK_POLYGONS","layer_handle":116,"cad_color":256,"closed":1,"vertex_cnt":8,"elevation":0.0,"thickness":0.0,"raw_flags":512,"source_dwg":"Nergui undur_L3_boundary.dwg","layer":"BLOCK_POLYGONS","source_epsg":99999,"area_m2":694623.1},"geometry":{"type":"Polygon","coordinates":[[[113.48408789,49.18784445],[113.48417414,49.18956612],[113.47046285,49.1898604],[113.47068675,49.19435388],[113.48439928,49.19405955],[113.48813056,49.19397917],[113.48813055,49.1894809],[113.48813056,49.18784444],[113.48408789,49.18784445]]]}},{"type":"Feature","id":"BLOCK_POLYGONS:71","properties":{"fid":71,"cad_handle":1203,"cad_layer":"BLOCK_POLYGONS","layer_handle":116,"cad_color":256,"closed":1,"vertex_cnt":4,"elevation":0.0,"thickness":0.0,"raw_flags":512,"source_dwg":"Nergui undur_L3_boundary.dwg","layer":"BLOCK_POLYGONS","source_epsg":99999,"area_m2":500000.0},"geometry":{"type":"Polygon","coordinates":[[[113.52530668,49.18867351],[113.52553554,49.1931668],[113.53924717,49.19286596],[113.53901707,49.18837272],[113.52530668,49.18867351]]]}},{"type":"Feature","id":"BLOCK_POLYGONS:72","properties":{"fid":72,"cad_handle":1210,"cad_layer":"BLOCK_POLYGONS","layer_handle":116,"cad_color":256,"closed":1,"vertex_cnt":4,"elevation":0.0,"thickness":0.0,"raw_flags":512,"source_dwg":"Nergui undur_L3_boundary.dwg","layer":"BLOCK_POLYGONS","source_epsg":99999,"area_m2":500000.0},"geometry":{"type":"Polygon","coordinates":[[[113.53901707,49.18837272],[113.53924717,49.19286596],[113.55295857,49.1925635],[113.55272723,49.18807031],[113.53901707,49.18837272]]]}},{"type":"Feature","id":"BLOCK_POLYGONS:73","properties":{"fid":73,"cad_handle":1217,"cad_layer":"BLOCK_POLYGONS","layer_handle":116,"cad_color":256,"closed":1,"vertex_cnt":4,"elevation":0.0,"thickness":0.0,"raw_flags":512,"source_dwg":"Nergui undur_L3_boundary.dwg","layer":"BLOCK_POLYGONS","source_epsg":99999,"area_m2":500000.0},"geometry":{"type":"Polygon","coordinates":[[[113.55272723,49.18807031],[113.55295857,49.1925635],[113.56666974,49.19225941],[113.56643716,49.18776626],[113.55272723,49.18807031]]]}},{"type":"Feature","id":"BLOCK_POLYGONS:74","properties":{"fid":74,"cad_handle":1224,"cad_layer":"BLOCK_POLYGONS","layer_handle":116,"cad_color":256,"closed":1,"vertex_cnt":11,"elevation":0.0,"thickness":0.0,"raw_flags":512,"source_dwg":"Nergui undur_L3_boundary.dwg","layer":"BLOCK_POLYGONS","source_epsg":99999,"area_m2":694921.07},"geometry":{"type":"Polygon","coordinates":[[[113.41552687,49.18920279],[113.416275,49.18920278],[113.416275,49.19100747],[113.416275,49.19221112],[113.42940011,49.19221288],[113.42932763,49.1907335],[113.4291075,49.18623988],[113.41539656,49.18652762],[113.41246667,49.18658889],[113.41246668,49.18846241],[113.41291343,49.18920278],[113.41552687,49.18920279]]]}},{"type":"Feature","id":"BLOCK_POLYGONS:75","properties":{"fid":75,"cad_handle":1238,"cad_layer":"BLOCK_POLYGONS","layer_handle":116,"cad_color":256,"closed":1,"vertex_cnt":17,"elevation":0.0,"thickness":0.0,"raw_flags":512,"source_dwg":"Nergui undur_L3_boundary.dwg","layer":"BLOCK_POLYGONS","source_epsg":99999,"area_m2":475286.55},"geometry":{"type":"Polygon","coordinates":[[[113.49740833,49.18308611],[113.49740833,49.18478225],[113.49740833,49.18498889],[113.49766957,49.1849889],[113.50193056,49.18498889],[113.50193057,49.18918259],[113.50193056,49.18963056],[113.51156667,49.18963056],[113.51156668,49.18897331],[113.51156668,49.18891667],[113.51159322,49.18891667],[113.5113685,49.18447934],[113.49765889,49.18477683],[113.49743262,49.18028344],[113.49431666,49.18035082],[113.49431667,49.18305556],[113.49433473,49.18308611],[113.49740833,49.18308611]]]}},{"type":"Feature","id":"BLOCK_POLYGONS:76","properties":{"fid":76,"cad_handle":1258,"cad_layer":"BLOCK_POLYGONS","layer_handle":116,"cad_color":256,"closed":1,"vertex_cnt":6,"elevation":0.0,"thickness":0.0,"raw_flags":512,"source_dwg":"Nergui undur_L3_boundary.dwg","layer":"BLOCK_POLYGONS","source_epsg":99999,"area_m2":680724.5},"geometry":{"type":"Polygon","coordinates":[[[113.44281822,49.18595052],[113.4291075,49.18623988],[113.42932763,49.1907335],[113.42940011,49.19221288],[113.44312675,49.19221312],[113.44303959,49.19044409],[113.44281822,49.18595052]]]}},{"type":"Feature","id":"BLOCK_POLYGONS:77","properties":{"fid":77,"cad_handle":1267,"cad_layer":"BLOCK_POLYGONS","layer_handle":116,"cad_color":256,"closed":1,"vertex_cnt":4,"elevation":0.0,"thickness":0.0,"raw_flags":512,"source_dwg":"Nergui undur_L3_boundary.dwg","layer":"BLOCK_POLYGONS","source_epsg":99999,"area_m2":500000.0},"geometry":{"type":"Polygon","coordinates":[[[113.44303959,49.19044409],[113.45675133,49.19015306],[113.45652872,49.18565954],[113.44281822,49.18595052],[113.44303959,49.19044409]]]}},{"type":"Feature","id":"BLOCK_POLYGONS:78","properties":{"fid":78,"cad_handle":1274,"cad_layer":"BLOCK_POLYGONS","layer_handle":116,"cad_color":256,"closed":1,"vertex_cnt":4,"elevation":0.0,"thickness":0.0,"raw_flags":512,"source_dwg":"Nergui undur_L3_boundary.dwg","layer":"BLOCK_POLYGONS","source_epsg":99999,"area_m2":500000.0},"geometry":{"type":"Polygon","coordinates":[[[113.45652872,49.18565954],[113.45675133,49.19015306],[113.47046285,49.1898604],[113.470239,49.18536693],[113.45652872,49.18565954]]]}},{"type":"Feature","id":"BLOCK_POLYGONS:79","properties":{"fid":79,"cad_handle":1281,"cad_layer":"BLOCK_POLYGONS","layer_handle":116,"cad_color":256,"closed":1,"vertex_cnt":4,"elevation":0.0,"thickness":0.0,"raw_flags":512,"source_dwg":"Nergui undur_L3_boundary.dwg","layer":"BLOCK_POLYGONS","source_epsg":99999,"area_m2":500000.0},"geometry":{"type":"Polygon","coordinates":[[[113.52507788,49.18418022],[113.52530668,49.18867351],[113.53901707,49.18837272],[113.53878703,49.18387948],[113.52507788,49.18418022]]]}},{"type":"Feature","id":"BLOCK_POLYGONS:80","properties":{"fid":80,"cad_handle":1288,"cad_layer":"BLOCK_POLYGONS","layer_handle":116,"cad_color":256,"closed":1,"vertex_cnt":4,"elevation":0.0,"thickness":0.0,"raw_flags":512,"source_dwg":"Nergui undur_L3_boundary.dwg","layer":"BLOCK_POLYGONS","source_epsg":99999,"area_m2":500000.0},"geometry":{"type":"Polygon","coordinates":[[[113.53878703,49.18387948],[113.53901707,49.18837272],[113.55272723,49.18807031],[113.55249595,49.18357711],[113.53878703,49.18387948]]]}},{"type":"Feature","id":"BLOCK_POLYGONS:81","properties":{"fid":81,"cad_handle":1295,"cad_layer":"BLOCK_POLYGONS","layer_handle":116,"cad_color":256,"closed":1,"vertex_cnt":4,"elevation":0.0,"thickness":0.0,"raw_flags":512,"source_dwg":"Nergui undur_L3_boundary.dwg","layer":"BLOCK_POLYGONS","source_epsg":99999,"area_m2":500000.0},"geometry":{"type":"Polygon","coordinates":[[[113.55249595,49.18357711],[113.55272723,49.18807031],[113.56643716,49.18776626],[113.56620464,49.18327312],[113.55249595,49.18357711]]]}},{"type":"Feature","id":"BLOCK_POLYGONS:82","properties":{"fid":82,"cad_handle":1302,"cad_layer":"BLOCK_POLYGONS","layer_handle":116,"cad_color":256,"closed":1,"vertex_cnt":4,"elevation":0.0,"thickness":0.0,"raw_flags":512,"source_dwg":"Nergui undur_L3_boundary.dwg","layer":"BLOCK_POLYGONS","source_epsg":99999,"area_m2":500000.0},"geometry":{"type":"Polygon","coordinates":[[[113.56620464,49.18327312],[113.56643716,49.18776626],[113.58014686,49.1874606],[113.57991311,49.1829675],[113.56620464,49.18327312]]]}},{"type":"Feature","id":"BLOCK_POLYGONS:83","properties":{"fid":83,"cad_handle":1309,"cad_layer":"BLOCK_POLYGONS","layer_handle":116,"cad_color":256,"closed":1,"vertex_cnt":5,"elevation":0.0,"thickness":0.0,"raw_flags":512,"source_dwg":"Nergui undur_L3_boundary.dwg","layer":"BLOCK_POLYGONS","source_epsg":99999,"area_m2":499415.84},"geometry":{"type":"Polygon","coordinates":[[[113.51416641,49.18891671],[113.52530668,49.18867351],[113.52507788,49.18418022],[113.5113685,49.18447934],[113.51159322,49.18891667],[113.51416641,49.18891671]]]}},{"type":"Feature","id":"BLOCK_POLYGONS:84","properties":{"fid":84,"cad_handle":1317,"cad_layer":"BLOCK_POLYGONS","layer_handle":116,"cad_color":256,"closed":1,"vertex_cnt":5,"elevation":0.0,"thickness":0.0,"raw_flags":512,"source_dwg":"Nergui undur_L3_boundary.dwg","layer":"BLOCK_POLYGONS","source_epsg":99999,"area_m2":489884.08},"geometry":{"type":"Polygon","coordinates":[[[113.36316611,49.18760893],[113.34964474,49.18788524],[113.34984942,49.19221205],[113.35802281,49.19221216],[113.3633857,49.19221192],[113.36316611,49.18760893]]]}},{"type":"Feature","id":"BLOCK_POLYGONS:85","properties":{"fid":85,"cad_handle":1326,"cad_layer":"BLOCK_POLYGONS","layer_handle":116,"cad_color":256,"closed":1,"vertex_cnt":4,"elevation":0.0,"thickness":0.0,"raw_flags":512,"source_dwg":"Nergui undur_L3_boundary.dwg","layer":"BLOCK_POLYGONS","source_epsg":99999,"area_m2":444297.27},"geometry":{"type":"Polygon","coordinates":[[[113.33668397,49.19221065],[113.34984942,49.19221205],[113.34964474,49.18788524],[113.33668366,49.18814789],[113.33668397,49.19221065]]]}},{"type":"Feature","id":"BLOCK_POLYGONS:86","properties":{"fid":86,"cad_handle":1333,"cad_layer":"BLOCK_POLYGONS","layer_handle":116,"cad_color":256,"closed":1,"vertex_cnt":9,"elevation":0.0,"thickness":0.0,"raw_flags":512,"source_dwg":"Nergui undur_L3_boundary.dwg","layer":"BLOCK_POLYGONS","source_epsg":99999,"area_m2":670020.73},"geometry":{"type":"Polygon","coordinates":[[[113.38534167,49.18715263],[113.37426244,49.18738105],[113.36316611,49.18760876],[113.3633857,49.19221192],[113.37296944,49.19221087],[113.37296944,49.19190586],[113.37296944,49.190275],[113.37440101,49.19027507],[113.38534168,49.190275],[113.38534167,49.18715263]]]}},{"type":"Feature","id":"BLOCK_POLYGONS:87","properties":{"fid":87,"cad_handle":1346,"cad_layer":"BLOCK_POLYGONS","layer_handle":116,"cad_color":256,"closed":1,"vertex_cnt":6,"elevation":0.0,"thickness":0.0,"raw_flags":512,"source_dwg":"Nergui undur_L3_boundary.dwg","layer":"BLOCK_POLYGONS","source_epsg":99999,"area_m2":496152.56},"geometry":{"type":"Polygon","coordinates":[[[113.48384722,49.18507488],[113.470239,49.18536693],[113.47046285,49.1898604],[113.48417414,49.18956612],[113.48408789,49.18784445],[113.48384722,49.18784444],[113.48384722,49.18507488]]]}},{"type":"Feature","id":"BLOCK_POLYGONS:88","properties":{"fid":88,"cad_handle":1355,"cad_layer":"BLOCK_POLYGONS","layer_handle":116,"cad_color":256,"closed":1,"vertex_cnt":4,"elevation":0.0,"thickness":0.0,"raw_flags":512,"source_dwg":"Nergui undur_L3_boundary.dwg","layer":"BLOCK_POLYGONS","source_epsg":99999,"area_m2":468780.42},"geometry":{"type":"Polygon","coordinates":[[[113.33668366,49.18814789],[113.34964474,49.18788524],[113.34943183,49.18339092],[113.33668332,49.1836497],[113.33668366,49.18814789]]]}},{"type":"Feature","id":"BLOCK_POLYGONS:89","properties":{"fid":89,"cad_handle":1362,"cad_layer":"BLOCK_POLYGONS","layer_handle":116,"cad_color":256,"closed":1,"vertex_cnt":4,"elevation":0.0,"thickness":0.0,"raw_flags":512,"source_dwg":"Nergui undur_L3_boundary.dwg","layer":"BLOCK_POLYGONS","source_epsg":99999,"area_m2":397697.76},"geometry":{"type":"Polygon","coordinates":[[[113.34943183,49.18339092],[113.34964474,49.18788524],[113.36055064,49.18766228],[113.36033676,49.18316844],[113.34943183,49.18339092]]]}},{"type":"Feature","id":"BLOCK_POLYGONS:90","properties":{"fid":90,"cad_handle":1369,"cad_layer":"BLOCK_POLYGONS","layer_handle":116,"cad_color":256,"closed":1,"vertex_cnt":4,"elevation":0.0,"thickness":0.0,"raw_flags":512,"source_dwg":"Nergui undur_L3_boundary.dwg","layer":"BLOCK_POLYGONS","source_epsg":99999,"area_m2":500000.0},"geometry":{"type":"Polygon","coordinates":[[[113.36033676,49.18316844],[113.36055064,49.18766228],[113.37426244,49.18738105],[113.37404733,49.18288726],[113.36033676,49.18316844]]]}},{"type":"Feature","id":"BLOCK_POLYGONS:91","properties":{"fid":91,"cad_handle":1376,"cad_layer":"BLOCK_POLYGONS","layer_handle":116,"cad_color":256,"closed":1,"vertex_cnt":6,"elevation":0.0,"thickness":0.0,"raw_flags":512,"source_dwg":"Nergui undur_L3_boundary.dwg","layer":"BLOCK_POLYGONS","source_epsg":99999,"area_m2":602858.5},"geometry":{"type":"Polygon","coordinates":[[[113.41539656,49.18652762],[113.4291075,49.18623988],[113.42888743,49.18174627],[113.41517773,49.18203395],[113.41246666,49.18209065],[113.41246667,49.18658889],[113.41539656,49.18652762]]]}},{"type":"Feature","id":"BLOCK_POLYGONS:92","properties":{"fid":92,"cad_handle":1385,"cad_layer":"BLOCK_POLYGONS","layer_handle":116,"cad_color":256,"closed":1,"vertex_cnt":4,"elevation":0.0,"thickness":0.0,"raw_flags":512,"source_dwg":"Nergui undur_L3_boundary.dwg","layer":"BLOCK_POLYGONS","source_epsg":99999,"area_m2":500000.0},"geometry":{"type":"Polygon","coordinates":[[[113.42888743,49.18174627],[113.4291075,49.18623988],[113.44281822,49.18595052],[113.44259691,49.18145695],[113.42888743,49.18174627]]]}},{"type":"Feature","id":"BLOCK_POLYGONS:93","properties":{"fid":93,"cad_handle":1392,"cad_layer":"BLOCK_POLYGONS","layer_handle":116,"cad_color":256,"closed":1,"vertex_cnt":4,"elevation":0.0,"thickness":0.0,"raw_flags":512,"source_dwg":"Nergui undur_L3_boundary.dwg","layer":"BLOCK_POLYGONS","source_epsg":99999,"area_m2":500000.0},"geometry":{"type":"Polygon","coordinates":[[[113.44259691,49.18145695],[113.44281822,49.18595052],[113.45652872,49.18565954],[113.45630617,49.18116601],[113.44259691,49.18145695]]]}},{"type":"Feature","id":"BLOCK_POLYGONS:94","properties":{"fid":94,"cad_handle":1399,"cad_layer":"BLOCK_POLYGONS","layer_handle":116,"cad_color":256,"closed":1,"vertex_cnt":4,"elevation":0.0,"thickness":0.0,"raw_flags":512,"source_dwg":"Nergui undur_L3_boundary.dwg","layer":"BLOCK_POLYGONS","source_epsg":99999,"area_m2":500000.0},"geometry":{"type":"Polygon","coordinates":[[[113.45630617,49.18116601],[113.45652872,49.18565954],[113.470239,49.18536693],[113.47001521,49.18087345],[113.45630617,49.18116601]]]}},{"type":"Feature","id":"BLOCK_POLYGONS:95","properties":{"fid":95,"cad_handle":1406,"cad_layer":"BLOCK_POLYGONS","layer_handle":116,"cad_color":256,"closed":1,"vertex_cnt":4,"elevation":0.0,"thickness":0.0,"raw_flags":512,"source_dwg":"Nergui undur_L3_boundary.dwg","layer":"BLOCK_POLYGONS","source_epsg":99999,"area_m2":500000.0},"geometry":{"type":"Polygon","coordinates":[[[113.49743262,49.18028344],[113.49765889,49.18477683],[113.5113685,49.18447934],[113.51114099,49.179986],[113.49743262,49.18028344]]]}},{"type":"Feature","id":"BLOCK_POLYGONS:96","properties":{"fid":96,"cad_handle":1413,"cad_layer":"BLOCK_POLYGONS","layer_handle":116,"cad_color":256,"closed":1,"vertex_cnt":4,"elevation":0.0,"thickness":0.0,"raw_flags":512,"source_dwg":"Nergui undur_L3_boundary.dwg","layer":"BLOCK_POLYGONS","source_epsg":99999,"area_m2":500000.0},"geometry":{"type":"Polygon","coordinates":[[[113.51114099,49.179986],[113.5113685,49.18447934],[113.52507788,49.18418022],[113.52484913,49.17968693],[113.51114099,49.179986]]]}},{"type":"Feature","id":"BLOCK_POLYGONS:97","properties":{"fid":97,"cad_handle":1420,"cad_layer":"BLOCK_POLYGONS","layer_handle":116,"cad_color":256,"closed":1,"vertex_cnt":4,"elevation":0.0,"thickness":0.0,"raw_flags":512,"source_dwg":"Nergui undur_L3_boundary.dwg","layer":"BLOCK_POLYGONS","source_epsg":99999,"area_m2":500000.0},"geometry":{"type":"Polygon","coordinates":[[[113.52484913,49.17968693],[113.52507788,49.18418022],[113.53878703,49.18387948],[113.53855704,49.17938623],[113.52484913,49.17968693]]]}},{"type":"Feature","id":"BLOCK_POLYGONS:98","properties":{"fid":98,"cad_handle":1427,"cad_layer":"BLOCK_POLYGONS","layer_handle":116,"cad_color":256,"closed":1,"vertex_cnt":4,"elevation":0.0,"thickness":0.0,"raw_flags":512,"source_dwg":"Nergui undur_L3_boundary.dwg","layer":"BLOCK_POLYGONS","source_epsg":99999,"area_m2":500000.0},"geometry":{"type":"Polygon","coordinates":[[[113.53855704,49.17938623],[113.53878703,49.18387948],[113.55249595,49.18357711],[113.55226473,49.17908391],[113.53855704,49.17938623]]]}},{"type":"Feature","id":"BLOCK_POLYGONS:99","properties":{"fid":99,"cad_handle":1434,"cad_layer":"BLOCK_POLYGONS","layer_handle":116,"cad_color":256,"closed":1,"vertex_cnt":4,"elevation":0.0,"thickness":0.0,"raw_flags":512,"source_dwg":"Nergui undur_L3_boundary.dwg","layer":"BLOCK_POLYGONS","source_epsg":99999,"area_m2":500000.0},"geometry":{"type":"Polygon","coordinates":[[[113.55226473,49.17908391],[113.55249595,49.18357711],[113.56620464,49.18327312],[113.56597218,49.17877997],[113.55226473,49.17908391]]]}},{"type":"Feature","id":"BLOCK_POLYGONS:100","properties":{"fid":100,"cad_handle":1441,"cad_layer":"BLOCK_POLYGONS","layer_handle":116,"cad_color":256,"closed":1,"vertex_cnt":6,"elevation":0.0,"thickness":0.0,"raw_flags":512,"source_dwg":"Nergui undur_L3_boundary.dwg","layer":"BLOCK_POLYGONS","source_epsg":99999,"area_m2":650506.25},"geometry":{"type":"Polygon","coordinates":[[[113.56620464,49.18327312],[113.57991311,49.1829675],[113.58392246,49.1828778],[113.58392242,49.17837948],[113.57967941,49.17847439],[113.56597218,49.17877997],[113.56620464,49.18327312]]]}},{"type":"Feature","id":"BLOCK_POLYGONS:101","properties":{"fid":101,"cad_handle":1450,"cad_layer":"BLOCK_POLYGONS","layer_handle":116,"cad_color":256,"closed":1,"vertex_cnt":10,"elevation":0.0,"thickness":0.0,"raw_flags":512,"source_dwg":"Nergui undur_L3_boundary.dwg","layer":"BLOCK_POLYGONS","source_epsg":99999,"area_m2":533161.69},"geometry":{"type":"Polygon","coordinates":[[[113.47456666,49.17904167],[113.47456666,49.17627768],[113.46979148,49.17637996],[113.47001521,49.18087345],[113.470239,49.18536693],[113.48384722,49.18507488],[113.48384723,49.18403888],[113.47742222,49.18403888],[113.47742222,49.1807147],[113.47742222,49.17904167],[113.47456666,49.17904167]]]}},{"type":"Feature","id":"BLOCK_POLYGONS:102","properties":{"fid":102,"cad_handle":1463,"cad_layer":"BLOCK_POLYGONS","layer_handle":116,"cad_color":256,"closed":1,"vertex_cnt":11,"elevation":0.0,"thickness":0.0,"raw_flags":512,"source_dwg":"Nergui undur_L3_boundary.dwg","layer":"BLOCK_POLYGONS","source_epsg":99999,"area_m2":481690.0},"geometry":{"type":"Polygon","coordinates":[[[113.38775768,49.18260445],[113.37404733,49.18288726],[113.37426244,49.18738105],[113.38534167,49.18715263],[113.38534167,49.184325],[113.38784051,49.18432503],[113.38981824,49.184325],[113.39127146,49.1826916],[113.39129784,49.18266278],[113.39130962,49.18265042],[113.3914272,49.18252848],[113.38775768,49.18260445]]]}},{"type":"Feature","id":"BLOCK_POLYGONS:103","properties":{"fid":103,"cad_handle":1480,"cad_layer":"BLOCK_POLYGONS","layer_handle":116,"cad_color":256,"closed":1,"vertex_cnt":8,"elevation":0.0,"thickness":0.0,"raw_flags":512,"source_dwg":"Nergui undur_L3_boundary.dwg","layer":"BLOCK_POLYGONS","source_epsg":99999,"area_m2":641208.27},"geometry":{"type":"Polygon","coordinates":[[[113.41246668,49.17908889],[113.41246666,49.18209065],[113.41517773,49.18203395],[113.42888743,49.18174627],[113.42866741,49.17725264],[113.41495895,49.17754028],[113.40854167,49.17767438],[113.40854168,49.17908889],[113.41246668,49.17908889]]]}},{"type":"Feature","id":"BLOCK_POLYGONS:104","properties":{"fid":104,"cad_handle":1491,"cad_layer":"BLOCK_POLYGONS","layer_handle":116,"cad_color":256,"closed":1,"vertex_cnt":9,"elevation":0.0,"thickness":0.0,"raw_flags":512,"source_dwg":"Nergui undur_L3_boundary.dwg","layer":"BLOCK_POLYGONS","source_epsg":99999,"area_m2":532431.88},"geometry":{"type":"Polygon","coordinates":[[[113.3764694,49.17794781],[113.37663267,49.18283405],[113.3914272,49.18252848],[113.39164723,49.18230029],[113.39164722,49.17932778],[113.38759995,49.17932778],[113.38748333,49.17932778],[113.38748333,49.17811189],[113.38748334,49.17794722],[113.3764694,49.17794781]]]}},{"type":"Feature","id":"BLOCK_POLYGONS:105","properties":{"fid":105,"cad_handle":1502,"cad_layer":"BLOCK_POLYGONS","layer_handle":116,"cad_color":256,"closed":1,"vertex_cnt":4,"elevation":0.0,"thickness":0.0,"raw_flags":512,"source_dwg":"Nergui undur_L3_boundary.dwg","layer":"BLOCK_POLYGONS","source_epsg":99999,"area_m2":461046.36},"geometry":{"type":"Polygon","coordinates":[[[113.33668332,49.1836497],[113.34943219,49.18339091],[113.34921973,49.17889745],[113.336683,49.1791515],[113.33668332,49.1836497]]]}},{"type":"Feature","id":"BLOCK_POLYGONS:106","properties":{"fid":106,"cad_handle":1509,"cad_layer":"BLOCK_POLYGONS","layer_handle":116,"cad_color":256,"closed":1,"vertex_cnt":5,"elevation":0.0,"thickness":0.0,"raw_flags":512,"source_dwg":"Nergui undur_L3_boundary.dwg","layer":"BLOCK_POLYGONS","source_epsg":99999,"area_m2":550196.74},"geometry":{"type":"Polygon","coordinates":[[[113.34921973,49.17889745],[113.34943217,49.18339053],[113.36418234,49.18308973],[113.36406111,49.17794722],[113.36012294,49.17867459],[113.34921973,49.17889745]]]}},{"type":"Feature","id":"BLOCK_POLYGONS:107","properties":{"fid":107,"cad_handle":1516,"cad_layer":"BLOCK_POLYGONS","layer_handle":116,"cad_color":256,"closed":1,"vertex_cnt":5,"elevation":0.0,"thickness":0.0,"raw_flags":512,"source_dwg":"Nergui undur_L3_boundary.dwg","layer":"BLOCK_POLYGONS","source_epsg":99999,"area_m2":506273.95},"geometry":{"type":"Polygon","coordinates":[[[113.36406111,49.17794722],[113.36418234,49.18308973],[113.37663321,49.18285015],[113.3764694,49.17794781],[113.36406111,49.17794722]]]}},{"type":"Feature","id":"BLOCK_POLYGONS:108","properties":{"fid":108,"cad_handle":1523,"cad_layer":"BLOCK_POLYGONS","layer_handle":116,"cad_color":256,"closed":1,"vertex_cnt":4,"elevation":0.0,"thickness":0.0,"raw_flags":512,"source_dwg":"Nergui undur_L3_boundary.dwg","layer":"BLOCK_POLYGONS","source_epsg":99999,"area_m2":500000.0},"geometry":{"type":"Polygon","coordinates":[[[113.42866741,49.17725264],[113.42888743,49.18174627],[113.44259691,49.18145695],[113.44237565,49.17696338],[113.42866741,49.17725264]]]}},{"type":"Feature","id":"BLOCK_POLYGONS:109","properties":{"fid":109,"cad_handle":1530,"cad_layer":"BLOCK_POLYGONS","layer_handle":116,"cad_color":256,"closed":1,"vertex_cnt":4,"elevation":0.0,"thickness":0.0,"raw_flags":512,"source_dwg":"Nergui undur_L3_boundary.dwg","layer":"BLOCK_POLYGONS","source_epsg":99999,"area_m2":500000.0},"geometry":{"type":"Polygon","coordinates":[[[113.44237565,49.17696338],[113.44259691,49.18145695],[113.45630617,49.18116601],[113.45608367,49.17667248],[113.44237565,49.17696338]]]}},{"type":"Feature","id":"BLOCK_POLYGONS:110","properties":{"fid":110,"cad_handle":1537,"cad_layer":"BLOCK_POLYGONS","layer_handle":116,"cad_color":256,"closed":1,"vertex_cnt":4,"elevation":0.0,"thickness":0.0,"raw_flags":512,"source_dwg":"Nergui undur_L3_boundary.dwg","layer":"BLOCK_POLYGONS","source_epsg":99999,"area_m2":500000.0},"geometry":{"type":"Polygon","coordinates":[[[113.45608367,49.17667248],[113.45630617,49.18116601],[113.47001521,49.18087345],[113.46979148,49.17637996],[113.45608367,49.17667248]]]}},{"type":"Feature","id":"BLOCK_POLYGONS:111","properties":{"fid":111,"cad_handle":1544,"cad_layer":"BLOCK_POLYGONS","layer_handle":116,"cad_color":256,"closed":1,"vertex_cnt":6,"elevation":0.0,"thickness":0.0,"raw_flags":512,"source_dwg":"Nergui undur_L3_boundary.dwg","layer":"BLOCK_POLYGONS","source_epsg":99999,"area_m2":609529.75},"geometry":{"type":"Polygon","coordinates":[[[113.49743262,49.18028344],[113.51114099,49.179986],[113.51091354,49.17549265],[113.49720641,49.17579005],[113.49431667,49.17585254],[113.49431666,49.18035082],[113.49743262,49.18028344]]]}},{"type":"Feature","id":"BLOCK_POLYGONS:112","properties":{"fid":112,"cad_handle":1553,"cad_layer":"BLOCK_POLYGONS","layer_handle":116,"cad_color":256,"closed":1,"vertex_cnt":4,"elevation":0.0,"thickness":0.0,"raw_flags":512,"source_dwg":"Nergui undur_L3_boundary.dwg","layer":"BLOCK_POLYGONS","source_epsg":99999,"area_m2":500000.0},"geometry":{"type":"Polygon","coordinates":[[[113.51091354,49.17549265],[113.51114099,49.179986],[113.52484913,49.17968693],[113.52462044,49.17519363],[113.51091354,49.17549265]]]}},{"type":"Feature","id":"BLOCK_POLYGONS:113","properties":{"fid":113,"cad_handle":1560,"cad_layer":"BLOCK_POLYGONS","layer_handle":116,"cad_color":256,"closed":1,"vertex_cnt":4,"elevation":0.0,"thickness":0.0,"raw_flags":512,"source_dwg":"Nergui undur_L3_boundary.dwg","layer":"BLOCK_POLYGONS","source_epsg":99999,"area_m2":500000.0},"geometry":{"type":"Polygon","coordinates":[[[113.52462044,49.17519363],[113.52484913,49.17968693],[113.53855704,49.17938623],[113.53832711,49.17489298],[113.52462044,49.17519363]]]}},{"type":"Feature","id":"BLOCK_POLYGONS:114","properties":{"fid":114,"cad_handle":1567,"cad_layer":"BLOCK_POLYGONS","layer_handle":116,"cad_color":256,"closed":1,"vertex_cnt":4,"elevation":0.0,"thickness":0.0,"raw_flags":512,"source_dwg":"Nergui undur_L3_boundary.dwg","layer":"BLOCK_POLYGONS","source_epsg":99999,"area_m2":500000.0},"geometry":{"type":"Polygon","coordinates":[[[113.53832711,49.17489298],[113.53855704,49.17938623],[113.55226473,49.17908391],[113.55203356,49.17459071],[113.53832711,49.17489298]]]}},{"type":"Feature","id":"BLOCK_POLYGONS:115","properties":{"fid":115,"cad_handle":1574,"cad_layer":"BLOCK_POLYGONS","layer_handle":116,"cad_color":256,"closed":1,"vertex_cnt":4,"elevation":0.0,"thickness":0.0,"raw_flags":512,"source_dwg":"Nergui undur_L3_boundary.dwg","layer":"BLOCK_POLYGONS","source_epsg":99999,"area_m2":500000.0},"geometry":{"type":"Polygon","coordinates":[[[113.55203356,49.17459071],[113.55226473,49.17908391],[113.56597218,49.17877997],[113.56573978,49.17428681],[113.55203356,49.17459071]]]}},{"type":"Feature","id":"BLOCK_POLYGONS:116","properties":{"fid":116,"cad_handle":1581,"cad_layer":"BLOCK_POLYGONS","layer_handle":116,"cad_color":256,"closed":1,"vertex_cnt":6,"elevation":0.0,"thickness":0.0,"raw_flags":512,"source_dwg":"Nergui undur_L3_boundary.dwg","layer":"BLOCK_POLYGONS","source_epsg":99999,"area_m2":659043.0},"geometry":{"type":"Polygon","coordinates":[[[113.56597218,49.17877997],[113.57967941,49.17847439],[113.58392242,49.17837948],[113.5839224,49.17388114],[113.57944576,49.17398129],[113.56573978,49.17428681],[113.56597218,49.17877997]]]}},{"type":"Feature","id":"BLOCK_POLYGONS:117","properties":{"fid":117,"cad_handle":1590,"cad_layer":"BLOCK_POLYGONS","layer_handle":116,"cad_color":256,"closed":1,"vertex_cnt":4,"elevation":0.0,"thickness":0.0,"raw_flags":512,"source_dwg":"Nergui undur_L3_boundary.dwg","layer":"BLOCK_POLYGONS","source_epsg":99999,"area_m2":453379.27},"geometry":{"type":"Polygon","coordinates":[[[113.34900728,49.17440313],[113.33668269,49.17465329],[113.336683,49.1791515],[113.34922006,49.17889701],[113.34900728,49.17440313]]]}},{"type":"Feature","id":"BLOCK_POLYGONS:118","properties":{"fid":118,"cad_handle":1597,"cad_layer":"BLOCK_POLYGONS","layer_handle":116,"cad_color":256,"closed":1,"vertex_cnt":4,"elevation":0.0,"thickness":0.0,"raw_flags":512,"source_dwg":"Nergui undur_L3_boundary.dwg","layer":"BLOCK_POLYGONS","source_epsg":99999,"area_m2":500000.0},"geometry":{"type":"Polygon","coordinates":[[[113.42844745,49.17275902],[113.42866741,49.17725264],[113.44237565,49.17696338],[113.44215445,49.17246979],[113.42844745,49.17275902]]]}},{"type":"Feature","id":"BLOCK_POLYGONS:119","properties":{"fid":119,"cad_handle":1604,"cad_layer":"BLOCK_POLYGONS","layer_handle":116,"cad_color":256,"closed":1,"vertex_cnt":4,"elevation":0.0,"thickness":0.0,"raw_flags":512,"source_dwg":"Nergui undur_L3_boundary.dwg","layer":"BLOCK_POLYGONS","source_epsg":99999,"area_m2":500000.0},"geometry":{"type":"Polygon","coordinates":[[[113.44215445,49.17246979],[113.44237565,49.17696338],[113.45608367,49.17667248],[113.45586123,49.17217895],[113.44215445,49.17246979]]]}},{"type":"Feature","id":"BLOCK_POLYGONS:120","properties":{"fid":120,"cad_handle":1611,"cad_layer":"BLOCK_POLYGONS","layer_handle":116,"cad_color":256,"closed":1,"vertex_cnt":6,"elevation":0.0,"thickness":0.0,"raw_flags":512,"source_dwg":"Nergui undur_L3_boundary.dwg","layer":"BLOCK_POLYGONS","source_epsg":99999,"area_m2":678267.25},"geometry":{"type":"Polygon","coordinates":[[[113.45608367,49.17667248],[113.46979148,49.17637996],[113.47456666,49.17627768],[113.47456666,49.1717794],[113.4695678,49.17188647],[113.45586123,49.17217895],[113.45608367,49.17667248]]]}},{"type":"Feature","id":"BLOCK_POLYGONS:121","properties":{"fid":121,"cad_handle":1620,"cad_layer":"BLOCK_POLYGONS","layer_handle":116,"cad_color":256,"closed":1,"vertex_cnt":4,"elevation":0.0,"thickness":0.0,"raw_flags":512,"source_dwg":"Nergui undur_L3_boundary.dwg","layer":"BLOCK_POLYGONS","source_epsg":99999,"area_m2":500000.0},"geometry":{"type":"Polygon","coordinates":[[[113.49698025,49.17129665],[113.49720641,49.17579005],[113.51091354,49.17549265],[113.51068614,49.1709993],[113.49698025,49.17129665]]]}},{"type":"Feature","id":"BLOCK_POLYGONS:122","properties":{"fid":122,"cad_handle":1627,"cad_layer":"BLOCK_POLYGONS","layer_handle":116,"cad_color":256,"closed":1,"vertex_cnt":4,"elevation":0.0,"thickness":0.0,"raw_flags":512,"source_dwg":"Nergui undur_L3_boundary.dwg","layer":"BLOCK_POLYGONS","source_epsg":99999,"area_m2":500000.0},"geometry":{"type":"Polygon","coordinates":[[[113.51068614,49.1709993],[113.51091354,49.17549265],[113.52462044,49.17519363],[113.52439181,49.17070033],[113.51068614,49.1709993]]]}},{"type":"Feature","id":"BLOCK_POLYGONS:123","properties":{"fid":123,"cad_handle":1634,"cad_layer":"BLOCK_POLYGONS","layer_handle":116,"cad_color":256,"closed":1,"vertex_cnt":4,"elevation":0.0,"thickness":0.0,"raw_flags":512,"source_dwg":"Nergui undur_L3_boundary.dwg","layer":"BLOCK_POLYGONS","source_epsg":99999,"area_m2":500000.0},"geometry":{"type":"Polygon","coordinates":[[[113.52439181,49.17070033],[113.52462044,49.17519363],[113.53832711,49.17489298],[113.53809724,49.17039973],[113.52439181,49.17070033]]]}},{"type":"Feature","id":"BLOCK_POLYGONS:124","properties":{"fid":124,"cad_handle":1641,"cad_layer":"BLOCK_POLYGONS","layer_handle":116,"cad_color":256,"closed":1,"vertex_cnt":4,"elevation":0.0,"thickness":0.0,"raw_flags":512,"source_dwg":"Nergui undur_L3_boundary.dwg","layer":"BLOCK_POLYGONS","source_epsg":99999,"area_m2":500000.0},"geometry":{"type":"Polygon","coordinates":[[[113.53809724,49.17039973],[113.53832711,49.17489298],[113.55203356,49.17459071],[113.55180245,49.1700975],[113.53809724,49.17039973]]]}},{"type":"Feature","id":"BLOCK_POLYGONS:125","properties":{"fid":125,"cad_handle":1648,"cad_layer":"BLOCK_POLYGONS","layer_handle":116,"cad_color":256,"closed":1,"vertex_cnt":4,"elevation":0.0,"thickness":0.0,"raw_flags":512,"source_dwg":"Nergui undur_L3_boundary.dwg","layer":"BLOCK_POLYGONS","source_epsg":99999,"area_m2":500000.0},"geometry":{"type":"Polygon","coordinates":[[[113.55180245,49.1700975],[113.55203356,49.17459071],[113.56573978,49.17428681],[113.56550743,49.16979365],[113.55180245,49.1700975]]]}},{"type":"Feature","id":"BLOCK_POLYGONS:126","properties":{"fid":126,"cad_handle":1655,"cad_layer":"BLOCK_POLYGONS","layer_handle":116,"cad_color":256,"closed":1,"vertex_cnt":6,"elevation":0.0,"thickness":0.0,"raw_flags":512,"source_dwg":"Nergui undur_L3_boundary.dwg","layer":"BLOCK_POLYGONS","source_epsg":99999,"area_m2":667579.75},"geometry":{"type":"Polygon","coordinates":[[[113.56573978,49.17428681],[113.57944576,49.17398129],[113.5839224,49.17388114],[113.58392239,49.16938281],[113.57921218,49.16948818],[113.56550743,49.16979365],[113.56573978,49.17428681]]]}},{"type":"Feature","id":"BLOCK_POLYGONS:127","properties":{"fid":127,"cad_handle":1664,"cad_layer":"BLOCK_POLYGONS","layer_handle":116,"cad_color":256,"closed":1,"vertex_cnt":8,"elevation":0.0,"thickness":0.0,"raw_flags":512,"source_dwg":"Nergui undur_L3_boundary.dwg","layer":"BLOCK_POLYGONS","source_epsg":99999,"area_m2":519214.2},"geometry":{"type":"Polygon","coordinates":[[[113.35156945,49.17435095],[113.34900728,49.17440313],[113.3492197,49.17889702],[113.36012294,49.17867459],[113.36406111,49.17794722],[113.36406111,49.17437778],[113.35991855,49.17437793],[113.35156944,49.17437778],[113.35156945,49.17435095]]]}},{"type":"Feature","id":"BLOCK_POLYGONS:128","properties":{"fid":128,"cad_handle":1677,"cad_layer":"BLOCK_POLYGONS","layer_handle":116,"cad_color":256,"closed":1,"vertex_cnt":10,"elevation":0.0,"thickness":0.0,"raw_flags":512,"source_dwg":"Nergui undur_L3_boundary.dwg","layer":"BLOCK_POLYGONS","source_epsg":99999,"area_m2":527552.45},"geometry":{"type":"Polygon","coordinates":[[[113.48979444,49.16809444],[113.48979444,49.1714519],[113.48979445,49.17523333],[113.49431667,49.17523333],[113.49431667,49.17585254],[113.49720641,49.17579005],[113.49698025,49.17129665],[113.49675415,49.16680325],[113.48670278,49.16702026],[113.48670279,49.16809444],[113.48979444,49.16809444]]]}},{"type":"Feature","id":"BLOCK_POLYGONS:129","properties":{"fid":129,"cad_handle":1690,"cad_layer":"BLOCK_POLYGONS","layer_handle":116,"cad_color":256,"closed":1,"vertex_cnt":10,"elevation":0.0,"thickness":0.0,"raw_flags":512,"source_dwg":"Nergui undur_L3_boundary.dwg","layer":"BLOCK_POLYGONS","source_epsg":99999,"area_m2":693898.83},"geometry":{"type":"Polygon","coordinates":[[[113.4112283,49.17363502],[113.41117706,49.17367954],[113.40854167,49.17587368],[113.40854167,49.17767438],[113.41495895,49.17754028],[113.42866741,49.17725264],[113.42844745,49.17275902],[113.41474022,49.17304661],[113.41178766,49.17310835],[113.4112494,49.17361551],[113.4112283,49.17363502]]]}},{"type":"Feature","id":"BLOCK_POLYGONS:130","properties":{"fid":130,"cad_handle":1703,"cad_layer":"BLOCK_POLYGONS","layer_handle":116,"cad_color":256,"closed":1,"vertex_cnt":8,"elevation":0.0,"thickness":0.0,"raw_flags":512,"source_dwg":"Nergui undur_L3_boundary.dwg","layer":"BLOCK_POLYGONS","source_epsg":99999,"area_m2":645062.38},"geometry":{"type":"Polygon","coordinates":[[[113.46766667,49.16742886],[113.45563885,49.16768541],[113.45586123,49.17217895],[113.4695678,49.17188647],[113.47456666,49.1717794],[113.47456666,49.16809444],[113.46937908,49.16809448],[113.46766667,49.16809444],[113.46766667,49.16742886]]]}},{"type":"Feature","id":"BLOCK_POLYGONS:131","properties":{"fid":131,"cad_handle":1714,"cad_layer":"BLOCK_POLYGONS","layer_handle":116,"cad_color":256,"closed":1,"vertex_cnt":9,"elevation":0.0,"thickness":0.0,"raw_flags":512,"source_dwg":"Nergui undur_L3_boundary.dwg","layer":"BLOCK_POLYGONS","source_epsg":99999,"area_m2":496542.24},"geometry":{"type":"Polygon","coordinates":[[[113.41471592,49.17254722],[113.41238319,49.17254722],[113.41178766,49.17310835],[113.41474022,49.17304661],[113.42844745,49.17275902],[113.42822754,49.16826539],[113.4158866,49.16852437],[113.41496668,49.16947182],[113.41496667,49.17254722],[113.41471592,49.17254722]]]}},{"type":"Feature","id":"BLOCK_POLYGONS:132","properties":{"fid":132,"cad_handle":1726,"cad_layer":"BLOCK_POLYGONS","layer_handle":116,"cad_color":256,"closed":1,"vertex_cnt":4,"elevation":0.0,"thickness":0.0,"raw_flags":512,"source_dwg":"Nergui undur_L3_boundary.dwg","layer":"BLOCK_POLYGONS","source_epsg":99999,"area_m2":500000.0},"geometry":{"type":"Polygon","coordinates":[[[113.42822754,49.16826539],[113.42844745,49.17275902],[113.44215445,49.17246979],[113.4419333,49.16797621],[113.42822754,49.16826539]]]}},{"type":"Feature","id":"BLOCK_POLYGONS:133","properties":{"fid":133,"cad_handle":1733,"cad_layer":"BLOCK_POLYGONS","layer_handle":116,"cad_color":256,"closed":1,"vertex_cnt":4,"elevation":0.0,"thickness":0.0,"raw_flags":512,"source_dwg":"Nergui undur_L3_boundary.dwg","layer":"BLOCK_POLYGONS","source_epsg":99999,"area_m2":500000.0},"geometry":{"type":"Polygon","coordinates":[[[113.4419333,49.16797621],[113.44215445,49.17246979],[113.45586123,49.17217895],[113.45563885,49.16768541],[113.4419333,49.16797621]]]}},{"type":"Feature","id":"BLOCK_POLYGONS:134","properties":{"fid":134,"cad_handle":1740,"cad_layer":"BLOCK_POLYGONS","layer_handle":116,"cad_color":256,"closed":1,"vertex_cnt":4,"elevation":0.0,"thickness":0.0,"raw_flags":512,"source_dwg":"Nergui undur_L3_boundary.dwg","layer":"BLOCK_POLYGONS","source_epsg":99999,"area_m2":500000.0},"geometry":{"type":"Polygon","coordinates":[[[113.49675415,49.16680325],[113.49698025,49.17129665],[113.51068614,49.1709993],[113.5104588,49.16650595],[113.49675415,49.16680325]]]}},{"type":"Feature","id":"BLOCK_POLYGONS:135","properties":{"fid":135,"cad_handle":1747,"cad_layer":"BLOCK_POLYGONS","layer_handle":116,"cad_color":256,"closed":1,"vertex_cnt":4,"elevation":0.0,"thickness":0.0,"raw_flags":512,"source_dwg":"Nergui undur_L3_boundary.dwg","layer":"BLOCK_POLYGONS","source_epsg":99999,"area_m2":500000.0},"geometry":{"type":"Polygon","coordinates":[[[113.5104588,49.16650595],[113.51068614,49.1709993],[113.52439181,49.17070033],[113.52416323,49.16620702],[113.5104588,49.16650595]]]}},{"type":"Feature","id":"BLOCK_POLYGONS:136","properties":{"fid":136,"cad_handle":1754,"cad_layer":"BLOCK_POLYGONS","layer_handle":116,"cad_color":256,"closed":1,"vertex_cnt":4,"elevation":0.0,"thickness":0.0,"raw_flags":512,"source_dwg":"Nergui undur_L3_boundary.dwg","layer":"BLOCK_POLYGONS","source_epsg":99999,"area_m2":500000.0},"geometry":{"type":"Polygon","coordinates":[[[113.52416323,49.16620702],[113.52439181,49.17070033],[113.53809724,49.17039973],[113.53786743,49.16590647],[113.52416323,49.16620702]]]}},{"type":"Feature","id":"BLOCK_POLYGONS:137","properties":{"fid":137,"cad_handle":1761,"cad_layer":"BLOCK_POLYGONS","layer_handle":116,"cad_color":256,"closed":1,"vertex_cnt":4,"elevation":0.0,"thickness":0.0,"raw_flags":512,"source_dwg":"Nergui undur_L3_boundary.dwg","layer":"BLOCK_POLYGONS","source_epsg":99999,"area_m2":500000.0},"geometry":{"type":"Polygon","coordinates":[[[113.53786743,49.16590647],[113.53809724,49.17039973],[113.55180245,49.1700975],[113.5515714,49.16560429],[113.53786743,49.16590647]]]}},{"type":"Feature","id":"BLOCK_POLYGONS:138","properties":{"fid":138,"cad_handle":1768,"cad_layer":"BLOCK_POLYGONS","layer_handle":116,"cad_color":256,"closed":1,"vertex_cnt":4,"elevation":0.0,"thickness":0.0,"raw_flags":512,"source_dwg":"Nergui undur_L3_boundary.dwg","layer":"BLOCK_POLYGONS","source_epsg":99999,"area_m2":500000.0},"geometry":{"type":"Polygon","coordinates":[[[113.5515714,49.16560429],[113.55180245,49.1700975],[113.56550743,49.16979365],[113.56527514,49.16530049],[113.5515714,49.16560429]]]}},{"type":"Feature","id":"BLOCK_POLYGONS:139","properties":{"fid":139,"cad_handle":1775,"cad_layer":"BLOCK_POLYGONS","layer_handle":116,"cad_color":256,"closed":1,"vertex_cnt":6,"elevation":0.0,"thickness":0.0,"raw_flags":512,"source_dwg":"Nergui undur_L3_boundary.dwg","layer":"BLOCK_POLYGONS","source_epsg":99999,"area_m2":676116.5},"geometry":{"type":"Polygon","coordinates":[[[113.56550743,49.16979365],[113.57921218,49.16948818],[113.58392239,49.16938281],[113.58392241,49.16488447],[113.57897865,49.16499506],[113.56527514,49.16530049],[113.56550743,49.16979365]]]}},{"type":"Feature","id":"BLOCK_POLYGONS:140","properties":{"fid":140,"cad_handle":1784,"cad_layer":"BLOCK_POLYGONS","layer_handle":116,"cad_color":256,"closed":1,"vertex_cnt":12,"elevation":0.0,"thickness":0.0,"raw_flags":512,"source_dwg":"Nergui undur_L3_boundary.dwg","layer":"BLOCK_POLYGONS","source_epsg":99999,"area_m2":422759.36},"geometry":{"type":"Polygon","coordinates":[[[113.33668187,49.16115866],[113.33668213,49.16565687],[113.3366824,49.17015509],[113.33668269,49.17465329],[113.34620087,49.17446021],[113.35156945,49.17435095],[113.35156944,49.17199722],[113.34608442,49.17199741],[113.33805,49.17199722],[113.33804999,49.17012739],[113.33804996,49.16562917],[113.33804992,49.16113095],[113.33668187,49.16115866]]]}},{"type":"Feature","id":"BLOCK_POLYGONS:141","properties":{"fid":141,"cad_handle":1799,"cad_layer":"BLOCK_POLYGONS","layer_handle":116,"cad_color":256,"closed":1,"vertex_cnt":4,"elevation":0.0,"thickness":0.0,"raw_flags":512,"source_dwg":"Nergui undur_L3_boundary.dwg","layer":"BLOCK_POLYGONS","source_epsg":99999,"area_m2":500000.0},"geometry":{"type":"Polygon","coordinates":[[[113.44171221,49.16348262],[113.4419333,49.16797621],[113.45563885,49.16768541],[113.45541652,49.16319186],[113.44171221,49.16348262]]]}},{"type":"Feature","id":"BLOCK_POLYGONS:142","properties":{"fid":142,"cad_handle":1806,"cad_layer":"BLOCK_POLYGONS","layer_handle":116,"cad_color":256,"closed":1,"vertex_cnt":8,"elevation":0.0,"thickness":0.0,"raw_flags":512,"source_dwg":"Nergui undur_L3_boundary.dwg","layer":"BLOCK_POLYGONS","source_epsg":99999,"area_m2":718323.67},"geometry":{"type":"Polygon","coordinates":[[[113.46243056,49.16262222],[113.46243055,49.15854414],[113.45519424,49.15869832],[113.45541652,49.16319186],[113.45563885,49.16768541],[113.46766667,49.16742886],[113.46766666,49.16293058],[113.46766667,49.16262222],[113.46243056,49.16262222]]]}},{"type":"Feature","id":"BLOCK_POLYGONS:143","properties":{"fid":143,"cad_handle":1817,"cad_layer":"BLOCK_POLYGONS","layer_handle":116,"cad_color":256,"closed":1,"vertex_cnt":8,"elevation":0.0,"thickness":0.0,"raw_flags":512,"source_dwg":"Nergui undur_L3_boundary.dwg","layer":"BLOCK_POLYGONS","source_epsg":99999,"area_m2":614023.04},"geometry":{"type":"Polygon","coordinates":[[[113.48670278,49.15929167],[113.48670277,49.16252197],[113.48670278,49.16702026],[113.49675415,49.16680325],[113.49652811,49.16230985],[113.49630212,49.15781644],[113.49598055,49.15782339],[113.49598056,49.15929167],[113.48670278,49.15929167]]]}},{"type":"Feature","id":"BLOCK_POLYGONS:144","properties":{"fid":144,"cad_handle":1828,"cad_layer":"BLOCK_POLYGONS","layer_handle":116,"cad_color":256,"closed":1,"vertex_cnt":4,"elevation":0.0,"thickness":0.0,"raw_flags":512,"source_dwg":"Nergui undur_L3_boundary.dwg","layer":"BLOCK_POLYGONS","source_epsg":99999,"area_m2":500000.0},"geometry":{"type":"Polygon","coordinates":[[[113.49652811,49.16230985],[113.49675415,49.16680325],[113.5104588,49.16650595],[113.51023152,49.16201259],[113.49652811,49.16230985]]]}},{"type":"Feature","id":"BLOCK_POLYGONS:145","properties":{"fid":145,"cad_handle":1835,"cad_layer":"BLOCK_POLYGONS","layer_handle":116,"cad_color":256,"closed":1,"vertex_cnt":4,"elevation":0.0,"thickness":0.0,"raw_flags":512,"source_dwg":"Nergui undur_L3_boundary.dwg","layer":"BLOCK_POLYGONS","source_epsg":99999,"area_m2":500000.0},"geometry":{"type":"Polygon","coordinates":[[[113.51023152,49.16201259],[113.5104588,49.16650595],[113.52416323,49.16620702],[113.52393471,49.16171371],[113.51023152,49.16201259]]]}},{"type":"Feature","id":"BLOCK_POLYGONS:146","properties":{"fid":146,"cad_handle":1842,"cad_layer":"BLOCK_POLYGONS","layer_handle":116,"cad_color":256,"closed":1,"vertex_cnt":4,"elevation":0.0,"thickness":0.0,"raw_flags":512,"source_dwg":"Nergui undur_L3_boundary.dwg","layer":"BLOCK_POLYGONS","source_epsg":99999,"area_m2":500000.0},"geometry":{"type":"Polygon","coordinates":[[[113.52393471,49.16171371],[113.52416323,49.16620702],[113.53786743,49.16590647],[113.53763767,49.1614132],[113.52393471,49.16171371]]]}},{"type":"Feature","id":"BLOCK_POLYGONS:147","properties":{"fid":147,"cad_handle":1849,"cad_layer":"BLOCK_POLYGONS","layer_handle":116,"cad_color":256,"closed":1,"vertex_cnt":4,"elevation":0.0,"thickness":0.0,"raw_flags":512,"source_dwg":"Nergui undur_L3_boundary.dwg","layer":"BLOCK_POLYGONS","source_epsg":99999,"area_m2":500000.0},"geometry":{"type":"Polygon","coordinates":[[[113.53763767,49.1614132],[113.53786743,49.16590647],[113.5515714,49.16560429],[113.55134041,49.16111107],[113.53763767,49.1614132]]]}},{"type":"Feature","id":"BLOCK_POLYGONS:148","properties":{"fid":148,"cad_handle":1856,"cad_layer":"BLOCK_POLYGONS","layer_handle":116,"cad_color":256,"closed":1,"vertex_cnt":4,"elevation":0.0,"thickness":0.0,"raw_flags":512,"source_dwg":"Nergui undur_L3_boundary.dwg","layer":"BLOCK_POLYGONS","source_epsg":99999,"area_m2":500000.0},"geometry":{"type":"Polygon","coordinates":[[[113.55134041,49.16111107],[113.5515714,49.16560429],[113.56527514,49.16530049],[113.56504291,49.16080732],[113.55134041,49.16111107]]]}},{"type":"Feature","id":"BLOCK_POLYGONS:149","properties":{"fid":149,"cad_handle":1863,"cad_layer":"BLOCK_POLYGONS","layer_handle":116,"cad_color":256,"closed":1,"vertex_cnt":6,"elevation":0.0,"thickness":0.0,"raw_flags":512,"source_dwg":"Nergui undur_L3_boundary.dwg","layer":"BLOCK_POLYGONS","source_epsg":99999,"area_m2":684653.25},"geometry":{"type":"Polygon","coordinates":[[[113.56527514,49.16530049],[113.57897865,49.16499506],[113.58392241,49.16488447],[113.58392243,49.16038613],[113.57874518,49.16050194],[113.56504291,49.16080732],[113.56527514,49.16530049]]]}},{"type":"Feature","id":"BLOCK_POLYGONS:150","properties":{"fid":150,"cad_handle":1872,"cad_layer":"BLOCK_POLYGONS","layer_handle":116,"cad_color":256,"closed":1,"vertex_cnt":13,"elevation":0.0,"thickness":0.0,"raw_flags":512,"source_dwg":"Nergui undur_L3_boundary.dwg","layer":"BLOCK_POLYGONS","source_epsg":99999,"area_m2":690168.15},"geometry":{"type":"Polygon","coordinates":[[[113.38689279,49.16462939],[113.38710653,49.16907325],[113.3874237,49.16911665],[113.38979167,49.16944067],[113.38986813,49.16945278],[113.39747778,49.16945278],[113.39747777,49.17195278],[113.40096601,49.1719528],[113.40215479,49.17195278],[113.40444212,49.16966902],[113.40521103,49.16874734],[113.40081535,49.16883886],[113.40059797,49.16434514],[113.38689279,49.16462939]]]}},{"type":"Feature","id":"BLOCK_POLYGONS:151","properties":{"fid":151,"cad_handle":1888,"cad_layer":"BLOCK_POLYGONS","layer_handle":116,"cad_color":256,"closed":1,"vertex_cnt":14,"elevation":0.0,"thickness":0.0,"raw_flags":512,"source_dwg":"Nergui undur_L3_boundary.dwg","layer":"BLOCK_POLYGONS","source_epsg":99999,"area_m2":549558.36},"geometry":{"type":"Polygon","coordinates":[[[113.36678825,49.16632446],[113.36689907,49.16633617],[113.36700873,49.16635183],[113.36711694,49.16637138],[113.37331651,49.16761203],[113.37546877,49.16804265],[113.38147051,49.16831471],[113.38161047,49.16832421],[113.38174911,49.16833997],[113.38710653,49.16907325],[113.38689279,49.16462939],[113.3731874,49.16491202],[113.35969351,49.1651887],[113.36060278,49.16578357],[113.36678825,49.16632446]]]}},{"type":"Feature","id":"BLOCK_POLYGONS:152","properties":{"fid":152,"cad_handle":1905,"cad_layer":"BLOCK_POLYGONS","layer_handle":116,"cad_color":256,"closed":1,"vertex_cnt":8,"elevation":0.0,"thickness":0.0,"raw_flags":512,"source_dwg":"Nergui undur_L3_boundary.dwg","layer":"BLOCK_POLYGONS","source_epsg":99999,"area_m2":712376.4},"geometry":{"type":"Polygon","coordinates":[[[113.41637143,49.168025],[113.4158866,49.16852437],[113.42822754,49.16826539],[113.4419333,49.16797621],[113.44171221,49.16348262],[113.42800768,49.16377175],[113.4229361,49.16387834],[113.42293612,49.168025],[113.41637143,49.168025]]]}},{"type":"Feature","id":"BLOCK_POLYGONS:153","properties":{"fid":153,"cad_handle":1916,"cad_layer":"BLOCK_POLYGONS","layer_handle":116,"cad_color":256,"closed":1,"vertex_cnt":16,"elevation":0.0,"thickness":0.0,"raw_flags":512,"source_dwg":"Nergui undur_L3_boundary.dwg","layer":"BLOCK_POLYGONS","source_epsg":99999,"area_m2":661742.1},"geometry":{"type":"Polygon","coordinates":[[[113.41037794,49.16404239],[113.41165135,49.16312684],[113.4121111,49.16250799],[113.4121111,49.15960683],[113.40038065,49.15985141],[113.40059797,49.16434514],[113.40081535,49.16883886],[113.40521103,49.16874734],[113.40587762,49.16794829],[113.40593152,49.16788747],[113.40598898,49.16782976],[113.40842965,49.16550931],[113.4085011,49.16544547],[113.40857813,49.16538448],[113.41024104,49.16414416],[113.41035283,49.16406077],[113.41037794,49.16404239]]]}},{"type":"Feature","id":"BLOCK_POLYGONS:154","properties":{"fid":154,"cad_handle":1935,"cad_layer":"BLOCK_POLYGONS","layer_handle":116,"cad_color":256,"closed":1,"vertex_cnt":4,"elevation":0.0,"thickness":0.0,"raw_flags":512,"source_dwg":"Nergui undur_L3_boundary.dwg","layer":"BLOCK_POLYGONS","source_epsg":99999,"area_m2":500000.0},"geometry":{"type":"Polygon","coordinates":[[[113.3866767,49.16013562],[113.38689279,49.16462939],[113.40059797,49.16434514],[113.40038065,49.15985141],[113.3866767,49.16013562]]]}},{"type":"Feature","id":"BLOCK_POLYGONS:155","properties":{"fid":155,"cad_handle":1942,"cad_layer":"BLOCK_POLYGONS","layer_handle":116,"cad_color":256,"closed":1,"vertex_cnt":6,"elevation":0.0,"thickness":0.0,"raw_flags":512,"source_dwg":"Nergui undur_L3_boundary.dwg","layer":"BLOCK_POLYGONS","source_epsg":99999,"area_m2":681029.75},"geometry":{"type":"Polygon","coordinates":[[[113.42800768,49.16377175],[113.44171221,49.16348262],[113.44149117,49.15898903],[113.42778788,49.15927811],[113.42293608,49.15938007],[113.4229361,49.16387834],[113.42800768,49.16377175]]]}},{"type":"Feature","id":"BLOCK_POLYGONS:156","properties":{"fid":156,"cad_handle":1951,"cad_layer":"BLOCK_POLYGONS","layer_handle":116,"cad_color":256,"closed":1,"vertex_cnt":4,"elevation":0.0,"thickness":0.0,"raw_flags":512,"source_dwg":"Nergui undur_L3_boundary.dwg","layer":"BLOCK_POLYGONS","source_epsg":99999,"area_m2":500000.0},"geometry":{"type":"Polygon","coordinates":[[[113.44149117,49.15898903],[113.44171221,49.16348262],[113.45541652,49.16319186],[113.45519424,49.15869832],[113.44149117,49.15898903]]]}},{"type":"Feature","id":"BLOCK_POLYGONS:157","properties":{"fid":157,"cad_handle":1958,"cad_layer":"BLOCK_POLYGONS","layer_handle":116,"cad_color":256,"closed":1,"vertex_cnt":4,"elevation":0.0,"thickness":0.0,"raw_flags":512,"source_dwg":"Nergui undur_L3_boundary.dwg","layer":"BLOCK_POLYGONS","source_epsg":99999,"area_m2":500000.0},"geometry":{"type":"Polygon","coordinates":[[[113.49630212,49.15781644],[113.49652811,49.16230985],[113.51023152,49.16201259],[113.5100043,49.15751923],[113.49630212,49.15781644]]]}},{"type":"Feature","id":"BLOCK_POLYGONS:158","properties":{"fid":158,"cad_handle":1965,"cad_layer":"BLOCK_POLYGONS","layer_handle":116,"cad_color":256,"closed":1,"vertex_cnt":4,"elevation":0.0,"thickness":0.0,"raw_flags":512,"source_dwg":"Nergui undur_L3_boundary.dwg","layer":"BLOCK_POLYGONS","source_epsg":99999,"area_m2":500000.0},"geometry":{"type":"Polygon","coordinates":[[[113.5100043,49.15751923],[113.51023152,49.16201259],[113.52393471,49.16171371],[113.52370625,49.15722039],[113.5100043,49.15751923]]]}},{"type":"Feature","id":"BLOCK_POLYGONS:159","properties":{"fid":159,"cad_handle":1972,"cad_layer":"BLOCK_POLYGONS","layer_handle":116,"cad_color":256,"closed":1,"vertex_cnt":4,"elevation":0.0,"thickness":0.0,"raw_flags":512,"source_dwg":"Nergui undur_L3_boundary.dwg","layer":"BLOCK_POLYGONS","source_epsg":99999,"area_m2":500000.0},"geometry":{"type":"Polygon","coordinates":[[[113.52370625,49.15722039],[113.52393471,49.16171371],[113.53763767,49.1614132],[113.53740798,49.15691994],[113.52370625,49.15722039]]]}},{"type":"Feature","id":"BLOCK_POLYGONS:160","properties":{"fid":160,"cad_handle":1979,"cad_layer":"BLOCK_POLYGONS","layer_handle":116,"cad_color":256,"closed":1,"vertex_cnt":4,"elevation":0.0,"thickness":0.0,"raw_flags":512,"source_dwg":"Nergui undur_L3_boundary.dwg","layer":"BLOCK_POLYGONS","source_epsg":99999,"area_m2":500000.0},"geometry":{"type":"Polygon","coordinates":[[[113.53740798,49.15691994],[113.53763767,49.1614132],[113.55134041,49.16111107],[113.55110947,49.15661785],[113.53740798,49.15691994]]]}},{"type":"Feature","id":"BLOCK_POLYGONS:161","properties":{"fid":161,"cad_handle":1986,"cad_layer":"BLOCK_POLYGONS","layer_handle":116,"cad_color":256,"closed":1,"vertex_cnt":4,"elevation":0.0,"thickness":0.0,"raw_flags":512,"source_dwg":"Nergui undur_L3_boundary.dwg","layer":"BLOCK_POLYGONS","source_epsg":99999,"area_m2":500000.0},"geometry":{"type":"Polygon","coordinates":[[[113.55110947,49.15661785],[113.55134041,49.16111107],[113.56504291,49.16080732],[113.56481074,49.15631415],[113.55110947,49.15661785]]]}},{"type":"Feature","id":"BLOCK_POLYGONS:162","properties":{"fid":162,"cad_handle":1993,"cad_layer":"BLOCK_POLYGONS","layer_handle":116,"cad_color":256,"closed":1,"vertex_cnt":6,"elevation":0.0,"thickness":0.0,"raw_flags":512,"source_dwg":"Nergui undur_L3_boundary.dwg","layer":"BLOCK_POLYGONS","source_epsg":99999,"area_m2":693190.0},"geometry":{"type":"Polygon","coordinates":[[[113.56504291,49.16080732],[113.57874518,49.16050194],[113.58392243,49.16038613],[113.58392248,49.15588779],[113.57851177,49.15600882],[113.56481074,49.15631415],[113.56504291,49.16080732]]]}},{"type":"Feature","id":"BLOCK_POLYGONS:163","properties":{"fid":163,"cad_handle":2002,"cad_layer":"BLOCK_POLYGONS","layer_handle":116,"cad_color":256,"closed":1,"vertex_cnt":10,"elevation":0.0,"thickness":0.0,"raw_flags":512,"source_dwg":"Nergui undur_L3_boundary.dwg","layer":"BLOCK_POLYGONS","source_epsg":99999,"area_m2":523271.84},"geometry":{"type":"Polygon","coordinates":[[[113.37868578,49.15958326],[113.37868452,49.16030062],[113.3786796,49.16308379],[113.37309977,49.16307941],[113.3731874,49.16491202],[113.38689279,49.16462939],[113.3866767,49.16013562],[113.38646067,49.15564184],[113.3831861,49.15570951],[113.3831796,49.15958659],[113.37868578,49.15958326]]]}},{"type":"Feature","id":"BLOCK_POLYGONS:164","properties":{"fid":164,"cad_handle":2015,"cad_layer":"BLOCK_POLYGONS","layer_handle":116,"cad_color":256,"closed":1,"vertex_cnt":9,"elevation":0.0,"thickness":0.0,"raw_flags":512,"source_dwg":"Nergui undur_L3_boundary.dwg","layer":"BLOCK_POLYGONS","source_epsg":99999,"area_m2":459589.86},"geometry":{"type":"Polygon","coordinates":[[[113.35625983,49.16076062],[113.35947298,49.16500784],[113.35952779,49.16508028],[113.35969351,49.1651887],[113.3731874,49.16491202],[113.37309977,49.16307941],[113.36865496,49.16307572],[113.36866002,49.16050679],[113.35926818,49.16069916],[113.35625983,49.16076062]]]}},{"type":"Feature","id":"BLOCK_POLYGONS:165","properties":{"fid":165,"cad_handle":2027,"cad_layer":"BLOCK_POLYGONS","layer_handle":116,"cad_color":256,"closed":1,"vertex_cnt":6,"elevation":0.0,"thickness":0.0,"raw_flags":512,"source_dwg":"Nergui undur_L3_boundary.dwg","layer":"BLOCK_POLYGONS","source_epsg":99999,"area_m2":447949.83},"geometry":{"type":"Polygon","coordinates":[[[113.41211111,49.15636667],[113.41365556,49.15636667],[113.41365555,49.15507628],[113.40016338,49.15535767],[113.40038065,49.15985141],[113.4121111,49.15960683],[113.41211111,49.15636667]]]}},{"type":"Feature","id":"BLOCK_POLYGONS:166","properties":{"fid":166,"cad_handle":2036,"cad_layer":"BLOCK_POLYGONS","layer_handle":116,"cad_color":256,"closed":1,"vertex_cnt":4,"elevation":0.0,"thickness":0.0,"raw_flags":512,"source_dwg":"Nergui undur_L3_boundary.dwg","layer":"BLOCK_POLYGONS","source_epsg":99999,"area_m2":346731.25},"geometry":{"type":"Polygon","coordinates":[[[113.36866888,49.15600837],[113.35905462,49.1562053],[113.35926818,49.16069916],[113.36866002,49.16050679],[113.36866888,49.15600837]]]}},{"type":"Feature","id":"BLOCK_POLYGONS:167","properties":{"fid":167,"cad_handle":2043,"cad_layer":"BLOCK_POLYGONS","layer_handle":116,"cad_color":256,"closed":1,"vertex_cnt":4,"elevation":0.0,"thickness":0.0,"raw_flags":512,"source_dwg":"Nergui undur_L3_boundary.dwg","layer":"BLOCK_POLYGONS","source_epsg":99999,"area_m2":500000.0},"geometry":{"type":"Polygon","coordinates":[[[113.38646067,49.15564184],[113.3866767,49.16013562],[113.40038065,49.15985141],[113.40016338,49.15535767],[113.38646067,49.15564184]]]}},{"type":"Feature","id":"BLOCK_POLYGONS:168","properties":{"fid":168,"cad_handle":2050,"cad_layer":"BLOCK_POLYGONS","layer_handle":116,"cad_color":256,"closed":1,"vertex_cnt":6,"elevation":0.0,"thickness":0.0,"raw_flags":512,"source_dwg":"Nergui undur_L3_boundary.dwg","layer":"BLOCK_POLYGONS","source_epsg":99999,"area_m2":673027.0},"geometry":{"type":"Polygon","coordinates":[[[113.42778788,49.15927811],[113.44149117,49.15898903],[113.44127019,49.15449543],[113.42756814,49.15478447],[113.42293609,49.15488181],[113.42293608,49.15938007],[113.42778788,49.15927811]]]}},{"type":"Feature","id":"BLOCK_POLYGONS:169","properties":{"fid":169,"cad_handle":2059,"cad_layer":"BLOCK_POLYGONS","layer_handle":116,"cad_color":256,"closed":1,"vertex_cnt":4,"elevation":0.0,"thickness":0.0,"raw_flags":512,"source_dwg":"Nergui undur_L3_boundary.dwg","layer":"BLOCK_POLYGONS","source_epsg":99999,"area_m2":500000.0},"geometry":{"type":"Polygon","coordinates":[[[113.44127019,49.15449543],[113.44149117,49.15898903],[113.45519424,49.15869832],[113.45497202,49.15420476],[113.44127019,49.15449543]]]}},{"type":"Feature","id":"BLOCK_POLYGONS:170","properties":{"fid":170,"cad_handle":2066,"cad_layer":"BLOCK_POLYGONS","layer_handle":116,"cad_color":256,"closed":1,"vertex_cnt":6,"elevation":0.0,"thickness":0.0,"raw_flags":512,"source_dwg":"Nergui undur_L3_boundary.dwg","layer":"BLOCK_POLYGONS","source_epsg":99999,"area_m2":507612.25},"geometry":{"type":"Polygon","coordinates":[[[113.49630212,49.15781644],[113.5100043,49.15751923],[113.50977713,49.15302586],[113.49607619,49.15332302],[113.49598054,49.15332509],[113.49598055,49.15782339],[113.49630212,49.15781644]]]}},{"type":"Feature","id":"BLOCK_POLYGONS:171","properties":{"fid":171,"cad_handle":2075,"cad_layer":"BLOCK_POLYGONS","layer_handle":116,"cad_color":256,"closed":1,"vertex_cnt":4,"elevation":0.0,"thickness":0.0,"raw_flags":512,"source_dwg":"Nergui undur_L3_boundary.dwg","layer":"BLOCK_POLYGONS","source_epsg":99999,"area_m2":500000.0},"geometry":{"type":"Polygon","coordinates":[[[113.50977713,49.15302586],[113.5100043,49.15751923],[113.52370625,49.15722039],[113.52347785,49.15272707],[113.50977713,49.15302586]]]}},{"type":"Feature","id":"BLOCK_POLYGONS:172","properties":{"fid":172,"cad_handle":2082,"cad_layer":"BLOCK_POLYGONS","layer_handle":116,"cad_color":256,"closed":1,"vertex_cnt":4,"elevation":0.0,"thickness":0.0,"raw_flags":512,"source_dwg":"Nergui undur_L3_boundary.dwg","layer":"BLOCK_POLYGONS","source_epsg":99999,"area_m2":500000.0},"geometry":{"type":"Polygon","coordinates":[[[113.52347785,49.15272707],[113.52370625,49.15722039],[113.53740798,49.15691994],[113.53717833,49.15242666],[113.52347785,49.15272707]]]}},{"type":"Feature","id":"BLOCK_POLYGONS:173","properties":{"fid":173,"cad_handle":2089,"cad_layer":"BLOCK_POLYGONS","layer_handle":116,"cad_color":256,"closed":1,"vertex_cnt":4,"elevation":0.0,"thickness":0.0,"raw_flags":512,"source_dwg":"Nergui undur_L3_boundary.dwg","layer":"BLOCK_POLYGONS","source_epsg":99999,"area_m2":500000.0},"geometry":{"type":"Polygon","coordinates":[[[113.53717833,49.15242666],[113.53740798,49.15691994],[113.55110947,49.15661785],[113.55087859,49.15212463],[113.53717833,49.15242666]]]}},{"type":"Feature","id":"BLOCK_POLYGONS:174","properties":{"fid":174,"cad_handle":2096,"cad_layer":"BLOCK_POLYGONS","layer_handle":116,"cad_color":256,"closed":1,"vertex_cnt":4,"elevation":0.0,"thickness":0.0,"raw_flags":512,"source_dwg":"Nergui undur_L3_boundary.dwg","layer":"BLOCK_POLYGONS","source_epsg":99999,"area_m2":500000.0},"geometry":{"type":"Polygon","coordinates":[[[113.55087859,49.15212463],[113.55110947,49.15661785],[113.56481074,49.15631415],[113.56457862,49.15182097],[113.55087859,49.15212463]]]}},{"type":"Feature","id":"BLOCK_POLYGONS:175","properties":{"fid":175,"cad_handle":2103,"cad_layer":"BLOCK_POLYGONS","layer_handle":116,"cad_color":256,"closed":1,"vertex_cnt":6,"elevation":0.0,"thickness":0.0,"raw_flags":512,"source_dwg":"Nergui undur_L3_boundary.dwg","layer":"BLOCK_POLYGONS","source_epsg":99999,"area_m2":701726.75},"geometry":{"type":"Polygon","coordinates":[[[113.56481074,49.15631415],[113.57851177,49.15600882],[113.58392248,49.15588779],[113.58392253,49.15138944],[113.57827842,49.15151569],[113.56457862,49.15182097],[113.56481074,49.15631415]]]}},{"type":"Feature","id":"BLOCK_POLYGONS:176","properties":{"fid":176,"cad_handle":2112,"cad_layer":"BLOCK_POLYGONS","layer_handle":116,"cad_color":256,"closed":1,"vertex_cnt":23,"elevation":0.0,"thickness":0.0,"raw_flags":512,"source_dwg":"Nergui undur_L3_boundary.dwg","layer":"BLOCK_POLYGONS","source_epsg":99999,"area_m2":316289.02},"geometry":{"type":"Polygon","coordinates":[[[113.35226272,49.15849078],[113.35240377,49.15850697],[113.35254274,49.15852956],[113.35267899,49.15855844],[113.35281185,49.15859346],[113.35294067,49.15863447],[113.35306483,49.15868125],[113.35318373,49.15873358],[113.35329677,49.15879121],[113.35547917,49.15998593],[113.35558508,49.1600481],[113.3556842,49.16011492],[113.35577602,49.16018607],[113.35586015,49.16026121],[113.35593616,49.16033999],[113.35600369,49.16042201],[113.35625983,49.16076062],[113.35926818,49.16069916],[113.35905462,49.1562053],[113.34535127,49.15648459],[113.34474294,49.15649695],[113.34387669,49.1573605],[113.34390796,49.15772688],[113.35226272,49.15849078]]]}},{"type":"Feature","id":"BLOCK_POLYGONS:177","properties":{"fid":177,"cad_handle":2136,"cad_layer":"BLOCK_POLYGONS","layer_handle":116,"cad_color":256,"closed":1,"vertex_cnt":23,"elevation":0.0,"thickness":0.0,"raw_flags":512,"source_dwg":"Nergui undur_L3_boundary.dwg","layer":"BLOCK_POLYGONS","source_epsg":99999,"area_m2":532628.51},"geometry":{"type":"Polygon","coordinates":[[[113.46219596,49.15392378],[113.46213638,49.15383788],[113.46208611,49.15374945],[113.46204539,49.15365893],[113.46201441,49.15356677],[113.46199335,49.15347341],[113.4619823,49.15337932],[113.46198129,49.15328495],[113.4620888,49.15076901],[113.46209573,49.15068979],[113.46210976,49.15061099],[113.46213084,49.15053286],[113.46215887,49.15045567],[113.46219378,49.1503797],[113.46243057,49.14991443],[113.46243056,49.14954757],[113.45474986,49.14971121],[113.45497202,49.15420476],[113.45519424,49.15869832],[113.46243055,49.15854414],[113.46243056,49.1541918],[113.4623021,49.1540486],[113.46226454,49.15400674],[113.46219596,49.15392378]]]}},{"type":"Feature","id":"BLOCK_POLYGONS:178","properties":{"fid":178,"cad_handle":2162,"cad_layer":"BLOCK_POLYGONS","layer_handle":116,"cad_color":256,"closed":1,"vertex_cnt":10,"elevation":0.0,"thickness":0.0,"raw_flags":512,"source_dwg":"Nergui undur_L3_boundary.dwg","layer":"BLOCK_POLYGONS","source_epsg":99999,"area_m2":658384.44},"geometry":{"type":"Polygon","coordinates":[[[113.42293611,49.1517314],[113.42293609,49.15488181],[113.42756814,49.15478447],[113.44127019,49.15449543],[113.44104926,49.15000183],[113.42734845,49.15029082],[113.42411873,49.15035871],[113.4239927,49.15053303],[113.42395922,49.15057723],[113.42391118,49.15063444],[113.42293611,49.1517314]]]}},{"type":"Feature","id":"BLOCK_POLYGONS:179","properties":{"fid":179,"cad_handle":2175,"cad_layer":"BLOCK_POLYGONS","layer_handle":116,"cad_color":256,"closed":1,"vertex_cnt":23,"elevation":0.0,"thickness":0.0,"raw_flags":512,"source_dwg":"Nergui undur_L3_boundary.dwg","layer":"BLOCK_POLYGONS","source_epsg":99999,"area_m2":597749.37},"geometry":{"type":"Polygon","coordinates":[[[113.57692223,49.14812261],[113.57678886,49.14815881],[113.57665194,49.14818878],[113.57651215,49.14821239],[113.57637017,49.1482295],[113.57622672,49.14824003],[113.5760825,49.14824393],[113.57593821,49.14824119],[113.57579457,49.14823181],[113.57565231,49.14821584],[113.57551209,49.14819336],[113.57537461,49.14816449],[113.57524056,49.14812936],[113.57517427,49.14810833],[113.57117222,49.14810833],[113.57117222,49.1471759],[113.56434657,49.14732779],[113.56457862,49.15182097],[113.57827842,49.15151569],[113.58392253,49.15138944],[113.5839226,49.14810833],[113.5781015,49.14810836],[113.57696587,49.14810832],[113.57692223,49.14812261]]]}},{"type":"Feature","id":"BLOCK_POLYGONS:180","properties":{"fid":180,"cad_handle":2201,"cad_layer":"BLOCK_POLYGONS","layer_handle":116,"cad_color":256,"closed":1,"vertex_cnt":20,"elevation":0.0,"thickness":0.0,"raw_flags":512,"source_dwg":"Nergui undur_L3_boundary.dwg","layer":"BLOCK_POLYGONS","source_epsg":99999,"area_m2":482282.45},"geometry":{"type":"Polygon","coordinates":[[[113.3460989,49.1536708],[113.34611221,49.15376381],[113.34611566,49.1538572],[113.34610927,49.15395052],[113.34609304,49.15404333],[113.34583207,49.15518461],[113.34580478,49.15528027],[113.34576703,49.15537439],[113.34571906,49.15546649],[113.34566109,49.15555607],[113.34559339,49.15564268],[113.34551638,49.15572587],[113.34532447,49.15591719],[113.34474294,49.15649695],[113.34535127,49.15648459],[113.35905462,49.1562053],[113.35884111,49.15171142],[113.34541698,49.15198502],[113.34604304,49.1534877],[113.34607581,49.15357861],[113.3460989,49.1536708]]]}},{"type":"Feature","id":"BLOCK_POLYGONS:181","properties":{"fid":181,"cad_handle":2227,"cad_layer":"BLOCK_POLYGONS","layer_handle":116,"cad_color":256,"closed":1,"vertex_cnt":8,"elevation":0.0,"thickness":0.0,"raw_flags":512,"source_dwg":"Nergui undur_L3_boundary.dwg","layer":"BLOCK_POLYGONS","source_epsg":99999,"area_m2":629560.67},"geometry":{"type":"Polygon","coordinates":[[[113.38319303,49.15158636],[113.3831861,49.15570951],[113.38646067,49.15564184],[113.40016338,49.15535767],[113.39994616,49.15086394],[113.38624469,49.15114806],[113.37768004,49.15132483],[113.37767959,49.15158225],[113.38319303,49.15158636]]]}},{"type":"Feature","id":"BLOCK_POLYGONS:182","properties":{"fid":182,"cad_handle":2238,"cad_layer":"BLOCK_POLYGONS","layer_handle":116,"cad_color":256,"closed":1,"vertex_cnt":8,"elevation":0.0,"thickness":0.0,"raw_flags":512,"source_dwg":"Nergui undur_L3_boundary.dwg","layer":"BLOCK_POLYGONS","source_epsg":99999,"area_m2":304603.38},"geometry":{"type":"Polygon","coordinates":[[[113.48122778,49.14929722],[113.4755194,49.14926753],[113.47551942,49.15376583],[113.47551944,49.15596111],[113.47994273,49.15596111],[113.48118854,49.15508866],[113.48122778,49.15505598],[113.48122777,49.15364323],[113.48122778,49.14929722]]]}},{"type":"Feature","id":"BLOCK_POLYGONS:183","properties":{"fid":183,"cad_handle":2251,"cad_layer":"BLOCK_POLYGONS","layer_handle":116,"cad_color":256,"closed":1,"vertex_cnt":6,"elevation":0.0,"thickness":0.0,"raw_flags":512,"source_dwg":"Nergui undur_L3_boundary.dwg","layer":"BLOCK_POLYGONS","source_epsg":99999,"area_m2":496311.28},"geometry":{"type":"Polygon","coordinates":[[[113.41364741,49.15057819],[113.39994616,49.15086394],[113.40016338,49.15535767],[113.41365555,49.15507628],[113.41365555,49.15074565],[113.41365555,49.15057802],[113.41364741,49.15057819]]]}},{"type":"Feature","id":"BLOCK_POLYGONS:184","properties":{"fid":184,"cad_handle":2260,"cad_layer":"BLOCK_POLYGONS","layer_handle":116,"cad_color":256,"closed":1,"vertex_cnt":6,"elevation":0.0,"thickness":0.0,"raw_flags":512,"source_dwg":"Nergui undur_L3_boundary.dwg","layer":"BLOCK_POLYGONS","source_epsg":99999,"area_m2":438029.32},"geometry":{"type":"Polygon","coordinates":[[[113.3686796,49.1505763],[113.35878677,49.15056749],[113.35884111,49.15171142],[113.35905462,49.1562053],[113.36866888,49.15600837],[113.36867775,49.15150995],[113.3686796,49.1505763]]]}},{"type":"Feature","id":"BLOCK_POLYGONS:185","properties":{"fid":185,"cad_handle":2269,"cad_layer":"BLOCK_POLYGONS","layer_handle":116,"cad_color":256,"closed":1,"vertex_cnt":4,"elevation":0.0,"thickness":0.0,"raw_flags":512,"source_dwg":"Nergui undur_L3_boundary.dwg","layer":"BLOCK_POLYGONS","source_epsg":99999,"area_m2":500000.0},"geometry":{"type":"Polygon","coordinates":[[[113.44104926,49.15000183],[113.44127019,49.15449543],[113.45497202,49.15420476],[113.45474986,49.14971121],[113.44104926,49.15000183]]]}},{"type":"Feature","id":"BLOCK_POLYGONS:186","properties":{"fid":186,"cad_handle":2276,"cad_layer":"BLOCK_POLYGONS","layer_handle":116,"cad_color":256,"closed":1,"vertex_cnt":4,"elevation":0.0,"thickness":0.0,"raw_flags":512,"source_dwg":"Nergui undur_L3_boundary.dwg","layer":"BLOCK_POLYGONS","source_epsg":99999,"area_m2":500000.0},"geometry":{"type":"Polygon","coordinates":[[[113.50955002,49.14853249],[113.50977713,49.15302586],[113.52347785,49.15272707],[113.5232495,49.14823375],[113.50955002,49.14853249]]]}},{"type":"Feature","id":"BLOCK_POLYGONS:187","properties":{"fid":187,"cad_handle":2283,"cad_layer":"BLOCK_POLYGONS","layer_handle":116,"cad_color":256,"closed":1,"vertex_cnt":4,"elevation":0.0,"thickness":0.0,"raw_flags":512,"source_dwg":"Nergui undur_L3_boundary.dwg","layer":"BLOCK_POLYGONS","source_epsg":99999,"area_m2":500000.0},"geometry":{"type":"Polygon","coordinates":[[[113.5232495,49.14823375],[113.52347785,49.15272707],[113.53717833,49.15242666],[113.53694875,49.14793339],[113.5232495,49.14823375]]]}},{"type":"Feature","id":"BLOCK_POLYGONS:188","properties":{"fid":188,"cad_handle":2290,"cad_layer":"BLOCK_POLYGONS","layer_handle":116,"cad_color":256,"closed":1,"vertex_cnt":4,"elevation":0.0,"thickness":0.0,"raw_flags":512,"source_dwg":"Nergui undur_L3_boundary.dwg","layer":"BLOCK_POLYGONS","source_epsg":99999,"area_m2":500000.0},"geometry":{"type":"Polygon","coordinates":[[[113.53694875,49.14793339],[113.53717833,49.15242666],[113.55087859,49.15212463],[113.55064777,49.1476314],[113.53694875,49.14793339]]]}},{"type":"Feature","id":"BLOCK_POLYGONS:189","properties":{"fid":189,"cad_handle":2297,"cad_layer":"BLOCK_POLYGONS","layer_handle":116,"cad_color":256,"closed":1,"vertex_cnt":4,"elevation":0.0,"thickness":0.0,"raw_flags":512,"source_dwg":"Nergui undur_L3_boundary.dwg","layer":"BLOCK_POLYGONS","source_epsg":99999,"area_m2":500000.0},"geometry":{"type":"Polygon","coordinates":[[[113.55064777,49.1476314],[113.55087859,49.15212463],[113.56457862,49.15182097],[113.56434657,49.14732779],[113.55064777,49.1476314]]]}},{"type":"Feature","id":"BLOCK_POLYGONS:190","properties":{"fid":190,"cad_handle":2304,"cad_layer":"BLOCK_POLYGONS","layer_handle":116,"cad_color":256,"closed":1,"vertex_cnt":6,"elevation":0.0,"thickness":0.0,"raw_flags":512,"source_dwg":"Nergui undur_L3_boundary.dwg","layer":"BLOCK_POLYGONS","source_epsg":99999,"area_m2":499368.54},"geometry":{"type":"Polygon","coordinates":[[[113.50955002,49.14853249],[113.49598056,49.14882679],[113.49598054,49.15142047],[113.49598054,49.15332509],[113.49607619,49.15332302],[113.50977713,49.15302586],[113.50955002,49.14853249]]]}},{"type":"Feature","id":"BLOCK_POLYGONS:191","properties":{"fid":191,"cad_handle":2313,"cad_layer":"BLOCK_POLYGONS","layer_handle":116,"cad_color":256,"closed":1,"vertex_cnt":6,"elevation":0.0,"thickness":0.0,"raw_flags":512,"source_dwg":"Nergui undur_L3_boundary.dwg","layer":"BLOCK_POLYGONS","source_epsg":99999,"area_m2":495824.52},"geometry":{"type":"Polygon","coordinates":[[[113.49598056,49.14620556],[113.49598056,49.14882679],[113.50955002,49.14853249],[113.50932296,49.14403911],[113.49562449,49.14433618],[113.49571843,49.14620557],[113.49598056,49.14620556]]]}},{"type":"Feature","id":"BLOCK_POLYGONS:192","properties":{"fid":192,"cad_handle":2322,"cad_layer":"BLOCK_POLYGONS","layer_handle":116,"cad_color":256,"closed":1,"vertex_cnt":9,"elevation":0.0,"thickness":0.0,"raw_flags":512,"source_dwg":"Nergui undur_L3_boundary.dwg","layer":"BLOCK_POLYGONS","source_epsg":99999,"area_m2":514334.27},"geometry":{"type":"Polygon","coordinates":[[[113.48527501,49.14620555],[113.49571843,49.14620557],[113.49562449,49.14433618],[113.4819258,49.14463163],[113.47551941,49.14476924],[113.4755194,49.14926753],[113.48122778,49.14929729],[113.485275,49.14929722],[113.485275,49.14905785],[113.48527501,49.14620555]]]}},{"type":"Feature","id":"BLOCK_POLYGONS:193","properties":{"fid":193,"cad_handle":2335,"cad_layer":"BLOCK_POLYGONS","layer_handle":116,"cad_color":256,"closed":1,"vertex_cnt":9,"elevation":0.0,"thickness":0.0,"raw_flags":512,"source_dwg":"Nergui undur_L3_boundary.dwg","layer":"BLOCK_POLYGONS","source_epsg":99999,"area_m2":520185.18},"geometry":{"type":"Polygon","coordinates":[[[113.42720491,49.14735422],[113.42439276,49.14997968],[113.42411873,49.15035871],[113.42734845,49.15029082],[113.44104926,49.15000183],[113.44082839,49.14550822],[113.43423889,49.14564741],[113.43423889,49.14589722],[113.42876535,49.14589722],[113.42720491,49.14735422]]]}},{"type":"Feature","id":"BLOCK_POLYGONS:194","properties":{"fid":194,"cad_handle":2347,"cad_layer":"BLOCK_POLYGONS","layer_handle":116,"cad_color":256,"closed":1,"vertex_cnt":8,"elevation":0.0,"thickness":0.0,"raw_flags":512,"source_dwg":"Nergui undur_L3_boundary.dwg","layer":"BLOCK_POLYGONS","source_epsg":99999,"area_m2":725320.0},"geometry":{"type":"Polygon","coordinates":[[[113.55998889,49.14292621],[113.55041701,49.14313817],[113.55064777,49.1476314],[113.56434657,49.14732779],[113.57117222,49.1471759],[113.57117222,49.14311111],[113.56412885,49.14311123],[113.55998888,49.14311111],[113.55998889,49.14292621]]]}},{"type":"Feature","id":"BLOCK_POLYGONS:195","properties":{"fid":195,"cad_handle":2358,"cad_layer":"BLOCK_POLYGONS","layer_handle":116,"cad_color":256,"closed":1,"vertex_cnt":8,"elevation":0.0,"thickness":0.0,"raw_flags":512,"source_dwg":"Nergui undur_L3_boundary.dwg","layer":"BLOCK_POLYGONS","source_epsg":99999,"area_m2":786322.61},"geometry":{"type":"Polygon","coordinates":[[[113.37768765,49.14708255],[113.37768004,49.15132483],[113.38624469,49.15114806],[113.39994616,49.15086394],[113.399729,49.14637019],[113.38602877,49.14665427],[113.38568027,49.14666147],[113.38567958,49.14708842],[113.37768765,49.14708255]]]}},{"type":"Feature","id":"BLOCK_POLYGONS:196","properties":{"fid":196,"cad_handle":2369,"cad_layer":"BLOCK_POLYGONS","layer_handle":116,"cad_color":256,"closed":1,"vertex_cnt":14,"elevation":0.0,"thickness":0.0,"raw_flags":512,"source_dwg":"Nergui undur_L3_boundary.dwg","layer":"BLOCK_POLYGONS","source_epsg":99999,"area_m2":508481.21},"geometry":{"type":"Polygon","coordinates":[[[113.34393226,49.148572],[113.34399005,49.14864484],[113.34404098,49.14871985],[113.34408484,49.14879675],[113.34412149,49.14887526],[113.34510316,49.15123176],[113.34541698,49.15198502],[113.35884111,49.15171142],[113.35878677,49.15056749],[113.35817197,49.15056691],[113.35817925,49.14722671],[113.34492679,49.14749675],[113.34292331,49.14753744],[113.34386783,49.1485016],[113.34393226,49.148572]]]}},{"type":"Feature","id":"BLOCK_POLYGONS:197","properties":{"fid":197,"cad_handle":2386,"cad_layer":"BLOCK_POLYGONS","layer_handle":116,"cad_color":256,"closed":1,"vertex_cnt":17,"elevation":0.0,"thickness":0.0,"raw_flags":512,"source_dwg":"Nergui undur_L3_boundary.dwg","layer":"BLOCK_POLYGONS","source_epsg":99999,"area_m2":635894.53},"geometry":{"type":"Polygon","coordinates":[[[113.34292331,49.14753744],[113.34492679,49.14749675],[113.34471463,49.14300283],[113.34450252,49.1385089],[113.33668078,49.13866754],[113.33668097,49.14316577],[113.33668116,49.147664],[113.33668138,49.15216222],[113.33668162,49.15666044],[113.33668187,49.16115866],[113.33804992,49.16113095],[113.33804992,49.15663273],[113.33804993,49.15213451],[113.33804996,49.14763628],[113.33805,49.14313805],[113.33805,49.14256212],[113.33860307,49.14312684],[113.34292331,49.14753744]]]}},{"type":"Feature","id":"BLOCK_POLYGONS:198","properties":{"fid":198,"cad_handle":2406,"cad_layer":"BLOCK_POLYGONS","layer_handle":116,"cad_color":256,"closed":1,"vertex_cnt":4,"elevation":0.0,"thickness":0.0,"raw_flags":512,"source_dwg":"Nergui undur_L3_boundary.dwg","layer":"BLOCK_POLYGONS","source_epsg":99999,"area_m2":500000.0},"geometry":{"type":"Polygon","coordinates":[[[113.44082839,49.14550822],[113.44104926,49.15000183],[113.45474986,49.14971121],[113.45452775,49.14521765],[113.44082839,49.14550822]]]}},{"type":"Feature","id":"BLOCK_POLYGONS:199","properties":{"fid":199,"cad_handle":2413,"cad_layer":"BLOCK_POLYGONS","layer_handle":116,"cad_color":256,"closed":1,"vertex_cnt":6,"elevation":0.0,"thickness":0.0,"raw_flags":512,"source_dwg":"Nergui undur_L3_boundary.dwg","layer":"BLOCK_POLYGONS","source_epsg":99999,"area_m2":576881.0},"geometry":{"type":"Polygon","coordinates":[[[113.45430569,49.14072408],[113.45452775,49.14521765],[113.45474986,49.14971121],[113.46243056,49.14954757],[113.46243055,49.14504928],[113.46243055,49.14055099],[113.45430569,49.14072408]]]}},{"type":"Feature","id":"BLOCK_POLYGONS:200","properties":{"fid":200,"cad_handle":2422,"cad_layer":"BLOCK_POLYGONS","layer_handle":116,"cad_color":256,"closed":1,"vertex_cnt":4,"elevation":0.0,"thickness":0.0,"raw_flags":512,"source_dwg":"Nergui undur_L3_boundary.dwg","layer":"BLOCK_POLYGONS","source_epsg":99999,"area_m2":500000.0},"geometry":{"type":"Polygon","coordinates":[[[113.50932296,49.14403911],[113.50955002,49.14853249],[113.5232495,49.14823375],[113.52302121,49.14374042],[113.50932296,49.14403911]]]}},{"type":"Feature","id":"BLOCK_POLYGONS:201","properties":{"fid":201,"cad_handle":2429,"cad_layer":"BLOCK_POLYGONS","layer_handle":116,"cad_color":256,"closed":1,"vertex_cnt":8,"elevation":0.0,"thickness":0.0,"raw_flags":512,"source_dwg":"Nergui undur_L3_boundary.dwg","layer":"BLOCK_POLYGONS","source_epsg":99999,"area_m2":745637.92},"geometry":{"type":"Polygon","coordinates":[[[113.52786667,49.13913605],[113.52279297,49.13924709],[113.52302121,49.14374042],[113.5232495,49.14823375],[113.53694875,49.14793339],[113.53671922,49.14344011],[113.53667816,49.14263614],[113.52786667,49.14263611],[113.52786667,49.13913605]]]}},{"type":"Feature","id":"BLOCK_POLYGONS:202","properties":{"fid":202,"cad_handle":2440,"cad_layer":"BLOCK_POLYGONS","layer_handle":116,"cad_color":256,"closed":1,"vertex_cnt":4,"elevation":0.0,"thickness":0.0,"raw_flags":512,"source_dwg":"Nergui undur_L3_boundary.dwg","layer":"BLOCK_POLYGONS","source_epsg":99999,"area_m2":500000.0},"geometry":{"type":"Polygon","coordinates":[[[113.53671922,49.14344011],[113.53694875,49.14793339],[113.55064777,49.1476314],[113.55041701,49.14313817],[113.53671922,49.14344011]]]}},{"type":"Feature","id":"BLOCK_POLYGONS:203","properties":{"fid":203,"cad_handle":2447,"cad_layer":"BLOCK_POLYGONS","layer_handle":116,"cad_color":256,"closed":1,"vertex_cnt":8,"elevation":0.0,"thickness":0.0,"raw_flags":512,"source_dwg":"Nergui undur_L3_boundary.dwg","layer":"BLOCK_POLYGONS","source_epsg":99999,"area_m2":560275.94},"geometry":{"type":"Polygon","coordinates":[[[113.39994616,49.15086394],[113.41364741,49.15057819],[113.41365555,49.15057802],[113.41365555,49.14910833],[113.41591668,49.14910833],[113.41591668,49.14603244],[113.41342901,49.14608449],[113.399729,49.14637019],[113.39994616,49.15086394]]]}},{"type":"Feature","id":"BLOCK_POLYGONS:204","properties":{"fid":204,"cad_handle":2458,"cad_layer":"BLOCK_POLYGONS","layer_handle":116,"cad_color":256,"closed":1,"vertex_cnt":10,"elevation":0.0,"thickness":0.0,"raw_flags":512,"source_dwg":"Nergui undur_L3_boundary.dwg","layer":"BLOCK_POLYGONS","source_epsg":99999,"area_m2":545375.32},"geometry":{"type":"Polygon","coordinates":[[[113.37211369,49.14244289],[113.35841426,49.14272367],[113.35862049,49.14706661],[113.36568943,49.147073],[113.3716738,49.14707808],[113.37167404,49.14695017],[113.37167959,49.14404188],[113.37219007,49.14404231],[113.37665975,49.14404588],[113.37666281,49.14234929],[113.37211369,49.14244289]]]}},{"type":"Feature","id":"BLOCK_POLYGONS:205","properties":{"fid":205,"cad_handle":2471,"cad_layer":"BLOCK_POLYGONS","layer_handle":116,"cad_color":256,"closed":1,"vertex_cnt":10,"elevation":0.0,"thickness":0.0,"raw_flags":512,"source_dwg":"Nergui undur_L3_boundary.dwg","layer":"BLOCK_POLYGONS","source_epsg":99999,"area_m2":447863.97},"geometry":{"type":"Polygon","coordinates":[[[113.545475,49.13874896],[113.545475,49.14001667],[113.53738333,49.14001667],[113.53738334,49.14263611],[113.53667816,49.14263614],[113.53671922,49.14344011],[113.55041701,49.14313817],[113.5501863,49.13864493],[113.5501224,49.13740019],[113.545475,49.1374],[113.545475,49.13874896]]]}},{"type":"Feature","id":"BLOCK_POLYGONS:206","properties":{"fid":206,"cad_handle":2486,"cad_layer":"BLOCK_POLYGONS","layer_handle":116,"cad_color":256,"closed":1,"vertex_cnt":6,"elevation":0.0,"thickness":0.0,"raw_flags":512,"source_dwg":"Nergui undur_L3_boundary.dwg","layer":"BLOCK_POLYGONS","source_epsg":99999,"area_m2":552797.32},"geometry":{"type":"Polygon","coordinates":[[[113.38568855,49.141588],[113.38568027,49.14666147],[113.38602877,49.14665427],[113.399729,49.14637019],[113.39951189,49.14187645],[113.39617957,49.14159488],[113.38568855,49.141588]]]}},{"type":"Feature","id":"BLOCK_POLYGONS:207","properties":{"fid":207,"cad_handle":2495,"cad_layer":"BLOCK_POLYGONS","layer_handle":116,"cad_color":256,"closed":1,"vertex_cnt":4,"elevation":0.0,"thickness":0.0,"raw_flags":512,"source_dwg":"Nergui undur_L3_boundary.dwg","layer":"BLOCK_POLYGONS","source_epsg":99999,"area_m2":500000.0},"geometry":{"type":"Polygon","coordinates":[[[113.39951189,49.14187645],[113.399729,49.14637019],[113.41342901,49.14608449],[113.41321067,49.14159079],[113.39951189,49.14187645]]]}},{"type":"Feature","id":"BLOCK_POLYGONS:208","properties":{"fid":208,"cad_handle":2502,"cad_layer":"BLOCK_POLYGONS","layer_handle":116,"cad_color":256,"closed":1,"vertex_cnt":4,"elevation":0.0,"thickness":0.0,"raw_flags":512,"source_dwg":"Nergui undur_L3_boundary.dwg","layer":"BLOCK_POLYGONS","source_epsg":99999,"area_m2":500000.0},"geometry":{"type":"Polygon","coordinates":[[[113.44060757,49.14101461],[113.44082839,49.14550822],[113.45452775,49.14521765],[113.45430569,49.14072408],[113.44060757,49.14101461]]]}},{"type":"Feature","id":"BLOCK_POLYGONS:209","properties":{"fid":209,"cad_handle":2509,"cad_layer":"BLOCK_POLYGONS","layer_handle":116,"cad_color":256,"closed":1,"vertex_cnt":6,"elevation":0.0,"thickness":0.0,"raw_flags":512,"source_dwg":"Nergui undur_L3_boundary.dwg","layer":"BLOCK_POLYGONS","source_epsg":99999,"area_m2":451309.0},"geometry":{"type":"Polygon","coordinates":[[[113.4814768,49.13564468],[113.47551944,49.13577264],[113.47551942,49.14027094],[113.47551941,49.14476924],[113.4819258,49.14463163],[113.48170127,49.14013816],[113.4814768,49.13564468]]]}},{"type":"Feature","id":"BLOCK_POLYGONS:210","properties":{"fid":210,"cad_handle":2518,"cad_layer":"BLOCK_POLYGONS","layer_handle":116,"cad_color":256,"closed":1,"vertex_cnt":4,"elevation":0.0,"thickness":0.0,"raw_flags":512,"source_dwg":"Nergui undur_L3_boundary.dwg","layer":"BLOCK_POLYGONS","source_epsg":99999,"area_m2":500000.0},"geometry":{"type":"Polygon","coordinates":[[[113.48170127,49.14013816],[113.4819258,49.14463163],[113.49562449,49.14433618],[113.49539873,49.13984276],[113.48170127,49.14013816]]]}},{"type":"Feature","id":"BLOCK_POLYGONS:211","properties":{"fid":211,"cad_handle":2525,"cad_layer":"BLOCK_POLYGONS","layer_handle":116,"cad_color":256,"closed":1,"vertex_cnt":4,"elevation":0.0,"thickness":0.0,"raw_flags":512,"source_dwg":"Nergui undur_L3_boundary.dwg","layer":"BLOCK_POLYGONS","source_epsg":99999,"area_m2":500000.0},"geometry":{"type":"Polygon","coordinates":[[[113.49539873,49.13984276],[113.49562449,49.14433618],[113.50932296,49.14403911],[113.50909596,49.13954574],[113.49539873,49.13984276]]]}},{"type":"Feature","id":"BLOCK_POLYGONS:212","properties":{"fid":212,"cad_handle":2532,"cad_layer":"BLOCK_POLYGONS","layer_handle":116,"cad_color":256,"closed":1,"vertex_cnt":4,"elevation":0.0,"thickness":0.0,"raw_flags":512,"source_dwg":"Nergui undur_L3_boundary.dwg","layer":"BLOCK_POLYGONS","source_epsg":99999,"area_m2":500000.0},"geometry":{"type":"Polygon","coordinates":[[[113.50909596,49.13954574],[113.50932296,49.14403911],[113.52302121,49.14374042],[113.52279297,49.13924709],[113.50909596,49.13954574]]]}},{"type":"Feature","id":"BLOCK_POLYGONS:213","properties":{"fid":213,"cad_handle":2539,"cad_layer":"BLOCK_POLYGONS","layer_handle":116,"cad_color":256,"closed":1,"vertex_cnt":4,"elevation":0.0,"thickness":0.0,"raw_flags":512,"source_dwg":"Nergui undur_L3_boundary.dwg","layer":"BLOCK_POLYGONS","source_epsg":99999,"area_m2":444207.49},"geometry":{"type":"Polygon","coordinates":[[[113.55998889,49.13740204],[113.55012247,49.13740161],[113.55041701,49.14313817],[113.55998889,49.14292621],[113.55998889,49.13740204]]]}},{"type":"Feature","id":"BLOCK_POLYGONS:214","properties":{"fid":214,"cad_handle":2546,"cad_layer":"BLOCK_POLYGONS","layer_handle":116,"cad_color":256,"closed":1,"vertex_cnt":6,"elevation":0.0,"thickness":0.0,"raw_flags":512,"source_dwg":"Nergui undur_L3_boundary.dwg","layer":"BLOCK_POLYGONS","source_epsg":99999,"area_m2":499438.09},"geometry":{"type":"Polygon","coordinates":[[[113.3581796,49.1470662],[113.35862049,49.14706661],[113.35841426,49.14272367],[113.34471463,49.14300283],[113.34492679,49.14749675],[113.35817925,49.14722671],[113.3581796,49.1470662]]]}},{"type":"Feature","id":"BLOCK_POLYGONS:215","properties":{"fid":215,"cad_handle":2555,"cad_layer":"BLOCK_POLYGONS","layer_handle":116,"cad_color":256,"closed":1,"vertex_cnt":10,"elevation":0.0,"thickness":0.0,"raw_flags":512,"source_dwg":"Nergui undur_L3_boundary.dwg","layer":"BLOCK_POLYGONS","source_epsg":99999,"area_m2":459449.7},"geometry":{"type":"Polygon","coordinates":[[[113.42138889,49.14078056],[113.42138889,49.1369212],[113.41299238,49.13709709],[113.41321067,49.14159079],[113.41342901,49.14608449],[113.41591668,49.14603244],[113.41591668,49.14399444],[113.41948612,49.14399444],[113.41948611,49.14145939],[113.41948611,49.14078056],[113.42138889,49.14078056]]]}},{"type":"Feature","id":"BLOCK_POLYGONS:216","properties":{"fid":216,"cad_handle":2568,"cad_layer":"BLOCK_POLYGONS","layer_handle":116,"cad_color":256,"closed":1,"vertex_cnt":8,"elevation":0.0,"thickness":0.0,"raw_flags":512,"source_dwg":"Nergui undur_L3_boundary.dwg","layer":"BLOCK_POLYGONS","source_epsg":99999,"area_m2":533685.42},"geometry":{"type":"Polygon","coordinates":[[[113.39618453,49.13809432],[113.39617957,49.14159488],[113.39951189,49.14187645],[113.41321067,49.14159079],[113.41299238,49.13709709],[113.40868063,49.13718717],[113.40867957,49.13810127],[113.39932929,49.1380962],[113.39618453,49.13809432]]]}},{"type":"Feature","id":"BLOCK_POLYGONS:217","properties":{"fid":217,"cad_handle":2583,"cad_layer":"BLOCK_POLYGONS","layer_handle":116,"cad_color":256,"closed":1,"vertex_cnt":4,"elevation":0.0,"thickness":0.0,"raw_flags":512,"source_dwg":"Nergui undur_L3_boundary.dwg","layer":"BLOCK_POLYGONS","source_epsg":99999,"area_m2":500000.0},"geometry":{"type":"Polygon","coordinates":[[[113.34450252,49.1385089],[113.34471463,49.14300283],[113.35841426,49.14272367],[113.35820092,49.13822978],[113.34450252,49.1385089]]]}},{"type":"Feature","id":"BLOCK_POLYGONS:218","properties":{"fid":218,"cad_handle":2590,"cad_layer":"BLOCK_POLYGONS","layer_handle":116,"cad_color":256,"closed":1,"vertex_cnt":4,"elevation":0.0,"thickness":0.0,"raw_flags":512,"source_dwg":"Nergui undur_L3_boundary.dwg","layer":"BLOCK_POLYGONS","source_epsg":99999,"area_m2":500000.0},"geometry":{"type":"Polygon","coordinates":[[[113.35841426,49.14272367],[113.37211369,49.14244289],[113.3718991,49.13794905],[113.35820092,49.13822978],[113.35841426,49.14272367]]]}},{"type":"Feature","id":"BLOCK_POLYGONS:219","properties":{"fid":219,"cad_handle":2599,"cad_layer":"BLOCK_POLYGONS","layer_handle":116,"cad_color":256,"closed":1,"vertex_cnt":7,"elevation":0.0,"thickness":0.0,"raw_flags":512,"source_dwg":"Nergui undur_L3_boundary.dwg","layer":"BLOCK_POLYGONS","source_epsg":99999,"area_m2":494721.84},"geometry":{"type":"Polygon","coordinates":[[[113.43423888,49.13603264],[113.43423887,49.14114913],[113.43423889,49.14564741],[113.44082839,49.14550822],[113.44060757,49.14101461],[113.44035839,49.13594255],[113.44035839,49.13594255],[113.43423888,49.13603264]]]}},{"type":"Feature","id":"BLOCK_POLYGONS:220","properties":{"fid":220,"cad_handle":2612,"cad_layer":"BLOCK_POLYGONS","layer_handle":116,"cad_color":256,"closed":1,"vertex_cnt":4,"elevation":0.0,"thickness":0.0,"raw_flags":512,"source_dwg":"Nergui undur_L3_boundary.dwg","layer":"BLOCK_POLYGONS","source_epsg":99999,"area_m2":500000.0},"geometry":{"type":"Polygon","coordinates":[[[113.44038681,49.13652099],[113.44060757,49.14101461],[113.45430569,49.14072408],[113.45408369,49.13623051],[113.44038681,49.13652099]]]}},{"type":"Feature","id":"BLOCK_POLYGONS:221","properties":{"fid":221,"cad_handle":2619,"cad_layer":"BLOCK_POLYGONS","layer_handle":116,"cad_color":256,"closed":1,"vertex_cnt":4,"elevation":0.0,"thickness":0.0,"raw_flags":512,"source_dwg":"Nergui undur_L3_boundary.dwg","layer":"BLOCK_POLYGONS","source_epsg":99999,"area_m2":300637.75},"geometry":{"type":"Polygon","coordinates":[[[113.46243056,49.13605269],[113.45408369,49.13623051],[113.45430569,49.14072408],[113.46243055,49.14055099],[113.46243056,49.13605269]]]}},{"type":"Feature","id":"BLOCK_POLYGONS:222","properties":{"fid":222,"cad_handle":2626,"cad_layer":"BLOCK_POLYGONS","layer_handle":116,"cad_color":256,"closed":1,"vertex_cnt":4,"elevation":0.0,"thickness":0.0,"raw_flags":512,"source_dwg":"Nergui undur_L3_boundary.dwg","layer":"BLOCK_POLYGONS","source_epsg":99999,"area_m2":500000.0},"geometry":{"type":"Polygon","coordinates":[[[113.4814768,49.13564468],[113.48170127,49.14013816],[113.49539873,49.13984276],[113.49517302,49.13534933],[113.4814768,49.13564468]]]}},{"type":"Feature","id":"BLOCK_POLYGONS:223","properties":{"fid":223,"cad_handle":2633,"cad_layer":"BLOCK_POLYGONS","layer_handle":116,"cad_color":256,"closed":1,"vertex_cnt":4,"elevation":0.0,"thickness":0.0,"raw_flags":512,"source_dwg":"Nergui undur_L3_boundary.dwg","layer":"BLOCK_POLYGONS","source_epsg":99999,"area_m2":500000.0},"geometry":{"type":"Polygon","coordinates":[[[113.49517302,49.13534933],[113.49539873,49.13984276],[113.50909596,49.13954574],[113.50886902,49.13505235],[113.49517302,49.13534933]]]}},{"type":"Feature","id":"BLOCK_POLYGONS:224","properties":{"fid":224,"cad_handle":2640,"cad_layer":"BLOCK_POLYGONS","layer_handle":116,"cad_color":256,"closed":1,"vertex_cnt":4,"elevation":0.0,"thickness":0.0,"raw_flags":512,"source_dwg":"Nergui undur_L3_boundary.dwg","layer":"BLOCK_POLYGONS","source_epsg":99999,"area_m2":500000.0},"geometry":{"type":"Polygon","coordinates":[[[113.50886902,49.13505235],[113.50909596,49.13954574],[113.52279297,49.13924709],[113.52256479,49.13475375],[113.50886902,49.13505235]]]}},{"type":"Feature","id":"BLOCK_POLYGONS:225","properties":{"fid":225,"cad_handle":2647,"cad_layer":"BLOCK_POLYGONS","layer_handle":116,"cad_color":256,"closed":1,"vertex_cnt":10,"elevation":0.0,"thickness":0.0,"raw_flags":512,"source_dwg":"Nergui undur_L3_boundary.dwg","layer":"BLOCK_POLYGONS","source_epsg":99999,"area_m2":660409.9},"geometry":{"type":"Polygon","coordinates":[[[113.53571944,49.13430833],[113.53571944,49.13073889],[113.53607072,49.1307389],[113.53603098,49.12996024],[113.52233667,49.13026041],[113.52256479,49.13475375],[113.52279297,49.13924709],[113.52786667,49.13913605],[113.52786668,49.13463772],[113.52786667,49.13430833],[113.53571944,49.13430833]]]}},{"type":"Feature","id":"BLOCK_POLYGONS:226","properties":{"fid":226,"cad_handle":2660,"cad_layer":"BLOCK_POLYGONS","layer_handle":116,"cad_color":256,"closed":1,"vertex_cnt":12,"elevation":0.0,"thickness":0.0,"raw_flags":512,"source_dwg":"Nergui undur_L3_boundary.dwg","layer":"BLOCK_POLYGONS","source_epsg":99999,"area_m2":524805.55},"geometry":{"type":"Polygon","coordinates":[[[113.40868538,49.13310059],[113.40868063,49.13718717],[113.41299238,49.13709709],[113.42138889,49.1369212],[113.42138889,49.13518889],[113.42389566,49.13518889],[113.42418518,49.13443637],[113.42471457,49.1326602],[113.42474556,49.13257204],[113.42476682,49.13252334],[113.42484775,49.13235029],[113.41277414,49.13260338],[113.40868538,49.13310059]]]}},{"type":"Feature","id":"BLOCK_POLYGONS:227","properties":{"fid":227,"cad_handle":2679,"cad_layer":"BLOCK_POLYGONS","layer_handle":116,"cad_color":256,"closed":1,"vertex_cnt":6,"elevation":0.0,"thickness":0.0,"raw_flags":512,"source_dwg":"Nergui undur_L3_boundary.dwg","layer":"BLOCK_POLYGONS","source_epsg":99999,"area_m2":555573.0},"geometry":{"type":"Polygon","coordinates":[[[113.34407846,49.12952103],[113.33668044,49.12967107],[113.3366806,49.13416931],[113.33668078,49.13866754],[113.34450252,49.1385089],[113.34429046,49.13401497],[113.34407846,49.12952103]]]}},{"type":"Feature","id":"BLOCK_POLYGONS:228","properties":{"fid":228,"cad_handle":2688,"cad_layer":"BLOCK_POLYGONS","layer_handle":116,"cad_color":256,"closed":1,"vertex_cnt":4,"elevation":0.0,"thickness":0.0,"raw_flags":512,"source_dwg":"Nergui undur_L3_boundary.dwg","layer":"BLOCK_POLYGONS","source_epsg":99999,"area_m2":500000.0},"geometry":{"type":"Polygon","coordinates":[[[113.34429046,49.13401497],[113.34450252,49.1385089],[113.35820092,49.13822978],[113.35798763,49.1337359],[113.34429046,49.13401497]]]}},{"type":"Feature","id":"BLOCK_POLYGONS:229","properties":{"fid":229,"cad_handle":2695,"cad_layer":"BLOCK_POLYGONS","layer_handle":116,"cad_color":256,"closed":1,"vertex_cnt":4,"elevation":0.0,"thickness":0.0,"raw_flags":512,"source_dwg":"Nergui undur_L3_boundary.dwg","layer":"BLOCK_POLYGONS","source_epsg":99999,"area_m2":500000.0},"geometry":{"type":"Polygon","coordinates":[[[113.35798763,49.1337359],[113.35820092,49.13822978],[113.3718991,49.13794905],[113.37168458,49.1334552],[113.35798763,49.1337359]]]}},{"type":"Feature","id":"BLOCK_POLYGONS:230","properties":{"fid":230,"cad_handle":2702,"cad_layer":"BLOCK_POLYGONS","layer_handle":116,"cad_color":256,"closed":1,"vertex_cnt":13,"elevation":0.0,"thickness":0.0,"raw_flags":512,"source_dwg":"Nergui undur_L3_boundary.dwg","layer":"BLOCK_POLYGONS","source_epsg":99999,"area_m2":456822.97},"geometry":{"type":"Polygon","coordinates":[[[113.3714701,49.12896135],[113.35777439,49.129242],[113.35798763,49.1337359],[113.37168458,49.1334552],[113.37166658,49.13307824],[113.3686736,49.13307574],[113.36867953,49.13006916],[113.36867953,49.13004588],[113.36867957,49.13004588],[113.36867958,49.130041],[113.37152174,49.13004337],[113.37466021,49.13004592],[113.37466234,49.1288957],[113.3714701,49.12896135]]]}},{"type":"Feature","id":"BLOCK_POLYGONS:231","properties":{"fid":231,"cad_handle":2722,"cad_layer":"BLOCK_POLYGONS","layer_handle":116,"cad_color":256,"closed":1,"vertex_cnt":4,"elevation":0.0,"thickness":0.0,"raw_flags":512,"source_dwg":"Nergui undur_L3_boundary.dwg","layer":"BLOCK_POLYGONS","source_epsg":99999,"area_m2":500000.0},"geometry":{"type":"Polygon","coordinates":[[[113.4401661,49.13202737],[113.44038681,49.13652099],[113.45408369,49.13623051],[113.45386175,49.13173694],[113.4401661,49.13202737]]]}},{"type":"Feature","id":"BLOCK_POLYGONS:232","properties":{"fid":232,"cad_handle":2729,"cad_layer":"BLOCK_POLYGONS","layer_handle":116,"cad_color":256,"closed":1,"vertex_cnt":4,"elevation":0.0,"thickness":0.0,"raw_flags":512,"source_dwg":"Nergui undur_L3_boundary.dwg","layer":"BLOCK_POLYGONS","source_epsg":99999,"area_m2":500000.0},"geometry":{"type":"Polygon","coordinates":[[[113.48125239,49.1311512],[113.4814768,49.13564468],[113.49517302,49.13534933],[113.49494737,49.13085589],[113.48125239,49.1311512]]]}},{"type":"Feature","id":"BLOCK_POLYGONS:233","properties":{"fid":233,"cad_handle":2736,"cad_layer":"BLOCK_POLYGONS","layer_handle":116,"cad_color":256,"closed":1,"vertex_cnt":4,"elevation":0.0,"thickness":0.0,"raw_flags":512,"source_dwg":"Nergui undur_L3_boundary.dwg","layer":"BLOCK_POLYGONS","source_epsg":99999,"area_m2":500000.0},"geometry":{"type":"Polygon","coordinates":[[[113.49494737,49.13085589],[113.49517302,49.13534933],[113.50886902,49.13505235],[113.50864214,49.13055896],[113.49494737,49.13085589]]]}},{"type":"Feature","id":"BLOCK_POLYGONS:234","properties":{"fid":234,"cad_handle":2743,"cad_layer":"BLOCK_POLYGONS","layer_handle":116,"cad_color":256,"closed":1,"vertex_cnt":4,"elevation":0.0,"thickness":0.0,"raw_flags":512,"source_dwg":"Nergui undur_L3_boundary.dwg","layer":"BLOCK_POLYGONS","source_epsg":99999,"area_m2":500000.0},"geometry":{"type":"Polygon","coordinates":[[[113.50864214,49.13055896],[113.50886902,49.13505235],[113.52256479,49.13475375],[113.52233667,49.13026041],[113.50864214,49.13055896]]]}},{"type":"Feature","id":"BLOCK_POLYGONS:235","properties":{"fid":235,"cad_handle":2750,"cad_layer":"BLOCK_POLYGONS","layer_handle":116,"cad_color":256,"closed":1,"vertex_cnt":6,"elevation":0.0,"thickness":0.0,"raw_flags":512,"source_dwg":"Nergui undur_L3_boundary.dwg","layer":"BLOCK_POLYGONS","source_epsg":99999,"area_m2":477462.51},"geometry":{"type":"Polygon","coordinates":[[[113.47551944,49.13549722],[113.47551944,49.13577264],[113.4814768,49.13564468],[113.48125239,49.1311512],[113.46755718,49.13144488],[113.46775845,49.13549739],[113.47551944,49.13549722]]]}},{"type":"Feature","id":"BLOCK_POLYGONS:236","properties":{"fid":236,"cad_handle":2759,"cad_layer":"BLOCK_POLYGONS","layer_handle":116,"cad_color":256,"closed":1,"vertex_cnt":6,"elevation":0.0,"thickness":0.0,"raw_flags":512,"source_dwg":"Nergui undur_L3_boundary.dwg","layer":"BLOCK_POLYGONS","source_epsg":99999,"area_m2":478407.49},"geometry":{"type":"Polygon","coordinates":[[[113.46243056,49.13549722],[113.46775845,49.13549739],[113.46755718,49.13144488],[113.45386175,49.13173694],[113.45408369,49.13623051],[113.46243056,49.13605269],[113.46243056,49.13549722]]]}},{"type":"Feature","id":"BLOCK_POLYGONS:237","properties":{"fid":237,"cad_handle":2768,"cad_layer":"BLOCK_POLYGONS","layer_handle":116,"cad_color":256,"closed":1,"vertex_cnt":5,"elevation":0.0,"thickness":0.0,"raw_flags":512,"source_dwg":"Nergui undur_L3_boundary.dwg","layer":"BLOCK_POLYGONS","source_epsg":99999,"area_m2":475934.43},"geometry":{"type":"Polygon","coordinates":[[[113.42603056,49.12982125],[113.42603056,49.12782715],[113.41255596,49.12810966],[113.41277414,49.13260338],[113.42484775,49.13235029],[113.42603056,49.12982125]]]}},{"type":"Feature","id":"BLOCK_POLYGONS:238","properties":{"fid":238,"cad_handle":2776,"cad_layer":"BLOCK_POLYGONS","layer_handle":116,"cad_color":256,"closed":1,"vertex_cnt":4,"elevation":0.0,"thickness":0.0,"raw_flags":512,"source_dwg":"Nergui undur_L3_boundary.dwg","layer":"BLOCK_POLYGONS","source_epsg":99999,"area_m2":500000.0},"geometry":{"type":"Polygon","coordinates":[[[113.4401661,49.13202737],[113.45386175,49.13173694],[113.45363986,49.12724336],[113.43994545,49.12753375],[113.4401661,49.13202737]]]}},{"type":"Feature","id":"BLOCK_POLYGONS:239","properties":{"fid":239,"cad_handle":2795,"cad_layer":"BLOCK_POLYGONS","layer_handle":116,"cad_color":256,"closed":1,"vertex_cnt":4,"elevation":0.0,"thickness":0.0,"raw_flags":512,"source_dwg":"Nergui undur_L3_boundary.dwg","layer":"BLOCK_POLYGONS","source_epsg":99999,"area_m2":500000.0},"geometry":{"type":"Polygon","coordinates":[[[113.34407846,49.12952103],[113.34429046,49.13401497],[113.35798763,49.1337359],[113.35777439,49.129242],[113.34407846,49.12952103]]]}},{"type":"Feature","id":"BLOCK_POLYGONS:240","properties":{"fid":240,"cad_handle":2802,"cad_layer":"BLOCK_POLYGONS","layer_handle":116,"cad_color":256,"closed":1,"vertex_cnt":6,"elevation":0.0,"thickness":0.0,"raw_flags":512,"source_dwg":"Nergui undur_L3_boundary.dwg","layer":"BLOCK_POLYGONS","source_epsg":99999,"area_m2":516886.0},"geometry":{"type":"Polygon","coordinates":[[[113.39891207,49.12945547],[113.39870167,49.12509645],[113.38499324,49.12508757],[113.38469606,49.12508736],[113.38469011,49.12868891],[113.38468836,49.12975009],[113.39891207,49.12945547]]]}},{"type":"Feature","id":"BLOCK_POLYGONS:241","properties":{"fid":241,"cad_handle":2815,"cad_layer":"BLOCK_POLYGONS","layer_handle":116,"cad_color":256,"closed":1,"vertex_cnt":5,"elevation":0.0,"thickness":0.0,"raw_flags":512,"source_dwg":"Nergui undur_L3_boundary.dwg","layer":"BLOCK_POLYGONS","source_epsg":99999,"area_m2":639966.56},"geometry":{"type":"Polygon","coordinates":[[[113.38467957,49.13508654],[113.3991844,49.13509591],[113.39907783,49.13288894],[113.39891207,49.12945547],[113.38468836,49.12975009],[113.38467957,49.13508654]]]}},{"type":"Feature","id":"BLOCK_POLYGONS:242","properties":{"fid":242,"cad_handle":2824,"cad_layer":"BLOCK_POLYGONS","layer_handle":116,"cad_color":256,"closed":1,"vertex_cnt":8,"elevation":0.0,"thickness":0.0,"raw_flags":512,"source_dwg":"Nergui undur_L3_boundary.dwg","layer":"BLOCK_POLYGONS","source_epsg":99999,"area_m2":547844.59},"geometry":{"type":"Polygon","coordinates":[[[113.39886089,49.12839518],[113.39907783,49.13288894],[113.3991844,49.1350959],[113.4001769,49.13509648],[113.40017956,49.13309602],[113.40868538,49.13310059],[113.41277414,49.13260338],[113.41255596,49.12810966],[113.39886089,49.12839518]]]}},{"type":"Feature","id":"BLOCK_POLYGONS:243","properties":{"fid":243,"cad_handle":2831,"cad_layer":"BLOCK_POLYGONS","layer_handle":116,"cad_color":256,"closed":1,"vertex_cnt":4,"elevation":0.0,"thickness":0.0,"raw_flags":512,"source_dwg":"Nergui undur_L3_boundary.dwg","layer":"BLOCK_POLYGONS","source_epsg":99999,"area_m2":500000.0},"geometry":{"type":"Polygon","coordinates":[[[113.45363986,49.12724336],[113.45386175,49.13173694],[113.46755718,49.13144488],[113.46733406,49.12695135],[113.45363986,49.12724336]]]}},{"type":"Feature","id":"BLOCK_POLYGONS:244","properties":{"fid":244,"cad_handle":2838,"cad_layer":"BLOCK_POLYGONS","layer_handle":116,"cad_color":256,"closed":1,"vertex_cnt":4,"elevation":0.0,"thickness":0.0,"raw_flags":512,"source_dwg":"Nergui undur_L3_boundary.dwg","layer":"BLOCK_POLYGONS","source_epsg":99999,"area_m2":500000.0},"geometry":{"type":"Polygon","coordinates":[[[113.46733406,49.12695135],[113.46755718,49.13144488],[113.48125239,49.1311512],[113.48102803,49.12665771],[113.46733406,49.12695135]]]}},{"type":"Feature","id":"BLOCK_POLYGONS:245","properties":{"fid":245,"cad_handle":2845,"cad_layer":"BLOCK_POLYGONS","layer_handle":116,"cad_color":256,"closed":1,"vertex_cnt":4,"elevation":0.0,"thickness":0.0,"raw_flags":512,"source_dwg":"Nergui undur_L3_boundary.dwg","layer":"BLOCK_POLYGONS","source_epsg":99999,"area_m2":500000.0},"geometry":{"type":"Polygon","coordinates":[[[113.48102803,49.12665771],[113.48125239,49.1311512],[113.49494737,49.13085589],[113.49472178,49.12636245],[113.48102803,49.12665771]]]}},{"type":"Feature","id":"BLOCK_POLYGONS:246","properties":{"fid":246,"cad_handle":2852,"cad_layer":"BLOCK_POLYGONS","layer_handle":116,"cad_color":256,"closed":1,"vertex_cnt":4,"elevation":0.0,"thickness":0.0,"raw_flags":512,"source_dwg":"Nergui undur_L3_boundary.dwg","layer":"BLOCK_POLYGONS","source_epsg":99999,"area_m2":500000.0},"geometry":{"type":"Polygon","coordinates":[[[113.49472178,49.12636245],[113.49494737,49.13085589],[113.50864214,49.13055896],[113.50841531,49.12606557],[113.49472178,49.12636245]]]}},{"type":"Feature","id":"BLOCK_POLYGONS:247","properties":{"fid":247,"cad_handle":2859,"cad_layer":"BLOCK_POLYGONS","layer_handle":116,"cad_color":256,"closed":1,"vertex_cnt":4,"elevation":0.0,"thickness":0.0,"raw_flags":512,"source_dwg":"Nergui undur_L3_boundary.dwg","layer":"BLOCK_POLYGONS","source_epsg":99999,"area_m2":500000.0},"geometry":{"type":"Polygon","coordinates":[[[113.50841531,49.12606557],[113.50864214,49.13055896],[113.52233667,49.13026041],[113.52210861,49.12576707],[113.50841531,49.12606557]]]}},{"type":"Feature","id":"BLOCK_POLYGONS:248","properties":{"fid":248,"cad_handle":2866,"cad_layer":"BLOCK_POLYGONS","layer_handle":116,"cad_color":256,"closed":1,"vertex_cnt":4,"elevation":0.0,"thickness":0.0,"raw_flags":512,"source_dwg":"Nergui undur_L3_boundary.dwg","layer":"BLOCK_POLYGONS","source_epsg":99999,"area_m2":500000.0},"geometry":{"type":"Polygon","coordinates":[[[113.52210861,49.12576707],[113.52233667,49.13026041],[113.53603098,49.12996024],[113.53580168,49.12546694],[113.52210861,49.12576707]]]}},{"type":"Feature","id":"BLOCK_POLYGONS:249","properties":{"fid":249,"cad_handle":2873,"cad_layer":"BLOCK_POLYGONS","layer_handle":116,"cad_color":256,"closed":1,"vertex_cnt":8,"elevation":0.0,"thickness":0.0,"raw_flags":512,"source_dwg":"Nergui undur_L3_boundary.dwg","layer":"BLOCK_POLYGONS","source_epsg":99999,"area_m2":492315.33},"geometry":{"type":"Polygon","coordinates":[[[113.54967062,49.12859754],[113.54949453,49.12516519],[113.53580168,49.12546694],[113.53603098,49.12996024],[113.53607072,49.1307389],[113.54333334,49.13073889],[113.54333334,49.12979951],[113.54333333,49.12859722],[113.54967062,49.12859754]]]}},{"type":"Feature","id":"BLOCK_POLYGONS:250","properties":{"fid":250,"cad_handle":2884,"cad_layer":"BLOCK_POLYGONS","layer_handle":116,"cad_color":256,"closed":1,"vertex_cnt":12,"elevation":0.0,"thickness":0.0,"raw_flags":512,"source_dwg":"Nergui undur_L3_boundary.dwg","layer":"BLOCK_POLYGONS","source_epsg":99999,"area_m2":579685.36},"geometry":{"type":"Polygon","coordinates":[[[113.56567503,49.12907222],[113.56831667,49.12765709],[113.56831667,49.12474775],[113.56318714,49.12486182],[113.54949453,49.12516519],[113.54967062,49.12859754],[113.56141667,49.12859721],[113.56141668,49.12939949],[113.56141668,49.12976139],[113.56342836,49.12953814],[113.56432082,49.12943908],[113.56473945,49.12932567],[113.56567503,49.12907222]]]}},{"type":"Feature","id":"BLOCK_POLYGONS:251","properties":{"fid":251,"cad_handle":2899,"cad_layer":"BLOCK_POLYGONS","layer_handle":116,"cad_color":256,"closed":1,"vertex_cnt":8,"elevation":0.0,"thickness":0.0,"raw_flags":512,"source_dwg":"Nergui undur_L3_boundary.dwg","layer":"BLOCK_POLYGONS","source_epsg":99999,"area_m2":474027.24},"geometry":{"type":"Polygon","coordinates":[[[113.41417955,49.12510451],[113.41241004,49.1251037],[113.41255596,49.12810966],[113.42603056,49.12782715],[113.42603056,49.12424444],[113.42607614,49.12424444],[113.42603145,49.12332884],[113.41418115,49.12357739],[113.41417955,49.12510451]]]}},{"type":"Feature","id":"BLOCK_POLYGONS:252","properties":{"fid":252,"cad_handle":2910,"cad_layer":"BLOCK_POLYGONS","layer_handle":116,"cad_color":256,"closed":1,"vertex_cnt":4,"elevation":0.0,"thickness":0.0,"raw_flags":512,"source_dwg":"Nergui undur_L3_boundary.dwg","layer":"BLOCK_POLYGONS","source_epsg":99999,"area_m2":350749.0},"geometry":{"type":"Polygon","coordinates":[[[113.39870167,49.12509645],[113.39886089,49.12839518],[113.41255596,49.12810966],[113.41241004,49.1251037],[113.39870167,49.12509645]]]}},{"type":"Feature","id":"BLOCK_POLYGONS:253","properties":{"fid":253,"cad_handle":2917,"cad_layer":"BLOCK_POLYGONS","layer_handle":116,"cad_color":256,"closed":1,"vertex_cnt":7,"elevation":0.0,"thickness":0.0,"raw_flags":512,"source_dwg":"Nergui undur_L3_boundary.dwg","layer":"BLOCK_POLYGONS","source_epsg":99999,"area_m2":532727.0},"geometry":{"type":"Polygon","coordinates":[[[113.43483333,49.12424444],[113.43483332,49.12764174],[113.4341526,49.13257222],[113.43423888,49.13603264],[113.44035839,49.13594255],[113.43994545,49.12753375],[113.43977884,49.12413997],[113.43483333,49.12424444]]]}},{"type":"Feature","id":"BLOCK_POLYGONS:254","properties":{"fid":254,"cad_handle":2926,"cad_layer":"BLOCK_POLYGONS","layer_handle":116,"cad_color":256,"closed":1,"vertex_cnt":10,"elevation":0.0,"thickness":0.0,"raw_flags":512,"source_dwg":"Nergui undur_L3_boundary.dwg","layer":"BLOCK_POLYGONS","source_epsg":99999,"area_m2":606706.48},"geometry":{"type":"Polygon","coordinates":[[[113.35816321,49.12506691],[113.35816394,49.12473579],[113.3575612,49.12474811],[113.35777439,49.129242],[113.3714701,49.12896135],[113.37466234,49.1288957],[113.37467065,49.12439727],[113.37125568,49.1244675],[113.36268045,49.1246434],[113.36267956,49.12507106],[113.35816321,49.12506691]]]}},{"type":"Feature","id":"BLOCK_POLYGONS:255","properties":{"fid":255,"cad_handle":2939,"cad_layer":"BLOCK_POLYGONS","layer_handle":116,"cad_color":256,"closed":1,"vertex_cnt":6,"elevation":0.0,"thickness":0.0,"raw_flags":512,"source_dwg":"Nergui undur_L3_boundary.dwg","layer":"BLOCK_POLYGONS","source_epsg":99999,"area_m2":524738.75},"geometry":{"type":"Polygon","coordinates":[[[113.34365461,49.12053315],[113.33668017,49.12067459],[113.33668029,49.12517283],[113.33668044,49.12967107],[113.34407846,49.12952103],[113.34386651,49.12502709],[113.34365461,49.12053315]]]}},{"type":"Feature","id":"BLOCK_POLYGONS:256","properties":{"fid":256,"cad_handle":2948,"cad_layer":"BLOCK_POLYGONS","layer_handle":116,"cad_color":256,"closed":1,"vertex_cnt":4,"elevation":0.0,"thickness":0.0,"raw_flags":512,"source_dwg":"Nergui undur_L3_boundary.dwg","layer":"BLOCK_POLYGONS","source_epsg":99999,"area_m2":500000.0},"geometry":{"type":"Polygon","coordinates":[[[113.34386651,49.12502709],[113.34407846,49.12952103],[113.35777439,49.129242],[113.3575612,49.12474811],[113.34386651,49.12502709]]]}},{"type":"Feature","id":"BLOCK_POLYGONS:257","properties":{"fid":257,"cad_handle":2955,"cad_layer":"BLOCK_POLYGONS","layer_handle":116,"cad_color":256,"closed":1,"vertex_cnt":4,"elevation":0.0,"thickness":0.0,"raw_flags":512,"source_dwg":"Nergui undur_L3_boundary.dwg","layer":"BLOCK_POLYGONS","source_epsg":99999,"area_m2":500000.0},"geometry":{"type":"Polygon","coordinates":[[[113.43972485,49.12304012],[113.43994545,49.12753375],[113.45363986,49.12724336],[113.45341803,49.12274978],[113.43972485,49.12304012]]]}},{"type":"Feature","id":"BLOCK_POLYGONS:258","properties":{"fid":258,"cad_handle":2962,"cad_layer":"BLOCK_POLYGONS","layer_handle":116,"cad_color":256,"closed":1,"vertex_cnt":4,"elevation":0.0,"thickness":0.0,"raw_flags":512,"source_dwg":"Nergui undur_L3_boundary.dwg","layer":"BLOCK_POLYGONS","source_epsg":99999,"area_m2":500000.0},"geometry":{"type":"Polygon","coordinates":[[[113.45341803,49.12274978],[113.45363986,49.12724336],[113.46733406,49.12695135],[113.46711099,49.12245781],[113.45341803,49.12274978]]]}},{"type":"Feature","id":"BLOCK_POLYGONS:259","properties":{"fid":259,"cad_handle":2969,"cad_layer":"BLOCK_POLYGONS","layer_handle":116,"cad_color":256,"closed":1,"vertex_cnt":4,"elevation":0.0,"thickness":0.0,"raw_flags":512,"source_dwg":"Nergui undur_L3_boundary.dwg","layer":"BLOCK_POLYGONS","source_epsg":99999,"area_m2":500000.0},"geometry":{"type":"Polygon","coordinates":[[[113.46711099,49.12245781],[113.46733406,49.12695135],[113.48102803,49.12665771],[113.48080373,49.12216422],[113.46711099,49.12245781]]]}},{"type":"Feature","id":"BLOCK_POLYGONS:260","properties":{"fid":260,"cad_handle":2976,"cad_layer":"BLOCK_POLYGONS","layer_handle":116,"cad_color":256,"closed":1,"vertex_cnt":4,"elevation":0.0,"thickness":0.0,"raw_flags":512,"source_dwg":"Nergui undur_L3_boundary.dwg","layer":"BLOCK_POLYGONS","source_epsg":99999,"area_m2":500000.0},"geometry":{"type":"Polygon","coordinates":[[[113.48080373,49.12216422],[113.48102803,49.12665771],[113.49472178,49.12636245],[113.49449624,49.12186901],[113.48080373,49.12216422]]]}},{"type":"Feature","id":"BLOCK_POLYGONS:261","properties":{"fid":261,"cad_handle":2983,"cad_layer":"BLOCK_POLYGONS","layer_handle":116,"cad_color":256,"closed":1,"vertex_cnt":4,"elevation":0.0,"thickness":0.0,"raw_flags":512,"source_dwg":"Nergui undur_L3_boundary.dwg","layer":"BLOCK_POLYGONS","source_epsg":99999,"area_m2":500000.0},"geometry":{"type":"Polygon","coordinates":[[[113.49449624,49.12186901],[113.49472178,49.12636245],[113.50841531,49.12606557],[113.50818853,49.12157217],[113.49449624,49.12186901]]]}},{"type":"Feature","id":"BLOCK_POLYGONS:262","properties":{"fid":262,"cad_handle":2990,"cad_layer":"BLOCK_POLYGONS","layer_handle":116,"cad_color":256,"closed":1,"vertex_cnt":4,"elevation":0.0,"thickness":0.0,"raw_flags":512,"source_dwg":"Nergui undur_L3_boundary.dwg","layer":"BLOCK_POLYGONS","source_epsg":99999,"area_m2":500000.0},"geometry":{"type":"Polygon","coordinates":[[[113.50818853,49.12157217],[113.50841531,49.12606557],[113.52210861,49.12576707],[113.5218806,49.12127372],[113.50818853,49.12157217]]]}},{"type":"Feature","id":"BLOCK_POLYGONS:263","properties":{"fid":263,"cad_handle":2997,"cad_layer":"BLOCK_POLYGONS","layer_handle":116,"cad_color":256,"closed":1,"vertex_cnt":4,"elevation":0.0,"thickness":0.0,"raw_flags":512,"source_dwg":"Nergui undur_L3_boundary.dwg","layer":"BLOCK_POLYGONS","source_epsg":99999,"area_m2":500000.0},"geometry":{"type":"Polygon","coordinates":[[[113.5218806,49.12127372],[113.52210861,49.12576707],[113.53580168,49.12546694],[113.53557244,49.12097364],[113.5218806,49.12127372]]]}},{"type":"Feature","id":"BLOCK_POLYGONS:264","properties":{"fid":264,"cad_handle":3004,"cad_layer":"BLOCK_POLYGONS","layer_handle":116,"cad_color":256,"closed":1,"vertex_cnt":4,"elevation":0.0,"thickness":0.0,"raw_flags":512,"source_dwg":"Nergui undur_L3_boundary.dwg","layer":"BLOCK_POLYGONS","source_epsg":99999,"area_m2":500000.0},"geometry":{"type":"Polygon","coordinates":[[[113.53557244,49.12097364],[113.53580168,49.12546694],[113.54949453,49.12516519],[113.54926405,49.12067193],[113.53557244,49.12097364]]]}},{"type":"Feature","id":"BLOCK_POLYGONS:265","properties":{"fid":265,"cad_handle":3011,"cad_layer":"BLOCK_POLYGONS","layer_handle":116,"cad_color":256,"closed":1,"vertex_cnt":4,"elevation":0.0,"thickness":0.0,"raw_flags":512,"source_dwg":"Nergui undur_L3_boundary.dwg","layer":"BLOCK_POLYGONS","source_epsg":99999,"area_m2":500000.0},"geometry":{"type":"Polygon","coordinates":[[[113.54926405,49.12067193],[113.54949453,49.12516519],[113.56318714,49.12486182],[113.56295543,49.12036861],[113.54926405,49.12067193]]]}},{"type":"Feature","id":"BLOCK_POLYGONS:266","properties":{"fid":266,"cad_handle":3018,"cad_layer":"BLOCK_POLYGONS","layer_handle":116,"cad_color":256,"closed":1,"vertex_cnt":8,"elevation":0.0,"thickness":0.0,"raw_flags":512,"source_dwg":"Nergui undur_L3_boundary.dwg","layer":"BLOCK_POLYGONS","source_epsg":99999,"area_m2":634880.47},"geometry":{"type":"Polygon","coordinates":[[[113.57660787,49.11931694],[113.57641369,49.1155705],[113.56272378,49.1158754],[113.56295543,49.12036861],[113.56318714,49.12486182],[113.56831667,49.12474775],[113.56831667,49.12024939],[113.56831667,49.11931667],[113.57660787,49.11931694]]]}},{"type":"Feature","id":"BLOCK_POLYGONS:267","properties":{"fid":267,"cad_handle":3029,"cad_layer":"BLOCK_POLYGONS","layer_handle":116,"cad_color":256,"closed":1,"vertex_cnt":6,"elevation":0.0,"thickness":0.0,"raw_flags":512,"source_dwg":"Nergui undur_L3_boundary.dwg","layer":"BLOCK_POLYGONS","source_epsg":99999,"area_m2":526077.5},"geometry":{"type":"Polygon","coordinates":[[[113.34386651,49.12502709],[113.3575612,49.12474811],[113.35816394,49.12473579],[113.35817373,49.12023734],[113.35734807,49.12025421],[113.34365461,49.12053315],[113.34386651,49.12502709]]]}},{"type":"Feature","id":"BLOCK_POLYGONS:268","properties":{"fid":268,"cad_handle":3038,"cad_layer":"BLOCK_POLYGONS","layer_handle":116,"cad_color":256,"closed":1,"vertex_cnt":9,"elevation":0.0,"thickness":0.0,"raw_flags":512,"source_dwg":"Nergui undur_L3_boundary.dwg","layer":"BLOCK_POLYGONS","source_epsg":99999,"area_m2":481178.19},"geometry":{"type":"Polygon","coordinates":[[[113.36269106,49.11957083],[113.36268987,49.12014495],[113.36268045,49.1246434],[113.37125568,49.1244675],[113.37467065,49.12439727],[113.37467897,49.11989884],[113.37467956,49.119581],[113.37417956,49.1195806],[113.37102244,49.11957803],[113.36269106,49.11957083]]]}},{"type":"Feature","id":"BLOCK_POLYGONS:269","properties":{"fid":269,"cad_handle":3050,"cad_layer":"BLOCK_POLYGONS","layer_handle":116,"cad_color":256,"closed":1,"vertex_cnt":4,"elevation":0.0,"thickness":0.0,"raw_flags":512,"source_dwg":"Nergui undur_L3_boundary.dwg","layer":"BLOCK_POLYGONS","source_epsg":99999,"area_m2":428623.5},"geometry":{"type":"Polygon","coordinates":[[[113.42603145,49.12332884],[113.42581214,49.11883517],[113.41418588,49.11907901],[113.41418115,49.12357739],[113.42603145,49.12332884]]]}},{"type":"Feature","id":"BLOCK_POLYGONS:270","properties":{"fid":270,"cad_handle":3057,"cad_layer":"BLOCK_POLYGONS","layer_handle":116,"cad_color":256,"closed":1,"vertex_cnt":5,"elevation":0.0,"thickness":0.0,"raw_flags":512,"source_dwg":"Nergui undur_L3_boundary.dwg","layer":"BLOCK_POLYGONS","source_epsg":99999,"area_m2":615829.78},"geometry":{"type":"Polygon","coordinates":[[[113.42581214,49.11883517],[113.42607614,49.12424444],[113.43483333,49.12424444],[113.43977884,49.12413997],[113.4395043,49.11854649],[113.42581214,49.11883517]]]}},{"type":"Feature","id":"BLOCK_POLYGONS:271","properties":{"fid":271,"cad_handle":3064,"cad_layer":"BLOCK_POLYGONS","layer_handle":116,"cad_color":256,"closed":1,"vertex_cnt":4,"elevation":0.0,"thickness":0.0,"raw_flags":512,"source_dwg":"Nergui undur_L3_boundary.dwg","layer":"BLOCK_POLYGONS","source_epsg":99999,"area_m2":500000.0},"geometry":{"type":"Polygon","coordinates":[[[113.4395043,49.11854649],[113.43972485,49.12304012],[113.45341803,49.12274978],[113.45319625,49.11825619],[113.4395043,49.11854649]]]}},{"type":"Feature","id":"BLOCK_POLYGONS:272","properties":{"fid":272,"cad_handle":3071,"cad_layer":"BLOCK_POLYGONS","layer_handle":116,"cad_color":256,"closed":1,"vertex_cnt":4,"elevation":0.0,"thickness":0.0,"raw_flags":512,"source_dwg":"Nergui undur_L3_boundary.dwg","layer":"BLOCK_POLYGONS","source_epsg":99999,"area_m2":500000.0},"geometry":{"type":"Polygon","coordinates":[[[113.45319625,49.11825619],[113.45341803,49.12274978],[113.46711099,49.12245781],[113.46688797,49.11796427],[113.45319625,49.11825619]]]}},{"type":"Feature","id":"BLOCK_POLYGONS:273","properties":{"fid":273,"cad_handle":3078,"cad_layer":"BLOCK_POLYGONS","layer_handle":116,"cad_color":256,"closed":1,"vertex_cnt":4,"elevation":0.0,"thickness":0.0,"raw_flags":512,"source_dwg":"Nergui undur_L3_boundary.dwg","layer":"BLOCK_POLYGONS","source_epsg":99999,"area_m2":500000.0},"geometry":{"type":"Polygon","coordinates":[[[113.46688797,49.11796427],[113.46711099,49.12245781],[113.48080373,49.12216422],[113.48057948,49.11767073],[113.46688797,49.11796427]]]}},{"type":"Feature","id":"BLOCK_POLYGONS:274","properties":{"fid":274,"cad_handle":3085,"cad_layer":"BLOCK_POLYGONS","layer_handle":116,"cad_color":256,"closed":1,"vertex_cnt":4,"elevation":0.0,"thickness":0.0,"raw_flags":512,"source_dwg":"Nergui undur_L3_boundary.dwg","layer":"BLOCK_POLYGONS","source_epsg":99999,"area_m2":500000.0},"geometry":{"type":"Polygon","coordinates":[[[113.48057948,49.11767073],[113.48080373,49.12216422],[113.49449624,49.12186901],[113.49427076,49.11737556],[113.48057948,49.11767073]]]}},{"type":"Feature","id":"BLOCK_POLYGONS:275","properties":{"fid":275,"cad_handle":3092,"cad_layer":"BLOCK_POLYGONS","layer_handle":116,"cad_color":256,"closed":1,"vertex_cnt":4,"elevation":0.0,"thickness":0.0,"raw_flags":512,"source_dwg":"Nergui undur_L3_boundary.dwg","layer":"BLOCK_POLYGONS","source_epsg":99999,"area_m2":500000.0},"geometry":{"type":"Polygon","coordinates":[[[113.49427076,49.11737556],[113.49449624,49.12186901],[113.50818853,49.12157217],[113.50796182,49.11707877],[113.49427076,49.11737556]]]}},{"type":"Feature","id":"BLOCK_POLYGONS:276","properties":{"fid":276,"cad_handle":3099,"cad_layer":"BLOCK_POLYGONS","layer_handle":116,"cad_color":256,"closed":1,"vertex_cnt":4,"elevation":0.0,"thickness":0.0,"raw_flags":512,"source_dwg":"Nergui undur_L3_boundary.dwg","layer":"BLOCK_POLYGONS","source_epsg":99999,"area_m2":500000.0},"geometry":{"type":"Polygon","coordinates":[[[113.50796182,49.11707877],[113.50818853,49.12157217],[113.5218806,49.12127372],[113.52165265,49.11678036],[113.50796182,49.11707877]]]}},{"type":"Feature","id":"BLOCK_POLYGONS:277","properties":{"fid":277,"cad_handle":3106,"cad_layer":"BLOCK_POLYGONS","layer_handle":116,"cad_color":256,"closed":1,"vertex_cnt":4,"elevation":0.0,"thickness":0.0,"raw_flags":512,"source_dwg":"Nergui undur_L3_boundary.dwg","layer":"BLOCK_POLYGONS","source_epsg":99999,"area_m2":500000.0},"geometry":{"type":"Polygon","coordinates":[[[113.52165265,49.11678036],[113.5218806,49.12127372],[113.53557244,49.12097364],[113.53534325,49.11648033],[113.52165265,49.11678036]]]}},{"type":"Feature","id":"BLOCK_POLYGONS:278","properties":{"fid":278,"cad_handle":3113,"cad_layer":"BLOCK_POLYGONS","layer_handle":116,"cad_color":256,"closed":1,"vertex_cnt":4,"elevation":0.0,"thickness":0.0,"raw_flags":512,"source_dwg":"Nergui undur_L3_boundary.dwg","layer":"BLOCK_POLYGONS","source_epsg":99999,"area_m2":500000.0},"geometry":{"type":"Polygon","coordinates":[[[113.53534325,49.11648033],[113.53557244,49.12097364],[113.54926405,49.12067193],[113.54903363,49.11617868],[113.53534325,49.11648033]]]}},{"type":"Feature","id":"BLOCK_POLYGONS:279","properties":{"fid":279,"cad_handle":3120,"cad_layer":"BLOCK_POLYGONS","layer_handle":116,"cad_color":256,"closed":1,"vertex_cnt":4,"elevation":0.0,"thickness":0.0,"raw_flags":512,"source_dwg":"Nergui undur_L3_boundary.dwg","layer":"BLOCK_POLYGONS","source_epsg":99999,"area_m2":500000.0},"geometry":{"type":"Polygon","coordinates":[[[113.54903363,49.11617868],[113.54926405,49.12067193],[113.56295543,49.12036861],[113.56272378,49.1158754],[113.54903363,49.11617868]]]}},{"type":"Feature","id":"BLOCK_POLYGONS:280","properties":{"fid":280,"cad_handle":3127,"cad_layer":"BLOCK_POLYGONS","layer_handle":116,"cad_color":256,"closed":1,"vertex_cnt":6,"elevation":0.0,"thickness":0.0,"raw_flags":512,"source_dwg":"Nergui undur_L3_boundary.dwg","layer":"BLOCK_POLYGONS","source_epsg":99999,"area_m2":493904.0},"geometry":{"type":"Polygon","coordinates":[[[113.34323097,49.11154524],[113.33667994,49.1116781],[113.33668005,49.11617635],[113.33668017,49.12067459],[113.34365461,49.12053315],[113.34344277,49.1160392],[113.34323097,49.11154524]]]}},{"type":"Feature","id":"BLOCK_POLYGONS:281","properties":{"fid":281,"cad_handle":3136,"cad_layer":"BLOCK_POLYGONS","layer_handle":116,"cad_color":256,"closed":1,"vertex_cnt":8,"elevation":0.0,"thickness":0.0,"raw_flags":512,"source_dwg":"Nergui undur_L3_boundary.dwg","layer":"BLOCK_POLYGONS","source_epsg":99999,"area_m2":568903.68},"geometry":{"type":"Polygon","coordinates":[[[113.41419167,49.11360294],[113.41419064,49.11458062],[113.41418588,49.11907901],[113.42581214,49.11883517],[113.42559288,49.11434148],[113.42537368,49.1098478],[113.42318277,49.10989383],[113.42317953,49.11360667],[113.41419167,49.11360294]]]}},{"type":"Feature","id":"BLOCK_POLYGONS:282","properties":{"fid":282,"cad_handle":3147,"cad_layer":"BLOCK_POLYGONS","layer_handle":116,"cad_color":256,"closed":1,"vertex_cnt":4,"elevation":0.0,"thickness":0.0,"raw_flags":512,"source_dwg":"Nergui undur_L3_boundary.dwg","layer":"BLOCK_POLYGONS","source_epsg":99999,"area_m2":500000.0},"geometry":{"type":"Polygon","coordinates":[[[113.42559288,49.11434148],[113.42581214,49.11883517],[113.4395043,49.11854649],[113.43928381,49.11405285],[113.42559288,49.11434148]]]}},{"type":"Feature","id":"BLOCK_POLYGONS:283","properties":{"fid":283,"cad_handle":3154,"cad_layer":"BLOCK_POLYGONS","layer_handle":116,"cad_color":256,"closed":1,"vertex_cnt":4,"elevation":0.0,"thickness":0.0,"raw_flags":512,"source_dwg":"Nergui undur_L3_boundary.dwg","layer":"BLOCK_POLYGONS","source_epsg":99999,"area_m2":500000.0},"geometry":{"type":"Polygon","coordinates":[[[113.43928381,49.11405285],[113.4395043,49.11854649],[113.45319625,49.11825619],[113.45297453,49.1137626],[113.43928381,49.11405285]]]}},{"type":"Feature","id":"BLOCK_POLYGONS:284","properties":{"fid":284,"cad_handle":3161,"cad_layer":"BLOCK_POLYGONS","layer_handle":116,"cad_color":256,"closed":1,"vertex_cnt":4,"elevation":0.0,"thickness":0.0,"raw_flags":512,"source_dwg":"Nergui undur_L3_boundary.dwg","layer":"BLOCK_POLYGONS","source_epsg":99999,"area_m2":500000.0},"geometry":{"type":"Polygon","coordinates":[[[113.45297453,49.1137626],[113.45319625,49.11825619],[113.46688797,49.11796427],[113.46666502,49.11347073],[113.45297453,49.1137626]]]}},{"type":"Feature","id":"BLOCK_POLYGONS:285","properties":{"fid":285,"cad_handle":3168,"cad_layer":"BLOCK_POLYGONS","layer_handle":116,"cad_color":256,"closed":1,"vertex_cnt":4,"elevation":0.0,"thickness":0.0,"raw_flags":512,"source_dwg":"Nergui undur_L3_boundary.dwg","layer":"BLOCK_POLYGONS","source_epsg":99999,"area_m2":500000.0},"geometry":{"type":"Polygon","coordinates":[[[113.46666502,49.11347073],[113.46688797,49.11796427],[113.48057948,49.11767073],[113.48035529,49.11317723],[113.46666502,49.11347073]]]}},{"type":"Feature","id":"BLOCK_POLYGONS:286","properties":{"fid":286,"cad_handle":3175,"cad_layer":"BLOCK_POLYGONS","layer_handle":116,"cad_color":256,"closed":1,"vertex_cnt":4,"elevation":0.0,"thickness":0.0,"raw_flags":512,"source_dwg":"Nergui undur_L3_boundary.dwg","layer":"BLOCK_POLYGONS","source_epsg":99999,"area_m2":500000.0},"geometry":{"type":"Polygon","coordinates":[[[113.48035529,49.11317723],[113.48057948,49.11767073],[113.49427076,49.11737556],[113.49404533,49.11288211],[113.48035529,49.11317723]]]}},{"type":"Feature","id":"BLOCK_POLYGONS:287","properties":{"fid":287,"cad_handle":3182,"cad_layer":"BLOCK_POLYGONS","layer_handle":116,"cad_color":256,"closed":1,"vertex_cnt":4,"elevation":0.0,"thickness":0.0,"raw_flags":512,"source_dwg":"Nergui undur_L3_boundary.dwg","layer":"BLOCK_POLYGONS","source_epsg":99999,"area_m2":500000.0},"geometry":{"type":"Polygon","coordinates":[[[113.49404533,49.11288211],[113.49427076,49.11737556],[113.50796182,49.11707877],[113.50773515,49.11258537],[113.49404533,49.11288211]]]}},{"type":"Feature","id":"BLOCK_POLYGONS:288","properties":{"fid":288,"cad_handle":3189,"cad_layer":"BLOCK_POLYGONS","layer_handle":116,"cad_color":256,"closed":1,"vertex_cnt":4,"elevation":0.0,"thickness":0.0,"raw_flags":512,"source_dwg":"Nergui undur_L3_boundary.dwg","layer":"BLOCK_POLYGONS","source_epsg":99999,"area_m2":500000.0},"geometry":{"type":"Polygon","coordinates":[[[113.50773515,49.11258537],[113.50796182,49.11707877],[113.52165265,49.11678036],[113.52142475,49.112287],[113.50773515,49.11258537]]]}},{"type":"Feature","id":"BLOCK_POLYGONS:289","properties":{"fid":289,"cad_handle":3196,"cad_layer":"BLOCK_POLYGONS","layer_handle":116,"cad_color":256,"closed":1,"vertex_cnt":4,"elevation":0.0,"thickness":0.0,"raw_flags":512,"source_dwg":"Nergui undur_L3_boundary.dwg","layer":"BLOCK_POLYGONS","source_epsg":99999,"area_m2":500000.0},"geometry":{"type":"Polygon","coordinates":[[[113.52142475,49.112287],[113.52165265,49.11678036],[113.53534325,49.11648033],[113.53511412,49.11198702],[113.52142475,49.112287]]]}},{"type":"Feature","id":"BLOCK_POLYGONS:290","properties":{"fid":290,"cad_handle":3203,"cad_layer":"BLOCK_POLYGONS","layer_handle":116,"cad_color":256,"closed":1,"vertex_cnt":4,"elevation":0.0,"thickness":0.0,"raw_flags":512,"source_dwg":"Nergui undur_L3_boundary.dwg","layer":"BLOCK_POLYGONS","source_epsg":99999,"area_m2":500000.0},"geometry":{"type":"Polygon","coordinates":[[[113.53511412,49.11198702],[113.53534325,49.11648033],[113.54903363,49.11617868],[113.54880327,49.11168541],[113.53511412,49.11198702]]]}},{"type":"Feature","id":"BLOCK_POLYGONS:291","properties":{"fid":291,"cad_handle":3210,"cad_layer":"BLOCK_POLYGONS","layer_handle":116,"cad_color":256,"closed":1,"vertex_cnt":4,"elevation":0.0,"thickness":0.0,"raw_flags":512,"source_dwg":"Nergui undur_L3_boundary.dwg","layer":"BLOCK_POLYGONS","source_epsg":99999,"area_m2":500000.0},"geometry":{"type":"Polygon","coordinates":[[[113.54880327,49.11168541],[113.54903363,49.11617868],[113.56272378,49.1158754],[113.56249218,49.11138218],[113.54880327,49.11168541]]]}},{"type":"Feature","id":"BLOCK_POLYGONS:292","properties":{"fid":292,"cad_handle":3217,"cad_layer":"BLOCK_POLYGONS","layer_handle":116,"cad_color":256,"closed":1,"vertex_cnt":4,"elevation":0.0,"thickness":0.0,"raw_flags":512,"source_dwg":"Nergui undur_L3_boundary.dwg","layer":"BLOCK_POLYGONS","source_epsg":99999,"area_m2":500000.0},"geometry":{"type":"Polygon","coordinates":[[[113.56249218,49.11138218],[113.56272378,49.1158754],[113.57641369,49.1155705],[113.57618086,49.11107733],[113.56249218,49.11138218]]]}},{"type":"Feature","id":"BLOCK_POLYGONS:293","properties":{"fid":293,"cad_handle":3224,"cad_layer":"BLOCK_POLYGONS","layer_handle":116,"cad_color":256,"closed":1,"vertex_cnt":6,"elevation":0.0,"thickness":0.0,"raw_flags":512,"source_dwg":"Nergui undur_L3_boundary.dwg","layer":"BLOCK_POLYGONS","source_epsg":99999,"area_m2":509020.14},"geometry":{"type":"Polygon","coordinates":[[[113.57618086,49.11107733],[113.57641369,49.1155705],[113.57660787,49.11931694],[113.5839219,49.11931667],[113.58392178,49.11540259],[113.58392166,49.11090422],[113.57618086,49.11107733]]]}},{"type":"Feature","id":"BLOCK_POLYGONS:294","properties":{"fid":294,"cad_handle":3233,"cad_layer":"BLOCK_POLYGONS","layer_handle":116,"cad_color":256,"closed":1,"vertex_cnt":10,"elevation":0.0,"thickness":0.0,"raw_flags":512,"source_dwg":"Nergui undur_L3_boundary.dwg","layer":"BLOCK_POLYGONS","source_epsg":99999,"area_m2":570812.0},"geometry":{"type":"Polygon","coordinates":[[[113.34344277,49.1160392],[113.34365461,49.12053315],[113.35734807,49.12025421],[113.35817373,49.12023734],[113.35817956,49.11756745],[113.35722062,49.11756655],[113.34816289,49.11755762],[113.34816673,49.11594316],[113.34817744,49.11144468],[113.34323097,49.11154524],[113.34344277,49.1160392]]]}},{"type":"Feature","id":"BLOCK_POLYGONS:295","properties":{"fid":295,"cad_handle":3246,"cad_layer":"BLOCK_POLYGONS","layer_handle":116,"cad_color":256,"closed":1,"vertex_cnt":8,"elevation":0.0,"thickness":0.0,"raw_flags":512,"source_dwg":"Nergui undur_L3_boundary.dwg","layer":"BLOCK_POLYGONS","source_epsg":99999,"area_m2":475084.29},"geometry":{"type":"Polygon","coordinates":[[[113.40867703,49.11019757],[113.39799364,49.1104201],[113.38430329,49.11070382],[113.3844655,49.11408656],[113.39667602,49.1140946],[113.39667955,49.11159396],[113.39805029,49.11159478],[113.4086754,49.1116006],[113.40867703,49.11019757]]]}},{"type":"Feature","id":"BLOCK_POLYGONS:296","properties":{"fid":296,"cad_handle":3257,"cad_layer":"BLOCK_POLYGONS","layer_handle":116,"cad_color":256,"closed":1,"vertex_cnt":4,"elevation":0.0,"thickness":0.0,"raw_flags":512,"source_dwg":"Nergui undur_L3_boundary.dwg","layer":"BLOCK_POLYGONS","source_epsg":99999,"area_m2":500000.0},"geometry":{"type":"Polygon","coordinates":[[[113.42537368,49.1098478],[113.42559288,49.11434148],[113.43928381,49.11405285],[113.43906338,49.10955921],[113.42537368,49.1098478]]]}},{"type":"Feature","id":"BLOCK_POLYGONS:297","properties":{"fid":297,"cad_handle":3264,"cad_layer":"BLOCK_POLYGONS","layer_handle":116,"cad_color":256,"closed":1,"vertex_cnt":4,"elevation":0.0,"thickness":0.0,"raw_flags":512,"source_dwg":"Nergui undur_L3_boundary.dwg","layer":"BLOCK_POLYGONS","source_epsg":99999,"area_m2":500000.0},"geometry":{"type":"Polygon","coordinates":[[[113.43906338,49.10955921],[113.43928381,49.11405285],[113.45297453,49.1137626],[113.45275286,49.10926901],[113.43906338,49.10955921]]]}},{"type":"Feature","id":"BLOCK_POLYGONS:298","properties":{"fid":298,"cad_handle":3271,"cad_layer":"BLOCK_POLYGONS","layer_handle":116,"cad_color":256,"closed":1,"vertex_cnt":4,"elevation":0.0,"thickness":0.0,"raw_flags":512,"source_dwg":"Nergui undur_L3_boundary.dwg","layer":"BLOCK_POLYGONS","source_epsg":99999,"area_m2":500000.0},"geometry":{"type":"Polygon","coordinates":[[[113.45275286,49.10926901],[113.45297453,49.1137626],[113.46666502,49.11347073],[113.46644211,49.10897718],[113.45275286,49.10926901]]]}},{"type":"Feature","id":"BLOCK_POLYGONS:299","properties":{"fid":299,"cad_handle":3278,"cad_layer":"BLOCK_POLYGONS","layer_handle":116,"cad_color":256,"closed":1,"vertex_cnt":4,"elevation":0.0,"thickness":0.0,"raw_flags":512,"source_dwg":"Nergui undur_L3_boundary.dwg","layer":"BLOCK_POLYGONS","source_epsg":99999,"area_m2":500000.0},"geometry":{"type":"Polygon","coordinates":[[[113.46644211,49.10897718],[113.46666502,49.11347073],[113.48035529,49.11317723],[113.48013115,49.10868373],[113.46644211,49.10897718]]]}},{"type":"Feature","id":"BLOCK_POLYGONS:300","properties":{"fid":300,"cad_handle":3285,"cad_layer":"BLOCK_POLYGONS","layer_handle":116,"cad_color":256,"closed":1,"vertex_cnt":4,"elevation":0.0,"thickness":0.0,"raw_flags":512,"source_dwg":"Nergui undur_L3_boundary.dwg","layer":"BLOCK_POLYGONS","source_epsg":99999,"area_m2":500000.0},"geometry":{"type":"Polygon","coordinates":[[[113.48013115,49.10868373],[113.48035529,49.11317723],[113.49404533,49.11288211],[113.49381996,49.10838865],[113.48013115,49.10868373]]]}},{"type":"Feature","id":"BLOCK_POLYGONS:301","properties":{"fid":301,"cad_handle":3292,"cad_layer":"BLOCK_POLYGONS","layer_handle":116,"cad_color":256,"closed":1,"vertex_cnt":4,"elevation":0.0,"thickness":0.0,"raw_flags":512,"source_dwg":"Nergui undur_L3_boundary.dwg","layer":"BLOCK_POLYGONS","source_epsg":99999,"area_m2":500000.0},"geometry":{"type":"Polygon","coordinates":[[[113.49381996,49.10838865],[113.49404533,49.11288211],[113.50773515,49.11258537],[113.50750855,49.10809196],[113.49381996,49.10838865]]]}},{"type":"Feature","id":"BLOCK_POLYGONS:302","properties":{"fid":302,"cad_handle":3299,"cad_layer":"BLOCK_POLYGONS","layer_handle":116,"cad_color":256,"closed":1,"vertex_cnt":4,"elevation":0.0,"thickness":0.0,"raw_flags":512,"source_dwg":"Nergui undur_L3_boundary.dwg","layer":"BLOCK_POLYGONS","source_epsg":99999,"area_m2":500000.0},"geometry":{"type":"Polygon","coordinates":[[[113.50750855,49.10809196],[113.50773515,49.11258537],[113.52142475,49.112287],[113.52119691,49.10779364],[113.50750855,49.10809196]]]}},{"type":"Feature","id":"BLOCK_POLYGONS:303","properties":{"fid":303,"cad_handle":3306,"cad_layer":"BLOCK_POLYGONS","layer_handle":116,"cad_color":256,"closed":1,"vertex_cnt":4,"elevation":0.0,"thickness":0.0,"raw_flags":512,"source_dwg":"Nergui undur_L3_boundary.dwg","layer":"BLOCK_POLYGONS","source_epsg":99999,"area_m2":500000.0},"geometry":{"type":"Polygon","coordinates":[[[113.52119691,49.10779364],[113.52142475,49.112287],[113.53511412,49.11198702],[113.53488505,49.1074937],[113.52119691,49.10779364]]]}},{"type":"Feature","id":"BLOCK_POLYGONS:304","properties":{"fid":304,"cad_handle":3313,"cad_layer":"BLOCK_POLYGONS","layer_handle":116,"cad_color":256,"closed":1,"vertex_cnt":4,"elevation":0.0,"thickness":0.0,"raw_flags":512,"source_dwg":"Nergui undur_L3_boundary.dwg","layer":"BLOCK_POLYGONS","source_epsg":99999,"area_m2":500000.0},"geometry":{"type":"Polygon","coordinates":[[[113.53488505,49.1074937],[113.53511412,49.11198702],[113.54880327,49.11168541],[113.54857296,49.10719214],[113.53488505,49.1074937]]]}},{"type":"Feature","id":"BLOCK_POLYGONS:305","properties":{"fid":305,"cad_handle":3320,"cad_layer":"BLOCK_POLYGONS","layer_handle":116,"cad_color":256,"closed":1,"vertex_cnt":4,"elevation":0.0,"thickness":0.0,"raw_flags":512,"source_dwg":"Nergui undur_L3_boundary.dwg","layer":"BLOCK_POLYGONS","source_epsg":99999,"area_m2":500000.0},"geometry":{"type":"Polygon","coordinates":[[[113.54857296,49.10719214],[113.54880327,49.11168541],[113.56249218,49.11138218],[113.56226064,49.10688896],[113.54857296,49.10719214]]]}},{"type":"Feature","id":"BLOCK_POLYGONS:306","properties":{"fid":306,"cad_handle":3327,"cad_layer":"BLOCK_POLYGONS","layer_handle":116,"cad_color":256,"closed":1,"vertex_cnt":4,"elevation":0.0,"thickness":0.0,"raw_flags":512,"source_dwg":"Nergui undur_L3_boundary.dwg","layer":"BLOCK_POLYGONS","source_epsg":99999,"area_m2":500000.0},"geometry":{"type":"Polygon","coordinates":[[[113.56226064,49.10688896],[113.56249218,49.11138218],[113.57618086,49.11107733],[113.57594809,49.10658416],[113.56226064,49.10688896]]]}},{"type":"Feature","id":"BLOCK_POLYGONS:307","properties":{"fid":307,"cad_handle":3334,"cad_layer":"BLOCK_POLYGONS","layer_handle":116,"cad_color":256,"closed":1,"vertex_cnt":12,"elevation":0.0,"thickness":0.0,"raw_flags":512,"source_dwg":"Nergui undur_L3_boundary.dwg","layer":"BLOCK_POLYGONS","source_epsg":99999,"area_m2":795738.69},"geometry":{"type":"Polygon","coordinates":[[[113.35968027,49.11570828],[113.35967956,49.11603962],[113.36667149,49.11604588],[113.36667245,49.11556507],[113.36667955,49.11203689],[113.370663,49.11204027],[113.37061273,49.11098592],[113.37039852,49.10649205],[113.35670899,49.10677248],[113.35688875,49.11056562],[113.35969131,49.11056825],[113.35968994,49.11120982],[113.35968027,49.11570828]]]}},{"type":"Feature","id":"BLOCK_POLYGONS:308","properties":{"fid":308,"cad_handle":3349,"cad_layer":"BLOCK_POLYGONS","layer_handle":116,"cad_color":256,"closed":1,"vertex_cnt":12,"elevation":0.0,"thickness":0.0,"raw_flags":512,"source_dwg":"Nergui undur_L3_boundary.dwg","layer":"BLOCK_POLYGONS","source_epsg":99999,"area_m2":580373.36},"geometry":{"type":"Polygon","coordinates":[[[113.38218718,49.10958569],[113.3821852,49.11074757],[113.38217954,49.11408491],[113.3844655,49.11408656],[113.38430329,49.11070382],[113.38408785,49.10621],[113.37039852,49.10649205],[113.37061273,49.11098592],[113.370663,49.11204027],[113.37767514,49.11204587],[113.37767729,49.11084055],[113.37767954,49.10958231],[113.38218718,49.10958569]]]}},{"type":"Feature","id":"BLOCK_POLYGONS:309","properties":{"fid":309,"cad_handle":3364,"cad_layer":"BLOCK_POLYGONS","layer_handle":116,"cad_color":256,"closed":1,"vertex_cnt":10,"elevation":0.0,"thickness":0.0,"raw_flags":512,"source_dwg":"Nergui undur_L3_boundary.dwg","layer":"BLOCK_POLYGONS","source_epsg":99999,"area_m2":638592.97},"geometry":{"type":"Polygon","coordinates":[[[113.34323097,49.11154524],[113.34817744,49.11144468],[113.34817956,49.11055702],[113.35688875,49.11056562],[113.35670899,49.10677248],[113.34301923,49.10705129],[113.339075,49.10713131],[113.339075,49.10923889],[113.33667989,49.10923889],[113.33667994,49.1116781],[113.34323097,49.11154524]]]}},{"type":"Feature","id":"BLOCK_POLYGONS:310","properties":{"fid":310,"cad_handle":3377,"cad_layer":"BLOCK_POLYGONS","layer_handle":116,"cad_color":256,"closed":1,"vertex_cnt":4,"elevation":0.0,"thickness":0.0,"raw_flags":512,"source_dwg":"Nergui undur_L3_boundary.dwg","layer":"BLOCK_POLYGONS","source_epsg":99999,"area_m2":500000.0},"geometry":{"type":"Polygon","coordinates":[[[113.38408785,49.10621],[113.38430329,49.11070382],[113.39799364,49.1104201],[113.39777696,49.10592632],[113.38408785,49.10621]]]}},{"type":"Feature","id":"BLOCK_POLYGONS:311","properties":{"fid":311,"cad_handle":3384,"cad_layer":"BLOCK_POLYGONS","layer_handle":116,"cad_color":256,"closed":1,"vertex_cnt":4,"elevation":0.0,"thickness":0.0,"raw_flags":512,"source_dwg":"Nergui undur_L3_boundary.dwg","layer":"BLOCK_POLYGONS","source_epsg":99999,"area_m2":500000.0},"geometry":{"type":"Polygon","coordinates":[[[113.42515454,49.10535411],[113.42537368,49.1098478],[113.43906338,49.10955921],[113.438843,49.10506557],[113.42515454,49.10535411]]]}},{"type":"Feature","id":"BLOCK_POLYGONS:312","properties":{"fid":312,"cad_handle":3391,"cad_layer":"BLOCK_POLYGONS","layer_handle":116,"cad_color":256,"closed":1,"vertex_cnt":4,"elevation":0.0,"thickness":0.0,"raw_flags":512,"source_dwg":"Nergui undur_L3_boundary.dwg","layer":"BLOCK_POLYGONS","source_epsg":99999,"area_m2":500000.0},"geometry":{"type":"Polygon","coordinates":[[[113.438843,49.10506557],[113.43906338,49.10955921],[113.45275286,49.10926901],[113.45253124,49.10477541],[113.438843,49.10506557]]]}},{"type":"Feature","id":"BLOCK_POLYGONS:313","properties":{"fid":313,"cad_handle":3398,"cad_layer":"BLOCK_POLYGONS","layer_handle":116,"cad_color":256,"closed":1,"vertex_cnt":4,"elevation":0.0,"thickness":0.0,"raw_flags":512,"source_dwg":"Nergui undur_L3_boundary.dwg","layer":"BLOCK_POLYGONS","source_epsg":99999,"area_m2":500000.0},"geometry":{"type":"Polygon","coordinates":[[[113.45253124,49.10477541],[113.45275286,49.10926901],[113.46644211,49.10897718],[113.46621927,49.10448362],[113.45253124,49.10477541]]]}},{"type":"Feature","id":"BLOCK_POLYGONS:314","properties":{"fid":314,"cad_handle":3405,"cad_layer":"BLOCK_POLYGONS","layer_handle":116,"cad_color":256,"closed":1,"vertex_cnt":4,"elevation":0.0,"thickness":0.0,"raw_flags":512,"source_dwg":"Nergui undur_L3_boundary.dwg","layer":"BLOCK_POLYGONS","source_epsg":99999,"area_m2":500000.0},"geometry":{"type":"Polygon","coordinates":[[[113.46621927,49.10448362],[113.46644211,49.10897718],[113.48013115,49.10868373],[113.47990707,49.10419022],[113.46621927,49.10448362]]]}},{"type":"Feature","id":"BLOCK_POLYGONS:315","properties":{"fid":315,"cad_handle":3412,"cad_layer":"BLOCK_POLYGONS","layer_handle":116,"cad_color":256,"closed":1,"vertex_cnt":4,"elevation":0.0,"thickness":0.0,"raw_flags":512,"source_dwg":"Nergui undur_L3_boundary.dwg","layer":"BLOCK_POLYGONS","source_epsg":99999,"area_m2":500000.0},"geometry":{"type":"Polygon","coordinates":[[[113.47990707,49.10419022],[113.48013115,49.10868373],[113.49381996,49.10838865],[113.49359465,49.10389519],[113.47990707,49.10419022]]]}},{"type":"Feature","id":"BLOCK_POLYGONS:316","properties":{"fid":316,"cad_handle":3419,"cad_layer":"BLOCK_POLYGONS","layer_handle":116,"cad_color":256,"closed":1,"vertex_cnt":4,"elevation":0.0,"thickness":0.0,"raw_flags":512,"source_dwg":"Nergui undur_L3_boundary.dwg","layer":"BLOCK_POLYGONS","source_epsg":99999,"area_m2":500000.0},"geometry":{"type":"Polygon","coordinates":[[[113.49359465,49.10389519],[113.49381996,49.10838865],[113.50750855,49.10809196],[113.507282,49.10359854],[113.49359465,49.10389519]]]}},{"type":"Feature","id":"BLOCK_POLYGONS:317","properties":{"fid":317,"cad_handle":3426,"cad_layer":"BLOCK_POLYGONS","layer_handle":116,"cad_color":256,"closed":1,"vertex_cnt":4,"elevation":0.0,"thickness":0.0,"raw_flags":512,"source_dwg":"Nergui undur_L3_boundary.dwg","layer":"BLOCK_POLYGONS","source_epsg":99999,"area_m2":500000.0},"geometry":{"type":"Polygon","coordinates":[[[113.507282,49.10359854],[113.50750855,49.10809196],[113.52119691,49.10779364],[113.52096913,49.10330028],[113.507282,49.10359854]]]}},{"type":"Feature","id":"BLOCK_POLYGONS:318","properties":{"fid":318,"cad_handle":3433,"cad_layer":"BLOCK_POLYGONS","layer_handle":116,"cad_color":256,"closed":1,"vertex_cnt":4,"elevation":0.0,"thickness":0.0,"raw_flags":512,"source_dwg":"Nergui undur_L3_boundary.dwg","layer":"BLOCK_POLYGONS","source_epsg":99999,"area_m2":500000.0},"geometry":{"type":"Polygon","coordinates":[[[113.52096913,49.10330028],[113.52119691,49.10779364],[113.53488505,49.1074937],[113.53465604,49.10300038],[113.52096913,49.10330028]]]}},{"type":"Feature","id":"BLOCK_POLYGONS:319","properties":{"fid":319,"cad_handle":3440,"cad_layer":"BLOCK_POLYGONS","layer_handle":116,"cad_color":256,"closed":1,"vertex_cnt":4,"elevation":0.0,"thickness":0.0,"raw_flags":512,"source_dwg":"Nergui undur_L3_boundary.dwg","layer":"BLOCK_POLYGONS","source_epsg":99999,"area_m2":500000.0},"geometry":{"type":"Polygon","coordinates":[[[113.53465604,49.10300038],[113.53488505,49.1074937],[113.54857296,49.10719214],[113.54834271,49.10269887],[113.53465604,49.10300038]]]}},{"type":"Feature","id":"BLOCK_POLYGONS:320","properties":{"fid":320,"cad_handle":3447,"cad_layer":"BLOCK_POLYGONS","layer_handle":116,"cad_color":256,"closed":1,"vertex_cnt":4,"elevation":0.0,"thickness":0.0,"raw_flags":512,"source_dwg":"Nergui undur_L3_boundary.dwg","layer":"BLOCK_POLYGONS","source_epsg":99999,"area_m2":500000.0},"geometry":{"type":"Polygon","coordinates":[[[113.54834271,49.10269887],[113.54857296,49.10719214],[113.56226064,49.10688896],[113.56202916,49.10239574],[113.54834271,49.10269887]]]}},{"type":"Feature","id":"BLOCK_POLYGONS:321","properties":{"fid":321,"cad_handle":3454,"cad_layer":"BLOCK_POLYGONS","layer_handle":116,"cad_color":256,"closed":1,"vertex_cnt":6,"elevation":0.0,"thickness":0.0,"raw_flags":512,"source_dwg":"Nergui undur_L3_boundary.dwg","layer":"BLOCK_POLYGONS","source_epsg":99999,"area_m2":685360.0},"geometry":{"type":"Polygon","coordinates":[[[113.57563683,49.10057417],[113.56193569,49.10058111],[113.56202916,49.10239574],[113.56226064,49.10688896],[113.57594809,49.10658416],[113.57571537,49.10209098],[113.57563683,49.10057417]]]}},{"type":"Feature","id":"BLOCK_POLYGONS:322","properties":{"fid":322,"cad_handle":3463,"cad_layer":"BLOCK_POLYGONS","layer_handle":116,"cad_color":256,"closed":1,"vertex_cnt":10,"elevation":0.0,"thickness":0.0,"raw_flags":512,"source_dwg":"Nergui undur_L3_boundary.dwg","layer":"BLOCK_POLYGONS","source_epsg":99999,"area_m2":678251.02},"geometry":{"type":"Polygon","coordinates":[[[113.58392143,49.10054588],[113.58351111,49.10054588],[113.58351112,49.10056944],[113.57563683,49.10057417],[113.57571537,49.10209098],[113.57594809,49.10658416],[113.57618086,49.11107733],[113.58392166,49.11090422],[113.58392155,49.10640585],[113.58392145,49.10190748],[113.58392143,49.10054588]]]}},{"type":"Feature","id":"BLOCK_POLYGONS:323","properties":{"fid":323,"cad_handle":3476,"cad_layer":"BLOCK_POLYGONS","layer_handle":116,"cad_color":256,"closed":1,"vertex_cnt":6,"elevation":0.0,"thickness":0.0,"raw_flags":512,"source_dwg":"Nergui undur_L3_boundary.dwg","layer":"BLOCK_POLYGONS","source_epsg":99999,"area_m2":442382.57},"geometry":{"type":"Polygon","coordinates":[[[113.40867953,49.10804465],[113.41117952,49.10804588],[113.41117952,49.10564701],[113.39777696,49.10592632],[113.39799364,49.1104201],[113.40867703,49.11019757],[113.40867953,49.10804465]]]}},{"type":"Feature","id":"BLOCK_POLYGONS:324","properties":{"fid":324,"cad_handle":3485,"cad_layer":"BLOCK_POLYGONS","layer_handle":116,"cad_color":256,"closed":1,"vertex_cnt":6,"elevation":0.0,"thickness":0.0,"raw_flags":512,"source_dwg":"Nergui undur_L3_boundary.dwg","layer":"BLOCK_POLYGONS","source_epsg":99999,"area_m2":470134.0},"geometry":{"type":"Polygon","coordinates":[[[113.53465604,49.10300038],[113.54834271,49.10269887],[113.56202916,49.10239574],[113.56193569,49.10058111],[113.54823448,49.10058643],[113.53453321,49.10059012],[113.53465604,49.10300038]]]}},{"type":"Feature","id":"BLOCK_POLYGONS:325","properties":{"fid":325,"cad_handle":3494,"cad_layer":"BLOCK_POLYGONS","layer_handle":116,"cad_color":256,"closed":1,"vertex_cnt":6,"elevation":0.0,"thickness":0.0,"raw_flags":512,"source_dwg":"Nergui undur_L3_boundary.dwg","layer":"BLOCK_POLYGONS","source_epsg":99999,"area_m2":602684.5},"geometry":{"type":"Polygon","coordinates":[[[113.507282,49.10359854],[113.52096913,49.10330028],[113.53465604,49.10300038],[113.53453321,49.10059012],[113.52083188,49.10059219],[113.50713048,49.10059263],[113.507282,49.10359854]]]}},{"type":"Feature","id":"BLOCK_POLYGONS:326","properties":{"fid":326,"cad_handle":3503,"cad_layer":"BLOCK_POLYGONS","layer_handle":116,"cad_color":256,"closed":1,"vertex_cnt":4,"elevation":0.0,"thickness":0.0,"raw_flags":512,"source_dwg":"Nergui undur_L3_boundary.dwg","layer":"BLOCK_POLYGONS","source_epsg":99999,"area_m2":351049.0},"geometry":{"type":"Polygon","coordinates":[[[113.49342902,49.10059144],[113.49359465,49.10389519],[113.507282,49.10359854],[113.50713048,49.10059263],[113.49342902,49.10059144]]]}},{"type":"Feature","id":"BLOCK_POLYGONS:327","properties":{"fid":327,"cad_handle":3510,"cad_layer":"BLOCK_POLYGONS","layer_handle":116,"cad_color":256,"closed":1,"vertex_cnt":4,"elevation":0.0,"thickness":0.0,"raw_flags":512,"source_dwg":"Nergui undur_L3_boundary.dwg","layer":"BLOCK_POLYGONS","source_epsg":99999,"area_m2":384187.0},"geometry":{"type":"Polygon","coordinates":[[[113.47972751,49.10058862],[113.47990707,49.10419022],[113.49359465,49.10389519],[113.49342902,49.10059144],[113.47972751,49.10058862]]]}},{"type":"Feature","id":"BLOCK_POLYGONS:328","properties":{"fid":328,"cad_handle":3517,"cad_layer":"BLOCK_POLYGONS","layer_handle":116,"cad_color":256,"closed":1,"vertex_cnt":4,"elevation":0.0,"thickness":0.0,"raw_flags":512,"source_dwg":"Nergui undur_L3_boundary.dwg","layer":"BLOCK_POLYGONS","source_epsg":99999,"area_m2":417325.0},"geometry":{"type":"Polygon","coordinates":[[[113.46602593,49.10058417],[113.46621927,49.10448362],[113.47990707,49.10419022],[113.47972751,49.10058862],[113.46602593,49.10058417]]]}},{"type":"Feature","id":"BLOCK_POLYGONS:329","properties":{"fid":329,"cad_handle":3524,"cad_layer":"BLOCK_POLYGONS","layer_handle":116,"cad_color":256,"closed":1,"vertex_cnt":4,"elevation":0.0,"thickness":0.0,"raw_flags":512,"source_dwg":"Nergui undur_L3_boundary.dwg","layer":"BLOCK_POLYGONS","source_epsg":99999,"area_m2":450463.0},"geometry":{"type":"Polygon","coordinates":[[[113.45232429,49.10057809],[113.45253124,49.10477541],[113.46621927,49.10448362],[113.46602593,49.10058417],[113.45232429,49.10057809]]]}},{"type":"Feature","id":"BLOCK_POLYGONS:330","properties":{"fid":330,"cad_handle":3531,"cad_layer":"BLOCK_POLYGONS","layer_handle":116,"cad_color":256,"closed":1,"vertex_cnt":8,"elevation":0.0,"thickness":0.0,"raw_flags":512,"source_dwg":"Nergui undur_L3_boundary.dwg","layer":"BLOCK_POLYGONS","source_epsg":99999,"area_m2":657087.7},"geometry":{"type":"Polygon","coordinates":[[[113.37011528,49.10054814],[113.35767952,49.10054588],[113.35767952,49.10225438],[113.35767953,49.1025676],[113.3565097,49.10256648],[113.35670899,49.10677248],[113.37039852,49.10649205],[113.37018437,49.10199817],[113.37011528,49.10054814]]]}},{"type":"Feature","id":"BLOCK_POLYGONS:331","properties":{"fid":331,"cad_handle":3542,"cad_layer":"BLOCK_POLYGONS","layer_handle":116,"cad_color":256,"closed":1,"vertex_cnt":5,"elevation":0.0,"thickness":0.0,"raw_flags":512,"source_dwg":"Nergui undur_L3_boundary.dwg","layer":"BLOCK_POLYGONS","source_epsg":99999,"area_m2":483600.27},"geometry":{"type":"Polygon","coordinates":[[[113.43862268,49.10057192],[113.438843,49.10506557],[113.45253124,49.10477541],[113.45232429,49.10057809],[113.43869265,49.10057044],[113.43862268,49.10057192]]]}},{"type":"Feature","id":"BLOCK_POLYGONS:332","properties":{"fid":332,"cad_handle":3550,"cad_layer":"BLOCK_POLYGONS","layer_handle":116,"cad_color":256,"closed":1,"vertex_cnt":8,"elevation":0.0,"thickness":0.0,"raw_flags":512,"source_dwg":"Nergui undur_L3_boundary.dwg","layer":"BLOCK_POLYGONS","source_epsg":99999,"area_m2":625807.7},"geometry":{"type":"Polygon","coordinates":[[[113.35670899,49.10677248],[113.3565097,49.10256648],[113.34303491,49.10255271],[113.34280732,49.10255246],[113.339075,49.10254836],[113.33907499,49.10263305],[113.339075,49.10713131],[113.34301923,49.10705129],[113.35670899,49.10677248]]]}},{"type":"Feature","id":"BLOCK_POLYGONS:333","properties":{"fid":333,"cad_handle":3561,"cad_layer":"BLOCK_POLYGONS","layer_handle":116,"cad_color":256,"closed":1,"vertex_cnt":6,"elevation":0.0,"thickness":0.0,"raw_flags":512,"source_dwg":"Nergui undur_L3_boundary.dwg","layer":"BLOCK_POLYGONS","source_epsg":99999,"area_m2":645593.5},"geometry":{"type":"Polygon","coordinates":[[[113.38381653,49.10054909],[113.37011528,49.10054814],[113.37018437,49.10199817],[113.37039852,49.10649205],[113.38408785,49.10621],[113.38387246,49.10171617],[113.38381653,49.10054909]]]}},{"type":"Feature","id":"BLOCK_POLYGONS:334","properties":{"fid":334,"cad_handle":3570,"cad_layer":"BLOCK_POLYGONS","layer_handle":116,"cad_color":256,"closed":1,"vertex_cnt":6,"elevation":0.0,"thickness":0.0,"raw_flags":512,"source_dwg":"Nergui undur_L3_boundary.dwg","layer":"BLOCK_POLYGONS","source_epsg":99999,"area_m2":614112.5},"geometry":{"type":"Polygon","coordinates":[[[113.38387246,49.10171617],[113.38408785,49.10621],[113.39777696,49.10592632],[113.39756034,49.10143254],[113.39751773,49.10054841],[113.38381653,49.10054909],[113.38387246,49.10171617]]]}},{"type":"Feature","id":"BLOCK_POLYGONS:335","properties":{"fid":335,"cad_handle":3579,"cad_layer":"BLOCK_POLYGONS","layer_handle":116,"cad_color":256,"closed":1,"vertex_cnt":6,"elevation":0.0,"thickness":0.0,"raw_flags":512,"source_dwg":"Nergui undur_L3_boundary.dwg","layer":"BLOCK_POLYGONS","source_epsg":99999,"area_m2":575887.98},"geometry":{"type":"Polygon","coordinates":[[[113.39751773,49.10054841],[113.39756034,49.10143254],[113.39777696,49.10592632],[113.41117952,49.10564701],[113.41117952,49.10114872],[113.41117952,49.10054611],[113.39751773,49.10054841]]]}},{"type":"Feature","id":"BLOCK_POLYGONS:336","properties":{"fid":336,"cad_handle":3588,"cad_layer":"BLOCK_POLYGONS","layer_handle":116,"cad_color":256,"closed":1,"vertex_cnt":10,"elevation":0.0,"thickness":0.0,"raw_flags":512,"source_dwg":"Nergui undur_L3_boundary.dwg","layer":"BLOCK_POLYGONS","source_epsg":99999,"area_m2":731665.11},"geometry":{"type":"Polygon","coordinates":[[[113.42492023,49.10054813],[113.41368756,49.10054598],[113.41368697,49.10109629],[113.41368218,49.10559468],[113.41367952,49.10810223],[113.42318433,49.1081062],[113.42318277,49.10989383],[113.42537368,49.1098478],[113.42515454,49.10535411],[113.42493545,49.10086041],[113.42492023,49.10054813]]]}},{"type":"Feature","id":"BLOCK_POLYGONS:337","properties":{"fid":337,"cad_handle":3601,"cad_layer":"BLOCK_POLYGONS","layer_handle":116,"cad_color":256,"closed":1,"vertex_cnt":8,"elevation":0.0,"thickness":0.0,"raw_flags":512,"source_dwg":"Nergui undur_L3_boundary.dwg","layer":"BLOCK_POLYGONS","source_epsg":99999,"area_m2":518376.84},"geometry":{"type":"Polygon","coordinates":[[[113.42492023,49.10054813],[113.42493545,49.10086041],[113.42515454,49.10535411],[113.438843,49.10506557],[113.43862268,49.10057192],[113.4386226,49.1005704],[113.43709167,49.10056944],[113.43709168,49.10054922],[113.42492023,49.10054813]]]}},{"type":"Feature","id":"BLOCK_POLYGONS:338","properties":{"fid":338,"cad_handle":3684,"cad_layer":"BLOCK_POLYGONS","layer_handle":116,"cad_color":256,"closed":1,"vertex_cnt":4,"elevation":0.0,"thickness":0.0,"raw_flags":512,"source_dwg":"Nergui undur_L3_boundary.dwg","layer":"BLOCK_POLYGONS","source_epsg":99999,"area_m2":361501.91},"geometry":{"type":"Polygon","coordinates":[[[113.37211369,49.14244289],[113.37666281,49.14234929],[113.37667957,49.13308225],[113.37166658,49.13307824],[113.37211369,49.14244289]]]}},{"type":"Feature","id":"CAD_LAYER_0_LINES:1","properties":{"fid":1,"cad_handle":7535,"cad_layer":"CAD_LAYER_0","layer_handle":84,"cad_color":12,"closed":0,"vertex_cnt":5,"elevation":0.0,"thickness":0.0,"raw_flags":0,"source_dwg":"Nergui undur_L3_boundary.dwg","layer":"CAD_LAYER_0_LINES","source_epsg":99999},"geometry":{"type":"LineString","coordinates":[[106.51133136,2.706e-05],[106.51131523,2.706e-05],[106.51131523,-0.0],[106.51133136,-0.0],[106.51133136,2.706e-05]]}},{"type":"Feature","id":"CAD_LAYER_0_LINES:2","properties":{"fid":2,"cad_handle":7537,"cad_layer":"CAD_LAYER_0","layer_handle":84,"cad_color":14,"closed":0,"vertex_cnt":5,"elevation":0.0,"thickness":0.0,"raw_flags":0,"source_dwg":"Nergui undur_L3_boundary.dwg","layer":"CAD_LAYER_0_LINES","source_epsg":99999},"geometry":{"type":"LineString","coordinates":[[106.51133136,-2.706e-05],[106.51131523,-2.706e-05],[106.51131523,-0.0],[106.51133136,-0.0],[106.51133136,-2.706e-05]]}},{"type":"Feature","id":"CAD_LAYER_0_LINES:3","properties":{"fid":3,"cad_handle":7539,"cad_layer":"CAD_LAYER_0","layer_handle":84,"cad_color":142,"closed":0,"vertex_cnt":6,"elevation":0.0,"thickness":0.0,"raw_flags":0,"source_dwg":"Nergui undur_L3_boundary.dwg","layer":"CAD_LAYER_0_LINES","source_epsg":99999},"geometry":{"type":"LineString","coordinates":[[106.51131523,2.71e-06],[106.51126685,2.71e-06],[106.5112561,-0.0],[106.51126685,-2.71e-06],[106.51131523,-2.71e-06],[106.51131523,2.71e-06]]}},{"type":"Feature","id":"CAD_LAYER_0_LINES:4","properties":{"fid":4,"cad_handle":7541,"cad_layer":"CAD_LAYER_0","layer_handle":84,"cad_color":14,"closed":0,"vertex_cnt":5,"elevation":0.0,"thickness":0.0,"raw_flags":0,"source_dwg":"Nergui undur_L3_boundary.dwg","layer":"CAD_LAYER_0_LINES","source_epsg":99999},"geometry":{"type":"LineString","coordinates":[[106.51136899,-1.353e-05],[106.51133673,-1.353e-05],[106.51133673,-0.0],[106.51136899,-0.0],[106.51136899,-1.353e-05]]}},{"type":"Feature","id":"CAD_LAYER_0_LINES:5","properties":{"fid":5,"cad_handle":7543,"cad_layer":"CAD_LAYER_0","layer_handle":84,"cad_color":12,"closed":0,"vertex_cnt":5,"elevation":0.0,"thickness":0.0,"raw_flags":0,"source_dwg":"Nergui undur_L3_boundary.dwg","layer":"CAD_LAYER_0_LINES","source_epsg":99999},"geometry":{"type":"LineString","coordinates":[[106.51136899,1.353e-05],[106.51133673,1.353e-05],[106.51133673,-0.0],[106.51136899,-0.0],[106.51136899,1.353e-05]]}},{"type":"Feature","id":"CAD_LAYER_0_LINES:6","properties":{"fid":6,"cad_handle":7545,"cad_layer":"CAD_LAYER_0","layer_handle":84,"cad_color":12,"closed":0,"vertex_cnt":5,"elevation":0.0,"thickness":0.0,"raw_flags":0,"source_dwg":"Nergui undur_L3_boundary.dwg","layer":"CAD_LAYER_0_LINES","source_epsg":99999},"geometry":{"type":"LineString","coordinates":[[106.51133673,-1.353e-05],[106.51133136,-2.706e-05],[106.51133136,-0.0],[106.51133673,-0.0],[106.51133673,-1.353e-05]]}},{"type":"Feature","id":"CAD_LAYER_0_LINES:7","properties":{"fid":7,"cad_handle":7547,"cad_layer":"CAD_LAYER_0","layer_handle":84,"cad_color":1,"closed":0,"vertex_cnt":5,"elevation":0.0,"thickness":0.0,"raw_flags":0,"source_dwg":"Nergui undur_L3_boundary.dwg","layer":"CAD_LAYER_0_LINES","source_epsg":99999},"geometry":{"type":"LineString","coordinates":[[106.51133673,1.353e-05],[106.51133136,2.706e-05],[106.51133136,-0.0],[106.51133673,-0.0],[106.51133673,1.353e-05]]}},{"type":"Feature","id":"CAD_LAYER_0_LINES:8","properties":{"fid":8,"cad_handle":7549,"cad_layer":"CAD_LAYER_0","layer_handle":84,"cad_color":14,"closed":0,"vertex_cnt":5,"elevation":0.0,"thickness":0.0,"raw_flags":0,"source_dwg":"Nergui undur_L3_boundary.dwg","layer":"CAD_LAYER_0_LINES","source_epsg":99999},"geometry":{"type":"LineString","coordinates":[[106.51139049,-2.165e-05],[106.51137436,-2.165e-05],[106.51137436,-0.0],[106.51139049,-0.0],[106.51139049,-2.165e-05]]}},{"type":"Feature","id":"CAD_LAYER_0_LINES:9","properties":{"fid":9,"cad_handle":7551,"cad_layer":"CAD_LAYER_0","layer_handle":84,"cad_color":16,"closed":0,"vertex_cnt":5,"elevation":0.0,"thickness":0.0,"raw_flags":0,"source_dwg":"Nergui undur_L3_boundary.dwg","layer":"CAD_LAYER_0_LINES","source_epsg":99999},"geometry":{"type":"LineString","coordinates":[[106.51137436,-2.165e-05],[106.51136899,-1.353e-05],[106.51136899,-0.0],[106.51137436,-0.0],[106.51137436,-2.165e-05]]}},{"type":"Feature","id":"CAD_LAYER_0_LINES:10","properties":{"fid":10,"cad_handle":7553,"cad_layer":"CAD_LAYER_0","layer_handle":84,"cad_color":12,"closed":0,"vertex_cnt":5,"elevation":0.0,"thickness":0.0,"raw_flags":0,"source_dwg":"Nergui undur_L3_boundary.dwg","layer":"CAD_LAYER_0_LINES","source_epsg":99999},"geometry":{"type":"LineString","coordinates":[[106.51139049,2.165e-05],[106.51137436,2.165e-05],[106.51137436,-0.0],[106.51139049,-0.0],[106.51139049,2.165e-05]]}},{"type":"Feature","id":"CAD_LAYER_0_LINES:11","properties":{"fid":11,"cad_handle":7555,"cad_layer":"CAD_LAYER_0","layer_handle":84,"cad_color":14,"closed":0,"vertex_cnt":5,"elevation":0.0,"thickness":0.0,"raw_flags":0,"source_dwg":"Nergui undur_L3_boundary.dwg","layer":"CAD_LAYER_0_LINES","source_epsg":99999},"geometry":{"type":"LineString","coordinates":[[106.51137436,2.165e-05],[106.51136899,1.353e-05],[106.51136899,-0.0],[106.51137436,-0.0],[106.51137436,2.165e-05]]}},{"type":"Feature","id":"CAD_LAYER_0_LINES:12","properties":{"fid":12,"cad_handle":7577,"cad_layer":"CAD_LAYER_0","layer_handle":84,"cad_color":142,"closed":0,"vertex_cnt":4,"elevation":0.0,"thickness":0.0,"raw_flags":0,"source_dwg":"Nergui undur_L3_boundary.dwg","layer":"CAD_LAYER_0_LINES","source_epsg":99999},"geometry":{"type":"LineString","coordinates":[[106.51126521,1.3e-05],[106.51125435,2.09e-06],[106.51125815,-1.74e-06],[106.51126898,9.2e-06]]}},{"type":"Feature","id":"CAD_LAYER_0_LINES:13","properties":{"fid":13,"cad_handle":13520,"cad_layer":"CAD_LAYER_0","layer_handle":84,"cad_color":0,"closed":0,"vertex_cnt":2,"elevation":0.0,"thickness":0.0,"raw_flags":4,"source_dwg":"Nergui undur_L3_boundary.dwg","layer":"CAD_LAYER_0_LINES","source_epsg":99999},"geometry":{"type":"LineString","coordinates":[[106.51125162,-4.51e-06],[106.51126058,4.51e-06]]}},{"type":"Feature","id":"CAD_LAYER_0_POLYGONS:1","properties":{"fid":1,"cad_handle":13683,"cad_layer":"CAD_LAYER_0","layer_handle":84,"cad_color":5,"closed":1,"vertex_cnt":19,"elevation":0.0,"thickness":0.0,"raw_flags":512,"source_dwg":"Nergui undur_L3_boundary.dwg","layer":"CAD_LAYER_0_POLYGONS","source_epsg":99999,"area_m2":23578119.69},"geometry":{"type":"Polygon","coordinates":[[[113.51164346,49.17788869],[113.53403823,49.1778239],[113.53412937,49.17236087],[113.56948156,49.17236801],[113.54540851,49.14002595],[113.53740838,49.14002011],[113.53735521,49.14260011],[113.52792268,49.1426251],[113.52777879,49.13434566],[113.53568102,49.13426329],[113.53570389,49.13072523],[113.54332997,49.13067875],[113.54323101,49.12151846],[113.518827,49.12156837],[113.48246639,49.12174356],[113.48265561,49.13108393],[113.49589544,49.14614988],[113.49597667,49.14629375],[113.49616145,49.14628976],[113.51164346,49.17788869]]]}},{"type":"Feature","id":"LICENSE_BORDER:1","properties":{"fid":1,"cad_handle":3683,"cad_layer":"LICENSE_BORDER","layer_handle":115,"cad_color":6,"closed":1,"vertex_cnt":379,"elevation":0.0,"thickness":0.0,"raw_flags":512,"source_dwg":"Nergui undur_L3_boundary.dwg","layer":"LICENSE_BORDER","source_epsg":99999,"area_m2":176659468.56},"geometry":{"type":"Polygon","coordinates":[[[113.58392526,49.25610542],[113.5839226,49.14810833],[113.57696587,49.14810832],[113.57692223,49.14812261],[113.57678886,49.14815881],[113.57665194,49.14818878],[113.57651215,49.14821239],[113.57637017,49.1482295],[113.57622672,49.14824003],[113.5760825,49.14824393],[113.57593821,49.14824119],[113.57579457,49.14823181],[113.57565231,49.14821584],[113.57551209,49.14819336],[113.57537461,49.14816449],[113.57524056,49.14812936],[113.57517427,49.14810833],[113.57117222,49.14810833],[113.57117222,49.14311111],[113.55998888,49.14311111],[113.55998889,49.1374],[113.545475,49.1374],[113.545475,49.14001667],[113.53738333,49.14001667],[113.53738334,49.14263611],[113.52786667,49.14263611],[113.52786667,49.13430833],[113.53571944,49.13430833],[113.53571944,49.13073889],[113.54333334,49.13073889],[113.54333333,49.12859722],[113.56141667,49.12859721],[113.56141668,49.12976139],[113.56432082,49.12943908],[113.56567503,49.12907222],[113.56831667,49.12765709],[113.56831667,49.11931667],[113.5839219,49.11931667],[113.58392143,49.10054588],[113.58351111,49.10054588],[113.58351112,49.10056944],[113.43709167,49.10056944],[113.43709168,49.10054922],[113.41368756,49.10054598],[113.41367952,49.10810223],[113.42318433,49.1081062],[113.42317953,49.11360667],[113.41419167,49.11360294],[113.41417955,49.12510451],[113.38469606,49.12508736],[113.38467957,49.13508652],[113.4001769,49.13509648],[113.40017956,49.13309602],[113.40868538,49.13310059],[113.40867957,49.13810127],[113.39618453,49.13809432],[113.39617957,49.14159488],[113.38568855,49.141588],[113.38567958,49.14708842],[113.37768765,49.14708255],[113.37767959,49.15158225],[113.38319303,49.15158636],[113.3831796,49.15958659],[113.37868578,49.15958326],[113.3786796,49.16308379],[113.36865496,49.16307572],[113.3686796,49.1505763],[113.35817197,49.15056691],[113.3581796,49.1470662],[113.3716738,49.14707808],[113.37167959,49.14404188],[113.37665975,49.14404588],[113.37667957,49.13308225],[113.3686736,49.13307574],[113.36867953,49.13006916],[113.36867953,49.13004588],[113.36867957,49.13004588],[113.36867958,49.130041],[113.37466021,49.13004592],[113.37467956,49.119581],[113.37417956,49.1195806],[113.36269106,49.11957083],[113.36267956,49.12507106],[113.35816321,49.12506691],[113.35817956,49.11756745],[113.34816289,49.11755762],[113.34817956,49.11055702],[113.35969131,49.11056825],[113.35967956,49.11603962],[113.36667149,49.11604588],[113.36667955,49.11203689],[113.37767514,49.11204587],[113.37767954,49.10958231],[113.38218718,49.10958569],[113.38217954,49.11408491],[113.39667602,49.1140946],[113.39667955,49.11159396],[113.4086754,49.1116006],[113.40867953,49.10804465],[113.41117952,49.10804588],[113.41117952,49.10054611],[113.35767952,49.10054588],[113.35767953,49.1025676],[113.339075,49.10254836],[113.339075,49.10923889],[113.33667989,49.10923889],[113.33668397,49.19221065],[113.37296944,49.19221087],[113.37296944,49.190275],[113.38534168,49.190275],[113.38534167,49.184325],[113.38981824,49.184325],[113.39127146,49.1826916],[113.39129784,49.18266278],[113.39130962,49.18265042],[113.39164723,49.18230029],[113.39164722,49.17932778],[113.38748333,49.17932778],[113.38748334,49.17794722],[113.36406111,49.17794722],[113.36406111,49.17437778],[113.35156944,49.17437778],[113.35156944,49.17199722],[113.33805,49.17199722],[113.33805,49.14256212],[113.34386783,49.1485016],[113.34393226,49.148572],[113.34399005,49.14864484],[113.34404098,49.14871985],[113.34408484,49.14879675],[113.34412149,49.14887526],[113.34604304,49.1534877],[113.34607581,49.15357861],[113.3460989,49.1536708],[113.34611221,49.15376381],[113.34611566,49.1538572],[113.34610927,49.15395052],[113.34609304,49.15404333],[113.34583207,49.15518461],[113.34580478,49.15528027],[113.34576703,49.15537439],[113.34571906,49.15546649],[113.34566109,49.15555607],[113.34559339,49.15564268],[113.34551638,49.15572587],[113.34387669,49.1573605],[113.34390796,49.15772688],[113.35226272,49.15849078],[113.35240377,49.15850697],[113.35254274,49.15852956],[113.35267899,49.15855844],[113.35281185,49.15859346],[113.35294067,49.15863447],[113.35306483,49.15868125],[113.35318373,49.15873358],[113.35329677,49.15879121],[113.35547917,49.15998593],[113.35558508,49.1600481],[113.3556842,49.16011492],[113.35577602,49.16018607],[113.35586015,49.16026121],[113.35593616,49.16033999],[113.35600369,49.16042201],[113.35952779,49.16508028],[113.36060278,49.16578357],[113.36678825,49.16632446],[113.36689907,49.16633617],[113.36700873,49.16635183],[113.36711694,49.16637138],[113.37546877,49.16804265],[113.38147051,49.16831471],[113.38161047,49.16832421],[113.38174911,49.16833997],[113.38979167,49.16944067],[113.38986813,49.16945278],[113.39747778,49.16945278],[113.39747777,49.17195278],[113.40215479,49.17195278],[113.40444212,49.16966902],[113.40587762,49.16794829],[113.40593152,49.16788747],[113.40598898,49.16782976],[113.40842965,49.16550931],[113.4085011,49.16544547],[113.40857813,49.16538448],[113.41035283,49.16406077],[113.41037794,49.16404239],[113.41165135,49.16312684],[113.4121111,49.16250799],[113.41211111,49.15636667],[113.41365556,49.15636667],[113.41365555,49.14910833],[113.41591668,49.14910833],[113.41591668,49.14399444],[113.41948612,49.14399444],[113.41948611,49.14078056],[113.42138889,49.14078056],[113.42138889,49.13518889],[113.42389566,49.13518889],[113.42418518,49.13443637],[113.42471457,49.1326602],[113.42474556,49.13257204],[113.42476682,49.13252334],[113.42603056,49.12982125],[113.42603056,49.12424444],[113.43483333,49.12424444],[113.43483333,49.12969676],[113.43490772,49.12986384],[113.43494173,49.12995092],[113.43496682,49.13003929],[113.4349829,49.13012856],[113.43498987,49.13021834],[113.43498772,49.13030822],[113.43497645,49.1303978],[113.43495612,49.1304867],[113.43492679,49.13057451],[113.4341526,49.13257222],[113.43423889,49.13257222],[113.43423889,49.14589722],[113.42876535,49.14589722],[113.42439276,49.14997968],[113.4239927,49.15053303],[113.42395922,49.15057723],[113.42391118,49.15063444],[113.42293611,49.1517314],[113.42293612,49.168025],[113.41637143,49.168025],[113.41496668,49.16947182],[113.41496667,49.17254722],[113.41238319,49.17254722],[113.4112494,49.17361551],[113.4112283,49.17363502],[113.41117706,49.17367954],[113.40854167,49.17587368],[113.40854168,49.17908889],[113.41246668,49.17908889],[113.41246668,49.18846241],[113.41291343,49.18920278],[113.416275,49.18920278],[113.416275,49.19221112],[113.45890615,49.19221138],[113.45890836,49.24054588],[113.46267953,49.24054588],[113.46267952,49.24254588],[113.45890844,49.24254588],[113.45890906,49.25610349],[113.52567953,49.25610452],[113.52567952,49.2541954],[113.52254754,49.25236537],[113.51783261,49.25076222],[113.51686749,49.25054444],[113.50014167,49.25054444],[113.50014167,49.24840278],[113.49500278,49.24840278],[113.49500279,49.24426389],[113.49508687,49.24426389],[113.49460868,49.24367369],[113.48898597,49.24060195],[113.48887916,49.24053935],[113.4887793,49.24047203],[113.48868681,49.24040034],[113.48860214,49.2403246],[113.48772222,49.23947695],[113.48772222,49.23955278],[113.4834389,49.23955278],[113.48343889,49.23783889],[113.47201667,49.23783889],[113.47201668,49.23623918],[113.46687779,49.23465563],[113.46687777,49.23541111],[113.46273889,49.23541111],[113.46273889,49.22999973],[113.45936389,49.23002736],[113.4593639,49.21746944],[113.48015833,49.21746944],[113.48015834,49.21140278],[113.48693889,49.21140278],[113.48693889,49.21173974],[113.488725,49.21047154],[113.488725,49.20105],[113.49479167,49.20104999],[113.49479167,49.19831388],[113.49074723,49.19831389],[113.49074722,49.19450832],[113.48813056,49.19450833],[113.48813056,49.18784444],[113.48384722,49.18784444],[113.48384723,49.18403888],[113.47742222,49.18403888],[113.47742222,49.17904167],[113.47456666,49.17904167],[113.47456666,49.16809444],[113.46766667,49.16809444],[113.46766667,49.16262222],[113.46243056,49.16262222],[113.46243056,49.1541918],[113.46226454,49.15400674],[113.46219596,49.15392378],[113.46213638,49.15383788],[113.46208611,49.15374945],[113.46204539,49.15365893],[113.46201441,49.15356677],[113.46199335,49.15347341],[113.4619823,49.15337932],[113.46198129,49.15328495],[113.4620888,49.15076901],[113.46209573,49.15068979],[113.46210976,49.15061099],[113.46213084,49.15053286],[113.46215887,49.15045567],[113.46219378,49.1503797],[113.46243057,49.14991443],[113.46243056,49.13549722],[113.47551944,49.13549722],[113.47551944,49.15596111],[113.47994273,49.15596111],[113.48118854,49.15508866],[113.48122778,49.15505598],[113.48122778,49.14929722],[113.485275,49.14929722],[113.48527501,49.14620555],[113.49598056,49.14620556],[113.49598056,49.15929167],[113.48670278,49.15929167],[113.48670279,49.16809444],[113.48979444,49.16809444],[113.48979445,49.17523333],[113.49431667,49.17523333],[113.49431667,49.18305556],[113.49433473,49.18308611],[113.49740833,49.18308611],[113.49740833,49.18498889],[113.50193056,49.18498889],[113.50193056,49.18963056],[113.51156667,49.18963056],[113.51156668,49.18891667],[113.51799167,49.18891667],[113.51799167,49.21211667],[113.51263889,49.21211667],[113.51263889,49.21675556],[113.49407778,49.21675556],[113.49407778,49.22650408],[113.4958639,49.2278907],[113.49586389,49.22781944],[113.51085278,49.22781944],[113.51085279,49.2346],[113.52191667,49.2346],[113.52191666,49.21711111],[113.52013333,49.21711111],[113.52013334,49.20569167],[113.54154722,49.20569167],[113.54154723,49.21461389],[113.54297501,49.21461389],[113.542975,49.21318611],[113.55439722,49.21318611],[113.55439722,49.209975],[113.56260556,49.209975],[113.56260556,49.19855278],[113.57616945,49.19855278],[113.57616945,49.18891667],[113.58369167,49.18891667],[113.58369168,49.20426389],[113.58045278,49.20426389],[113.58045278,49.21532778],[113.56653333,49.21532778],[113.56653332,49.21961111],[113.55725279,49.21961111],[113.55725278,49.22532222],[113.54797222,49.22532221],[113.54797222,49.233175],[113.53798056,49.233175],[113.53798056,49.24433561],[113.53983333,49.24520168],[113.53983333,49.24469167],[113.54482778,49.24469167],[113.54482778,49.24863627],[113.54601556,49.24983056],[113.54796944,49.24983056],[113.54796944,49.25610486],[113.58392526,49.25610542]]]}},{"type":"Feature","id":"uchastic:1","properties":{"fid":1,"cad_handle":3860,"cad_layer":"uchastic","layer_handle":3769,"cad_color":1,"closed":1,"vertex_cnt":8,"elevation":0.0,"thickness":0.0,"raw_flags":512,"source_dwg":"Nergui undur_L3_boundary.dwg","layer":"uchastic","source_epsg":99999,"area_m2":3946864.14},"geometry":{"type":"Polygon","coordinates":[[[113.37667957,49.13308225],[113.34425051,49.13305244],[113.34498246,49.15094204],[113.35832965,49.15056369],[113.35817889,49.14735476],[113.37182419,49.1470718],[113.37168455,49.14414765],[113.37665887,49.14404531],[113.37667957,49.13308225]]]}},{"type":"Feature","id":"uchastic:2","properties":{"fid":2,"cad_handle":3861,"cad_layer":"uchastic","layer_handle":3769,"cad_color":256,"closed":1,"vertex_cnt":4,"elevation":0.0,"thickness":0.0,"raw_flags":512,"source_dwg":"Nergui undur_L3_boundary.dwg","layer":"uchastic","source_epsg":99999,"area_m2":500000.0},"geometry":{"type":"Polygon","coordinates":[[[113.35341319,49.15077148],[113.35307249,49.14358125],[113.34451007,49.14375552],[113.34484953,49.1509458],[113.35341319,49.15077148]]]}},{"type":"Feature","id":"uchastic:3","properties":{"fid":3,"cad_handle":3862,"cad_layer":"uchastic","layer_handle":3769,"cad_color":256,"closed":1,"vertex_cnt":4,"elevation":0.0,"thickness":0.0,"raw_flags":512,"source_dwg":"Nergui undur_L3_boundary.dwg","layer":"uchastic","source_epsg":99999,"area_m2":500000.0},"geometry":{"type":"Polygon","coordinates":[[[113.35308101,49.143761],[113.35274044,49.13657076],[113.34417922,49.13674499],[113.34451855,49.14393528],[113.35308101,49.143761]]]}},{"type":"Feature","id":"uchastic:4","properties":{"fid":4,"cad_handle":3863,"cad_layer":"uchastic","layer_handle":3769,"cad_color":256,"closed":1,"vertex_cnt":6,"elevation":0.0,"thickness":0.0,"raw_flags":512,"source_dwg":"Nergui undur_L3_boundary.dwg","layer":"uchastic","source_epsg":99999,"area_m2":417659.08},"geometry":{"type":"Polygon","coordinates":[[[113.35848717,49.1506679],[113.35833741,49.14751448],[113.36155278,49.14744872],[113.36136084,49.14341195],[113.3527985,49.14358684],[113.35313916,49.15077707],[113.35848717,49.1506679]]]}},{"type":"Feature","id":"uchastic:5","properties":{"fid":5,"cad_handle":3868,"cad_layer":"uchastic","layer_handle":3769,"cad_color":256,"closed":1,"vertex_cnt":4,"elevation":0.0,"thickness":0.0,"raw_flags":512,"source_dwg":"Nergui undur_L3_boundary.dwg","layer":"uchastic","source_epsg":99999,"area_m2":500000.0},"geometry":{"type":"Polygon","coordinates":[[[113.36136939,49.1435917],[113.36102762,49.1364015],[113.35246648,49.13657635],[113.35280701,49.14376659],[113.36136939,49.1435917]]]}},{"type":"Feature","id":"uchastic:6","properties":{"fid":6,"cad_handle":3869,"cad_layer":"uchastic","layer_handle":3769,"cad_color":256,"closed":1,"vertex_cnt":4,"elevation":0.0,"thickness":0.0,"raw_flags":512,"source_dwg":"Nergui undur_L3_boundary.dwg","layer":"uchastic","source_epsg":99999,"area_m2":521556.86},"geometry":{"type":"Polygon","coordinates":[[[113.36103617,49.13658126],[113.36086319,49.13294109],[113.34399983,49.13294271],[113.3441877,49.13692475],[113.36103617,49.13658126]]]}},{"type":"Feature","id":"uchastic:7","properties":{"fid":7,"cad_handle":3870,"cad_layer":"uchastic","layer_handle":3769,"cad_color":256,"closed":1,"vertex_cnt":4,"elevation":0.0,"thickness":0.0,"raw_flags":512,"source_dwg":"Nergui undur_L3_boundary.dwg","layer":"uchastic","source_epsg":99999,"area_m2":500000.0},"geometry":{"type":"Polygon","coordinates":[[[113.36965769,49.14342181],[113.36931473,49.13623165],[113.36075367,49.13640711],[113.36109539,49.14359731],[113.36965769,49.14342181]]]}},{"type":"Feature","id":"uchastic:8","properties":{"fid":8,"cad_handle":3871,"cad_layer":"uchastic","layer_handle":3769,"cad_color":256,"closed":1,"vertex_cnt":4,"elevation":0.0,"thickness":0.0,"raw_flags":512,"source_dwg":"Nergui undur_L3_boundary.dwg","layer":"uchastic","source_epsg":99999,"area_m2":442060.63},"geometry":{"type":"Polygon","coordinates":[[[113.37679204,49.14326578],[113.37678097,49.13607812],[113.36904078,49.13623728],[113.3693837,49.14342744],[113.37679204,49.14326578]]]}},{"type":"Feature","id":"uchastic:9","properties":{"fid":9,"cad_handle":3872,"cad_layer":"uchastic","layer_handle":3769,"cad_color":256,"closed":1,"vertex_cnt":6,"elevation":0.0,"thickness":0.0,"raw_flags":512,"source_dwg":"Nergui undur_L3_boundary.dwg","layer":"uchastic","source_epsg":99999,"area_m2":395634.72},"geometry":{"type":"Polygon","coordinates":[[[113.36127874,49.14744358],[113.3720839,49.14723274],[113.37194071,49.14423467],[113.37681732,49.14413433],[113.37678708,49.14309527],[113.36108683,49.1434068],[113.36127874,49.14744358]]]}},{"type":"Feature","id":"uchastic:10","properties":{"fid":10,"cad_handle":3873,"cad_layer":"uchastic","layer_handle":3769,"cad_color":256,"closed":1,"vertex_cnt":4,"elevation":0.0,"thickness":0.0,"raw_flags":512,"source_dwg":"Nergui undur_L3_boundary.dwg","layer":"uchastic","source_epsg":99999,"area_m2":448948.63},"geometry":{"type":"Polygon","coordinates":[[[113.36076214,49.13658542],[113.37678125,49.1362566],[113.37675638,49.13302679],[113.36059043,49.13294114],[113.36076214,49.13658542]]]}},{"type":"Feature","id":"uchastic:11","properties":{"fid":11,"cad_handle":7618,"cad_layer":"uchastic","layer_handle":3769,"cad_color":256,"closed":1,"vertex_cnt":4,"elevation":0.0,"thickness":0.0,"raw_flags":512,"source_dwg":"Nergui undur_L3_boundary.dwg","layer":"uchastic","source_epsg":99999,"area_m2":500000.0},"geometry":{"type":"Polygon","coordinates":[[[113.46722016,49.25611165],[113.46722408,49.24891832],[113.45863963,49.24891599],[113.45863446,49.25610933],[113.46722016,49.25611165]]]}},{"type":"Feature","id":"uchastic:12","properties":{"fid":12,"cad_handle":7620,"cad_layer":"uchastic","layer_handle":3769,"cad_color":256,"closed":1,"vertex_cnt":4,"elevation":0.0,"thickness":0.0,"raw_flags":512,"source_dwg":"Nergui undur_L3_boundary.dwg","layer":"uchastic","source_epsg":99999,"area_m2":500000.0},"geometry":{"type":"Polygon","coordinates":[[[113.47553123,49.25611922],[113.47553395,49.24892591],[113.46694952,49.24892419],[113.46694556,49.25611752],[113.47553123,49.25611922]]]}},{"type":"Feature","id":"uchastic:13","properties":{"fid":13,"cad_handle":7621,"cad_layer":"uchastic","layer_handle":3769,"cad_color":256,"closed":1,"vertex_cnt":4,"elevation":0.0,"thickness":0.0,"raw_flags":512,"source_dwg":"Nergui undur_L3_boundary.dwg","layer":"uchastic","source_epsg":99999,"area_m2":500000.0},"geometry":{"type":"Polygon","coordinates":[[[113.483842,49.25611469],[113.48384351,49.2489214],[113.4752591,49.2489203],[113.47525635,49.25611361],[113.483842,49.25611469]]]}},{"type":"Feature","id":"uchastic:14","properties":{"fid":14,"cad_handle":7622,"cad_layer":"uchastic","layer_handle":3769,"cad_color":256,"closed":1,"vertex_cnt":4,"elevation":0.0,"thickness":0.0,"raw_flags":512,"source_dwg":"Nergui undur_L3_boundary.dwg","layer":"uchastic","source_epsg":99999,"area_m2":499776.73},"geometry":{"type":"Polygon","coordinates":[[[113.49215289,49.25610889],[113.49215319,49.24892204],[113.48356881,49.24892156],[113.48356726,49.25611485],[113.49215289,49.25610889]]]}},{"type":"Feature","id":"uchastic:15","properties":{"fid":15,"cad_handle":7625,"cad_layer":"uchastic","layer_handle":3769,"cad_color":256,"closed":1,"vertex_cnt":7,"elevation":0.0,"thickness":0.0,"raw_flags":512,"source_dwg":"Nergui undur_L3_boundary.dwg","layer":"uchastic","source_epsg":99999,"area_m2":481334.64},"geometry":{"type":"Polygon","coordinates":[[[113.46722398,49.24909816],[113.46722794,49.24190482],[113.46257009,49.24190362],[113.46258757,49.2424903],[113.45864429,49.24248749],[113.45864429,49.24248749],[113.4586395,49.24909582],[113.46722398,49.24909816]]]}},{"type":"Feature","id":"uchastic:16","properties":{"fid":16,"cad_handle":7626,"cad_layer":"uchastic","layer_handle":3769,"cad_color":256,"closed":1,"vertex_cnt":4,"elevation":0.0,"thickness":0.0,"raw_flags":512,"source_dwg":"Nergui undur_L3_boundary.dwg","layer":"uchastic","source_epsg":99999,"area_m2":500000.0},"geometry":{"type":"Polygon","coordinates":[[[113.47553388,49.24910574],[113.47553664,49.24191243],[113.46695343,49.24191069],[113.46694942,49.24910402],[113.47553388,49.24910574]]]}},{"type":"Feature","id":"uchastic:17","properties":{"fid":17,"cad_handle":7627,"cad_layer":"uchastic","layer_handle":3769,"cad_color":256,"closed":1,"vertex_cnt":4,"elevation":0.0,"thickness":0.0,"raw_flags":512,"source_dwg":"Nergui undur_L3_boundary.dwg","layer":"uchastic","source_epsg":99999,"area_m2":500000.0},"geometry":{"type":"Polygon","coordinates":[[[113.48384347,49.24910123],[113.48384501,49.24190794],[113.47526183,49.24190682],[113.47525903,49.24910013],[113.48384347,49.24910123]]]}},{"type":"Feature","id":"uchastic:18","properties":{"fid":18,"cad_handle":7628,"cad_layer":"uchastic","layer_handle":3769,"cad_color":256,"closed":1,"vertex_cnt":4,"elevation":0.0,"thickness":0.0,"raw_flags":512,"source_dwg":"Nergui undur_L3_boundary.dwg","layer":"uchastic","source_epsg":99999,"area_m2":500000.0},"geometry":{"type":"Polygon","coordinates":[[[113.49215318,49.24910187],[113.49215351,49.2419086],[113.48357035,49.24190809],[113.48356877,49.24910139],[113.49215318,49.24910187]]]}},{"type":"Feature","id":"uchastic:19","properties":{"fid":19,"cad_handle":7629,"cad_layer":"uchastic","layer_handle":3769,"cad_color":256,"closed":1,"vertex_cnt":9,"elevation":0.0,"thickness":0.0,"raw_flags":512,"source_dwg":"Nergui undur_L3_boundary.dwg","layer":"uchastic","source_epsg":99999,"area_m2":415520.35},"geometry":{"type":"Polygon","coordinates":[[[113.46722784,49.24209063],[113.46737365,49.23534928],[113.46737365,49.23534928],[113.46737365,49.23534928],[113.45885461,49.2353603],[113.45885461,49.2353603],[113.45884469,49.24058407],[113.46258012,49.240597],[113.46257534,49.24207971],[113.46722784,49.24209063]]]}},{"type":"Feature","id":"uchastic:20","properties":{"fid":20,"cad_handle":7687,"cad_layer":"uchastic","layer_handle":3769,"cad_color":256,"closed":1,"vertex_cnt":10,"elevation":0.0,"thickness":0.0,"raw_flags":512,"source_dwg":"Nergui undur_L3_boundary.dwg","layer":"uchastic","source_epsg":99999,"area_m2":443406.89},"geometry":{"type":"Polygon","coordinates":[[[113.47526175,49.24209369],[113.49215351,49.24209828],[113.48794632,49.23937294],[113.48794632,49.23937294],[113.48794632,49.23937294],[113.48794632,49.23937294],[113.48744756,49.23937295],[113.48371354,49.23937295],[113.48371353,49.23765904],[113.47526196,49.23765917],[113.47526175,49.24209369]]]}},{"type":"Feature","id":"uchastic:21","properties":{"fid":21,"cad_handle":7696,"cad_layer":"uchastic","layer_handle":3769,"cad_color":256,"closed":1,"vertex_cnt":7,"elevation":0.0,"thickness":0.0,"raw_flags":512,"source_dwg":"Nergui undur_L3_boundary.dwg","layer":"uchastic","source_epsg":99999,"area_m2":396160.65},"geometry":{"type":"Polygon","coordinates":[[[113.47553675,49.23765918],[113.47229131,49.23765907],[113.47229131,49.23612505],[113.4697751,49.23534973],[113.46709955,49.23534922],[113.46695148,49.24209052],[113.47553657,49.24209378],[113.47553675,49.23765918]]]}},{"type":"Feature","id":"uchastic:22","properties":{"fid":22,"cad_handle":7703,"cad_layer":"uchastic","layer_handle":3769,"cad_color":256,"closed":1,"vertex_cnt":6,"elevation":0.0,"thickness":0.0,"raw_flags":512,"source_dwg":"Nergui undur_L3_boundary.dwg","layer":"uchastic","source_epsg":99999,"area_m2":303625.79},"geometry":{"type":"Polygon","coordinates":[[[113.50046304,49.25054446],[113.49187841,49.2505446],[113.49187885,49.24190859],[113.49524289,49.24389572],[113.4951848,49.2482598],[113.50048225,49.24827374],[113.50046304,49.25054446]]]}},{"type":"Feature","id":"uchastic:23","properties":{"fid":23,"cad_handle":7704,"cad_layer":"uchastic","layer_handle":3769,"cad_color":256,"closed":1,"vertex_cnt":7,"elevation":0.0,"thickness":0.0,"raw_flags":512,"source_dwg":"Nergui undur_L3_boundary.dwg","layer":"uchastic","source_epsg":99999,"area_m2":435997.57},"geometry":{"type":"Polygon","coordinates":[[[113.5135757,49.25610827],[113.52567953,49.25610452],[113.52567952,49.2541954],[113.52254754,49.25236537],[113.51783261,49.25076222],[113.51686749,49.25054444],[113.51357351,49.25054331],[113.5135757,49.25610827]]]}},{"type":"Feature","id":"uchastic:24","properties":{"fid":24,"cad_handle":7710,"cad_layer":"uchastic","layer_handle":3769,"cad_color":256,"closed":1,"vertex_cnt":4,"elevation":0.0,"thickness":0.0,"raw_flags":512,"source_dwg":"Nergui undur_L3_boundary.dwg","layer":"uchastic","source_epsg":99999,"area_m2":535110.83},"geometry":{"type":"Polygon","coordinates":[[[113.50375429,49.25054461],[113.49187841,49.2505446],[113.49187815,49.25610882],[113.50375376,49.25611088],[113.50375429,49.25054461]]]}},{"type":"Feature","id":"uchastic:25","properties":{"fid":25,"cad_handle":8009,"cad_layer":"uchastic","layer_handle":3769,"cad_color":256,"closed":1,"vertex_cnt":4,"elevation":0.0,"thickness":0.0,"raw_flags":512,"source_dwg":"Nergui undur_L3_boundary.dwg","layer":"uchastic","source_epsg":99999,"area_m2":352688.32},"geometry":{"type":"Polygon","coordinates":[[[113.51057816,49.23477982],[113.52219142,49.23477981],[113.52218864,49.23102973],[113.51057825,49.23103029],[113.51057816,49.23477982]]]}},{"type":"Feature","id":"uchastic:26","properties":{"fid":26,"cad_handle":8010,"cad_layer":"uchastic","layer_handle":3769,"cad_color":256,"closed":1,"vertex_cnt":4,"elevation":0.0,"thickness":0.0,"raw_flags":512,"source_dwg":"Nergui undur_L3_boundary.dwg","layer":"uchastic","source_epsg":99999,"area_m2":340335.29},"geometry":{"type":"Polygon","coordinates":[[[113.51057824,49.23125889],[113.52218881,49.2312589],[113.52218793,49.22763986],[113.51057833,49.2276404],[113.51057824,49.23125889]]]}},{"type":"Feature","id":"uchastic:27","properties":{"fid":27,"cad_handle":8020,"cad_layer":"uchastic","layer_handle":3769,"cad_color":256,"closed":1,"vertex_cnt":4,"elevation":0.0,"thickness":0.0,"raw_flags":512,"source_dwg":"Nergui undur_L3_boundary.dwg","layer":"uchastic","source_epsg":99999,"area_m2":512062.6},"geometry":{"type":"Polygon","coordinates":[[[113.52218802,49.22781969],[113.52223955,49.2204529],[113.51366019,49.22045458],[113.51360739,49.22782138],[113.52218802,49.22781969]]]}},{"type":"Feature","id":"uchastic:28","properties":{"fid":28,"cad_handle":8021,"cad_layer":"uchastic","layer_handle":3769,"cad_color":256,"closed":1,"vertex_cnt":4,"elevation":0.0,"thickness":0.0,"raw_flags":512,"source_dwg":"Nergui undur_L3_boundary.dwg","layer":"uchastic","source_epsg":99999,"area_m2":512489.44},"geometry":{"type":"Polygon","coordinates":[[[113.51388197,49.22782133],[113.51388223,49.2204484],[113.50530285,49.22044946],[113.50530131,49.22782241],[113.51388197,49.22782133]]]}},{"type":"Feature","id":"uchastic:29","properties":{"fid":29,"cad_handle":8025,"cad_layer":"uchastic","layer_handle":3769,"cad_color":256,"closed":1,"vertex_cnt":4,"elevation":0.0,"thickness":0.0,"raw_flags":512,"source_dwg":"Nergui undur_L3_boundary.dwg","layer":"uchastic","source_epsg":99999,"area_m2":541672.91},"geometry":{"type":"Polygon","coordinates":[[[113.49404344,49.22782285],[113.50557589,49.22781966],[113.50557468,49.22202281],[113.49404359,49.22202326],[113.49404344,49.22782285]]]}},{"type":"Feature","id":"uchastic:30","properties":{"fid":30,"cad_handle":8027,"cad_layer":"uchastic","layer_handle":3769,"cad_color":256,"closed":1,"vertex_cnt":4,"elevation":0.0,"thickness":0.0,"raw_flags":512,"source_dwg":"Nergui undur_L3_boundary.dwg","layer":"uchastic","source_epsg":99999,"area_m2":529098.09},"geometry":{"type":"Polygon","coordinates":[[[113.49404358,49.22220581],[113.50557472,49.22220264],[113.50556059,49.21654039],[113.49403077,49.21654081],[113.49404358,49.22220581]]]}},{"type":"Feature","id":"uchastic:31","properties":{"fid":31,"cad_handle":8028,"cad_layer":"uchastic","layer_handle":3769,"cad_color":256,"closed":1,"vertex_cnt":6,"elevation":0.0,"thickness":0.0,"raw_flags":512,"source_dwg":"Nergui undur_L3_boundary.dwg","layer":"uchastic","source_epsg":99999,"area_m2":553562.01},"geometry":{"type":"Polygon","coordinates":[[[113.50529985,49.22062914],[113.50529904,49.21654041],[113.52040785,49.21654134],[113.52040787,49.21693132],[113.52218862,49.21693126],[113.52218411,49.22062646],[113.50529985,49.22062914]]]}},{"type":"Feature","id":"uchastic:32","properties":{"fid":32,"cad_handle":8177,"cad_layer":"uchastic","layer_handle":3769,"cad_color":1,"closed":1,"vertex_cnt":21,"elevation":0.0,"thickness":0.0,"raw_flags":512,"source_dwg":"Nergui undur_L3_boundary.dwg","layer":"uchastic","source_epsg":99999,"area_m2":6710368.3},"geometry":{"type":"Polygon","coordinates":[[[113.45885461,49.2353603],[113.45884469,49.24058407],[113.46258012,49.240597],[113.46258757,49.2424903],[113.45864429,49.24248749],[113.45863446,49.25610933],[113.52567953,49.25610452],[113.52567952,49.2541954],[113.52254754,49.25236537],[113.51783261,49.25076222],[113.51686749,49.25054444],[113.50046304,49.25054446],[113.50048225,49.24827374],[113.4951848,49.2482598],[113.49524289,49.24389572],[113.48794632,49.23937294],[113.48371354,49.23937295],[113.48371353,49.23765904],[113.47229131,49.23765907],[113.47229131,49.23612505],[113.4697751,49.23534973],[113.45885461,49.2353603]]]}},{"type":"Feature","id":"uchastic:33","properties":{"fid":33,"cad_handle":8204,"cad_layer":"uchastic","layer_handle":3769,"cad_color":256,"closed":1,"vertex_cnt":4,"elevation":0.0,"thickness":0.0,"raw_flags":512,"source_dwg":"Nergui undur_L3_boundary.dwg","layer":"uchastic","source_epsg":99999,"area_m2":467469.7},"geometry":{"type":"Polygon","coordinates":[[[113.51385043,49.25610715],[113.51384822,49.25054326],[113.50347802,49.25054463],[113.50347907,49.25611523],[113.51385043,49.25610715]]]}},{"type":"Feature","id":"uchastic:34","properties":{"fid":34,"cad_handle":8767,"cad_layer":"uchastic","layer_handle":3769,"cad_color":256,"closed":1,"vertex_cnt":6,"elevation":0.0,"thickness":0.0,"raw_flags":512,"source_dwg":"Nergui undur_L3_boundary.dwg","layer":"uchastic","source_epsg":99999,"area_m2":350853.71},"geometry":{"type":"Polygon","coordinates":[[[113.54154729,49.209976],[113.54154723,49.21461389],[113.54297508,49.21461389],[113.54297525,49.21318611],[113.55439766,49.21318611],[113.55439792,49.209975],[113.54154729,49.209976]]]}},{"type":"Feature","id":"uchastic:35","properties":{"fid":35,"cad_handle":8768,"cad_layer":"uchastic","layer_handle":3769,"cad_color":256,"closed":1,"vertex_cnt":4,"elevation":0.0,"thickness":0.0,"raw_flags":512,"source_dwg":"Nergui undur_L3_boundary.dwg","layer":"uchastic","source_epsg":99999,"area_m2":413724.47},"geometry":{"type":"Polygon","coordinates":[[[113.54127276,49.20551311],[113.5522136,49.20546106],[113.55221369,49.21015339],[113.54127281,49.21015293],[113.54127276,49.20551311]]]}},{"type":"Feature","id":"uchastic:36","properties":{"fid":36,"cad_handle":8769,"cad_layer":"uchastic","layer_handle":3769,"cad_color":256,"closed":1,"vertex_cnt":4,"elevation":0.0,"thickness":0.0,"raw_flags":512,"source_dwg":"Nergui undur_L3_boundary.dwg","layer":"uchastic","source_epsg":99999,"area_m2":512500.0},"geometry":{"type":"Polygon","coordinates":[[[113.51799163,49.20579145],[113.52924416,49.20574438],[113.52918879,49.20012478],[113.51793753,49.20017182],[113.51799163,49.20579145]]]}},{"type":"Feature","id":"uchastic:37","properties":{"fid":37,"cad_handle":8770,"cad_layer":"uchastic","layer_handle":3769,"cad_color":256,"closed":1,"vertex_cnt":4,"elevation":0.0,"thickness":0.0,"raw_flags":512,"source_dwg":"Nergui undur_L3_boundary.dwg","layer":"uchastic","source_epsg":99999,"area_m2":512500.0},"geometry":{"type":"Polygon","coordinates":[[[113.52896971,49.20574554],[113.54022218,49.20569731],[113.54016557,49.20007773],[113.52891437,49.20012594],[113.52896971,49.20574554]]]}},{"type":"Feature","id":"uchastic:38","properties":{"fid":38,"cad_handle":8771,"cad_layer":"uchastic","layer_handle":3769,"cad_color":256,"closed":1,"vertex_cnt":4,"elevation":0.0,"thickness":0.0,"raw_flags":512,"source_dwg":"Nergui undur_L3_boundary.dwg","layer":"uchastic","source_epsg":99999,"area_m2":512500.0},"geometry":{"type":"Polygon","coordinates":[[[113.53994774,49.20569495],[113.55120015,49.20564583],[113.55114229,49.20002628],[113.53989116,49.20007538],[113.53994774,49.20569495]]]}},{"type":"Feature","id":"uchastic:39","properties":{"fid":39,"cad_handle":8772,"cad_layer":"uchastic","layer_handle":3769,"cad_color":256,"closed":1,"vertex_cnt":4,"elevation":0.0,"thickness":0.0,"raw_flags":512,"source_dwg":"Nergui undur_L3_boundary.dwg","layer":"uchastic","source_epsg":99999,"area_m2":533994.82},"geometry":{"type":"Polygon","coordinates":[[[113.5509257,49.20564696],[113.56263521,49.20559792],[113.56260566,49.19997828],[113.55086787,49.20002741],[113.5509257,49.20564696]]]}},{"type":"Feature","id":"uchastic:40","properties":{"fid":40,"cad_handle":8773,"cad_layer":"uchastic","layer_handle":3769,"cad_color":256,"closed":1,"vertex_cnt":4,"elevation":0.0,"thickness":0.0,"raw_flags":512,"source_dwg":"Nergui undur_L3_boundary.dwg","layer":"uchastic","source_epsg":99999,"area_m2":418037.09},"geometry":{"type":"Polygon","coordinates":[[[113.55193915,49.2054635],[113.55193921,49.21015511],[113.56288004,49.21015481],[113.56288,49.20541705],[113.55193915,49.2054635]]]}},{"type":"Feature","id":"uchastic:41","properties":{"fid":41,"cad_handle":8774,"cad_layer":"uchastic","layer_handle":3769,"cad_color":256,"closed":1,"vertex_cnt":4,"elevation":0.0,"thickness":0.0,"raw_flags":512,"source_dwg":"Nergui undur_L3_boundary.dwg","layer":"uchastic","source_epsg":99999,"area_m2":512500.0},"geometry":{"type":"Polygon","coordinates":[[[113.51793927,49.20035165],[113.52919056,49.20030461],[113.52913523,49.194685],[113.5178852,49.19473202],[113.51793927,49.20035165]]]}},{"type":"Feature","id":"uchastic:42","properties":{"fid":42,"cad_handle":8775,"cad_layer":"uchastic","layer_handle":3769,"cad_color":256,"closed":1,"vertex_cnt":4,"elevation":0.0,"thickness":0.0,"raw_flags":512,"source_dwg":"Nergui undur_L3_boundary.dwg","layer":"uchastic","source_epsg":99999,"area_m2":512500.0},"geometry":{"type":"Polygon","coordinates":[[[113.52891614,49.20030577],[113.54016738,49.20025756],[113.5401108,49.19463798],[113.52886084,49.19468616],[113.52891614,49.20030577]]]}},{"type":"Feature","id":"uchastic:43","properties":{"fid":43,"cad_handle":8776,"cad_layer":"uchastic","layer_handle":3769,"cad_color":256,"closed":1,"vertex_cnt":4,"elevation":0.0,"thickness":0.0,"raw_flags":512,"source_dwg":"Nergui undur_L3_boundary.dwg","layer":"uchastic","source_epsg":99999,"area_m2":512500.0},"geometry":{"type":"Polygon","coordinates":[[[113.53989297,49.20025521],[113.55114414,49.2002061],[113.55108632,49.19458655],[113.53983642,49.19463562],[113.53989297,49.20025521]]]}},{"type":"Feature","id":"uchastic:44","properties":{"fid":44,"cad_handle":8777,"cad_layer":"uchastic","layer_handle":3769,"cad_color":256,"closed":1,"vertex_cnt":4,"elevation":0.0,"thickness":0.0,"raw_flags":512,"source_dwg":"Nergui undur_L3_boundary.dwg","layer":"uchastic","source_epsg":99999,"area_m2":533994.82},"geometry":{"type":"Polygon","coordinates":[[[113.55086972,49.20020724],[113.56257794,49.20015823],[113.56254843,49.19453857],[113.55081193,49.19458768],[113.55086972,49.20020724]]]}},{"type":"Feature","id":"uchastic:45","properties":{"fid":45,"cad_handle":8778,"cad_layer":"uchastic","layer_handle":3769,"cad_color":256,"closed":1,"vertex_cnt":4,"elevation":0.0,"thickness":0.0,"raw_flags":512,"source_dwg":"Nergui undur_L3_boundary.dwg","layer":"uchastic","source_epsg":99999,"area_m2":544642.68},"geometry":{"type":"Polygon","coordinates":[[[113.51788694,49.19491185],[113.529137,49.19486483],[113.5290816,49.18889276],[113.51783289,49.18893975],[113.51788694,49.19491185]]]}},{"type":"Feature","id":"uchastic:46","properties":{"fid":46,"cad_handle":8779,"cad_layer":"uchastic","layer_handle":3769,"cad_color":256,"closed":1,"vertex_cnt":4,"elevation":0.0,"thickness":0.0,"raw_flags":512,"source_dwg":"Nergui undur_L3_boundary.dwg","layer":"uchastic","source_epsg":99999,"area_m2":540532.98},"geometry":{"type":"Polygon","coordinates":[[[113.52886261,49.19486599],[113.54011261,49.19481781],[113.54005591,49.18889082],[113.52880725,49.18893898],[113.52886261,49.19486599]]]}},{"type":"Feature","id":"uchastic:47","properties":{"fid":47,"cad_handle":8780,"cad_layer":"uchastic","layer_handle":3769,"cad_color":256,"closed":1,"vertex_cnt":4,"elevation":0.0,"thickness":0.0,"raw_flags":512,"source_dwg":"Nergui undur_L3_boundary.dwg","layer":"uchastic","source_epsg":99999,"area_m2":536104.11},"geometry":{"type":"Polygon","coordinates":[[[113.53983823,49.19481545],[113.55108817,49.19476637],[113.55103019,49.18888799],[113.53978158,49.18893703],[113.53983823,49.19481545]]]}},{"type":"Feature","id":"uchastic:48","properties":{"fid":48,"cad_handle":8781,"cad_layer":"uchastic","layer_handle":3769,"cad_color":256,"closed":1,"vertex_cnt":4,"elevation":0.0,"thickness":0.0,"raw_flags":512,"source_dwg":"Nergui undur_L3_boundary.dwg","layer":"uchastic","source_epsg":99999,"area_m2":554370.36},"geometry":{"type":"Polygon","coordinates":[[[113.55081378,49.19476751],[113.56252072,49.19471852],[113.56249103,49.18888443],[113.55075587,49.18893351],[113.55081378,49.19476751]]]}},{"type":"Feature","id":"uchastic:49","properties":{"fid":49,"cad_handle":8782,"cad_layer":"uchastic","layer_handle":3769,"cad_color":256,"closed":1,"vertex_cnt":5,"elevation":0.0,"thickness":0.0,"raw_flags":512,"source_dwg":"Nergui undur_L3_boundary.dwg","layer":"uchastic","source_epsg":99999,"area_m2":553603.61},"geometry":{"type":"Polygon","coordinates":[[[113.56233115,49.19855397],[113.56929327,49.1985793],[113.56938191,49.18891179],[113.56938191,49.18891179],[113.56221668,49.18888562],[113.56233115,49.19855397]]]}},{"type":"Feature","id":"uchastic:50","properties":{"fid":50,"cad_handle":8783,"cad_layer":"uchastic","layer_handle":3769,"cad_color":256,"closed":1,"vertex_cnt":4,"elevation":0.0,"thickness":0.0,"raw_flags":512,"source_dwg":"Nergui undur_L3_boundary.dwg","layer":"uchastic","source_epsg":99999,"area_m2":508000.0},"geometry":{"type":"Polygon","coordinates":[[[113.51156634,49.18900659],[113.52254085,49.18897462],[113.52250152,49.18326501],[113.51152828,49.18329696],[113.51156634,49.18900659]]]}},{"type":"Feature","id":"uchastic:51","properties":{"fid":51,"cad_handle":8784,"cad_layer":"uchastic","layer_handle":3769,"cad_color":256,"closed":1,"vertex_cnt":4,"elevation":0.0,"thickness":0.0,"raw_flags":512,"source_dwg":"Nergui undur_L3_boundary.dwg","layer":"uchastic","source_epsg":99999,"area_m2":500000.0},"geometry":{"type":"Polygon","coordinates":[[[113.51152947,49.18347692],[113.52250275,49.18344362],[113.52246245,49.17782393],[113.51149042,49.17785721],[113.51152947,49.18347692]]]}},{"type":"Feature","id":"uchastic:52","properties":{"fid":52,"cad_handle":8785,"cad_layer":"uchastic","layer_handle":3769,"cad_color":256,"closed":1,"vertex_cnt":4,"elevation":0.0,"thickness":0.0,"raw_flags":512,"source_dwg":"Nergui undur_L3_boundary.dwg","layer":"uchastic","source_epsg":99999,"area_m2":500000.0},"geometry":{"type":"Polygon","coordinates":[[[113.52222842,49.18344582],[113.53320164,49.1834115],[113.53316014,49.17779184],[113.52218816,49.17782613],[113.52222842,49.18344582]]]}},{"type":"Feature","id":"uchastic:53","properties":{"fid":53,"cad_handle":8786,"cad_layer":"uchastic","layer_handle":3769,"cad_color":256,"closed":1,"vertex_cnt":4,"elevation":0.0,"thickness":0.0,"raw_flags":512,"source_dwg":"Nergui undur_L3_boundary.dwg","layer":"uchastic","source_epsg":99999,"area_m2":512000.0},"geometry":{"type":"Polygon","coordinates":[[[113.52226866,49.18905724],[113.53324312,49.1890229],[113.53320059,49.18326837],[113.5222274,49.18330269],[113.52226866,49.18905724]]]}},{"type":"Feature","id":"uchastic:54","properties":{"fid":54,"cad_handle":8787,"cad_layer":"uchastic","layer_handle":3769,"cad_color":256,"closed":1,"vertex_cnt":4,"elevation":0.0,"thickness":0.0,"raw_flags":512,"source_dwg":"Nergui undur_L3_boundary.dwg","layer":"uchastic","source_epsg":99999,"area_m2":500000.0},"geometry":{"type":"Polygon","coordinates":[[[113.53292725,49.18340411],[113.54390042,49.18336877],[113.5438577,49.17774913],[113.53288578,49.17778444],[113.53292725,49.18340411]]]}},{"type":"Feature","id":"uchastic:55","properties":{"fid":55,"cad_handle":8788,"cad_layer":"uchastic","layer_handle":3769,"cad_color":256,"closed":1,"vertex_cnt":4,"elevation":0.0,"thickness":0.0,"raw_flags":512,"source_dwg":"Nergui undur_L3_boundary.dwg","layer":"uchastic","source_epsg":99999,"area_m2":512000.0},"geometry":{"type":"Polygon","coordinates":[[[113.53296876,49.18902377],[113.54394317,49.18898841],[113.54389939,49.1832339],[113.53292626,49.18326924],[113.53296876,49.18902377]]]}},{"type":"Feature","id":"uchastic:56","properties":{"fid":56,"cad_handle":8789,"cad_layer":"uchastic","layer_handle":3769,"cad_color":256,"closed":1,"vertex_cnt":4,"elevation":0.0,"thickness":0.0,"raw_flags":512,"source_dwg":"Nergui undur_L3_boundary.dwg","layer":"uchastic","source_epsg":99999,"area_m2":500000.0},"geometry":{"type":"Polygon","coordinates":[[[113.54362603,49.18336141],[113.55459913,49.18332505],[113.5545552,49.17770543],[113.54358334,49.17774176],[113.54362603,49.18336141]]]}},{"type":"Feature","id":"uchastic:57","properties":{"fid":57,"cad_handle":8790,"cad_layer":"uchastic","layer_handle":3769,"cad_color":256,"closed":1,"vertex_cnt":4,"elevation":0.0,"thickness":0.0,"raw_flags":512,"source_dwg":"Nergui undur_L3_boundary.dwg","layer":"uchastic","source_epsg":99999,"area_m2":512000.0},"geometry":{"type":"Polygon","coordinates":[[[113.54366869,49.18897278],[113.55464303,49.1889364],[113.55459801,49.18318192],[113.54362494,49.18321827],[113.54366869,49.18897278]]]}},{"type":"Feature","id":"uchastic:58","properties":{"fid":58,"cad_handle":8791,"cad_layer":"uchastic","layer_handle":3769,"cad_color":256,"closed":1,"vertex_cnt":4,"elevation":0.0,"thickness":0.0,"raw_flags":512,"source_dwg":"Nergui undur_L3_boundary.dwg","layer":"uchastic","source_epsg":99999,"area_m2":500000.0},"geometry":{"type":"Polygon","coordinates":[[[113.55432475,49.18331843],[113.5652978,49.18328106],[113.56525265,49.17766146],[113.55428085,49.17769881],[113.55432475,49.18331843]]]}},{"type":"Feature","id":"uchastic:59","properties":{"fid":59,"cad_handle":8792,"cad_layer":"uchastic","layer_handle":3769,"cad_color":256,"closed":1,"vertex_cnt":4,"elevation":0.0,"thickness":0.0,"raw_flags":512,"source_dwg":"Nergui undur_L3_boundary.dwg","layer":"uchastic","source_epsg":99999,"area_m2":511999.9},"geometry":{"type":"Polygon","coordinates":[[[113.55436862,49.18892978],[113.56534291,49.18889238],[113.56529748,49.18313792],[113.55432446,49.18317529],[113.55436862,49.18892978]]]}},{"type":"Feature","id":"uchastic:60","properties":{"fid":60,"cad_handle":8793,"cad_layer":"uchastic","layer_handle":3769,"cad_color":256,"closed":1,"vertex_cnt":4,"elevation":0.0,"thickness":0.0,"raw_flags":512,"source_dwg":"Nergui undur_L3_boundary.dwg","layer":"uchastic","source_epsg":99999,"area_m2":401636.1},"geometry":{"type":"Polygon","coordinates":[[[113.56497836,49.17766103],[113.56948496,49.17767823],[113.56938191,49.18891179],[113.56506855,49.18889195],[113.56497836,49.17766103]]]}},{"type":"Feature","id":"uchastic:61","properties":{"fid":61,"cad_handle":8797,"cad_layer":"uchastic","layer_handle":3769,"cad_color":256,"closed":1,"vertex_cnt":4,"elevation":0.0,"thickness":0.0,"raw_flags":512,"source_dwg":"Nergui undur_L3_boundary.dwg","layer":"uchastic","source_epsg":99999,"area_m2":687817.38},"geometry":{"type":"Polygon","coordinates":[[[113.55426928,49.17788623],[113.56948557,49.17785806],[113.56946684,49.17233409],[113.55423844,49.17226656],[113.55426928,49.17788623]]]}},{"type":"Feature","id":"uchastic:62","properties":{"fid":62,"cad_handle":9659,"cad_layer":"uchastic","layer_handle":3769,"cad_color":256,"closed":1,"vertex_cnt":4,"elevation":0.0,"thickness":0.0,"raw_flags":512,"source_dwg":"Nergui undur_L3_boundary.dwg","layer":"uchastic","source_epsg":99999,"area_m2":500000.0},"geometry":{"type":"Polygon","coordinates":[[[113.53288704,49.17795601],[113.543859,49.1779207],[113.54381631,49.17230105],[113.5328456,49.17233634],[113.53288704,49.17795601]]]}},{"type":"Feature","id":"uchastic:63","properties":{"fid":63,"cad_handle":9660,"cad_layer":"uchastic","layer_handle":3769,"cad_color":256,"closed":1,"vertex_cnt":4,"elevation":0.0,"thickness":0.0,"raw_flags":512,"source_dwg":"Nergui undur_L3_boundary.dwg","layer":"uchastic","source_epsg":99999,"area_m2":500000.0},"geometry":{"type":"Polygon","coordinates":[[[113.5435847,49.17792159],[113.5545566,49.17788526],[113.55451271,49.17226564],[113.54354204,49.17230195],[113.5435847,49.17792159]]]}},{"type":"Feature","id":"uchastic:64","properties":{"fid":64,"cad_handle":10477,"cad_layer":"uchastic","layer_handle":3769,"cad_color":1,"closed":1,"vertex_cnt":8,"elevation":0.0,"thickness":0.0,"raw_flags":512,"source_dwg":"Nergui undur_L3_boundary.dwg","layer":"uchastic","source_epsg":99999,"area_m2":3098710.39},"geometry":{"type":"Polygon","coordinates":[[[113.49404344,49.22782285],[113.51085278,49.22782179],[113.51085279,49.2346],[113.52191667,49.2346],[113.52191666,49.21711111],[113.52013333,49.21711111],[113.52013333,49.21676532],[113.49407778,49.21675556],[113.49404344,49.22782285]]]}},{"type":"Feature","id":"uchastic:65","properties":{"fid":65,"cad_handle":10485,"cad_layer":"uchastic","layer_handle":3769,"cad_color":1,"closed":1,"vertex_cnt":16,"elevation":0.0,"thickness":0.0,"raw_flags":512,"source_dwg":"Nergui undur_L3_boundary.dwg","layer":"uchastic","source_epsg":99999,"area_m2":14449479.79},"geometry":{"type":"Polygon","coordinates":[[[113.53409227,49.17238082],[113.53401229,49.17775883],[113.51170864,49.17794036],[113.51174145,49.18899242],[113.51788253,49.18891667],[113.51799163,49.20579145],[113.54153643,49.20549551],[113.54128068,49.21470228],[113.54293035,49.21467554],[113.54316541,49.21330361],[113.55439722,49.21318611],[113.55433464,49.20996611],[113.56259473,49.21000896],[113.56260556,49.19855498],[113.56929327,49.1985793],[113.56953379,49.1723333],[113.53409227,49.17238082]]]}},{"type":"Feature","id":"uchastic:66","properties":{"fid":66,"cad_handle":10486,"cad_layer":"uchastic","layer_handle":3769,"cad_color":1,"closed":1,"vertex_cnt":6,"elevation":0.0,"thickness":0.0,"raw_flags":512,"source_dwg":"Nergui undur_L3_boundary.dwg","layer":"uchastic","source_epsg":99999,"area_m2":2324576.63},"geometry":{"type":"Polygon","coordinates":[[[113.51884245,49.12156195],[113.5187542,49.13434084],[113.53571944,49.13430833],[113.53571944,49.13073889],[113.54333334,49.13073889],[113.54327353,49.12149404],[113.51884245,49.12156195]]]}},{"type":"Feature","id":"uchastic:67","properties":{"fid":67,"cad_handle":10487,"cad_layer":"uchastic","layer_handle":3769,"cad_color":1,"closed":1,"vertex_cnt":4,"elevation":0.0,"thickness":0.0,"raw_flags":512,"source_dwg":"Nergui undur_L3_boundary.dwg","layer":"uchastic","source_epsg":99999,"area_m2":1272113.11},"geometry":{"type":"Polygon","coordinates":[[[113.49926372,49.12166959],[113.49926366,49.13104191],[113.4825386,49.13104236],[113.48254035,49.12167294],[113.49926372,49.12166959]]]}},{"type":"Feature","id":"uchastic:68","properties":{"fid":68,"cad_handle":10488,"cad_layer":"uchastic","layer_handle":3769,"cad_color":1,"closed":1,"vertex_cnt":4,"elevation":0.0,"thickness":0.0,"raw_flags":512,"source_dwg":"Nergui undur_L3_boundary.dwg","layer":"uchastic","source_epsg":99999,"area_m2":6482388.03},"geometry":{"type":"Polygon","coordinates":[[[113.4141033,49.11863857],[113.4582815,49.11864247],[113.45826099,49.10056437],[113.41410169,49.1005657],[113.4141033,49.11863857]]]}},{"type":"Feature","id":"uchastic:69","properties":{"fid":69,"cad_handle":10489,"cad_layer":"uchastic","layer_handle":3769,"cad_color":1,"closed":1,"vertex_cnt":8,"elevation":0.0,"thickness":0.0,"raw_flags":512,"source_dwg":"Nergui undur_L3_boundary.dwg","layer":"uchastic","source_epsg":99999,"area_m2":2814790.6},"geometry":{"type":"Polygon","coordinates":[[[113.38217954,49.11408491],[113.39667602,49.1140946],[113.39667955,49.11159396],[113.4086754,49.1116006],[113.40867953,49.10804465],[113.41117952,49.10804588],[113.41117952,49.10054611],[113.38233,49.100549],[113.38217954,49.11408491]]]}},{"type":"Feature","id":"uchastic:70","properties":{"fid":70,"cad_handle":10490,"cad_layer":"uchastic","layer_handle":3769,"cad_color":1,"closed":1,"vertex_cnt":20,"elevation":0.0,"thickness":0.0,"raw_flags":512,"source_dwg":"Nergui undur_L3_boundary.dwg","layer":"uchastic","source_epsg":99999,"area_m2":5633017.58},"geometry":{"type":"Polygon","coordinates":[[[113.38467957,49.13508652],[113.4001769,49.13509648],[113.40017956,49.13309602],[113.40868538,49.13310059],[113.40867957,49.13810127],[113.39618453,49.13809432],[113.39617957,49.14159488],[113.38568855,49.141588],[113.38567958,49.14708842],[113.41591668,49.14699789],[113.41591668,49.14399444],[113.41948612,49.14399444],[113.41948611,49.14078056],[113.42138889,49.14078056],[113.42138889,49.13518889],[113.42389566,49.13518889],[113.42603056,49.12982125],[113.42603056,49.12424444],[113.41417955,49.12510451],[113.38469606,49.12508736],[113.38467957,49.13508652]]]}},{"type":"Feature","id":"uchastic:71","properties":{"fid":71,"cad_handle":10688,"cad_layer":"uchastic","layer_handle":3769,"cad_color":256,"closed":1,"vertex_cnt":4,"elevation":0.0,"thickness":0.0,"raw_flags":512,"source_dwg":"Nergui undur_L3_boundary.dwg","layer":"uchastic","source_epsg":99999,"area_m2":500000.0},"geometry":{"type":"Polygon","coordinates":[[[113.52731858,49.13436597],[113.52736701,49.12717272],[113.51880387,49.12714757],[113.5187542,49.13434084],[113.52731858,49.13436597]]]}},{"type":"Feature","id":"uchastic:72","properties":{"fid":72,"cad_handle":10689,"cad_layer":"uchastic","layer_handle":3769,"cad_color":256,"closed":1,"vertex_cnt":4,"elevation":0.0,"thickness":0.0,"raw_flags":512,"source_dwg":"Nergui undur_L3_boundary.dwg","layer":"uchastic","source_epsg":99999,"area_m2":507999.3},"geometry":{"type":"Polygon","coordinates":[[[113.53579433,49.13439024],[113.53584153,49.127197],[113.5271414,49.12717326],[113.52709294,49.13436652],[113.53579433,49.13439024]]]}},{"type":"Feature","id":"uchastic:73","properties":{"fid":73,"cad_handle":10695,"cad_layer":"uchastic","layer_handle":3769,"cad_color":256,"closed":1,"vertex_cnt":4,"elevation":0.0,"thickness":0.0,"raw_flags":512,"source_dwg":"Nergui undur_L3_boundary.dwg","layer":"uchastic","source_epsg":99999,"area_m2":390625.0},"geometry":{"type":"Polygon","coordinates":[[[113.51880387,49.12714757],[113.52736701,49.12717272],[113.52740486,49.12155299],[113.51884269,49.12152782],[113.51880387,49.12714757]]]}},{"type":"Feature","id":"uchastic:74","properties":{"fid":74,"cad_handle":10698,"cad_layer":"uchastic","layer_handle":3769,"cad_color":256,"closed":1,"vertex_cnt":5,"elevation":0.0,"thickness":0.0,"raw_flags":512,"source_dwg":"Nergui undur_L3_boundary.dwg","layer":"uchastic","source_epsg":99999,"area_m2":561594.28},"geometry":{"type":"Polygon","coordinates":[[[113.53580431,49.12151535],[113.53581829,49.13073889],[113.54333334,49.13073889],[113.54327353,49.12149404],[113.53580431,49.12151535]]]}},{"type":"Feature","id":"uchastic:75","properties":{"fid":75,"cad_handle":10700,"cad_layer":"uchastic","layer_handle":3769,"cad_color":256,"closed":1,"vertex_cnt":4,"elevation":0.0,"thickness":0.0,"raw_flags":512,"source_dwg":"Nergui undur_L3_boundary.dwg","layer":"uchastic","source_epsg":99999,"area_m2":397354.1},"geometry":{"type":"Polygon","coordinates":[[[113.5271414,49.12717326],[113.53584153,49.127197],[113.53580431,49.12151535],[113.52717928,49.12155353],[113.5271414,49.12717326]]]}},{"type":"Feature","id":"uchastic:76","properties":{"fid":76,"cad_handle":10703,"cad_layer":"uchastic","layer_handle":3769,"cad_color":256,"closed":1,"vertex_cnt":4,"elevation":0.0,"thickness":0.0,"raw_flags":512,"source_dwg":"Nergui undur_L3_boundary.dwg","layer":"uchastic","source_epsg":99999,"area_m2":636006.52},"geometry":{"type":"Polygon","coordinates":[[[113.4825386,49.13104236],[113.49090114,49.13104244],[113.49090204,49.12167157],[113.48254035,49.12167294],[113.4825386,49.13104236]]]}},{"type":"Feature","id":"uchastic:77","properties":{"fid":77,"cad_handle":10704,"cad_layer":"uchastic","layer_handle":3769,"cad_color":256,"closed":1,"vertex_cnt":4,"elevation":0.0,"thickness":0.0,"raw_flags":512,"source_dwg":"Nergui undur_L3_boundary.dwg","layer":"uchastic","source_epsg":99999,"area_m2":636106.59},"geometry":{"type":"Polygon","coordinates":[[[113.49090114,49.13104244],[113.49926366,49.13104191],[113.49926372,49.12166959],[113.49090204,49.12167157],[113.49090114,49.13104244]]]}},{"type":"Feature","id":"uchastic:78","properties":{"fid":78,"cad_handle":10709,"cad_layer":"uchastic","layer_handle":3769,"cad_color":256,"closed":1,"vertex_cnt":4,"elevation":0.0,"thickness":0.0,"raw_flags":512,"source_dwg":"Nergui undur_L3_boundary.dwg","layer":"uchastic","source_epsg":99999,"area_m2":506250.0},"geometry":{"type":"Polygon","coordinates":[[[113.41418635,49.11863863],[113.42528275,49.11864622],[113.42529113,49.11302624],[113.41419598,49.11301863],[113.41418635,49.11863863]]]}},{"type":"Feature","id":"uchastic:79","properties":{"fid":79,"cad_handle":10722,"cad_layer":"uchastic","layer_handle":3769,"cad_color":256,"closed":1,"vertex_cnt":4,"elevation":0.0,"thickness":0.0,"raw_flags":512,"source_dwg":"Nergui undur_L3_boundary.dwg","layer":"uchastic","source_epsg":99999,"area_m2":506250.0},"geometry":{"type":"Polygon","coordinates":[[[113.42514577,49.11864113],[113.43624213,49.11864766],[113.43624927,49.1130277],[113.42515416,49.11302115],[113.42514577,49.11864113]]]}},{"type":"Feature","id":"uchastic:80","properties":{"fid":80,"cad_handle":10723,"cad_layer":"uchastic","layer_handle":3769,"cad_color":256,"closed":1,"vertex_cnt":4,"elevation":0.0,"thickness":0.0,"raw_flags":512,"source_dwg":"Nergui undur_L3_boundary.dwg","layer":"uchastic","source_epsg":99999,"area_m2":506250.0},"geometry":{"type":"Polygon","coordinates":[[[113.43610515,49.11864263],[113.44720148,49.1186481],[113.44720737,49.11302816],[113.4361123,49.11302267],[113.43610515,49.11864263]]]}},{"type":"Feature","id":"uchastic:81","properties":{"fid":81,"cad_handle":10724,"cad_layer":"uchastic","layer_handle":3769,"cad_color":256,"closed":1,"vertex_cnt":4,"elevation":0.0,"thickness":0.0,"raw_flags":512,"source_dwg":"Nergui undur_L3_boundary.dwg","layer":"uchastic","source_epsg":99999,"area_m2":511505.74},"geometry":{"type":"Polygon","coordinates":[[[113.44706449,49.11864308],[113.45827598,49.1186474],[113.45828062,49.11302747],[113.4470704,49.11302314],[113.44706449,49.11864308]]]}},{"type":"Feature","id":"uchastic:82","properties":{"fid":82,"cad_handle":10725,"cad_layer":"uchastic","layer_handle":3769,"cad_color":256,"closed":1,"vertex_cnt":4,"elevation":0.0,"thickness":0.0,"raw_flags":512,"source_dwg":"Nergui undur_L3_boundary.dwg","layer":"uchastic","source_epsg":99999,"area_m2":571044.3},"geometry":{"type":"Polygon","coordinates":[[[113.41419575,49.11315351],[113.42529093,49.11316112],[113.42531492,49.10682184],[113.41422115,49.10681422],[113.41419575,49.11315351]]]}},{"type":"Feature","id":"uchastic:83","properties":{"fid":83,"cad_handle":10726,"cad_layer":"uchastic","layer_handle":3769,"cad_color":256,"closed":1,"vertex_cnt":4,"elevation":0.0,"thickness":0.0,"raw_flags":512,"source_dwg":"Nergui undur_L3_boundary.dwg","layer":"uchastic","source_epsg":99999,"area_m2":571044.3},"geometry":{"type":"Polygon","coordinates":[[[113.42515396,49.11315603],[113.4362491,49.11316258],[113.43627169,49.10682333],[113.42517796,49.10681676],[113.42515396,49.11315603]]]}},{"type":"Feature","id":"uchastic:84","properties":{"fid":84,"cad_handle":10727,"cad_layer":"uchastic","layer_handle":3769,"cad_color":256,"closed":1,"vertex_cnt":4,"elevation":0.0,"thickness":0.0,"raw_flags":512,"source_dwg":"Nergui undur_L3_boundary.dwg","layer":"uchastic","source_epsg":99999,"area_m2":571044.3},"geometry":{"type":"Polygon","coordinates":[[[113.43611213,49.11315754],[113.44720723,49.11316304],[113.44722843,49.10682381],[113.43613474,49.10681829],[113.43611213,49.11315754]]]}},{"type":"Feature","id":"uchastic:85","properties":{"fid":85,"cad_handle":10728,"cad_layer":"uchastic","layer_handle":3769,"cad_color":256,"closed":1,"vertex_cnt":4,"elevation":0.0,"thickness":0.0,"raw_flags":512,"source_dwg":"Nergui undur_L3_boundary.dwg","layer":"uchastic","source_epsg":99999,"area_m2":576972.71},"geometry":{"type":"Polygon","coordinates":[[[113.44707026,49.11315802],[113.45828051,49.11316235],[113.4583003,49.10682314],[113.44709147,49.10681879],[113.44707026,49.11315802]]]}},{"type":"Feature","id":"uchastic:86","properties":{"fid":86,"cad_handle":10729,"cad_layer":"uchastic","layer_handle":3769,"cad_color":256,"closed":1,"vertex_cnt":4,"elevation":0.0,"thickness":0.0,"raw_flags":512,"source_dwg":"Nergui undur_L3_boundary.dwg","layer":"uchastic","source_epsg":99999,"area_m2":571044.3},"geometry":{"type":"Polygon","coordinates":[[[113.41421903,49.10691125],[113.42531281,49.10691888],[113.42533683,49.1005796],[113.41424446,49.10057195],[113.41421903,49.10691125]]]}},{"type":"Feature","id":"uchastic:87","properties":{"fid":87,"cad_handle":10730,"cad_layer":"uchastic","layer_handle":3769,"cad_color":256,"closed":1,"vertex_cnt":4,"elevation":0.0,"thickness":0.0,"raw_flags":512,"source_dwg":"Nergui undur_L3_boundary.dwg","layer":"uchastic","source_epsg":99999,"area_m2":571044.3},"geometry":{"type":"Polygon","coordinates":[[[113.42517586,49.10691379],[113.43626961,49.10692036],[113.43629222,49.1005811],[113.42519989,49.10057451],[113.42517586,49.10691379]]]}},{"type":"Feature","id":"uchastic:88","properties":{"fid":88,"cad_handle":10731,"cad_layer":"uchastic","layer_handle":3769,"cad_color":256,"closed":1,"vertex_cnt":4,"elevation":0.0,"thickness":0.0,"raw_flags":512,"source_dwg":"Nergui undur_L3_boundary.dwg","layer":"uchastic","source_epsg":99999,"area_m2":571044.3},"geometry":{"type":"Polygon","coordinates":[[[113.43613266,49.10691532],[113.44722637,49.10692084],[113.44724759,49.1005816],[113.43615529,49.10057607],[113.43613266,49.10691532]]]}},{"type":"Feature","id":"uchastic:89","properties":{"fid":89,"cad_handle":10732,"cad_layer":"uchastic","layer_handle":3769,"cad_color":256,"closed":1,"vertex_cnt":4,"elevation":0.0,"thickness":0.0,"raw_flags":512,"source_dwg":"Nergui undur_L3_boundary.dwg","layer":"uchastic","source_epsg":99999,"area_m2":576972.71},"geometry":{"type":"Polygon","coordinates":[[[113.44708941,49.10691582],[113.45829826,49.10692017],[113.45831806,49.10058095],[113.44711065,49.10057658],[113.44708941,49.10691582]]]}},{"type":"Feature","id":"uchastic:90","properties":{"fid":90,"cad_handle":10749,"cad_layer":"uchastic","layer_handle":3769,"cad_color":256,"closed":1,"vertex_cnt":4,"elevation":0.0,"thickness":0.0,"raw_flags":512,"source_dwg":"Nergui undur_L3_boundary.dwg","layer":"uchastic","source_epsg":99999,"area_m2":500000.0},"geometry":{"type":"Polygon","coordinates":[[[113.38568303,49.14716032],[113.39664883,49.14717049],[113.39666033,49.14155048],[113.38569577,49.1415403],[113.38568303,49.14716032]]]}},{"type":"Feature","id":"uchastic:91","properties":{"fid":91,"cad_handle":10752,"cad_layer":"uchastic","layer_handle":3769,"cad_color":256,"closed":1,"vertex_cnt":4,"elevation":0.0,"thickness":0.0,"raw_flags":512,"source_dwg":"Nergui undur_L3_boundary.dwg","layer":"uchastic","source_epsg":99999,"area_m2":500000.0},"geometry":{"type":"Polygon","coordinates":[[[113.39644322,49.14717031],[113.40740899,49.14717945],[113.40741927,49.14155947],[113.39645475,49.1415503],[113.39644322,49.14717031]]]}},{"type":"Feature","id":"uchastic:92","properties":{"fid":92,"cad_handle":10754,"cad_layer":"uchastic","layer_handle":3769,"cad_color":256,"closed":1,"vertex_cnt":6,"elevation":0.0,"thickness":0.0,"raw_flags":512,"source_dwg":"Nergui undur_L3_boundary.dwg","layer":"uchastic","source_epsg":99999,"area_m2":467804.18},"geometry":{"type":"Polygon","coordinates":[[[113.40720338,49.14717929],[113.41591668,49.14718583],[113.41591668,49.14399444],[113.41948612,49.14399444],[113.41948611,49.14155995],[113.40721368,49.14155931],[113.40720338,49.14717929]]]}},{"type":"Feature","id":"uchastic:93","properties":{"fid":93,"cad_handle":10757,"cad_layer":"uchastic","layer_handle":3769,"cad_color":256,"closed":1,"vertex_cnt":4,"elevation":0.0,"thickness":0.0,"raw_flags":512,"source_dwg":"Nergui undur_L3_boundary.dwg","layer":"uchastic","source_epsg":99999,"area_m2":390349.39},"geometry":{"type":"Polygon","coordinates":[[[113.39597386,49.14168477],[113.40888437,49.14169447],[113.40888517,49.1379665],[113.39597915,49.13795931],[113.39597386,49.14168477]]]}},{"type":"Feature","id":"uchastic:94","properties":{"fid":94,"cad_handle":10758,"cad_layer":"uchastic","layer_handle":3769,"cad_color":256,"closed":1,"vertex_cnt":6,"elevation":0.0,"thickness":0.0,"raw_flags":512,"source_dwg":"Nergui undur_L3_boundary.dwg","layer":"uchastic","source_epsg":99999,"area_m2":547089.32},"geometry":{"type":"Polygon","coordinates":[[[113.40866591,49.14169432],[113.41948611,49.14170221],[113.41948611,49.14078056],[113.42138889,49.14078056],[113.42139765,49.13626225],[113.40869064,49.13625413],[113.40866591,49.14169432]]]}},{"type":"Feature","id":"uchastic:95","properties":{"fid":95,"cad_handle":10759,"cad_layer":"uchastic","layer_handle":3769,"cad_color":256,"closed":1,"vertex_cnt":6,"elevation":0.0,"thickness":0.0,"raw_flags":512,"source_dwg":"Nergui undur_L3_boundary.dwg","layer":"uchastic","source_epsg":99999,"area_m2":407240.81},"geometry":{"type":"Polygon","coordinates":[[[113.40868924,49.1363887],[113.42138753,49.13639681],[113.42138889,49.13518889],[113.42389566,49.13518889],[113.42499989,49.13297933],[113.40870986,49.13296573],[113.40868924,49.1363887]]]}},{"type":"Feature","id":"uchastic:96","properties":{"fid":96,"cad_handle":10762,"cad_layer":"uchastic","layer_handle":3769,"cad_color":256,"closed":1,"vertex_cnt":4,"elevation":0.0,"thickness":0.0,"raw_flags":512,"source_dwg":"Nergui undur_L3_boundary.dwg","layer":"uchastic","source_epsg":99999,"area_m2":555873.35},"geometry":{"type":"Polygon","coordinates":[[[113.38469606,49.12508736],[113.3846782,49.13308487],[113.39324281,49.13309302],[113.39325928,49.12509552],[113.38469606,49.12508736]]]}},{"type":"Feature","id":"uchastic:97","properties":{"fid":97,"cad_handle":10787,"cad_layer":"uchastic","layer_handle":3769,"cad_color":256,"closed":1,"vertex_cnt":4,"elevation":0.0,"thickness":0.0,"raw_flags":512,"source_dwg":"Nergui undur_L3_boundary.dwg","layer":"uchastic","source_epsg":99999,"area_m2":268546.92},"geometry":{"type":"Polygon","coordinates":[[[113.40017974,49.13296114],[113.4001769,49.13509648],[113.38467957,49.13508652],[113.38468308,49.13295119],[113.40017974,49.13296114]]]}},{"type":"Feature","id":"uchastic:98","properties":{"fid":98,"cad_handle":10788,"cad_layer":"uchastic","layer_handle":3769,"cad_color":256,"closed":1,"vertex_cnt":4,"elevation":0.0,"thickness":0.0,"raw_flags":512,"source_dwg":"Nergui undur_L3_boundary.dwg","layer":"uchastic","source_epsg":99999,"area_m2":555873.35},"geometry":{"type":"Polygon","coordinates":[[[113.3930491,49.12509533],[113.39303259,49.13309282],[113.40159718,49.13310035],[113.40161231,49.12510288],[113.3930491,49.12509533]]]}},{"type":"Feature","id":"uchastic:99","properties":{"fid":99,"cad_handle":10789,"cad_layer":"uchastic","layer_handle":3769,"cad_color":256,"closed":1,"vertex_cnt":4,"elevation":0.0,"thickness":0.0,"raw_flags":512,"source_dwg":"Nergui undur_L3_boundary.dwg","layer":"uchastic","source_epsg":99999,"area_m2":555873.35},"geometry":{"type":"Polygon","coordinates":[[[113.40140213,49.12510279],[113.40138697,49.13310026],[113.40995153,49.13310717],[113.40996532,49.12510971],[113.40140213,49.12510279]]]}},{"type":"Feature","id":"uchastic:100","properties":{"fid":100,"cad_handle":10790,"cad_layer":"uchastic","layer_handle":3769,"cad_color":256,"closed":1,"vertex_cnt":4,"elevation":0.0,"thickness":0.0,"raw_flags":512,"source_dwg":"Nergui undur_L3_boundary.dwg","layer":"uchastic","source_epsg":99999,"area_m2":555873.35},"geometry":{"type":"Polygon","coordinates":[[[113.40975515,49.12510363],[113.40974133,49.13310109],[113.41830588,49.13310738],[113.41831832,49.12510994],[113.40975515,49.12510363]]]}},{"type":"Feature","id":"uchastic:101","properties":{"fid":101,"cad_handle":10791,"cad_layer":"uchastic","layer_handle":3769,"cad_color":256,"closed":1,"vertex_cnt":5,"elevation":0.0,"thickness":0.0,"raw_flags":512,"source_dwg":"Nergui undur_L3_boundary.dwg","layer":"uchastic","source_epsg":99999,"area_m2":564510.44},"geometry":{"type":"Polygon","coordinates":[[[113.41810931,49.12443677],[113.41809577,49.13310929],[113.42492894,49.13312132],[113.42625323,49.13010704],[113.42626065,49.12424444],[113.41810931,49.12443677]]]}},{"type":"Feature","id":"uchastic:102","properties":{"fid":102,"cad_handle":11301,"cad_layer":"uchastic","layer_handle":3769,"cad_color":256,"closed":1,"vertex_cnt":4,"elevation":0.0,"thickness":0.0,"raw_flags":512,"source_dwg":"Nergui undur_L3_boundary.dwg","layer":"uchastic","source_epsg":99999,"area_m2":500000.0},"geometry":{"type":"Polygon","coordinates":[[[113.39073919,49.11426047],[113.3908179,49.107067],[113.38225799,49.1070263],[113.38217804,49.11421979],[113.39073919,49.11426047]]]}},{"type":"Feature","id":"uchastic:103","properties":{"fid":103,"cad_handle":11305,"cad_layer":"uchastic","layer_handle":3769,"cad_color":256,"closed":1,"vertex_cnt":4,"elevation":0.0,"thickness":0.0,"raw_flags":512,"source_dwg":"Nergui undur_L3_boundary.dwg","layer":"uchastic","source_epsg":99999,"area_m2":469914.25},"geometry":{"type":"Polygon","coordinates":[[[113.39081643,49.10720187],[113.3908958,49.10044126],[113.38233703,49.10040055],[113.38225649,49.10716118],[113.39081643,49.10720187]]]}},{"type":"Feature","id":"uchastic:104","properties":{"fid":104,"cad_handle":11306,"cad_layer":"uchastic","layer_handle":3769,"cad_color":256,"closed":1,"vertex_cnt":4,"elevation":0.0,"thickness":0.0,"raw_flags":512,"source_dwg":"Nergui undur_L3_boundary.dwg","layer":"uchastic","source_epsg":99999,"area_m2":500000.0},"geometry":{"type":"Polygon","coordinates":[[[113.39909486,49.11429957],[113.39917237,49.1071061],[113.39061247,49.10706603],[113.39053372,49.1142595],[113.39909486,49.11429957]]]}},{"type":"Feature","id":"uchastic:105","properties":{"fid":105,"cad_handle":11307,"cad_layer":"uchastic","layer_handle":3769,"cad_color":256,"closed":1,"vertex_cnt":4,"elevation":0.0,"thickness":0.0,"raw_flags":512,"source_dwg":"Nergui undur_L3_boundary.dwg","layer":"uchastic","source_epsg":99999,"area_m2":469914.25},"geometry":{"type":"Polygon","coordinates":[[[113.39917092,49.10724098],[113.39924915,49.10048038],[113.39069039,49.10044029],[113.39061099,49.1072009],[113.39917092,49.10724098]]]}},{"type":"Feature","id":"uchastic:106","properties":{"fid":106,"cad_handle":11315,"cad_layer":"uchastic","layer_handle":3769,"cad_color":256,"closed":1,"vertex_cnt":6,"elevation":0.0,"thickness":0.0,"raw_flags":512,"source_dwg":"Nergui undur_L3_boundary.dwg","layer":"uchastic","source_epsg":99999,"area_m2":406812.08},"geometry":{"type":"Polygon","coordinates":[[[113.39896837,49.1069712],[113.41117952,49.10697184],[113.41117952,49.10818086],[113.40888481,49.10817963],[113.4088807,49.11173559],[113.39891708,49.11173017],[113.39896837,49.1069712]]]}},{"type":"Feature","id":"uchastic:107","properties":{"fid":107,"cad_handle":11317,"cad_layer":"uchastic","layer_handle":3769,"cad_color":256,"closed":1,"vertex_cnt":4,"elevation":0.0,"thickness":0.0,"raw_flags":512,"source_dwg":"Nergui undur_L3_boundary.dwg","layer":"uchastic","source_epsg":99999,"area_m2":654884.61},"geometry":{"type":"Polygon","coordinates":[[[113.39896693,49.10710515],[113.41117952,49.10710579],[113.41123398,49.10050065],[113.39906489,49.10047952],[113.39896693,49.10710515]]]}},{"type":"Feature","id":"uchastic:108","properties":{"fid":108,"cad_handle":13705,"cad_layer":"uchastic","layer_handle":3769,"cad_color":3,"closed":1,"vertex_cnt":4,"elevation":0.0,"thickness":0.0,"raw_flags":512,"source_dwg":"Nergui undur_L3_boundary.dwg","layer":"uchastic","source_epsg":99999,"area_m2":523554.73},"geometry":{"type":"Polygon","coordinates":[[[113.55100433,49.17227736],[113.56196864,49.17229948],[113.56192698,49.16638374],[113.55095765,49.16642073],[113.55100433,49.17227736]]]}},{"type":"Feature","id":"uchastic:109","properties":{"fid":109,"cad_handle":13706,"cad_layer":"uchastic","layer_handle":3769,"cad_color":3,"closed":1,"vertex_cnt":4,"elevation":0.0,"thickness":0.0,"raw_flags":512,"source_dwg":"Nergui undur_L3_boundary.dwg","layer":"uchastic","source_epsg":99999,"area_m2":500000.0},"geometry":{"type":"Polygon","coordinates":[[[113.55095903,49.16642073],[113.56192836,49.16638374],[113.56188369,49.16076412],[113.5509156,49.16080109],[113.55095903,49.16642073]]]}},{"type":"Feature","id":"uchastic:110","properties":{"fid":110,"cad_handle":13707,"cad_layer":"uchastic","layer_handle":3769,"cad_color":3,"closed":1,"vertex_cnt":4,"elevation":0.0,"thickness":0.0,"raw_flags":512,"source_dwg":"Nergui undur_L3_boundary.dwg","layer":"uchastic","source_epsg":99999,"area_m2":500000.0},"geometry":{"type":"Polygon","coordinates":[[[113.5509156,49.16080109],[113.56188369,49.16076412],[113.56183905,49.1551445],[113.5508722,49.15518145],[113.5509156,49.16080109]]]}},{"type":"Feature","id":"uchastic:111","properties":{"fid":111,"cad_handle":13708,"cad_layer":"uchastic","layer_handle":3769,"cad_color":3,"closed":1,"vertex_cnt":4,"elevation":0.0,"thickness":0.0,"raw_flags":512,"source_dwg":"Nergui undur_L3_boundary.dwg","layer":"uchastic","source_epsg":99999,"area_m2":500000.0},"geometry":{"type":"Polygon","coordinates":[[[113.56183905,49.1551445],[113.57280583,49.15510652],[113.57275999,49.14948692],[113.56179444,49.14952488],[113.56183905,49.1551445]]]}},{"type":"Feature","id":"uchastic:112","properties":{"fid":112,"cad_handle":13709,"cad_layer":"uchastic","layer_handle":3769,"cad_color":3,"closed":1,"vertex_cnt":4,"elevation":0.0,"thickness":0.0,"raw_flags":512,"source_dwg":"Nergui undur_L3_boundary.dwg","layer":"uchastic","source_epsg":99999,"area_m2":500000.0},"geometry":{"type":"Polygon","coordinates":[[[113.56188369,49.16076412],[113.57285171,49.16072612],[113.57280583,49.15510652],[113.56183905,49.1551445],[113.56188369,49.16076412]]]}},{"type":"Feature","id":"uchastic:113","properties":{"fid":113,"cad_handle":13710,"cad_layer":"uchastic","layer_handle":3769,"cad_color":3,"closed":1,"vertex_cnt":4,"elevation":0.0,"thickness":0.0,"raw_flags":512,"source_dwg":"Nergui undur_L3_boundary.dwg","layer":"uchastic","source_epsg":99999,"area_m2":500000.0},"geometry":{"type":"Polygon","coordinates":[[[113.56192698,49.16638374],[113.57289625,49.16634571],[113.57285034,49.16072612],[113.56188231,49.16076413],[113.56192698,49.16638374]]]}},{"type":"Feature","id":"uchastic:114","properties":{"fid":114,"cad_handle":13711,"cad_layer":"uchastic","layer_handle":3769,"cad_color":3,"closed":1,"vertex_cnt":4,"elevation":0.0,"thickness":0.0,"raw_flags":512,"source_dwg":"Nergui undur_L3_boundary.dwg","layer":"uchastic","source_epsg":99999,"area_m2":526345.7},"geometry":{"type":"Polygon","coordinates":[[[113.56196864,49.17229948],[113.57293922,49.17226142],[113.57289625,49.16634571],[113.56192698,49.16638374],[113.56196864,49.17229948]]]}}]}